{"creationTime":1651064062722,"lastModificationTime":1651064062722,"state":"TERMINATED","solveConfig":{"containerId":"Copy 05","solveParameters":{"oaas.logAttachmentName":"log.txt","oaas.logTailEnabled":"true"}},"jobDetails":{"id":"2e1e9295-3234-48ab-bc1b-cdb678de097c","createdAt":1648646386615,"startedAt":1648646387424,"endedAt":1648646388679,"submittedAt":1648646386615,"details":{"KPI.Nb Fix Used":"38.0","KPI.Nb Temp Used":"10.0","KPI.Total Cost":"4400.0","MODEL_DETAIL_BOOLEAN_VARS":"0","MODEL_DETAIL_CONSTRAINTS":"588","MODEL_DETAIL_CONTINUOUS_VARS":"0","MODEL_DETAIL_INTEGER_VARS":"774","MODEL_DETAIL_KPIS":"[\"Total Cost\", \"Nb Fix Used\", \"Nb Temp Used\"]","MODEL_DETAIL_NONZEROS":"6234","MODEL_DETAIL_OBJECTIVE_SENSE":"minimize","MODEL_DETAIL_TYPE":"MILP","PROGRESS_BEST_OBJECTIVE":"4400.0","PROGRESS_BEST_OBJECTIVE.history":"[[1648646388.04, 4400.0]]","PROGRESS_CURRENT_OBJECTIVE":"4400.0","PROGRESS_CURRENT_OBJECTIVE.history":"[[1648646388.04, 4400.0]]","PROGRESS_GAP":"0.0","PROGRESS_GAP.history":"[[1648646388.04, 0.0]]","STAT.cplex.modelType":"MILP","STAT.cplex.size.booleanVariables":"0","STAT.cplex.size.constraints":"588","STAT.cplex.size.continousVariables":"0","STAT.cplex.size.integerVariables":"774","STAT.cplex.size.linearConstraints":"588","STAT.cplex.size.quadraticConstraints":"0","STAT.cplex.size.variables":"774","STAT.job.coresCount":"1","STAT.job.inputsReadMs":"387","STAT.job.memoryPeakKB":"107468","STAT.job.modelProcessingMs":"219","STAT.job.outputsWriteMs":"517"},"executionStatus":"PROCESSED","solveStatus":"OPTIMAL_SOLUTION","logTail":["[2022-03-30T13:19:47Z, WARNING] Support for Python 3.9 is now enabled with pandas 1.3 libraries.","[2022-03-30T13:19:48Z, INFO] WARNING: Number of workers has been reduced to 1 to comply with platform limitations.","[2022-03-30T13:19:48Z, INFO] Version identifier: 20.1.0.1 | 2021-12-07 | 9dfdf6686","[2022-03-30T13:19:48Z, INFO] CPXPARAM_Read_DataCheck                          1","[2022-03-30T13:19:48Z, INFO] CPXPARAM_Threads                                 1","[2022-03-30T13:19:48Z, INFO] Legacy callback                                  i","[2022-03-30T13:19:48Z, INFO] Tried aggregator 2 times.","[2022-03-30T13:19:48Z, INFO] MIP Presolve eliminated 215 rows and 91 columns.","[2022-03-30T13:19:48Z, INFO] Aggregator did 249 substitutions.","[2022-03-30T13:19:48Z, INFO] Reduced MIP has 124 rows, 297 columns, and 3569 nonzeros.","[2022-03-30T13:19:48Z, INFO] Reduced MIP has 0 binaries, 297 generals, 0 SOSs, and 0 indicators.","[2022-03-30T13:19:48Z, INFO] Presolve time = 0.00 sec. (3.92 ticks)","[2022-03-30T13:19:48Z, INFO] Found incumbent of value 5140.000000 after 0.01 sec. (8.30 ticks)","[2022-03-30T13:19:48Z, INFO] Tried aggregator 1 time.","[2022-03-30T13:19:48Z, INFO] Detecting symmetries...","[2022-03-30T13:19:48Z, INFO] Reduced MIP has 124 rows, 297 columns, and 3569 nonzeros.","[2022-03-30T13:19:48Z, INFO] Reduced MIP has 0 binaries, 297 generals, 0 SOSs, and 0 indicators.","[2022-03-30T13:19:48Z, INFO] Presolve time = 0.00 sec. (1.43 ticks)","[2022-03-30T13:19:48Z, INFO] MIP emphasis: balance optimality and feasibility.","[2022-03-30T13:19:48Z, INFO] MIP search method: dynamic search.","[2022-03-30T13:19:48Z, INFO] Parallel mode: none, using 1 thread.","[2022-03-30T13:19:48Z, INFO] Root relaxation solution time = 0.00 sec. (0.61 ticks)","[2022-03-30T13:19:48Z, INFO] ","[2022-03-30T13:19:48Z, INFO]         Nodes                                         Cuts/","[2022-03-30T13:19:48Z, INFO]    Node  Left     Objective  IInf  Best Integer    Best Bound    ItCnt     Gap","[2022-03-30T13:19:48Z, INFO] ","[2022-03-30T13:19:48Z, INFO] *     0+    0                         5140.0000     1000.0000            80.54%","[2022-03-30T13:19:48Z, INFO] *     0     0      integral     0     4400.0000     4400.0000       50    0.00%","[2022-03-30T13:19:48Z, INFO] Elapsed time = 0.01 sec. (10.89 ticks, tree = 0.00 MB, solutions = 2)","[2022-03-30T13:19:48Z, INFO] ","[2022-03-30T13:19:48Z, INFO] Root node processing (before b&c):","[2022-03-30T13:19:48Z, INFO]   Real time             =    0.01 sec. (10.91 ticks)","[2022-03-30T13:19:48Z, INFO] Sequential b&c:","[2022-03-30T13:19:48Z, INFO]   Real time             =    0.00 sec. (0.00 ticks)","[2022-03-30T13:19:48Z, INFO]                           ------------","[2022-03-30T13:19:48Z, INFO] Total (root+branch&cut) =    0.01 sec. (10.91 ticks)","[2022-03-30T13:19:48Z, INFO]   Feasible 4400.0","[2022-03-30T13:19:48Z, INFO] starts.csv","[2022-03-30T13:19:48Z, INFO] works.csv","[2022-03-30T13:19:48Z, INFO] nr.csv"]},"runtimeDetails":{"state":"STARTED"},"taskSetupMillis":1061,"taskSolveMillis":2110,"taskTearDownMillis":1,"jobSpaceId":"5f6efc9a-f726-4409-b93e-446a080a3f16","jobDeploymentId":"4132be29-62fa-4660-a8f4-0068450a489e","jobId":"2e1e9295-3234-48ab-bc1b-cdb678de097c","ping":1648646385563}