{"creationTime":1557222875136,"lastModificationTime":1557222915118,"state":"TERMINATED","solveConfig":{"containerId":"scenario 1","solveParameters":{"oaas.logAttachmentName":"log.txt","oaas.logTailEnabled":"true"}},"jobDetails":{"id":"job.8b759005-bf88-4029-a0e7-21fd449a2fdf","createdAt":1557222904329,"startedAt":1557222904855,"endedAt":1557222907911,"endReportedAt":1557222907927,"submittedAt":1557222904329,"updatedAt":1557222907911,"applicationVersionUsed":"1.0-ws_cloud-b47","details":{"MODEL_DETAIL_INTEGER_VARS":"0","MODEL_DETAIL_CONTINUOUS_VARS":"0","MODEL_DETAIL_CONSTRAINTS":"12","MODEL_DETAIL_BOOLEAN_VARS":"27","MODEL_DETAIL_KPIS":"[\"the number of Customer to Campaign assignments\", \"overall quality of Customer to Campaign assignments according to Candidates\"]","MODEL_DETAIL_TYPE":"MILP","MODEL_DETAIL_NONZEROS":"54","PROGRESS_GAP":"0.0","PROGRESS_BEST_OBJECTIVE":"12064.0","KPI.the number of Customer to Campaign assignments":"144.0","KPI.overall quality of Customer to Campaign assignments according to Candidates":"11920.0","PROGRESS_CURRENT_OBJECTIVE":"12064.0","PROGRESS_CURRENT_OBJECTIVE.history":"[[1557222906.19, 12064.0]]"},"systemDetails":{"worker.process.max.memory":"-1024","worker.cores.total":"2","worker.cores.default":"2","worker.heap.max":"524288","worker.data.read.bytes":"17653","worker.data.write.duration":"1594","worker.processing.duration":"2981","worker.process.peak.swap":"0","worker.log.write.duration":"8","worker.process.processing.duration":"529","worker.data.read.duration":"738","worker.jms.write.chars":"6998","worker.log.write.chars":"1295","worker.data.write.bytes":"4062","worker.heap.used":"142781","worker.process.peak.memory":"0","worker.setup.duration":"44","worker.jms.write.duration":"103"},"executionStatus":"PROCESSED","solveStatus":"OPTIMAL_SOLUTION","logTail":["[2019-05-07T09:55:06Z, INFO] WARNING: Number of workers has been reduced to 2 to comply with platform limitations.","[2019-05-07T09:55:06Z, INFO] CPXPARAM_TimeLimit                               120","[2019-05-07T09:55:06Z, INFO] CPXPARAM_Read_DataCheck                          1","[2019-05-07T09:55:06Z, INFO] CPXPARAM_Threads                                 2","[2019-05-07T09:55:06Z, INFO] Found incumbent of value 0.000000 after 0.00 sec. (0.00 ticks)","[2019-05-07T09:55:06Z, INFO] Tried aggregator 1 time.","[2019-05-07T09:55:06Z, INFO] Reduced MIP has 12 rows, 27 columns, and 54 nonzeros.","[2019-05-07T09:55:06Z, INFO] Reduced MIP has 27 binaries, 0 generals, 0 SOSs, and 0 indicators.","[2019-05-07T09:55:06Z, INFO] Presolve time = 0.00 sec. (0.03 ticks)","[2019-05-07T09:55:06Z, INFO] Probing time = 0.00 sec. (0.01 ticks)","[2019-05-07T09:55:06Z, INFO] Tried aggregator 1 time.","[2019-05-07T09:55:06Z, INFO] Reduced MIP has 12 rows, 27 columns, and 54 nonzeros.","[2019-05-07T09:55:06Z, INFO] Reduced MIP has 27 binaries, 0 generals, 0 SOSs, and 0 indicators.","[2019-05-07T09:55:06Z, INFO] Presolve time = 0.00 sec. (0.04 ticks)","[2019-05-07T09:55:06Z, INFO] Probing time = 0.00 sec. (0.01 ticks)","[2019-05-07T09:55:06Z, INFO] Clique table members: 9.","[2019-05-07T09:55:06Z, INFO] MIP emphasis: balance optimality and feasibility.","[2019-05-07T09:55:06Z, INFO] MIP search method: dynamic search.","[2019-05-07T09:55:06Z, INFO] Parallel mode: deterministic, using up to 2 threads.","[2019-05-07T09:55:06Z, INFO] Root relaxation solution time = 0.00 sec. (0.03 ticks)","[2019-05-07T09:55:06Z, INFO] ","[2019-05-07T09:55:06Z, INFO]         Nodes                                         Cuts/","[2019-05-07T09:55:06Z, INFO]    Node  Left     Objective  IInf  Best Integer    Best Bound    ItCnt     Gap","[2019-05-07T09:55:06Z, INFO] *     0+    0                            0.0000    32032.0000              ---","[2019-05-07T09:55:06Z, INFO] *     0+    0                        11024.0000    32032.0000           190.57%","[2019-05-07T09:55:06Z, INFO] *     0     0      integral     0    12064.0000    12064.0000       12    0.00%","[2019-05-07T09:55:06Z, INFO] Elapsed time = 0.00 sec. (0.16 ticks, tree = 0.00 MB","[2019-05-07T09:55:06Z, INFO] , solutions = 3","[2019-05-07T09:55:06Z, INFO] )","[2019-05-07T09:55:06Z, INFO] ","[2019-05-07T09:55:06Z, INFO] Root node processing (before b&c):","[2019-05-07T09:55:06Z, INFO]   Real time             =    0.00 sec. (0.16 ticks)","[2019-05-07T09:55:06Z, INFO] Parallel b&c, 2 threads:","[2019-05-07T09:55:06Z, INFO]   Real time             =    0.00 sec. (0.00 ticks)","[2019-05-07T09:55:06Z, INFO]   Sync time (average)   =    0.00 sec.","[2019-05-07T09:55:06Z, INFO]   Wait time (average)   =    0.00 sec.","[2019-05-07T09:55:06Z, INFO]                           ------------","[2019-05-07T09:55:06Z, INFO] Total (root+branch&cut) =    0.00 sec. (0.16 ticks)","[2019-05-07T09:55:06Z, INFO] Solve status: JobSolveStatus.OPTIMAL_SOLUTION","[2019-05-07T09:55:06Z, INFO] * model docplex_model1 solved with objective = 12064.000","[2019-05-07T09:55:06Z, INFO] *  KPI: the number of Customer to Campaign assignments                              = 144.000","[2019-05-07T09:55:06Z, INFO] *  KPI: overall quality of Customer to Campaign assignments according to Candidates = 11920.000","[2019-05-07T09:55:06Z, INFO] model solve done in 0.036921024322509766 secs","[2019-05-07T09:55:06Z, INFO] solution export done in 0.0036330223083496094 secs","[2019-05-07T09:55:06Z, INFO] list_of_ResourceAssignment_solution.csv"]},"runtimeDetails":{"state":"STARTED"},"taskSetupMillis":28799,"taskSolveMillis":3584,"taskTearDownMillis":6441,"ping":0}