{"parentId":"HouseConstructionScheduling","category":"dashboard","creator":"arnaud.schulz@fr.ibm.com","createdAt":1512039482405,"usage":{"lastModificationTime":1521531525703,"lastModifier":"stephane.michel@fr.ibm.com"},"dataUsagePerCategory":{"dashboard":{"lastModificationTime":1521531525703,"lastModifier":"stephane.michel@fr.ibm.com"}},"state":"available","assets":[{"name":"dashboard.json","category":"dashboard","creator":"arnaud.schulz@fr.ibm.com","createdAt":1512039482665,"lastUpdater":"stephane.michel@fr.ibm.com","updatedAt":1521531525703,"contentType":"application/json","path":"dashboard.json"}]}