{"creationTime":1632990428862,"lastModificationTime":1632990443637,"state":"TERMINATED","solveConfig":{"containerId":"Copy 03","solveParameters":{"oaas.logAttachmentName":"log.txt","oaas.logTailEnabled":"true","oaas.docplex.python":"3.8"}},"jobDetails":{"id":"905edd9b-85d8-4b2d-b8c1-7b9dfb2ee9db","createdAt":1632990435947,"startedAt":1632990436824,"endedAt":1632990442136,"submittedAt":1632990435947,"details":{"KPI.Nb Fix Used":"40.0","KPI.Nb Temp Used":"26.0","KPI.Total Cost":"5560.0","MODEL_DETAIL_BOOLEAN_VARS":"0","MODEL_DETAIL_CONSTRAINTS":"588","MODEL_DETAIL_CONTINUOUS_VARS":"0","MODEL_DETAIL_INTEGER_VARS":"774","MODEL_DETAIL_KPIS":"[\"Total Cost\", \"Nb Fix Used\", \"Nb Temp Used\"]","MODEL_DETAIL_NONZEROS":"6234","MODEL_DETAIL_OBJECTIVE_SENSE":"minimize","MODEL_DETAIL_TYPE":"MILP","PROGRESS_BEST_OBJECTIVE":"5560.0","PROGRESS_BEST_OBJECTIVE.history":"[[1632990438.37, 5560.0]]","PROGRESS_CURRENT_OBJECTIVE":"5560.0","PROGRESS_CURRENT_OBJECTIVE.history":"[[1632990438.37, 5560.0]]","PROGRESS_GAP":"0.0","PROGRESS_GAP.history":"[[1632990438.37, 0.0]]","STAT.cplex.modelType":"MILP","STAT.cplex.size.booleanVariables":"0","STAT.cplex.size.constraints":"588","STAT.cplex.size.continousVariables":"0","STAT.cplex.size.integerVariables":"774","STAT.cplex.size.linearConstraints":"588","STAT.cplex.size.quadraticConstraints":"0","STAT.cplex.size.variables":"774","STAT.job.coresCount":"1","STAT.job.inputsReadMs":"877","STAT.job.memoryPeakKB":"93604","STAT.job.modelProcessingMs":"681","STAT.job.outputsWriteMs":"3637"},"executionStatus":"PROCESSED","solveStatus":"OPTIMAL_SOLUTION","logTail":["[2021-09-30T08:27:17Z, WARNING] Support for Python 3.8 is now enabled with pandas 1.0.5 libraries.","[2021-09-30T08:27:18Z, INFO] WARNING: Number of workers has been reduced to 1 to comply with platform limitations.","[2021-09-30T08:27:18Z, INFO] Version identifier: 20.1.0.0 | 2020-11-10 | 9bedb6d68","[2021-09-30T08:27:18Z, INFO] CPXPARAM_Read_DataCheck                          1","[2021-09-30T08:27:18Z, INFO] CPXPARAM_Threads                                 1","[2021-09-30T08:27:18Z, INFO] Legacy callback                                  i","[2021-09-30T08:27:18Z, INFO] Tried aggregator 2 times.","[2021-09-30T08:27:18Z, INFO] MIP Presolve eliminated 203 rows and 84 columns.","[2021-09-30T08:27:18Z, INFO] Aggregator did 257 substitutions.","[2021-09-30T08:27:18Z, INFO] Reduced MIP has 128 rows, 304 columns, and 3718 nonzeros.","[2021-09-30T08:27:18Z, INFO] Reduced MIP has 0 binaries, 304 generals, 0 SOSs, and 0 indicators.","[2021-09-30T08:27:18Z, INFO] Presolve time = 0.01 sec. (3.96 ticks)","[2021-09-30T08:27:18Z, INFO] Found incumbent of value 6340.000000 after 0.01 sec. (8.74 ticks)","[2021-09-30T08:27:18Z, INFO] Tried aggregator 1 time.","[2021-09-30T08:27:18Z, INFO] Detecting symmetries...","[2021-09-30T08:27:18Z, INFO] Reduced MIP has 128 rows, 304 columns, and 3718 nonzeros.","[2021-09-30T08:27:18Z, INFO] Reduced MIP has 0 binaries, 304 generals, 0 SOSs, and 0 indicators.","[2021-09-30T08:27:18Z, INFO] Presolve time = 0.00 sec. (1.49 ticks)","[2021-09-30T08:27:18Z, INFO] MIP emphasis: balance optimality and feasibility.","[2021-09-30T08:27:18Z, INFO] MIP search method: dynamic search.","[2021-09-30T08:27:18Z, INFO] Parallel mode: none, using 1 thread.","[2021-09-30T08:27:18Z, INFO] Root relaxation solution time = 0.00 sec. (0.60 ticks)","[2021-09-30T08:27:18Z, INFO] ","[2021-09-30T08:27:18Z, INFO]         Nodes                                         Cuts/","[2021-09-30T08:27:18Z, INFO]    Node  Left     Objective  IInf  Best Integer    Best Bound    ItCnt     Gap","[2021-09-30T08:27:18Z, INFO] ","[2021-09-30T08:27:18Z, INFO] *     0+    0                         6340.0000     1000.0000            84.23%","[2021-09-30T08:27:18Z, INFO] *     0     0      integral     0     5560.0000     5560.0000       50    0.00%","[2021-09-30T08:27:18Z, INFO] Elapsed time = 0.02 sec. (11.39 ticks, tree = 0.00 MB, solutions = 2)","[2021-09-30T08:27:18Z, INFO] ","[2021-09-30T08:27:18Z, INFO] Root node processing (before b&c):","[2021-09-30T08:27:18Z, INFO]   Real time             =    0.02 sec. (11.42 ticks)","[2021-09-30T08:27:18Z, INFO] Sequential b&c:","[2021-09-30T08:27:18Z, INFO]   Real time             =    0.00 sec. (0.00 ticks)","[2021-09-30T08:27:18Z, INFO]                           ------------","[2021-09-30T08:27:18Z, INFO] Total (root+branch&cut) =    0.02 sec. (11.42 ticks)","[2021-09-30T08:27:18Z, INFO]   Feasible 5560.0","[2021-09-30T08:27:18Z, INFO] starts.csv","[2021-09-30T08:27:18Z, INFO] works.csv","[2021-09-30T08:27:18Z, INFO] nr.csv"]},"runtimeDetails":{"state":"STARTED"},"taskSetupMillis":5766,"taskSolveMillis":6457,"taskTearDownMillis":1,"jobSpaceId":"9d2c73ef-2521-4130-bd91-1898668084a3","jobId":"905edd9b-85d8-4b2d-b8c1-7b9dfb2ee9db","ping":1632990430218}