{"creationTime":1648650033048,"lastModificationTime":1648650139444,"state":"TERMINATED","solveConfig":{"containerId":"scenario 4","solveParameters":{"oaas.logAttachmentName":"log.txt","oaas.logTailEnabled":"true"},"setupWebHook":{"verb":"GET","url":"https://internal-nginx-svc:12443/v1/cognitive/solve/preprocess/scenario%204?projectId=817c6754-919f-475f-8044-597cc4cbaa29&parentId=MarketingCampaignAssignment","expectedStatus":200,"headers":{}},"tearDownWebHook":{"verb":"GET","url":"https://internal-nginx-svc:12443/v1/cognitive/solve/postprocess/scenario%204?projectId=817c6754-919f-475f-8044-597cc4cbaa29&parentId=MarketingCampaignAssignment","expectedStatus":200,"headers":{}}},"jobDetails":{"id":"8f0cf8b4-4cd3-4ee3-9aaa-959cde89145c","createdAt":1648650039148,"startedAt":1648650125949,"endedAt":1648650129065,"submittedAt":1648650039148,"details":{"KPI.overall quality or value of Customer-Campaign assignments according to Candidates":"715.0","KPI.the number of Customer-Campaign assignments":"9.0","MODEL_DETAIL_BOOLEAN_VARS":"27","MODEL_DETAIL_CONSTRAINTS":"15","MODEL_DETAIL_CONTINUOUS_VARS":"0","MODEL_DETAIL_INTEGER_VARS":"0","MODEL_DETAIL_KPIS":"[\"the number of Customer-Campaign assignments\", \"overall quality or value of Customer-Campaign assignments according to Candidates\"]","MODEL_DETAIL_NONZEROS":"57","MODEL_DETAIL_OBJECTIVE_SENSE":"maximize","MODEL_DETAIL_TYPE":"MILP","PROGRESS_BEST_OBJECTIVE":"11584.0","PROGRESS_BEST_OBJECTIVE.history":"[[1648650128.37, 11584.0]]","PROGRESS_CURRENT_OBJECTIVE":"11584.0","PROGRESS_CURRENT_OBJECTIVE.history":"[[1648650128.37, 11584.0]]","PROGRESS_GAP":"0.0","PROGRESS_GAP.history":"[[1648650128.37, 0.0]]","STAT.cplex.modelType":"MILP","STAT.cplex.size.booleanVariables":"27","STAT.cplex.size.constraints":"15","STAT.cplex.size.continousVariables":"0","STAT.cplex.size.integerVariables":"0","STAT.cplex.size.linearConstraints":"15","STAT.cplex.size.quadraticConstraints":"0","STAT.cplex.size.variables":"27","STAT.job.coresCount":"1","STAT.job.inputsReadMs":"1810","STAT.job.memoryPeakKB":"114408","STAT.job.modelProcessingMs":"599","STAT.job.outputsWriteMs":"536"},"executionStatus":"PROCESSED","solveStatus":"OPTIMAL_SOLUTION","logTail":["[2022-03-30T14:22:08Z, INFO] WARNING: Number of workers has been reduced to 1 to comply with platform limitations.","[2022-03-30T14:22:08Z, INFO] Version identifier: 20.1.0.1 | 2021-12-07 | 9dfdf6686","[2022-03-30T14:22:08Z, INFO] CPXPARAM_Read_DataCheck                          1","[2022-03-30T14:22:08Z, INFO] CPXPARAM_Threads                                 1","[2022-03-30T14:22:08Z, INFO] CPXPARAM_TimeLimit                               120","[2022-03-30T14:22:08Z, INFO] Legacy callback                                  i","[2022-03-30T14:22:08Z, INFO] Tried aggregator 1 time.","[2022-03-30T14:22:08Z, INFO] MIP Presolve eliminated 4 rows and 5 columns.","[2022-03-30T14:22:08Z, INFO] Reduced MIP has 11 rows, 22 columns, and 44 nonzeros.","[2022-03-30T14:22:08Z, INFO] Reduced MIP has 22 binaries, 0 generals, 0 SOSs, and 0 indicators.","[2022-03-30T14:22:08Z, INFO] Presolve time = 0.00 sec. (0.03 ticks)","[2022-03-30T14:22:08Z, INFO] Found incumbent of value 1616.000000 after 0.00 sec. (0.04 ticks)","[2022-03-30T14:22:08Z, INFO] Probing time = 0.00 sec. (0.01 ticks)","[2022-03-30T14:22:08Z, INFO] Tried aggregator 1 time.","[2022-03-30T14:22:08Z, INFO] Detecting symmetries...","[2022-03-30T14:22:08Z, INFO] Reduced MIP has 11 rows, 22 columns, and 44 nonzeros.","[2022-03-30T14:22:08Z, INFO] Reduced MIP has 22 binaries, 0 generals, 0 SOSs, and 0 indicators.","[2022-03-30T14:22:08Z, INFO] Presolve time = 0.00 sec. (0.03 ticks)","[2022-03-30T14:22:08Z, INFO] Probing time = 0.00 sec. (0.01 ticks)","[2022-03-30T14:22:08Z, INFO] Clique table members: 8.","[2022-03-30T14:22:08Z, INFO] MIP emphasis: balance optimality and feasibility.","[2022-03-30T14:22:08Z, INFO] MIP search method: dynamic search.","[2022-03-30T14:22:08Z, INFO] Parallel mode: none, using 1 thread.","[2022-03-30T14:22:08Z, INFO] Root relaxation solution time = 0.00 sec. (0.02 ticks)","[2022-03-30T14:22:08Z, INFO] ","[2022-03-30T14:22:08Z, INFO]         Nodes                                         Cuts/","[2022-03-30T14:22:08Z, INFO]    Node  Left     Objective  IInf  Best Integer    Best Bound    ItCnt     Gap","[2022-03-30T14:22:08Z, INFO] ","[2022-03-30T14:22:08Z, INFO] *     0+    0                         1616.0000    26128.0000              --- ","[2022-03-30T14:22:08Z, INFO] *     0     0      integral     0    11584.0000    11584.0000        9    0.00%","[2022-03-30T14:22:08Z, INFO] Elapsed time = 0.00 sec. (0.13 ticks, tree = 0.00 MB, solutions = 2)","[2022-03-30T14:22:08Z, INFO] ","[2022-03-30T14:22:08Z, INFO] Root node processing (before b&c):","[2022-03-30T14:22:08Z, INFO]   Real time             =    0.00 sec. (0.13 ticks)","[2022-03-30T14:22:08Z, INFO] Sequential b&c:","[2022-03-30T14:22:08Z, INFO]   Real time             =    0.00 sec. (0.00 ticks)","[2022-03-30T14:22:08Z, INFO]                           ------------","[2022-03-30T14:22:08Z, INFO] Total (root+branch&cut) =    0.00 sec. (0.13 ticks)","[2022-03-30T14:22:08Z, INFO] Solve status: JobSolveStatus.OPTIMAL_SOLUTION","[2022-03-30T14:22:08Z, INFO] * model docplex_model1 solved with objective = 11584.000","[2022-03-30T14:22:08Z, INFO] *  KPI: the number of Customer-Campaign assignments                                       = 9.000","[2022-03-30T14:22:08Z, INFO] *  KPI: overall quality or value of Customer-Campaign assignments according to Candidates = 715.000","[2022-03-30T14:22:08Z, INFO] model solve done in 0.02271270751953125 secs","[2022-03-30T14:22:08Z, INFO] solution export done in 0.012788057327270508 secs","[2022-03-30T14:22:08Z, INFO] AssignedCampaigns.csv"]},"runtimeDetails":{"state":"STARTED"},"taskSetupMillis":4932,"taskSolveMillis":89211,"taskTearDownMillis":9017,"jobSpaceId":"d1c259fb-9c7d-49f8-9b30-9bf356a48bc8","jobId":"8f0cf8b4-4cd3-4ee3-9aaa-959cde89145c","ping":1648650124241}