{"creationTime":1632989967619,"lastModificationTime":1632990094820,"state":"TERMINATED","solveConfig":{"containerId":"scenario 4","solveParameters":{"oaas.logAttachmentName":"log.txt","oaas.logTailEnabled":"true","oaas.docplex.python":"3.8"},"setupWebHook":{"verb":"GET","url":"https://internal-nginx-svc:12443/v1/cognitive/solve/preprocess/scenario%204?projectId=415267b5-f2ae-492e-9a67-93808556490b&parentId=MarketingCampaignAssignment","expectedStatus":200,"headers":{}},"tearDownWebHook":{"verb":"GET","url":"https://internal-nginx-svc:12443/v1/cognitive/solve/postprocess/scenario%204?projectId=415267b5-f2ae-492e-9a67-93808556490b&parentId=MarketingCampaignAssignment","expectedStatus":200,"headers":{}}},"jobDetails":{"id":"91830a68-a825-4d17-915c-b3d15cffc01a","createdAt":1632989975061,"startedAt":1632990076918,"endedAt":1632990081853,"submittedAt":1632989975061,"details":{"KPI.overall quality or value of Customer-Campaign assignments according to Candidates":"715.0","KPI.the number of Customer-Campaign assignments":"9.0","MODEL_DETAIL_BOOLEAN_VARS":"27","MODEL_DETAIL_CONSTRAINTS":"15","MODEL_DETAIL_CONTINUOUS_VARS":"0","MODEL_DETAIL_INTEGER_VARS":"0","MODEL_DETAIL_KPIS":"[\"the number of Customer-Campaign assignments\", \"overall quality or value of Customer-Campaign assignments according to Candidates\"]","MODEL_DETAIL_NONZEROS":"57","MODEL_DETAIL_OBJECTIVE_SENSE":"maximize","MODEL_DETAIL_TYPE":"MILP","PROGRESS_BEST_OBJECTIVE":"11584.0","PROGRESS_BEST_OBJECTIVE.history":"[[1632990080.23, 11584.0]]","PROGRESS_CURRENT_OBJECTIVE":"11584.0","PROGRESS_CURRENT_OBJECTIVE.history":"[[1632990080.23, 11584.0]]","PROGRESS_GAP":"0.0","PROGRESS_GAP.history":"[[1632990080.23, 0.0]]","STAT.cplex.modelType":"MILP","STAT.cplex.size.booleanVariables":"27","STAT.cplex.size.constraints":"15","STAT.cplex.size.continousVariables":"0","STAT.cplex.size.integerVariables":"0","STAT.cplex.size.linearConstraints":"15","STAT.cplex.size.quadraticConstraints":"0","STAT.cplex.size.variables":"27","STAT.job.coresCount":"1","STAT.job.inputsReadMs":"2741","STAT.job.memoryPeakKB":"99296","STAT.job.modelProcessingMs":"583","STAT.job.outputsWriteMs":"1497"},"executionStatus":"PROCESSED","solveStatus":"OPTIMAL_SOLUTION","logTail":["[2021-09-30T08:21:20Z, INFO] WARNING: Number of workers has been reduced to 1 to comply with platform limitations.","[2021-09-30T08:21:20Z, INFO] Version identifier: 20.1.0.0 | 2020-11-10 | 9bedb6d68","[2021-09-30T08:21:20Z, INFO] CPXPARAM_Read_DataCheck                          1","[2021-09-30T08:21:20Z, INFO] CPXPARAM_Threads                                 1","[2021-09-30T08:21:20Z, INFO] CPXPARAM_TimeLimit                               120","[2021-09-30T08:21:20Z, INFO] Legacy callback                                  i","[2021-09-30T08:21:20Z, INFO] Tried aggregator 1 time.","[2021-09-30T08:21:20Z, INFO] MIP Presolve eliminated 4 rows and 5 columns.","[2021-09-30T08:21:20Z, INFO] Reduced MIP has 11 rows, 22 columns, and 44 nonzeros.","[2021-09-30T08:21:20Z, INFO] Reduced MIP has 22 binaries, 0 generals, 0 SOSs, and 0 indicators.","[2021-09-30T08:21:20Z, INFO] Presolve time = 0.00 sec. (0.03 ticks)","[2021-09-30T08:21:20Z, INFO] Found incumbent of value 1616.000000 after 0.00 sec. (0.04 ticks)","[2021-09-30T08:21:20Z, INFO] Probing time = 0.00 sec. (0.01 ticks)","[2021-09-30T08:21:20Z, INFO] Tried aggregator 1 time.","[2021-09-30T08:21:20Z, INFO] Detecting symmetries...","[2021-09-30T08:21:20Z, INFO] Reduced MIP has 11 rows, 22 columns, and 44 nonzeros.","[2021-09-30T08:21:20Z, INFO] Reduced MIP has 22 binaries, 0 generals, 0 SOSs, and 0 indicators.","[2021-09-30T08:21:20Z, INFO] Presolve time = 0.00 sec. (0.03 ticks)","[2021-09-30T08:21:20Z, INFO] Probing time = 0.00 sec. (0.01 ticks)","[2021-09-30T08:21:20Z, INFO] Clique table members: 8.","[2021-09-30T08:21:20Z, INFO] MIP emphasis: balance optimality and feasibility.","[2021-09-30T08:21:20Z, INFO] MIP search method: dynamic search.","[2021-09-30T08:21:20Z, INFO] Parallel mode: none, using 1 thread.","[2021-09-30T08:21:20Z, INFO] Root relaxation solution time = 0.00 sec. (0.02 ticks)","[2021-09-30T08:21:20Z, INFO] ","[2021-09-30T08:21:20Z, INFO]         Nodes                                         Cuts/","[2021-09-30T08:21:20Z, INFO]    Node  Left     Objective  IInf  Best Integer    Best Bound    ItCnt     Gap","[2021-09-30T08:21:20Z, INFO] ","[2021-09-30T08:21:20Z, INFO] *     0+    0                         1616.0000    26128.0000              --- ","[2021-09-30T08:21:20Z, INFO] *     0     0      integral     0    11584.0000    11584.0000        9    0.00%","[2021-09-30T08:21:20Z, INFO] Elapsed time = 0.00 sec. (0.13 ticks, tree = 0.00 MB, solutions = 2)","[2021-09-30T08:21:20Z, INFO] ","[2021-09-30T08:21:20Z, INFO] Root node processing (before b&c):","[2021-09-30T08:21:20Z, INFO]   Real time             =    0.00 sec. (0.13 ticks)","[2021-09-30T08:21:20Z, INFO] Sequential b&c:","[2021-09-30T08:21:20Z, INFO]   Real time             =    0.00 sec. (0.00 ticks)","[2021-09-30T08:21:20Z, INFO]                           ------------","[2021-09-30T08:21:20Z, INFO] Total (root+branch&cut) =    0.00 sec. (0.13 ticks)","[2021-09-30T08:21:20Z, INFO] Solve status: JobSolveStatus.OPTIMAL_SOLUTION","[2021-09-30T08:21:20Z, INFO] * model docplex_model1 solved with objective = 11584.000","[2021-09-30T08:21:20Z, INFO] *  KPI: the number of Customer-Campaign assignments                                       = 9.000","[2021-09-30T08:21:20Z, INFO] *  KPI: overall quality or value of Customer-Campaign assignments according to Candidates = 715.000","[2021-09-30T08:21:20Z, INFO] model solve done in 0.02267003059387207 secs","[2021-09-30T08:21:20Z, INFO] solution export done in 0.01561427116394043 secs","[2021-09-30T08:21:20Z, INFO] AssignedCampaigns.csv"]},"runtimeDetails":{"state":"STARTED"},"taskSetupMillis":6847,"taskSolveMillis":107887,"taskTearDownMillis":10222,"jobSpaceId":"9d2c73ef-2521-4130-bd91-1898668084a3","jobId":"91830a68-a825-4d17-915c-b3d15cffc01a","ping":1632990088240}