{"creationTime":1622475969838,"lastModificationTime":1622476092209,"state":"TERMINATED","solveConfig":{"containerId":"scenario 4","solveParameters":{"oaas.logAttachmentName":"log.txt","oaas.logTailEnabled":"true"},"setupWebHook":{"verb":"GET","url":"https://internal-nginx-svc:12443/v1/cognitive/solve/preprocess/scenario%204?projectId=4214eea9-65c3-4605-8236-fb414b499e06&parentId=MarketingCampaignAssignment","expectedStatus":200,"headers":{}},"tearDownWebHook":{"verb":"GET","url":"https://internal-nginx-svc:12443/v1/cognitive/solve/postprocess/scenario%204?projectId=4214eea9-65c3-4605-8236-fb414b499e06&parentId=MarketingCampaignAssignment","expectedStatus":200,"headers":{}}},"jobDetails":{"id":"2c04c8b9-e7a1-49e1-8207-b53e98c9ff48","createdAt":1622475976211,"startedAt":1622476082523,"endedAt":1622476084228,"submittedAt":1622475976211,"details":{"KPI.overall quality or value of Customer-Campaign assignments according to Candidates":"715.0","KPI.the number of Customer-Campaign assignments":"9.0","MODEL_DETAIL_BOOLEAN_VARS":"27","MODEL_DETAIL_CONSTRAINTS":"15","MODEL_DETAIL_CONTINUOUS_VARS":"0","MODEL_DETAIL_INTEGER_VARS":"0","MODEL_DETAIL_KPIS":"[\"the number of Customer-Campaign assignments\", \"overall quality or value of Customer-Campaign assignments according to Candidates\"]","MODEL_DETAIL_NONZEROS":"57","MODEL_DETAIL_OBJECTIVE_SENSE":"maximize","MODEL_DETAIL_TYPE":"MILP","PROGRESS_BEST_OBJECTIVE":"11584.0","PROGRESS_BEST_OBJECTIVE.history":"[[1622476083.63, 11584.0]]","PROGRESS_CURRENT_OBJECTIVE":"11584.0","PROGRESS_CURRENT_OBJECTIVE.history":"[[1622476083.63, 11584.0]]","PROGRESS_GAP":"0.0","PROGRESS_GAP.history":"[[1622476083.63, 0.0]]","STAT.cplex.modelType":"MILP","STAT.cplex.size.booleanVariables":"27","STAT.cplex.size.constraints":"15","STAT.cplex.size.continousVariables":"0","STAT.cplex.size.integerVariables":"0","STAT.cplex.size.linearConstraints":"15","STAT.cplex.size.quadraticConstraints":"0","STAT.cplex.size.variables":"27","STAT.job.coresCount":"1","STAT.job.inputsReadMs":"949","STAT.job.memoryPeakKB":"99016","STAT.job.modelProcessingMs":"175","STAT.job.outputsWriteMs":"510"},"executionStatus":"PROCESSED","solveStatus":"OPTIMAL_SOLUTION","logTail":["[2021-05-31T15:48:03Z, INFO] Version identifier: 20.1.0.0 | 2020-11-10 | 9bedb6d68","[2021-05-31T15:48:03Z, INFO] CPXPARAM_Read_DataCheck                          1","[2021-05-31T15:48:03Z, INFO] CPXPARAM_Threads                                 1","[2021-05-31T15:48:03Z, INFO] CPXPARAM_TimeLimit                               120","[2021-05-31T15:48:03Z, INFO] Legacy callback                                  i","[2021-05-31T15:48:03Z, INFO] Tried aggregator 1 time.","[2021-05-31T15:48:03Z, INFO] MIP Presolve eliminated 4 rows and 5 columns.","[2021-05-31T15:48:03Z, INFO] Reduced MIP has 11 rows, 22 columns, and 44 nonzeros.","[2021-05-31T15:48:03Z, INFO] Reduced MIP has 22 binaries, 0 generals, 0 SOSs, and 0 indicators.","[2021-05-31T15:48:03Z, INFO] Presolve time = 0.00 sec. (0.03 ticks)","[2021-05-31T15:48:03Z, INFO] Found incumbent of value 1616.000000 after 0.00 sec. (0.04 ticks)","[2021-05-31T15:48:03Z, INFO] Probing time = 0.00 sec. (0.01 ticks)","[2021-05-31T15:48:03Z, INFO] Tried aggregator 1 time.","[2021-05-31T15:48:03Z, INFO] Detecting symmetries...","[2021-05-31T15:48:03Z, INFO] Reduced MIP has 11 rows, 22 columns, and 44 nonzeros.","[2021-05-31T15:48:03Z, INFO] Reduced MIP has 22 binaries, 0 generals, 0 SOSs, and 0 indicators.","[2021-05-31T15:48:03Z, INFO] Presolve time = 0.00 sec. (0.03 ticks)","[2021-05-31T15:48:03Z, INFO] Probing time = 0.00 sec. (0.01 ticks)","[2021-05-31T15:48:03Z, INFO] Clique table members: 8.","[2021-05-31T15:48:03Z, INFO] MIP emphasis: balance optimality and feasibility.","[2021-05-31T15:48:03Z, INFO] MIP search method: dynamic search.","[2021-05-31T15:48:03Z, INFO] Parallel mode: none, using 1 thread.","[2021-05-31T15:48:03Z, INFO] Root relaxation solution time = 0.00 sec. (0.02 ticks)","[2021-05-31T15:48:03Z, INFO] ","[2021-05-31T15:48:03Z, INFO]         Nodes                                         Cuts/","[2021-05-31T15:48:03Z, INFO]    Node  Left     Objective  IInf  Best Integer    Best Bound    ItCnt     Gap","[2021-05-31T15:48:03Z, INFO] ","[2021-05-31T15:48:03Z, INFO] *     0+    0                         1616.0000    26128.0000              --- ","[2021-05-31T15:48:03Z, INFO] *     0     0      integral     0    11584.0000    11584.0000        9    0.00%","[2021-05-31T15:48:03Z, INFO] Elapsed time = 0.00 sec. (0.13 ticks, tree = 0.00 MB, solutions = 2)","[2021-05-31T15:48:03Z, INFO] ","[2021-05-31T15:48:03Z, INFO] Root node processing (before b&c):","[2021-05-31T15:48:03Z, INFO]   Real time             =    0.00 sec. (0.13 ticks)","[2021-05-31T15:48:03Z, INFO] Sequential b&c:","[2021-05-31T15:48:03Z, INFO]   Real time             =    0.00 sec. (0.00 ticks)","[2021-05-31T15:48:03Z, INFO]                           ------------","[2021-05-31T15:48:03Z, INFO] Total (root+branch&cut) =    0.00 sec. (0.13 ticks)","[2021-05-31T15:48:03Z, INFO] Solve status: JobSolveStatus.OPTIMAL_SOLUTION","[2021-05-31T15:48:03Z, INFO] * model docplex_model1 solved with objective = 11584.000","[2021-05-31T15:48:03Z, INFO] *  KPI: the number of Customer-Campaign assignments                                       = 9.000","[2021-05-31T15:48:03Z, INFO] *  KPI: overall quality or value of Customer-Campaign assignments according to Candidates = 715.000","[2021-05-31T15:48:03Z, INFO] model solve done in 0.016605377197265625 secs","[2021-05-31T15:48:03Z, INFO] solution export done in 0.02009105682373047 secs","[2021-05-31T15:48:03Z, INFO] AssignedCampaigns.csv","[2021-05-31T15:48:03Z, INFO] NotAssignedCampaigns.csv"]},"runtimeDetails":{"state":"STARTED"},"taskSetupMillis":5743,"taskSolveMillis":108231,"taskTearDownMillis":6766,"jobSpaceId":"35bb88af-4cb7-45f7-b26a-c166c256ea9a","jobId":"2c04c8b9-e7a1-49e1-8207-b53e98c9ff48","ping":1622476090476}