{"creationTime":1636560910193,"lastModificationTime":1636560928126,"state":"TERMINATED","solveConfig":{"containerId":"scenario 4","solveParameters":{"oaas.logAttachmentName":"log.txt","oaas.docplex.python":"3.8","oaas.logTailEnabled":"true"},"setupWebHook":{"verb":"GET","url":"https://internal-nginx-svc:12443/v1/cognitive/solve/preprocess/scenario%204?projectId=214bf38c-0e5a-477e-9da8-3899eaee0c65&parentId=MarketingCampaignAssignment","expectedStatus":200,"headers":{}},"tearDownWebHook":{"verb":"GET","url":"https://internal-nginx-svc:12443/v1/cognitive/solve/postprocess/scenario%204?projectId=214bf38c-0e5a-477e-9da8-3899eaee0c65&parentId=MarketingCampaignAssignment","expectedStatus":200,"headers":{}}},"jobDetails":{"id":"77e4619b-ec13-4776-90ec-b27dc63044ef","createdAt":1636560916558,"startedAt":1636560918025,"endedAt":1636560919517,"submittedAt":1636560916558,"details":{"KPI.overall quality or value of Customer-Campaign assignments according to Candidates":"715.0","KPI.the number of Customer-Campaign assignments":"9.0","MODEL_DETAIL_BOOLEAN_VARS":"27","MODEL_DETAIL_CONSTRAINTS":"15","MODEL_DETAIL_CONTINUOUS_VARS":"0","MODEL_DETAIL_INTEGER_VARS":"0","MODEL_DETAIL_KPIS":"[\"the number of Customer-Campaign assignments\", \"overall quality or value of Customer-Campaign assignments according to Candidates\"]","MODEL_DETAIL_NONZEROS":"57","MODEL_DETAIL_OBJECTIVE_SENSE":"maximize","MODEL_DETAIL_TYPE":"MILP","PROGRESS_BEST_OBJECTIVE":"11584.0","PROGRESS_BEST_OBJECTIVE.history":"[[1636560918.94, 11584.0]]","PROGRESS_CURRENT_OBJECTIVE":"11584.0","PROGRESS_CURRENT_OBJECTIVE.history":"[[1636560918.94, 11584.0]]","PROGRESS_GAP":"0.0","PROGRESS_GAP.history":"[[1636560918.94, 0.0]]","STAT.cplex.modelType":"MILP","STAT.cplex.size.booleanVariables":"27","STAT.cplex.size.constraints":"15","STAT.cplex.size.continousVariables":"0","STAT.cplex.size.integerVariables":"0","STAT.cplex.size.linearConstraints":"15","STAT.cplex.size.quadraticConstraints":"0","STAT.cplex.size.variables":"27","STAT.job.coresCount":"1","STAT.job.inputsReadMs":"317","STAT.job.memoryPeakKB":"103116","STAT.job.modelProcessingMs":"611","STAT.job.outputsWriteMs":"425"},"executionStatus":"PROCESSED","solveStatus":"OPTIMAL_SOLUTION","logTail":["[2021-11-10T16:15:18Z, INFO] WARNING: Number of workers has been reduced to 1 to comply with platform limitations.","[2021-11-10T16:15:18Z, INFO] Version identifier: 20.1.0.1 | 2021-08-16 | c4ad639ec","[2021-11-10T16:15:18Z, INFO] CPXPARAM_Read_DataCheck                          1","[2021-11-10T16:15:18Z, INFO] CPXPARAM_Threads                                 1","[2021-11-10T16:15:18Z, INFO] CPXPARAM_TimeLimit                               120","[2021-11-10T16:15:18Z, INFO] Legacy callback                                  i","[2021-11-10T16:15:18Z, INFO] Tried aggregator 1 time.","[2021-11-10T16:15:18Z, INFO] MIP Presolve eliminated 4 rows and 5 columns.","[2021-11-10T16:15:18Z, INFO] Reduced MIP has 11 rows, 22 columns, and 44 nonzeros.","[2021-11-10T16:15:18Z, INFO] Reduced MIP has 22 binaries, 0 generals, 0 SOSs, and 0 indicators.","[2021-11-10T16:15:18Z, INFO] Presolve time = 0.00 sec. (0.03 ticks)","[2021-11-10T16:15:18Z, INFO] Found incumbent of value 1616.000000 after 0.00 sec. (0.04 ticks)","[2021-11-10T16:15:18Z, INFO] Probing time = 0.00 sec. (0.01 ticks)","[2021-11-10T16:15:18Z, INFO] Tried aggregator 1 time.","[2021-11-10T16:15:18Z, INFO] Detecting symmetries...","[2021-11-10T16:15:18Z, INFO] Reduced MIP has 11 rows, 22 columns, and 44 nonzeros.","[2021-11-10T16:15:18Z, INFO] Reduced MIP has 22 binaries, 0 generals, 0 SOSs, and 0 indicators.","[2021-11-10T16:15:18Z, INFO] Presolve time = 0.00 sec. (0.03 ticks)","[2021-11-10T16:15:18Z, INFO] Probing time = 0.00 sec. (0.01 ticks)","[2021-11-10T16:15:18Z, INFO] Clique table members: 8.","[2021-11-10T16:15:18Z, INFO] MIP emphasis: balance optimality and feasibility.","[2021-11-10T16:15:18Z, INFO] MIP search method: dynamic search.","[2021-11-10T16:15:18Z, INFO] Parallel mode: none, using 1 thread.","[2021-11-10T16:15:18Z, INFO] Root relaxation solution time = 0.00 sec. (0.02 ticks)","[2021-11-10T16:15:18Z, INFO] ","[2021-11-10T16:15:18Z, INFO]         Nodes                                         Cuts/","[2021-11-10T16:15:18Z, INFO]    Node  Left     Objective  IInf  Best Integer    Best Bound    ItCnt     Gap","[2021-11-10T16:15:18Z, INFO] ","[2021-11-10T16:15:18Z, INFO] *     0+    0                         1616.0000    26128.0000              --- ","[2021-11-10T16:15:18Z, INFO] *     0     0      integral     0    11584.0000    11584.0000        9    0.00%","[2021-11-10T16:15:18Z, INFO] Elapsed time = 0.00 sec. (0.13 ticks, tree = 0.00 MB, solutions = 2)","[2021-11-10T16:15:18Z, INFO] ","[2021-11-10T16:15:18Z, INFO] Root node processing (before b&c):","[2021-11-10T16:15:18Z, INFO]   Real time             =    0.00 sec. (0.13 ticks)","[2021-11-10T16:15:18Z, INFO] Sequential b&c:","[2021-11-10T16:15:18Z, INFO]   Real time             =    0.00 sec. (0.00 ticks)","[2021-11-10T16:15:18Z, INFO]                           ------------","[2021-11-10T16:15:18Z, INFO] Total (root+branch&cut) =    0.00 sec. (0.13 ticks)","[2021-11-10T16:15:18Z, INFO] Solve status: JobSolveStatus.OPTIMAL_SOLUTION","[2021-11-10T16:15:18Z, INFO] * model docplex_model1 solved with objective = 11584.000","[2021-11-10T16:15:18Z, INFO] *  KPI: the number of Customer-Campaign assignments                                       = 9.000","[2021-11-10T16:15:18Z, INFO] *  KPI: overall quality or value of Customer-Campaign assignments according to Candidates = 715.000","[2021-11-10T16:15:18Z, INFO] model solve done in 0.02276444435119629 secs","[2021-11-10T16:15:18Z, INFO] solution export done in 0.015228748321533203 secs","[2021-11-10T16:15:18Z, INFO] AssignedCampaigns.csv"]},"runtimeDetails":{"state":"STARTED"},"taskSetupMillis":5792,"taskSolveMillis":3695,"taskTearDownMillis":6360,"jobSpaceId":"8bb4e820-5a06-4aa4-a9ab-c19d7bb52bfa","jobId":"77e4619b-ec13-4776-90ec-b27dc63044ef","ping":1636560910820}