{"CPLEXSolution": {"version": "1.0", "header": {"problemName": "docplex_model1", "objectiveValue": "1770.57667446", "solved_by": "cplex_local"}, "variables": [{"index": "3", "name": null, "value": "259.6"}, {"index": "13", "name": null, "value": "229.66500000000002"}, {"index": "15", "name": null, "value": "137.628"}, {"index": "17", "name": null, "value": "108.74"}, {"index": "18", "name": null, "value": "27.84"}, {"index": "19", "name": null, "value": "235.89"}, {"index": "23", "name": null, "value": "1.0"}, {"index": "33", "name": null, "value": "1.0"}, {"index": "35", "name": null, "value": "1.0"}, {"index": "37", "name": null, "value": "1.0"}, {"index": "38", "name": null, "value": "1.0"}, {"index": "39", "name": null, "value": "1.0"}, {"index": "43", "name": null, "value": "11.0"}, {"index": "53", "name": null, "value": "3.0"}, {"index": "55", "name": null, "value": "18.0"}, {"index": "57", "name": null, "value": "2.0"}, {"index": "58", "name": null, "value": "1.0"}, {"index": "59", "name": null, "value": "3.0"}], "linearConstraints": [{"name": "_L_EXPR_1", "index": 0}, {"name": "_L_EXPR_2", "index": 1}, {"name": "_L_EXPR_3", "index": 2}, {"name": "_L_EXPR_4", "index": 3, "slack": 740.4}, {"name": "_L_EXPR_5", "index": 4}, {"name": "_L_EXPR_6", "index": 5}, {"name": "_L_EXPR_7", "index": 6}, {"name": "_L_EXPR_8", "index": 7}, {"name": "_L_EXPR_9", "index": 8}, {"name": "_L_EXPR_10", "index": 9}, {"name": "_L_EXPR_11", "index": 10}, {"name": "_L_EXPR_12", "index": 11}, {"name": "_L_EXPR_13", "index": 12}, {"name": "_L_EXPR_14", "index": 13, "slack": 770.335}, {"name": "_L_EXPR_15", "index": 14}, {"name": "_L_EXPR_16", "index": 15, "slack": 862.3720000000001}, {"name": "_L_EXPR_17", "index": 16}, {"name": "_L_EXPR_18", "index": 17, "slack": 891.26}, {"name": "_L_EXPR_19", "index": 18, "slack": 972.16}, {"name": "_L_EXPR_20", "index": 19, "slack": 764.11}, {"name": "_L_EXPR_21", "index": 20}, {"name": "_L_EXPR_22", "index": 21}, {"name": "_L_EXPR_23", "index": 22}, {"name": "_L_EXPR_24", "index": 23, "slack": -249.60000000000002}, {"name": "_L_EXPR_25", "index": 24}, {"name": "_L_EXPR_26", "index": 25}, {"name": "_L_EXPR_27", "index": 26}, {"name": "_L_EXPR_28", "index": 27}, {"name": "_L_EXPR_29", "index": 28}, {"name": "_L_EXPR_30", "index": 29}, {"name": "_L_EXPR_31", "index": 30}, {"name": "_L_EXPR_32", "index": 31}, {"name": "_L_EXPR_33", "index": 32}, {"name": "_L_EXPR_34", "index": 33, "slack": -219.66500000000002}, {"name": "_L_EXPR_35", "index": 34}, {"name": "_L_EXPR_36", "index": 35, "slack": -127.62799999999999}, {"name": "_L_EXPR_37", "index": 36}, {"name": "_L_EXPR_38", "index": 37, "slack": -98.74}, {"name": "_L_EXPR_39", "index": 38, "slack": -17.84}, {"name": "_L_EXPR_40", "index": 39, "slack": -225.89}, {"name": "_L_EXPR_41", "index": 40}, {"name": "_L_EXPR_42", "index": 41}, {"name": "_L_EXPR_43", "index": 42}, {"name": "_L_EXPR_44", "index": 43}, {"name": "_L_EXPR_45", "index": 44}, {"name": "_L_EXPR_46", "index": 45}, {"name": "_L_EXPR_47", "index": 46}, {"name": "_L_EXPR_48", "index": 47}, {"name": "_L_EXPR_49", "index": 48}, {"name": "_L_EXPR_50", "index": 49}, {"name": "_L_EXPR_51", "index": 50}, {"name": "_L_EXPR_52", "index": 51}, {"name": "_L_EXPR_53", "index": 52}, {"name": "_L_EXPR_54", "index": 53}, {"name": "_L_EXPR_55", "index": 54}, {"name": "_L_EXPR_56", "index": 55}, {"name": "_L_EXPR_57", "index": 56}, {"name": "_L_EXPR_58", "index": 57}, {"name": "_L_EXPR_59", "index": 58}, {"name": "_L_EXPR_60", "index": 59}, {"name": "_L_EXPR_61", "index": 60}, {"name": "_L_EXPR_62", "index": 61, "slack": 0.6369999999999436}, {"name": "_L_EXPR_63", "index": 62}, {"name": "_L_EXPR_64", "index": 63}, {"name": "_L_EXPR_65", "index": 64, "slack": 13.420000000000016}, {"name": "_L_EXPR_66", "index": 65, "slack": 2.0}, {"name": "_L_EXPR_67", "index": 66, "slack": 1.0}, {"name": "_L_EXPR_68", "index": 67, "slack": 3.0}, {"name": "_L_EXPR_69", "index": 68, "slack": 1.0}, {"name": "_L_EXPR_70", "index": 69, "slack": 3.0}, {"name": "_L_EXPR_71", "index": 70, "slack": 2.0}, {"name": "_L_EXPR_72", "index": 71, "slack": 2.0}, {"name": "_L_EXPR_73", "index": 72, "slack": 2.0}, {"name": "_L_EXPR_74", "index": 73}, {"name": "_L_EXPR_75", "index": 74, "slack": 1.0}, {"name": "_L_EXPR_76", "index": 75, "slack": 1.0}, {"name": "_L_EXPR_77", "index": 76, "slack": 2.0}, {"name": "_L_EXPR_78", "index": 77, "slack": 2.0}, {"name": "_L_EXPR_79", "index": 78}, {"name": "_L_EXPR_80", "index": 79, "slack": 2.0}, {"name": "_L_EXPR_81", "index": 80, "slack": 264.11}, {"name": "_L_EXPR_82", "index": 81, "slack": 10.734999999999957}, {"name": "_L_EXPR_83", "index": 82, "slack": 500.0}, {"name": "_L_EXPR_84", "index": 83, "slack": 363.42}, {"name": "_L_EXPR_85", "index": 84, "slack": 500.0}, {"name": "_L_EXPR_86", "index": 85, "slack": 362.372}, {"name": "_L_EXPR_87", "index": 86, "slack": 300.0}, {"name": "_L_EXPR_88", "index": 87, "slack": 300.0}, {"name": "_L_EXPR_89", "index": 88, "slack": 300.0}, {"name": "_L_EXPR_90", "index": 89, "slack": 40.39999999999998}, {"name": "_L_EXPR_91", "index": 90, "slack": 300.0}, {"name": "_L_EXPR_92", "index": 91, "slack": 300.0}, {"name": "_L_EXPR_93", "index": 92, "slack": 300.0}, {"name": "_L_EXPR_94", "index": 93, "slack": 300.0}, {"name": "_L_EXPR_95", "index": 94, "slack": 300.0}, {"name": "_L_EXPR_96", "index": 95, "slack": 300.0}, {"name": "_L_EXPR_97", "index": 96, "slack": 300.0}, {"name": "_L_EXPR_98", "index": 97, "slack": 300.0}, {"name": "_L_EXPR_99", "index": 98, "slack": 300.0}, {"name": "_L_EXPR_100", "index": 99, "slack": 70.33499999999998}, {"name": "_L_EXPR_101", "index": 100, "slack": 300.0}, {"name": "_L_EXPR_102", "index": 101, "slack": 162.372}, {"name": "_L_EXPR_103", "index": 102, "slack": 300.0}, {"name": "_L_EXPR_104", "index": 103, "slack": 191.26}, {"name": "_L_EXPR_105", "index": 104, "slack": 272.16}, {"name": "_L_EXPR_106", "index": 105, "slack": 64.11000000000001}]}}