{"creationTime":1636560511081,"lastModificationTime":1636560548181,"state":"TERMINATED","solveConfig":{"containerId":"Scenario 1","solveParameters":{"oaas.docplex.python":"3.8"},"setupWebHook":{"verb":"GET","url":"https://internal-nginx-svc:12443/v1/cognitive/solve/preprocess/Scenario%201?projectId=214bf38c-0e5a-477e-9da8-3899eaee0c65&parentId=PortfolioAllocation","expectedStatus":200,"headers":{}},"tearDownWebHook":{"verb":"GET","url":"https://internal-nginx-svc:12443/v1/cognitive/solve/postprocess/Scenario%201?projectId=214bf38c-0e5a-477e-9da8-3899eaee0c65&parentId=PortfolioAllocation","expectedStatus":200,"headers":{}}},"jobDetails":{"id":"37256cee-5d55-478c-9a01-4a1aa93d67e9","createdAt":1636560526750,"startedAt":1636560528063,"endedAt":1636560532961,"submittedAt":1636560526750,"details":{"KPI._time":"0.05619096755981445","KPI.total expected return of investments over all allocations":"1770.57667446","MODEL_DETAIL_BOOLEAN_VARS":"20","MODEL_DETAIL_CONSTRAINTS":"106","MODEL_DETAIL_CONTINUOUS_VARS":"20","MODEL_DETAIL_INTEGER_VARS":"20","MODEL_DETAIL_KPIS":"[\"total expected return of investments over all allocations\"]","MODEL_DETAIL_NONZEROS":"249","MODEL_DETAIL_OBJECTIVE_SENSE":"maximize","MODEL_DETAIL_TYPE":"MILP","PROGRESS_BEST_OBJECTIVE":"1770.57667446","PROGRESS_BEST_OBJECTIVE.history":"[[1636560531.74, 1790.3904377]]","PROGRESS_CURRENT_OBJECTIVE":"1770.57667446","PROGRESS_CURRENT_OBJECTIVE.history":"[[1636560531.74, 0.0]]","PROGRESS_GAP":"0.0","PROGRESS_GAP.history":"[[1636560531.74, 17903904377000.0]]","STAT.cplex.modelType":"MILP","STAT.cplex.size.booleanVariables":"20","STAT.cplex.size.constraints":"106","STAT.cplex.size.continousVariables":"20","STAT.cplex.size.integerVariables":"20","STAT.cplex.size.linearConstraints":"106","STAT.cplex.size.quadraticConstraints":"0","STAT.cplex.size.variables":"60","STAT.cplex.solve.elapsedTime":"0.05619096755981445","STAT.cplex.solve.explored":"33","STAT.cplex.solve.iterationCount":"113","STAT.cplex.solve.opened":"0","STAT.job.coresCount":"1","STAT.job.inputsReadMs":"2974","STAT.job.memoryPeakKB":"103968","STAT.job.modelProcessingMs":"775","STAT.job.outputsWriteMs":"966"},"executionStatus":"PROCESSED","solveStatus":"OPTIMAL_SOLUTION","logTail":["[2021-11-10T16:08:51Z, INFO] Presolve time = 0.00 sec. (0.05 ticks)","[2021-11-10T16:08:51Z, INFO] Probing time = 0.00 sec. (0.01 ticks)","[2021-11-10T16:08:51Z, INFO] Tried aggregator 1 time.","[2021-11-10T16:08:51Z, INFO] Detecting symmetries...","[2021-11-10T16:08:51Z, INFO] Reduced MIP has 27 rows, 22 columns, and 83 nonzeros.","[2021-11-10T16:08:51Z, INFO] Reduced MIP has 11 binaries, 11 generals, 0 SOSs, and 0 indicators.","[2021-11-10T16:08:51Z, INFO] Presolve time = 0.00 sec. (0.05 ticks)","[2021-11-10T16:08:51Z, INFO] Represolve time = 0.00 sec. (0.16 ticks)","[2021-11-10T16:08:51Z, INFO] Probing time = 0.00 sec. (0.01 ticks)","[2021-11-10T16:08:51Z, INFO] MIP emphasis: balance optimality and feasibility.","[2021-11-10T16:08:51Z, INFO] MIP search method: dynamic search.","[2021-11-10T16:08:51Z, INFO] Parallel mode: none, using 1 thread.","[2021-11-10T16:08:51Z, INFO] Root relaxation solution time = 0.00 sec. (0.09 ticks)","[2021-11-10T16:08:51Z, INFO] ","[2021-11-10T16:08:51Z, INFO]         Nodes                                         Cuts/","[2021-11-10T16:08:51Z, INFO]    Node  Left     Objective  IInf  Best Integer    Best Bound    ItCnt     Gap","[2021-11-10T16:08:51Z, INFO] ","[2021-11-10T16:08:51Z, INFO] *     0+    0                         1770.5767     1781.7026             0.63%","[2021-11-10T16:08:51Z, INFO]       0     0     1781.7026     4     1770.5767     1781.7026       30    0.63%","[2021-11-10T16:08:51Z, INFO]       0     0     1780.8856     6     1770.5767       Cuts: 8       34    0.58%","[2021-11-10T16:08:51Z, INFO]       0     0     1779.3045     6     1770.5767       Cuts: 2       35    0.49%","[2021-11-10T16:08:51Z, INFO]       0     0     1779.1242     8     1770.5767       Cuts: 3       37    0.48%","[2021-11-10T16:08:51Z, INFO]       0     0     1779.1219     8     1770.5767    MIRcuts: 1       38    0.48%","[2021-11-10T16:08:51Z, INFO]       0     0     1779.0972    12     1770.5767    MIRcuts: 1       41    0.48%","[2021-11-10T16:08:51Z, INFO] Detecting symmetries...","[2021-11-10T16:08:51Z, INFO]       0     2     1779.0972    12     1770.5767     1778.8817       41    0.47%","[2021-11-10T16:08:51Z, INFO] Elapsed time = 0.03 sec. (2.42 ticks, tree = 0.01 MB, solutions = 3)","[2021-11-10T16:08:51Z, INFO] ","[2021-11-10T16:08:51Z, INFO] Flow cuts applied:  1","[2021-11-10T16:08:51Z, INFO] Mixed integer rounding cuts applied:  3","[2021-11-10T16:08:51Z, INFO] Zero-half cuts applied:  1","[2021-11-10T16:08:51Z, INFO] Gomory fractional cuts applied:  5","[2021-11-10T16:08:51Z, INFO] ","[2021-11-10T16:08:51Z, INFO] Root node processing (before b&c):","[2021-11-10T16:08:51Z, INFO]   Real time             =    0.03 sec. (2.42 ticks)","[2021-11-10T16:08:51Z, INFO] Sequential b&c:","[2021-11-10T16:08:51Z, INFO]   Real time             =    0.03 sec. (0.55 ticks)","[2021-11-10T16:08:51Z, INFO]                           ------------","[2021-11-10T16:08:51Z, INFO] Total (root+branch&cut) =    0.06 sec. (2.97 ticks)","[2021-11-10T16:08:51Z, INFO] Solve status: JobSolveStatus.OPTIMAL_SOLUTION","[2021-11-10T16:08:51Z, INFO] * model docplex_model1 solved with objective = 1770.577","[2021-11-10T16:08:51Z, INFO] *  KPI: total expected return of investments over all allocations = 1770.577","[2021-11-10T16:08:51Z, INFO] model solve done in 0.08105206489562988 secs","[2021-11-10T16:08:51Z, INFO] solution export done in 0.016041278839111328 secs","[2021-11-10T16:08:51Z, INFO] investmentAllocation.csv"]},"runtimeDetails":{"state":"STARTED"},"taskSetupMillis":14508,"taskSolveMillis":9219,"taskTearDownMillis":10036,"jobSpaceId":"8bb4e820-5a06-4aa4-a9ab-c19d7bb52bfa","jobId":"37256cee-5d55-478c-9a01-4a1aa93d67e9","ping":1636560542299}