{"creationTime":1648649940414,"lastModificationTime":1648649994956,"state":"TERMINATED","solveConfig":{"containerId":"Scenario 1","solveParameters":{},"setupWebHook":{"verb":"GET","url":"https://internal-nginx-svc:12443/v1/cognitive/solve/preprocess/Scenario%201?projectId=817c6754-919f-475f-8044-597cc4cbaa29&parentId=PortfolioAllocation","expectedStatus":200,"headers":{}},"tearDownWebHook":{"verb":"GET","url":"https://internal-nginx-svc:12443/v1/cognitive/solve/postprocess/Scenario%201?projectId=817c6754-919f-475f-8044-597cc4cbaa29&parentId=PortfolioAllocation","expectedStatus":200,"headers":{}}},"jobDetails":{"id":"6338c4e8-6ee1-4518-b05b-3503b14febb3","createdAt":1648649945798,"startedAt":1648649966180,"endedAt":1648649973852,"submittedAt":1648649945798,"details":{"KPI._time":"0.2849910259246826","KPI.dependencies between investment allocations based on covariances":"18118.268015011476","KPI.total expected return of investments over all allocations":"164.36374358999998","MODEL_DETAIL_BOOLEAN_VARS":"20","MODEL_DETAIL_CONSTRAINTS":"106","MODEL_DETAIL_CONTINUOUS_VARS":"20","MODEL_DETAIL_INTEGER_VARS":"20","MODEL_DETAIL_KPIS":"[\"total expected return of investments over all allocations\", \"dependencies between investment allocations based on covariances\"]","MODEL_DETAIL_NONZEROS":"249","MODEL_DETAIL_OBJECTIVE_SENSE":"minimize","MODEL_DETAIL_TYPE":"MIQP","PROGRESS_BEST_OBJECTIVE":"-1180.358456239082","PROGRESS_BEST_OBJECTIVE.history":"[[1648649969.28, -3347.8591643470736]]","PROGRESS_CURRENT_OBJECTIVE":"-1180.358456239082","PROGRESS_CURRENT_OBJECTIVE.history":"[[1648649969.28, 0.0]]","PROGRESS_GAP":"0.0","PROGRESS_GAP.history":"[[1648649969.28, 33478591643470.734]]","STAT.cplex.modelType":"MIQP","STAT.cplex.size.booleanVariables":"20","STAT.cplex.size.constraints":"106","STAT.cplex.size.continousVariables":"20","STAT.cplex.size.integerVariables":"20","STAT.cplex.size.linearConstraints":"106","STAT.cplex.size.quadraticConstraints":"0","STAT.cplex.size.variables":"60","STAT.cplex.solve.elapsedTime":"0.2849910259246826","STAT.cplex.solve.explored":"82","STAT.cplex.solve.iterationCount":"161","STAT.cplex.solve.opened":"0","STAT.job.coresCount":"1","STAT.job.inputsReadMs":"2231","STAT.job.memoryPeakKB":"116396","STAT.job.modelProcessingMs":"1110","STAT.job.outputsWriteMs":"4050"},"executionStatus":"PROCESSED","solveStatus":"OPTIMAL_SOLUTION","logTail":["[2022-03-30T14:19:29Z, INFO] Tried aggregator 1 time.","[2022-03-30T14:19:29Z, INFO] MIQP Presolve eliminated 21 rows and 20 columns.","[2022-03-30T14:19:29Z, INFO] Reduced MIQP has 40 rows, 33 columns, and 109 nonzeros.","[2022-03-30T14:19:29Z, INFO] Reduced MIQP has 11 binaries, 11 generals, 0 SOSs, and 0 indicators.","[2022-03-30T14:19:29Z, INFO] Reduced MIQP objective Q matrix has 121 nonzeros.","[2022-03-30T14:19:29Z, INFO] Presolve time = 0.00 sec. (0.08 ticks)","[2022-03-30T14:19:29Z, INFO] Probing time = 0.00 sec. (0.01 ticks)","[2022-03-30T14:19:29Z, INFO] Tried aggregator 1 time.","[2022-03-30T14:19:29Z, INFO] Reduced MIQP has 40 rows, 33 columns, and 109 nonzeros.","[2022-03-30T14:19:29Z, INFO] Reduced MIQP has 11 binaries, 11 generals, 0 SOSs, and 0 indicators.","[2022-03-30T14:19:29Z, INFO] Reduced MIQP objective Q matrix has 121 nonzeros.","[2022-03-30T14:19:29Z, INFO] Presolve time = 0.00 sec. (0.06 ticks)","[2022-03-30T14:19:29Z, INFO] Represolve time = 0.00 sec. (0.19 ticks)","[2022-03-30T14:19:29Z, INFO] Probing time = 0.00 sec. (0.01 ticks)","[2022-03-30T14:19:29Z, INFO] MIP emphasis: balance optimality and feasibility.","[2022-03-30T14:19:29Z, INFO] MIP search method: dynamic search.","[2022-03-30T14:19:29Z, INFO] Parallel mode: none, using 1 thread.","[2022-03-30T14:19:29Z, INFO] Root relaxation solution time = 0.00 sec. (0.37 ticks)","[2022-03-30T14:19:29Z, INFO] ","[2022-03-30T14:19:29Z, INFO]         Nodes                                         Cuts/","[2022-03-30T14:19:29Z, INFO]    Node  Left     Objective  IInf  Best Integer    Best Bound    ItCnt     Gap","[2022-03-30T14:19:29Z, INFO] ","[2022-03-30T14:19:29Z, INFO] *     0+    0                         -544.7177    -1862.6647           241.95%","[2022-03-30T14:19:29Z, INFO]       0     0    -1862.6647    22     -544.7177    -1862.6647       29  241.95%","[2022-03-30T14:19:29Z, INFO] *     0+    0                         -826.0211    -1862.6647           125.50%","[2022-03-30T14:19:29Z, INFO] *     0+    0                         -892.3035    -1862.6647           108.75%","[2022-03-30T14:19:29Z, INFO]       0     0  -1.00000e+75     0     -892.3035    -1862.6647       29  108.75%","[2022-03-30T14:19:29Z, INFO]       0     2    -1862.6647    22     -892.3035    -1722.1111       29   93.00%","[2022-03-30T14:19:29Z, INFO] Elapsed time = 0.06 sec. (5.02 ticks, tree = 0.01 MB, solutions = 4)","[2022-03-30T14:19:29Z, INFO] *    20+    9                        -1016.0020    -1585.6182            56.06%","[2022-03-30T14:19:29Z, INFO] *    34    11      integral     0    -1180.3585    -1585.6182       80   34.33%","[2022-03-30T14:19:29Z, INFO] ","[2022-03-30T14:19:29Z, INFO] Root node processing (before b&c):","[2022-03-30T14:19:29Z, INFO]   Real time             =    0.06 sec. (5.02 ticks)","[2022-03-30T14:19:29Z, INFO] Sequential b&c:","[2022-03-30T14:19:29Z, INFO]   Real time             =    0.23 sec. (3.76 ticks)","[2022-03-30T14:19:29Z, INFO]                           ------------","[2022-03-30T14:19:29Z, INFO] Total (root+branch&cut) =    0.29 sec. (8.78 ticks)","[2022-03-30T14:19:29Z, INFO] Solve status: JobSolveStatus.OPTIMAL_SOLUTION","[2022-03-30T14:19:29Z, INFO] * model docplex_model1 solved with objective = -1180.358","[2022-03-30T14:19:29Z, INFO] *  KPI: total expected return of investments over all allocations        = 164.364","[2022-03-30T14:19:29Z, INFO] *  KPI: dependencies between investment allocations based on covariances = 18118.268","[2022-03-30T14:19:29Z, INFO] model solve done in 0.3153870105743408 secs","[2022-03-30T14:19:29Z, INFO] solution export done in 0.014937639236450195 secs","[2022-03-30T14:19:29Z, INFO] investmentAllocation.csv"]},"runtimeDetails":{"state":"STARTED"},"taskSetupMillis":4517,"taskSolveMillis":31801,"taskTearDownMillis":15208,"jobSpaceId":"d1c259fb-9c7d-49f8-9b30-9bf356a48bc8","jobId":"6338c4e8-6ee1-4518-b05b-3503b14febb3","ping":1648649972784}