{"creationTime":1632989607579,"lastModificationTime":1632989659462,"state":"TERMINATED","solveConfig":{"containerId":"Scenario 1","solveParameters":{"oaas.docplex.python":"3.8"},"setupWebHook":{"verb":"GET","url":"https://internal-nginx-svc:12443/v1/cognitive/solve/preprocess/Scenario%201?projectId=415267b5-f2ae-492e-9a67-93808556490b&parentId=PortfolioAllocation","expectedStatus":200,"headers":{}},"tearDownWebHook":{"verb":"GET","url":"https://internal-nginx-svc:12443/v1/cognitive/solve/postprocess/Scenario%201?projectId=415267b5-f2ae-492e-9a67-93808556490b&parentId=PortfolioAllocation","expectedStatus":200,"headers":{}}},"jobDetails":{"id":"f87d9fcd-edb1-4392-a174-2d8adad20d23","createdAt":1632989631043,"startedAt":1632989639879,"endedAt":1632989644461,"submittedAt":1632989631043,"details":{"KPI._time":"0.08323192596435547","KPI.total expected return of investments over all allocations":"1770.57667446","MODEL_DETAIL_BOOLEAN_VARS":"20","MODEL_DETAIL_CONSTRAINTS":"106","MODEL_DETAIL_CONTINUOUS_VARS":"20","MODEL_DETAIL_INTEGER_VARS":"20","MODEL_DETAIL_KPIS":"[\"total expected return of investments over all allocations\"]","MODEL_DETAIL_NONZEROS":"249","MODEL_DETAIL_OBJECTIVE_SENSE":"maximize","MODEL_DETAIL_TYPE":"MILP","PROGRESS_BEST_OBJECTIVE":"1770.57667446","PROGRESS_BEST_OBJECTIVE.history":"[[1632989642.49, 1790.3904377]]","PROGRESS_CURRENT_OBJECTIVE":"1770.57667446","PROGRESS_CURRENT_OBJECTIVE.history":"[[1632989642.49, 0.0]]","PROGRESS_GAP":"0.0","PROGRESS_GAP.history":"[[1632989642.49, 17903904377000.0]]","STAT.cplex.modelType":"MILP","STAT.cplex.size.booleanVariables":"20","STAT.cplex.size.constraints":"106","STAT.cplex.size.continousVariables":"20","STAT.cplex.size.integerVariables":"20","STAT.cplex.size.linearConstraints":"106","STAT.cplex.size.quadraticConstraints":"0","STAT.cplex.size.variables":"60","STAT.cplex.solve.elapsedTime":"0.08323192596435547","STAT.cplex.solve.explored":"33","STAT.cplex.solve.iterationCount":"113","STAT.cplex.solve.opened":"0","STAT.job.coresCount":"1","STAT.job.inputsReadMs":"1840","STAT.job.memoryPeakKB":"102172","STAT.job.modelProcessingMs":"880","STAT.job.outputsWriteMs":"1722"},"executionStatus":"PROCESSED","solveStatus":"OPTIMAL_SOLUTION","logTail":["[2021-09-30T08:14:02Z, INFO] Presolve time = 0.00 sec. (0.05 ticks)","[2021-09-30T08:14:02Z, INFO] Probing time = 0.00 sec. (0.01 ticks)","[2021-09-30T08:14:02Z, INFO] Tried aggregator 1 time.","[2021-09-30T08:14:02Z, INFO] Detecting symmetries...","[2021-09-30T08:14:02Z, INFO] Reduced MIP has 27 rows, 22 columns, and 83 nonzeros.","[2021-09-30T08:14:02Z, INFO] Reduced MIP has 11 binaries, 11 generals, 0 SOSs, and 0 indicators.","[2021-09-30T08:14:02Z, INFO] Presolve time = 0.00 sec. (0.05 ticks)","[2021-09-30T08:14:02Z, INFO] Represolve time = 0.00 sec. (0.16 ticks)","[2021-09-30T08:14:02Z, INFO] Probing time = 0.00 sec. (0.01 ticks)","[2021-09-30T08:14:02Z, INFO] MIP emphasis: balance optimality and feasibility.","[2021-09-30T08:14:02Z, INFO] MIP search method: dynamic search.","[2021-09-30T08:14:02Z, INFO] Parallel mode: none, using 1 thread.","[2021-09-30T08:14:02Z, INFO] Root relaxation solution time = 0.00 sec. (0.09 ticks)","[2021-09-30T08:14:02Z, INFO] ","[2021-09-30T08:14:02Z, INFO]         Nodes                                         Cuts/","[2021-09-30T08:14:02Z, INFO]    Node  Left     Objective  IInf  Best Integer    Best Bound    ItCnt     Gap","[2021-09-30T08:14:02Z, INFO] ","[2021-09-30T08:14:02Z, INFO] *     0+    0                         1770.5767     1781.7026             0.63%","[2021-09-30T08:14:02Z, INFO]       0     0     1781.7026     4     1770.5767     1781.7026       30    0.63%","[2021-09-30T08:14:02Z, INFO]       0     0     1780.8856     6     1770.5767       Cuts: 8       34    0.58%","[2021-09-30T08:14:02Z, INFO]       0     0     1779.3045     6     1770.5767       Cuts: 2       35    0.49%","[2021-09-30T08:14:02Z, INFO]       0     0     1779.1242     8     1770.5767       Cuts: 3       37    0.48%","[2021-09-30T08:14:02Z, INFO]       0     0     1779.1219     8     1770.5767    MIRcuts: 1       38    0.48%","[2021-09-30T08:14:02Z, INFO]       0     0     1779.0972    12     1770.5767    MIRcuts: 1       41    0.48%","[2021-09-30T08:14:02Z, INFO] Detecting symmetries...","[2021-09-30T08:14:02Z, INFO]       0     2     1779.0972    12     1770.5767     1778.8817       41    0.47%","[2021-09-30T08:14:02Z, INFO] Elapsed time = 0.06 sec. (2.42 ticks, tree = 0.01 MB, solutions = 3)","[2021-09-30T08:14:02Z, INFO] ","[2021-09-30T08:14:02Z, INFO] Flow cuts applied:  1","[2021-09-30T08:14:02Z, INFO] Mixed integer rounding cuts applied:  3","[2021-09-30T08:14:02Z, INFO] Zero-half cuts applied:  1","[2021-09-30T08:14:02Z, INFO] Gomory fractional cuts applied:  5","[2021-09-30T08:14:02Z, INFO] ","[2021-09-30T08:14:02Z, INFO] Root node processing (before b&c):","[2021-09-30T08:14:02Z, INFO]   Real time             =    0.06 sec. (2.42 ticks)","[2021-09-30T08:14:02Z, INFO] Sequential b&c:","[2021-09-30T08:14:02Z, INFO]   Real time             =    0.03 sec. (0.55 ticks)","[2021-09-30T08:14:02Z, INFO]                           ------------","[2021-09-30T08:14:02Z, INFO] Total (root+branch&cut) =    0.09 sec. (2.97 ticks)","[2021-09-30T08:14:02Z, INFO] Solve status: JobSolveStatus.OPTIMAL_SOLUTION","[2021-09-30T08:14:02Z, INFO] * model docplex_model1 solved with objective = 1770.577","[2021-09-30T08:14:02Z, INFO] *  KPI: total expected return of investments over all allocations = 1770.577","[2021-09-30T08:14:02Z, INFO] model solve done in 0.12910223007202148 secs","[2021-09-30T08:14:02Z, INFO] solution export done in 0.01997661590576172 secs","[2021-09-30T08:14:02Z, INFO] investmentAllocation.csv"]},"runtimeDetails":{"state":"STARTED"},"taskSetupMillis":22477,"taskSolveMillis":14015,"taskTearDownMillis":12403,"jobSpaceId":"9d2c73ef-2521-4130-bd91-1898668084a3","jobId":"f87d9fcd-edb1-4392-a174-2d8adad20d23","ping":1632989638679}