{"creationTime":1638970672572,"lastModificationTime":1638970716554,"state":"TERMINATED","solveConfig":{"containerId":"Scenario 1","solveParameters":{"oaas.docplex.python":"3.8"},"setupWebHook":{"verb":"GET","url":"https://internal-nginx-svc:12443/v1/cognitive/solve/preprocess/Scenario%201?projectId=b80631c7-afeb-454d-aaca-6b95a5f5b71f&parentId=PortfolioAllocation","expectedStatus":200,"headers":{}},"tearDownWebHook":{"verb":"GET","url":"https://internal-nginx-svc:12443/v1/cognitive/solve/postprocess/Scenario%201?projectId=b80631c7-afeb-454d-aaca-6b95a5f5b71f&parentId=PortfolioAllocation","expectedStatus":200,"headers":{}}},"jobDetails":{"id":"e5015378-5996-42d0-be63-9261ed836726","createdAt":1638970683685,"startedAt":1638970707405,"endedAt":1638970710088,"submittedAt":1638970683685,"details":{"KPI._time":"0.10994100570678711","KPI.dependencies between investment allocations based on covariances":"18118.268015011476","KPI.total expected return of investments over all allocations":"164.36374358999998","MODEL_DETAIL_BOOLEAN_VARS":"20","MODEL_DETAIL_CONSTRAINTS":"106","MODEL_DETAIL_CONTINUOUS_VARS":"20","MODEL_DETAIL_INTEGER_VARS":"20","MODEL_DETAIL_KPIS":"[\"total expected return of investments over all allocations\", \"dependencies between investment allocations based on covariances\"]","MODEL_DETAIL_NONZEROS":"249","MODEL_DETAIL_OBJECTIVE_SENSE":"minimize","MODEL_DETAIL_TYPE":"MIQP","PROGRESS_BEST_OBJECTIVE":"-1180.358456239082","PROGRESS_BEST_OBJECTIVE.history":"[[1638970709.18, -3347.8591643470736]]","PROGRESS_CURRENT_OBJECTIVE":"-1180.358456239082","PROGRESS_CURRENT_OBJECTIVE.history":"[[1638970709.18, 0.0]]","PROGRESS_GAP":"0.0","PROGRESS_GAP.history":"[[1638970709.18, 33478591643470.734]]","STAT.cplex.modelType":"MIQP","STAT.cplex.size.booleanVariables":"20","STAT.cplex.size.constraints":"106","STAT.cplex.size.continousVariables":"20","STAT.cplex.size.integerVariables":"20","STAT.cplex.size.linearConstraints":"106","STAT.cplex.size.quadraticConstraints":"0","STAT.cplex.size.variables":"60","STAT.cplex.solve.elapsedTime":"0.10994100570678711","STAT.cplex.solve.explored":"82","STAT.cplex.solve.iterationCount":"161","STAT.cplex.solve.opened":"0","STAT.job.coresCount":"1","STAT.job.inputsReadMs":"835","STAT.job.memoryPeakKB":"105252","STAT.job.modelProcessingMs":"892","STAT.job.outputsWriteMs":"684"},"executionStatus":"PROCESSED","solveStatus":"OPTIMAL_SOLUTION","logTail":["[2021-12-08T13:38:29Z, INFO] Tried aggregator 1 time.","[2021-12-08T13:38:29Z, INFO] MIQP Presolve eliminated 21 rows and 20 columns.","[2021-12-08T13:38:29Z, INFO] Reduced MIQP has 40 rows, 33 columns, and 109 nonzeros.","[2021-12-08T13:38:29Z, INFO] Reduced MIQP has 11 binaries, 11 generals, 0 SOSs, and 0 indicators.","[2021-12-08T13:38:29Z, INFO] Reduced MIQP objective Q matrix has 121 nonzeros.","[2021-12-08T13:38:29Z, INFO] Presolve time = 0.00 sec. (0.08 ticks)","[2021-12-08T13:38:29Z, INFO] Probing time = 0.00 sec. (0.01 ticks)","[2021-12-08T13:38:29Z, INFO] Tried aggregator 1 time.","[2021-12-08T13:38:29Z, INFO] Reduced MIQP has 40 rows, 33 columns, and 109 nonzeros.","[2021-12-08T13:38:29Z, INFO] Reduced MIQP has 11 binaries, 11 generals, 0 SOSs, and 0 indicators.","[2021-12-08T13:38:29Z, INFO] Reduced MIQP objective Q matrix has 121 nonzeros.","[2021-12-08T13:38:29Z, INFO] Presolve time = 0.00 sec. (0.06 ticks)","[2021-12-08T13:38:29Z, INFO] Represolve time = 0.00 sec. (0.19 ticks)","[2021-12-08T13:38:29Z, INFO] Probing time = 0.00 sec. (0.01 ticks)","[2021-12-08T13:38:29Z, INFO] MIP emphasis: balance optimality and feasibility.","[2021-12-08T13:38:29Z, INFO] MIP search method: dynamic search.","[2021-12-08T13:38:29Z, INFO] Parallel mode: none, using 1 thread.","[2021-12-08T13:38:29Z, INFO] Root relaxation solution time = 0.00 sec. (0.37 ticks)","[2021-12-08T13:38:29Z, INFO] ","[2021-12-08T13:38:29Z, INFO]         Nodes                                         Cuts/","[2021-12-08T13:38:29Z, INFO]    Node  Left     Objective  IInf  Best Integer    Best Bound    ItCnt     Gap","[2021-12-08T13:38:29Z, INFO] ","[2021-12-08T13:38:29Z, INFO] *     0+    0                         -544.7177    -1862.6647           241.95%","[2021-12-08T13:38:29Z, INFO]       0     0    -1862.6647    22     -544.7177    -1862.6647       29  241.95%","[2021-12-08T13:38:29Z, INFO] *     0+    0                         -826.0211    -1862.6647           125.50%","[2021-12-08T13:38:29Z, INFO] *     0+    0                         -892.3035    -1862.6647           108.75%","[2021-12-08T13:38:29Z, INFO]       0     0  -1.00000e+75     0     -892.3035    -1862.6647       29  108.75%","[2021-12-08T13:38:29Z, INFO]       0     2    -1862.6647    22     -892.3035    -1722.1111       29   93.00%","[2021-12-08T13:38:29Z, INFO] Elapsed time = 0.03 sec. (5.02 ticks, tree = 0.01 MB, solutions = 4)","[2021-12-08T13:38:29Z, INFO] *    20+    9                        -1016.0020    -1585.6182            56.06%","[2021-12-08T13:38:29Z, INFO] *    34    11      integral     0    -1180.3585    -1585.6182       80   34.33%","[2021-12-08T13:38:29Z, INFO] ","[2021-12-08T13:38:29Z, INFO] Root node processing (before b&c):","[2021-12-08T13:38:29Z, INFO]   Real time             =    0.03 sec. (5.02 ticks)","[2021-12-08T13:38:29Z, INFO] Sequential b&c:","[2021-12-08T13:38:29Z, INFO]   Real time             =    0.08 sec. (3.76 ticks)","[2021-12-08T13:38:29Z, INFO]                           ------------","[2021-12-08T13:38:29Z, INFO] Total (root+branch&cut) =    0.11 sec. (8.78 ticks)","[2021-12-08T13:38:29Z, INFO] Solve status: JobSolveStatus.OPTIMAL_SOLUTION","[2021-12-08T13:38:29Z, INFO] * model docplex_model1 solved with objective = -1180.358","[2021-12-08T13:38:29Z, INFO] *  KPI: total expected return of investments over all allocations        = 164.364","[2021-12-08T13:38:29Z, INFO] *  KPI: dependencies between investment allocations based on covariances = 18118.268","[2021-12-08T13:38:29Z, INFO] model solve done in 0.13499093055725098 secs","[2021-12-08T13:38:29Z, INFO] solution export done in 0.017108440399169922 secs","[2021-12-08T13:38:29Z, INFO] investmentAllocation.csv"]},"runtimeDetails":{"state":"STARTED"},"taskSetupMillis":10239,"taskSolveMillis":26582,"taskTearDownMillis":4819,"jobSpaceId":"0ab11633-6d06-4304-8448-941cabca8590","jobId":"e5015378-5996-42d0-be63-9261ed836726","ping":1638970703535}