{"name":"Dashboard","locked":false,"activePage":0,"pages":[{"id":"34df73e4-ba68-421f-858f-7c02c4c76310","name":"Input","widgets":{"65a2250d-942f-4d3c-a244-04b09eb91a95":{"name":"Table Activity","type":"Table","props":{"container":"","data":"activity","spec":{"numbered":true,"compact":false,"columnExpand":true,"columnShrink":false,"columnWidth":0,"sortOrder":[],"columns":[{"property":"Id","label":"Id","type":"String","visible":true,"width":0,"style":{}},{"property":"Days","label":"Days","type":"Number","visible":true,"width":0,"style":{}},{"property":"Preceding activities","label":"Preceding activities","type":"String","visible":true,"width":0,"style":{}},{"property":"Required equipment","label":"Required equipment","type":"String","visible":true,"width":0,"style":{}}]}}},"7e0a8582-283a-434b-bf41-451530e2f465":{"name":"Table Equipment","type":"Table","props":{"container":"","data":"equipment","spec":{"numbered":true,"compact":false,"columnExpand":true,"columnShrink":false,"columnWidth":0,"sortOrder":[],"columns":[{"property":"Id","label":"Id","type":"String","visible":true,"width":0,"style":{}},{"property":"Capacity","label":"Capacity","type":"Number","visible":true,"width":0,"style":{}}]}}},"3a487c77-3053-4b14-9cd1-a3b182466d41":{"name":"Table Wait","type":"Table","props":{"container":"","data":"wait","spec":{"numbered":true,"compact":false,"columnExpand":true,"columnShrink":false,"columnWidth":0,"sortOrder":[],"columns":[{"property":"Before","label":"Before","type":"String","visible":true,"width":0,"style":{}},{"property":"After","label":"After","type":"String","visible":true,"width":0,"style":{}},{"property":"Min delay","label":"Min delay","type":"String","visible":true,"width":0,"style":{}},{"property":"Max delay","label":"Max delay","type":"String","visible":true,"width":0,"style":{}},{"property":"Description","label":"Description","type":"String","visible":true,"width":0,"style":{}}]}}},"4ecff4b4-feb9-438d-a702-ab2a53582f6e":{"name":"Notes","type":"Notes","props":{"notes":"The Activity table contains all activities which have to be scheduled.\nColumn &quot;days&quot; represents the duration in days of the activity.\nColumn &quot;preceding activities&quot; represents the activities should be completed before the given activity starts.\nColumn &quot;required equipment&quot; represents the equipment (from the Equipment table) which are required to execute this activity.","style":{}}},"05e05632-0680-4d84-8e5c-e31dd60f30cc":{"name":"Notes","type":"Notes","props":{"notes":"The Equipment table contains all equipments which are needed with their corresponding capacity.","style":{}}},"2eaa5258-35e3-4bf5-a4b2-36798481d0c3":{"name":"Activity durations","type":"Chart","props":{"container":"","data":"activity","spec":{"mark":"bar","encoding":{"x":{"field":"Id","type":"nominal"},"y":{"field":"Days","type":"quantitative"},"color":{"field":"Required equipment","type":"nominal"}},"config":{"overlay":{"line":true},"scale":{"useUnaggregatedDomain":true}},"width":1800,"height":300},"search":""}}},"layouts":{"SM":[{"i":"65a2250d-942f-4d3c-a244-04b09eb91a95","x":0,"y":0,"w":1,"h":2,"moved":false,"static":false},{"i":"7e0a8582-283a-434b-bf41-451530e2f465","x":0,"y":2,"w":1,"h":2,"moved":false,"static":false},{"i":"3a487c77-3053-4b14-9cd1-a3b182466d41","x":0,"y":4,"w":1,"h":2,"moved":false,"static":false},{"i":"4ecff4b4-feb9-438d-a702-ab2a53582f6e","x":0,"y":6,"w":1,"h":2,"moved":false,"static":false},{"i":"05e05632-0680-4d84-8e5c-e31dd60f30cc","x":0,"y":8,"w":1,"h":2,"moved":false,"static":false},{"i":"2eaa5258-35e3-4bf5-a4b2-36798481d0c3","x":0,"y":10,"w":1,"h":2,"moved":false,"static":false}],"LG":[{"w":4,"h":2,"x":2,"y":0,"i":"65a2250d-942f-4d3c-a244-04b09eb91a95","moved":false,"static":false},{"w":4,"h":2,"x":2,"y":5,"i":"7e0a8582-283a-434b-bf41-451530e2f465","moved":false,"static":false},{"w":6,"h":2,"x":0,"y":7,"i":"3a487c77-3053-4b14-9cd1-a3b182466d41","moved":false,"static":false},{"w":2,"h":2,"x":0,"y":0,"i":"4ecff4b4-feb9-438d-a702-ab2a53582f6e","moved":false,"static":false},{"w":2,"h":2,"x":0,"y":5,"i":"05e05632-0680-4d84-8e5c-e31dd60f30cc","moved":false,"static":false},{"w":6,"h":3,"x":0,"y":2,"i":"2eaa5258-35e3-4bf5-a4b2-36798481d0c3","moved":false,"static":false}],"MD":[{"i":"65a2250d-942f-4d3c-a244-04b09eb91a95","x":0,"y":0,"w":3,"h":2,"moved":false,"static":false},{"i":"7e0a8582-283a-434b-bf41-451530e2f465","x":0,"y":2,"w":3,"h":2,"moved":false,"static":false},{"i":"3a487c77-3053-4b14-9cd1-a3b182466d41","x":0,"y":4,"w":3,"h":2,"moved":false,"static":false},{"i":"4ecff4b4-feb9-438d-a702-ab2a53582f6e","x":0,"y":6,"w":1,"h":2,"moved":false,"static":false},{"i":"05e05632-0680-4d84-8e5c-e31dd60f30cc","x":1,"y":6,"w":1,"h":2,"moved":false,"static":false},{"i":"2eaa5258-35e3-4bf5-a4b2-36798481d0c3","x":2,"y":6,"w":1,"h":2,"moved":false,"static":false}]}},{"id":"bbbd2ddf-e408-4fba-b4b6-08927fcb4319","name":"Schedule","widgets":{"6b9e3709-3db6-4748-95fb-06d739c26adb":{"name":"Notes","type":"Notes","props":{"notes":"The Gantt Chart shows when activities are scheduled, and how they are assigned to equipments.","style":{}}},"9fc53b17-7dd7-415d-8d2a-54a2ea9d69d2":{"name":"","type":"Gantt","props":{"container":"","data":"$cognitive-gantt","spec":{},"search":""}}},"layouts":{"SM":[{"w":1,"h":2,"x":0,"y":0,"i":"6b9e3709-3db6-4748-95fb-06d739c26adb","moved":false,"static":false},{"w":1,"h":3,"x":0,"y":2,"i":"9fc53b17-7dd7-415d-8d2a-54a2ea9d69d2","moved":false,"static":false}],"MD":[{"i":"6b9e3709-3db6-4748-95fb-06d739c26adb","x":0,"y":0,"w":1,"h":2,"moved":false,"static":false},{"i":"9fc53b17-7dd7-415d-8d2a-54a2ea9d69d2","x":0,"y":2,"w":3,"h":3,"moved":false,"static":false}],"LG":[{"w":6,"h":1,"x":0,"y":0,"i":"6b9e3709-3db6-4748-95fb-06d739c26adb","moved":false,"static":false},{"w":6,"h":3,"x":0,"y":1,"i":"9fc53b17-7dd7-415d-8d2a-54a2ea9d69d2","moved":false,"static":false}]}}],"breakpoints":[{"name":"SM","width":0,"columns":1},{"name":"MD","width":480,"columns":3},{"name":"LG","width":960,"columns":6}],"rowHeight":120}