{"creationTime":1532944581102,"lastModificationTime":1532944586113,"state":"TERMINATED","solveConfig":{"containerId":"Scenario 1","solveParameters":{}},"jobDetails":{"id":"job.1963d3a6-51f1-44e8-b76a-15839582cdf9","createdAt":1532944579888,"startedAt":1532944579978,"endedAt":1532944582840,"endReportedAt":1532944582862,"submittedAt":1532944579888,"updatedAt":1532944582840,"applicationVersionUsed":"1.0-master_ce-b154","details":{"MODEL_DETAIL_BOOLEAN_VARS":"0","MODEL_DETAIL_KPIS":"[\"market sales\", \"total inventory at markets\", \"overall production cost based on plant_product_cost\", \"sales profit based on marginal_profit\"]","MODEL_DETAIL_CONTINUOUS_VARS":"678","MODEL_DETAIL_CONSTRAINTS":"469","MODEL_DETAIL_INTEGER_VARS":"0","KPI.market sales":"55232.0","KPI.total inventory at markets":"7920.0","PROGRESS_CURRENT_OBJECTIVE.history":"[[1532944581.93, -37184904.0]]","KPI.overall production cost based on plant_product_cost":"5169464.0","MODEL_DETAIL_TYPE":"LP","KPI.sales profit based on marginal_profit":"42307056.0","MODEL_DETAIL_NONZEROS":"2416","PROGRESS_CURRENT_OBJECTIVE":"-37184904.0"},"systemDetails":{"worker.process.max.memory":"524288","worker.cores.total":"4","worker.cores.default":"1","worker.heap.max":"524288","worker.data.read.bytes":"45125","worker.data.write.duration":"645","worker.processing.duration":"2804","worker.process.peak.swap":"0","worker.log.write.duration":"9","worker.process.processing.duration":"1719","worker.data.read.duration":"192","worker.jms.write.chars":"45513","worker.log.write.chars":"1582","worker.data.write.bytes":"21662","worker.heap.used":"95588","worker.process.peak.memory":"82060","worker.setup.duration":"39","worker.jms.write.duration":"38"},"executionStatus":"PROCESSED","solveStatus":"OPTIMAL_SOLUTION","logTail":["[2018-07-30T09:56:20Z, INFO] * building wado model","[2018-07-30T09:56:21Z, INFO] model building done in 1.19425201416 secs","[2018-07-30T09:56:21Z, INFO] * running wado model","[2018-07-30T09:56:21Z, INFO] WARNING: Number of workers has been reduced to 1 to comply with platform limitations.","[2018-07-30T09:56:21Z, INFO] CPXPARAM_TimeLimit                               120","[2018-07-30T09:56:21Z, INFO] CPXPARAM_Read_DataCheck                          1","[2018-07-30T09:56:21Z, INFO] CPXPARAM_Threads                                 1","[2018-07-30T09:56:21Z, INFO] Tried aggregator 1 time.","[2018-07-30T09:56:21Z, INFO] LP Presolve eliminated 301 rows and 64 columns.","[2018-07-30T09:56:21Z, INFO] Reduced LP has 168 rows, 614 columns, and 1540 nonzeros.","[2018-07-30T09:56:21Z, INFO] Presolve time = 0.00 sec. (0.42 ticks)","[2018-07-30T09:56:21Z, INFO] Initializing dual steep norms . . .","[2018-07-30T09:56:21Z, INFO] ","[2018-07-30T09:56:21Z, INFO] Iteration log . . .","[2018-07-30T09:56:21Z, INFO] Iteration:     1   Dual objective     =     -42344336.000000","[2018-07-30T09:56:21Z, INFO] Iteration:    62   Dual objective     =     -37186392.000000","[2018-07-30T09:56:21Z, INFO] Solve status:","[2018-07-30T09:56:21Z, INFO] JobSolveStatus.OPTIMAL_SOLUTION","[2018-07-30T09:56:21Z, INFO] * model docplex_model1 solved with objective = -37184904.000","[2018-07-30T09:56:21Z, INFO] *  KPI: market sales                                        = 55232.000","[2018-07-30T09:56:21Z, INFO] *  KPI: total inventory at markets                          = 7920.000","[2018-07-30T09:56:21Z, INFO] *  KPI: overall production cost based on plant_product_cost = 5169464.000","[2018-07-30T09:56:21Z, INFO] *  KPI: sales profit based on marginal_profit               = 42307056.000","[2018-07-30T09:56:21Z, INFO] model solve done in 0.106413125992 secs","[2018-07-30T09:56:21Z, INFO] solution export done in 0.0187149047852 secs"]},"runtimeDetails":{"state":"STARTED"},"taskSetupMillis":741,"taskSolveMillis":3060,"taskTearDownMillis":946,"ping":0}