Customer id,Campaign id,Customer age,Campaign max customers,Candidates expected value,the number of Customer to Campaign assignments,overall quality or value of Customer to Campaign assignments according to Candidates
Customer 5,Home,48,3,75,1.0,75.0
Customer 7,Travel,33,3,75,1.0,75.0
Customer 4,Travel,29,3,75,1.0,75.0
Customer 9,Auto,18,3,110,1.0,110.0
Customer 6,Home,17,3,75,1.0,75.0
Customer 3,Auto,25,3,75,1.0,75.0
Customer 2,Travel,30,3,75,1.0,75.0
Customer 8,Home,24,3,65,1.0,65.0
Customer 1,Auto,40,3,120,1.0,120.0
