{
  "cpSerializationFormatVersion" : "1.20",
  "documentId" : "SearchNext",
  "responseTo" : "SearchNext" ,
  "solutionStatus" : { 
    "solveStatus" : "Optimal",
    "failStatus" : "SearchHasFailedNormally",
    "SearchStatus" : "SearchOngoing",
    "SearchStopCause" : "SearchHasNotBeenStopped",
    "nextStatus" : "NextFalse"
  } ,
  "bounds" : [ 90 ] ,
  "objectives" : [ 90.000000000000014 ] ,
  "gaps" : [ 1.57898e-16 ] ,
  "KPIs" : { 
    "time to complete all Activities" : 90
  } ,
  "intervalVars" : { 
    "_ITV_1" : { "start": 50400, "end": 72000, "size": 21600 }, 
    "_ITV_2" : { "start": 50400, "end": 72000, "size": 21600 }, 
    "_ITV_3" : { "start": 108000, "end": 122400, "size": 14400 }, 
    "_ITV_4" : { "start": 108000, "end": 115200, "size": 7200 }, 
    "_ITV_5" : { "start": 0, "end": 50400, "size": 50400 }, 
    "_ITV_6" : { "start": 122400, "end": 129600, "size": 7200 }, 
    "_ITV_7" : { "start": 72000, "end": 86400, "size": 14400 }, 
    "_ITV_8" : { "start": 50400, "end": 108000, "size": 57600 }, 
    "_ITV_9" : { "start": 72000, "end": 79200, "size": 7200 }, 
    "_ITV_10" : { "start": 79200, "end": 86400, "size": 7200 }, 
    "_ITV_11" : {}, 
    "_ITV_12" : { "start": 50400, "end": 72000, "size": 21600 }, 
    "_ITV_13" : {}, 
    "_ITV_14" : {}, 
    "_ITV_15" : {}, 
    "_ITV_16" : { "start": 50400, "end": 72000, "size": 21600 }, 
    "_ITV_17" : {}, 
    "_ITV_18" : {}, 
    "_ITV_19" : { "start": 108000, "end": 122400, "size": 14400 }, 
    "_ITV_20" : {}, 
    "_ITV_21" : { "start": 108000, "end": 115200, "size": 7200 }, 
    "_ITV_22" : {}, 
    "_ITV_23" : {}, 
    "_ITV_24" : {}, 
    "_ITV_25" : { "start": 0, "end": 50400, "size": 50400 }, 
    "_ITV_26" : {}, 
    "_ITV_27" : {}, 
    "_ITV_28" : { "start": 122400, "end": 129600, "size": 7200 }, 
    "_ITV_29" : {}, 
    "_ITV_30" : { "start": 72000, "end": 86400, "size": 14400 }, 
    "_ITV_31" : {}, 
    "_ITV_32" : { "start": 50400, "end": 108000, "size": 57600 }, 
    "_ITV_33" : {}, 
    "_ITV_34" : {}, 
    "_ITV_35" : {}, 
    "_ITV_36" : {}, 
    "_ITV_37" : { "start": 72000, "end": 79200, "size": 7200 }, 
    "_ITV_38" : {}, 
    "_ITV_39" : {}, 
    "_ITV_40" : { "start": 79200, "end": 86400, "size": 7200 }
  } ,
  "sequenceVars" : { } ,
  "cpInfo" : { 
    "DepthFirstIdleTime" : 0, 
    "EffectiveDepthFirstWorkers" : 0, 
    "EffectiveIterativeDivingWorkers" : 0, 
    "EffectiveMultiPointWorkers" : 0, 
    "EffectiveNeighborhoodWorkers" : 0, 
    "EffectiveOptimalityTolerance" : 0.009, 
    "EffectiveRestartWorkers" : 1, 
    "EffectiveWorkers" : 1, 
    "ExtractionTime" : 0, 
    "FailStatus" : "SearchHasFailedNormally", 
    "IterativeDivingIdleTime" : 0, 
    "MemoryUsage" : 1015501, 
    "MultiPointIdleTime" : 0, 
    "NeighborhoodIdleTime" : 0, 
    "NumberOfAuxiliaryVariables" : 0, 
    "NumberOfBlackboxCalls" : 0, 
    "NumberOfBlackboxes" : 0, 
    "NumberOfBranches" : 13, 
    "NumberOfChoicePoints" : 18, 
    "NumberOfConstraints" : 68, 
    "NumberOfConstraintsAdded" : 0, 
    "NumberOfConstraintsAggregated" : 10, 
    "NumberOfConstraintsGenerated" : 0, 
    "NumberOfConstraintsRemoved" : 0, 
    "NumberOfCriteria" : 1, 
    "NumberOfEngineConstraints" : 13, 
    "NumberOfEngineVariables" : 36, 
    "NumberOfErrors" : 0, 
    "NumberOfFails" : 13, 
    "NumberOfIntegerVariables" : 0, 
    "NumberOfIntervalVariables" : 40, 
    "NumberOfPresolveTransformations" : 10, 
    "NumberOfSequenceVariables" : 3, 
    "NumberOfSolutions" : 1, 
    "NumberOfStateFunctions" : 0, 
    "NumberOfUnboundModelVariables" : 33, 
    "NumberOfUnboundModelVariablesInLogPeriod" : 33, 
    "NumberOfVariables" : 43, 
    "NumberOfWarnings" : 0, 
    "PeakMemoryUsage" : 1015501, 
    "PresolveTime" : 0, 
    "RestartIdleTime" : 0, 
    "SearchStatus" : "SearchOngoing", 
    "SearchStopCause" : "SearchHasNotBeenStopped", 
    "SolveTime" : 0, 
    "TotalTime" : 0
  } ,
  "parameters" : { 
    "BranchLimit" : "intmax", 
    "CPOFileStrictIdCount" : "Off", 
    "ChoicePointLimit" : "intmax", 
    "ConflictDefinition" : "ConflictInfeasible", 
    "ConflictRefinerAlgorithm" : 3, 
    "ConflictRefinerBranchLimit" : "intmax", 
    "ConflictRefinerFailLimit" : "intmax", 
    "ConflictRefinerIterationLimit" : "intmax", 
    "ConflictRefinerOnLabeledConstraints" : "On", 
    "ConflictRefinerOnVariables" : "Off", 
    "ConflictRefinerTimeLimit" : "infinity", 
    "ConflictRefinerWriteMode" : 1, 
    "DepthFirstWorkers" : 0, 
    "EliminatePresolvedModel" : "On", 
    "FailLimit" : "intmax", 
    "ForbidIncludeDirective" : "Off", 
    "IterativeDivingWorkers" : 0, 
    "KPIDisplay" : "SingleLine", 
    "LogDisplayWorkerIdleTime" : "Off", 
    "MemoryDisplay" : "On", 
    "MultiPointWorkers" : 0, 
    "NeighborhoodWorkers" : 0, 
    "ObjectiveLimit" : "infinity", 
    "ParallelCommunicateEachSolution" : "Off", 
    "ParallelEventQueueCapacity" : "Auto", 
    "ParallelIterativeDivingWorkerIdMask" : 0, 
    "ParallelMode" : "Auto", 
    "ParallelOptimizeSingleWorker" : "On", 
    "ParallelReduceMemoryFragmentation" : "Off", 
    "ParallelRestartProp" : "Auto", 
    "ParallelSkipEquivalentSolutions" : "On", 
    "ParallelSynchronizationSolutionCapacity" : "Auto", 
    "ParallelSynchronizationTicks" : "Auto", 
    "ParallelWorkerStackSize" : "Auto", 
    "PeriodicCallbackMinDelay" : 0.5, 
    "Presolve" : "On", 
    "PresolveConfiguration" : 0, 
    "PresolveIterations" : 1, 
    "PresolveLevel" : "Medium", 
    "PresolveTransformers" : "intmax", 
    "PresolveTransformers2" : "intmax", 
    "PrintModelDetailsInMessages" : "On", 
    "RestartWorkers" : 0, 
    "SameMessageLimit" : 20, 
    "SequentialModelConversion" : "Off", 
    "SolutionLimit" : "intmax", 
    "StrongMaxTuples" : 10000, 
    "TimeLimit" : 120, 
    "TimeMode" : "ElapsedTime", 
    "TraceExtraction" : "Off", 
    "WarningLevel" : 2, 
    "Workers" : 1, 
    "AllDiffInferenceLevel" : "Default", 
    "AllMinDistanceInferenceLevel" : "Default", 
    "CPOFileCompatibility" : "Auto", 
    "CountDifferentInferenceLevel" : "Default", 
    "CountInferenceLevel" : "Default", 
    "CumulFunctionInferenceLevel" : "Default", 
    "DefaultInferenceLevel" : "Basic", 
    "DistributeInferenceLevel" : "Default", 
    "DynamicProbing" : "Auto", 
    "DynamicProbingStrength" : 0.03, 
    "ElementInferenceLevel" : "Default", 
    "EnforceCELimits" : "Off", 
    "EnumerationThreshold" : 1, 
    "ExpressionConfiguration1" : 0, 
    "ExpressionConfiguration2" : 0, 
    "FDSConfiguration" : 0, 
    "FDSDecayFactor" : 0, 
    "FDSExtraFilteringDepth" : "Auto", 
    "FDSFailBonus" : 1, 
    "FDSMinChoicesPerInterval" : 0, 
    "FDSMinRandomDepth" : 20, 
    "FDSPortionForRandomDraw" : 1, 
    "FDSRandomPeriod" : 100, 
    "FDSRootStrongBranches" : 20, 
    "FDSStrongBranchingDepth" : 8, 
    "FDSStrongBranchingStartDepth" : 0, 
    "FailureDirectedSearch" : "On", 
    "FailureDirectedSearchEmphasis" : "Auto", 
    "FailureDirectedSearchMaxMemory" : 104857600, 
    "FloatDisplay" : "IntFixed", 
    "ImpactMeasures" : "Auto", 
    "IntegerPortfolioVersion" : "Auto", 
    "IntervalSequenceInferenceLevel" : "Default", 
    "IntervalSolutionPoolCapacity" : 1, 
    "LogPeriod" : 1000, 
    "LogSearchTags" : "Off", 
    "LogVerbosity" : "Normal", 
    "LowerBoundEffort" : 1, 
    "MaxDivingNoGoodLength" : 2147483647, 
    "MaxExpressionDepth" : 10, 
    "MaxNoGoodLength" : 30, 
    "MaxNoGoods" : "intmax", 
    "MaxPBTCaptureSize" : 1000000, 
    "MinPBTCaptureSize" : 100, 
    "ModelAnonymizer" : "Off", 
    "MultiPointDisableLamarckism" : "Auto", 
    "MultiPointFailLimitInitializer" : 3, 
    "MultiPointIgnorePhases" : "Off", 
    "MultiPointImproveDuringInit" : "On", 
    "MultiPointInitMode" : 0, 
    "MultiPointLearningRatio" : "Auto", 
    "MultiPointMaximumFailLimit" : 1024, 
    "MultiPointNumberOfSearchPoints" : 30, 
    "MultiPointPropagationLimitFactor" : 30, 
    "MultiPointRandomOperatorEncodingFactor" : 0, 
    "MultiPointReduceIntervalPrecedences" : "Off", 
    "MultiPointRewardPropagationPeriod" : 0, 
    "MultiPointStartingPointCompletionFailLimit" : "Auto", 
    "MultiPointUseCrossoverOperator" : "Auto", 
    "MultiPointUseMutationOperator" : "Auto", 
    "MultiPointUseRandomOperator" : "Auto", 
    "NeighborhoodReformulationLimit" : 20000, 
    "NeighborhoodReformulationWorkers" : "Auto", 
    "NoOverlapInferenceLevel" : "Default", 
    "OptimalityTolerance" : 1e-09, 
    "PackApproximationSize" : 512, 
    "ParallelCommunicateSolutions" : "On", 
    "ParallelCommunicatesLowerBounds" : "On", 
    "ParallelCommunicatesNoGoods" : "On", 
    "PrecedenceInferenceLevel" : "Default", 
    "RandomSeed" : 0, 
    "RelativeOptimalityTolerance" : 0.0001, 
    "RestartBroadcastConflictMaxSize" : 8, 
    "RestartFailLimit" : 100, 
    "RestartGrowthFactor" : 1.15, 
    "RestartLexObjectiveAggressiveness" : 0, 
    "RestartProofEmphasis" : 0.3, 
    "RestartPropagationLimitFactor" : 30, 
    "RestartTimeMeasurement" : 1, 
    "RestartWithTDRSearch" : "On", 
    "SACLimit" : 0, 
    "SACSkip" : 6, 
    "SearchConfiguration" : 0, 
    "SearchType" : "Auto", 
    "SeedRandomOnSolve" : "On", 
    "SequenceExpressionInferenceLevel" : "Default", 
    "SequenceInferenceLevel" : "Default", 
    "StateFunctionInferenceLevel" : "Default", 
    "StateFunctionTriangularInequalityCheck" : "On", 
    "StrictNumericalDivision" : "On", 
    "StrongMinReduction" : 0, 
    "SynchronizeByDeterministicTime" : "Auto", 
    "TTEF" : "On", 
    "TemporalRelaxation" : "Auto", 
    "TemporalRelaxationAlgorithm" : 18, 
    "TemporalRelaxationChecksLPCoeffs" : "On", 
    "TemporalRelaxationIterationLimit" : 50000, 
    "TemporalRelaxationLevel" : 3, 
    "TemporalRelaxationRowLimit" : 150000, 
    "TemporalRelaxationTimeFactor" : 1000, 
    "TimeDisplay" : "Seconds", 
    "TimetablingAlgorithm" : 1, 
    "UnaryFunctionAggregatorLimit" : 64, 
    "UseExactQuickScopes" : "Off", 
    "UseFileLocations" : "On", 
    "VersionDisplay" : "On"
  }
}
