{"creationTime":1648652069995,"lastModificationTime":1648652084367,"state":"TERMINATED","solveConfig":{"containerId":"Copy 01","solveParameters":{"oaas.logAttachmentName":"log.txt","oaas.logTailEnabled":"true"}},"jobDetails":{"id":"380e1ce5-9028-4307-8625-985383ee0d88","createdAt":1648652076802,"startedAt":1648652078755,"endedAt":1648652082048,"submittedAt":1648652076802,"details":{"KPI.Nb Fix Used":"38.0","KPI.Nb Temp Used":"19.0","KPI.Total Cost":"4940.0","MODEL_DETAIL_BOOLEAN_VARS":"0","MODEL_DETAIL_CONSTRAINTS":"588","MODEL_DETAIL_CONTINUOUS_VARS":"0","MODEL_DETAIL_INTEGER_VARS":"774","MODEL_DETAIL_KPIS":"[\"Total Cost\", \"Nb Fix Used\", \"Nb Temp Used\"]","MODEL_DETAIL_NONZEROS":"6234","MODEL_DETAIL_OBJECTIVE_SENSE":"minimize","MODEL_DETAIL_TYPE":"MILP","PROGRESS_BEST_OBJECTIVE":"4940.0","PROGRESS_BEST_OBJECTIVE.history":"[[1648652081.34, 4940.0]]","PROGRESS_CURRENT_OBJECTIVE":"4940.0","PROGRESS_CURRENT_OBJECTIVE.history":"[[1648652081.34, 4940.0]]","PROGRESS_GAP":"0.0","PROGRESS_GAP.history":"[[1648652081.34, 0.0]]","STAT.cplex.modelType":"MILP","STAT.cplex.size.booleanVariables":"0","STAT.cplex.size.constraints":"588","STAT.cplex.size.continousVariables":"0","STAT.cplex.size.integerVariables":"774","STAT.cplex.size.linearConstraints":"588","STAT.cplex.size.quadraticConstraints":"0","STAT.cplex.size.variables":"774","STAT.job.coresCount":"1","STAT.job.inputsReadMs":"1892","STAT.job.memoryPeakKB":"114152","STAT.job.modelProcessingMs":"707","STAT.job.outputsWriteMs":"498"},"executionStatus":"PROCESSED","solveStatus":"OPTIMAL_SOLUTION","logTail":["[2022-03-30T14:54:40Z, WARNING] Support for Python 3.9 is now enabled with pandas 1.3 libraries.","[2022-03-30T14:54:41Z, INFO] WARNING: Number of workers has been reduced to 1 to comply with platform limitations.","[2022-03-30T14:54:41Z, INFO] Version identifier: 20.1.0.1 | 2021-12-07 | 9dfdf6686","[2022-03-30T14:54:41Z, INFO] CPXPARAM_Read_DataCheck                          1","[2022-03-30T14:54:41Z, INFO] CPXPARAM_Threads                                 1","[2022-03-30T14:54:41Z, INFO] Legacy callback                                  i","[2022-03-30T14:54:41Z, INFO] Tried aggregator 2 times.","[2022-03-30T14:54:41Z, INFO] MIP Presolve eliminated 224 rows and 98 columns.","[2022-03-30T14:54:41Z, INFO] Aggregator did 243 substitutions.","[2022-03-30T14:54:41Z, INFO] Reduced MIP has 121 rows, 290 columns, and 3541 nonzeros.","[2022-03-30T14:54:41Z, INFO] Reduced MIP has 0 binaries, 290 generals, 0 SOSs, and 0 indicators.","[2022-03-30T14:54:41Z, INFO] Presolve time = 0.01 sec. (3.82 ticks)","[2022-03-30T14:54:41Z, INFO] Found incumbent of value 5680.000000 after 0.01 sec. (8.51 ticks)","[2022-03-30T14:54:41Z, INFO] Tried aggregator 1 time.","[2022-03-30T14:54:41Z, INFO] Detecting symmetries...","[2022-03-30T14:54:41Z, INFO] Reduced MIP has 121 rows, 290 columns, and 3541 nonzeros.","[2022-03-30T14:54:41Z, INFO] Reduced MIP has 0 binaries, 290 generals, 0 SOSs, and 0 indicators.","[2022-03-30T14:54:41Z, INFO] Presolve time = 0.00 sec. (1.42 ticks)","[2022-03-30T14:54:41Z, INFO] MIP emphasis: balance optimality and feasibility.","[2022-03-30T14:54:41Z, INFO] MIP search method: dynamic search.","[2022-03-30T14:54:41Z, INFO] Parallel mode: none, using 1 thread.","[2022-03-30T14:54:41Z, INFO] Root relaxation solution time = 0.00 sec. (0.89 ticks)","[2022-03-30T14:54:41Z, INFO] ","[2022-03-30T14:54:41Z, INFO]         Nodes                                         Cuts/","[2022-03-30T14:54:41Z, INFO]    Node  Left     Objective  IInf  Best Integer    Best Bound    ItCnt     Gap","[2022-03-30T14:54:41Z, INFO] ","[2022-03-30T14:54:41Z, INFO] *     0+    0                         5680.0000     1000.0000            82.39%","[2022-03-30T14:54:41Z, INFO] *     0     0      integral     0     4940.0000     4940.0000       83    0.00%","[2022-03-30T14:54:41Z, INFO] Elapsed time = 0.02 sec. (11.36 ticks, tree = 0.00 MB, solutions = 2)","[2022-03-30T14:54:41Z, INFO] ","[2022-03-30T14:54:41Z, INFO] Root node processing (before b&c):","[2022-03-30T14:54:41Z, INFO]   Real time             =    0.02 sec. (11.39 ticks)","[2022-03-30T14:54:41Z, INFO] Sequential b&c:","[2022-03-30T14:54:41Z, INFO]   Real time             =    0.00 sec. (0.00 ticks)","[2022-03-30T14:54:41Z, INFO]                           ------------","[2022-03-30T14:54:41Z, INFO] Total (root+branch&cut) =    0.02 sec. (11.39 ticks)","[2022-03-30T14:54:41Z, INFO]   Feasible 4940.0","[2022-03-30T14:54:41Z, INFO] starts.csv","[2022-03-30T14:54:41Z, INFO] works.csv","[2022-03-30T14:54:41Z, INFO] nr.csv"]},"runtimeDetails":{"state":"STARTED"},"taskSetupMillis":6109,"taskSolveMillis":5661,"taskTearDownMillis":1,"jobSpaceId":"d1c259fb-9c7d-49f8-9b30-9bf356a48bc8","jobId":"380e1ce5-9028-4307-8625-985383ee0d88","ping":1648652070785}