{"creationTime":1632990381554,"lastModificationTime":1632990393523,"state":"TERMINATED","solveConfig":{"containerId":"Copy 01","solveParameters":{"oaas.logAttachmentName":"log.txt","oaas.logTailEnabled":"true","oaas.docplex.python":"3.8"}},"jobDetails":{"id":"cb71fb59-0551-445d-b2ab-a828ce8bfdad","createdAt":1632990386168,"startedAt":1632990387850,"endedAt":1632990390359,"submittedAt":1632990386168,"details":{"KPI.Nb Fix Used":"34.0","KPI.Nb Temp Used":"26.0","KPI.Total Cost":"4960.0","KPI._time":"0.01799297332763672","MODEL_DETAIL_BOOLEAN_VARS":"0","MODEL_DETAIL_CONSTRAINTS":"588","MODEL_DETAIL_CONTINUOUS_VARS":"0","MODEL_DETAIL_INTEGER_VARS":"774","MODEL_DETAIL_KPIS":"[\"Total Cost\", \"Nb Fix Used\", \"Nb Temp Used\"]","MODEL_DETAIL_NONZEROS":"6234","MODEL_DETAIL_OBJECTIVE_SENSE":"minimize","MODEL_DETAIL_TYPE":"MILP","PROGRESS_BEST_OBJECTIVE":"4960.0","PROGRESS_BEST_OBJECTIVE.history":"[[1632990389.48, 4950.0]]","PROGRESS_CURRENT_OBJECTIVE":"4960.0","PROGRESS_CURRENT_OBJECTIVE.history":"[[1632990389.48, 5740.0]]","PROGRESS_GAP":"0.0","PROGRESS_GAP.history":"[[1632990389.48, 0.13763066202090352]]","STAT.cplex.modelType":"MILP","STAT.cplex.size.booleanVariables":"0","STAT.cplex.size.constraints":"588","STAT.cplex.size.continousVariables":"0","STAT.cplex.size.integerVariables":"774","STAT.cplex.size.linearConstraints":"588","STAT.cplex.size.quadraticConstraints":"0","STAT.cplex.size.variables":"774","STAT.cplex.solve.elapsedTime":"0.01799297332763672","STAT.cplex.solve.explored":"0","STAT.cplex.solve.iterationCount":"47","STAT.cplex.solve.opened":"1","STAT.job.coresCount":"1","STAT.job.inputsReadMs":"883","STAT.job.memoryPeakKB":"96020","STAT.job.modelProcessingMs":"754","STAT.job.outputsWriteMs":"752"},"executionStatus":"PROCESSED","solveStatus":"OPTIMAL_SOLUTION","logTail":["[2021-09-30T08:26:28Z, WARNING] Support for Python 3.8 is now enabled with pandas 1.0.5 libraries.","[2021-09-30T08:26:29Z, INFO] WARNING: Number of workers has been reduced to 1 to comply with platform limitations.","[2021-09-30T08:26:29Z, INFO] Version identifier: 20.1.0.0 | 2020-11-10 | 9bedb6d68","[2021-09-30T08:26:29Z, INFO] CPXPARAM_Read_DataCheck                          1","[2021-09-30T08:26:29Z, INFO] CPXPARAM_Threads                                 1","[2021-09-30T08:26:29Z, INFO] Legacy callback                                  i","[2021-09-30T08:26:29Z, INFO] Tried aggregator 2 times.","[2021-09-30T08:26:29Z, INFO] MIP Presolve eliminated 209 rows and 82 columns.","[2021-09-30T08:26:29Z, INFO] Aggregator did 253 substitutions.","[2021-09-30T08:26:29Z, INFO] Reduced MIP has 126 rows, 306 columns, and 3687 nonzeros.","[2021-09-30T08:26:29Z, INFO] Reduced MIP has 0 binaries, 306 generals, 0 SOSs, and 0 indicators.","[2021-09-30T08:26:29Z, INFO] Presolve time = 0.01 sec. (3.93 ticks)","[2021-09-30T08:26:29Z, INFO] Found incumbent of value 5740.000000 after 0.01 sec. (8.66 ticks)","[2021-09-30T08:26:29Z, INFO] Tried aggregator 1 time.","[2021-09-30T08:26:29Z, INFO] Detecting symmetries...","[2021-09-30T08:26:29Z, INFO] Reduced MIP has 126 rows, 306 columns, and 3687 nonzeros.","[2021-09-30T08:26:29Z, INFO] Reduced MIP has 0 binaries, 306 generals, 0 SOSs, and 0 indicators.","[2021-09-30T08:26:29Z, INFO] Presolve time = 0.00 sec. (1.46 ticks)","[2021-09-30T08:26:29Z, INFO] MIP emphasis: balance optimality and feasibility.","[2021-09-30T08:26:29Z, INFO] MIP search method: dynamic search.","[2021-09-30T08:26:29Z, INFO] Parallel mode: none, using 1 thread.","[2021-09-30T08:26:29Z, INFO] Root relaxation solution time = 0.00 sec. (0.62 ticks)","[2021-09-30T08:26:29Z, INFO] ","[2021-09-30T08:26:29Z, INFO]         Nodes                                         Cuts/","[2021-09-30T08:26:29Z, INFO]    Node  Left     Objective  IInf  Best Integer    Best Bound    ItCnt     Gap","[2021-09-30T08:26:29Z, INFO] ","[2021-09-30T08:26:29Z, INFO] *     0+    0                         5740.0000     1000.0000            82.58%","[2021-09-30T08:26:29Z, INFO]       0     0     4950.0000     7     5740.0000     4950.0000       47   13.76%","[2021-09-30T08:26:29Z, INFO] *     0+    0                         4980.0000     4950.0000             0.60%","[2021-09-30T08:26:29Z, INFO] *     0     0      integral     0     4960.0000      Fract: 1       50    0.00%","[2021-09-30T08:26:29Z, INFO]       0     0        cutoff           4960.0000     4960.0000       50    0.00%","[2021-09-30T08:26:29Z, INFO] Elapsed time = 0.02 sec. (12.98 ticks, tree = 0.01 MB, solutions = 3)","[2021-09-30T08:26:29Z, INFO] ","[2021-09-30T08:26:29Z, INFO] Gomory fractional cuts applied:  1","[2021-09-30T08:26:29Z, INFO] ","[2021-09-30T08:26:29Z, INFO] Root node processing (before b&c):","[2021-09-30T08:26:29Z, INFO]   Real time             =    0.02 sec. (13.01 ticks)","[2021-09-30T08:26:29Z, INFO] Sequential b&c:","[2021-09-30T08:26:29Z, INFO]   Real time             =    0.00 sec. (0.00 ticks)","[2021-09-30T08:26:29Z, INFO]                           ------------","[2021-09-30T08:26:29Z, INFO] Total (root+branch&cut) =    0.02 sec. (13.01 ticks)","[2021-09-30T08:26:29Z, INFO]   Feasible 4960.0","[2021-09-30T08:26:29Z, INFO] starts.csv","[2021-09-30T08:26:29Z, INFO] works.csv","[2021-09-30T08:26:29Z, INFO] nr.csv"]},"runtimeDetails":{"state":"STARTED"},"taskSetupMillis":4094,"taskSolveMillis":5447,"taskTearDownMillis":1,"jobSpaceId":"9d2c73ef-2521-4130-bd91-1898668084a3","jobId":"cb71fb59-0551-445d-b2ab-a828ce8bfdad","ping":1632990382146}