{"goalObjectives":[{"weight":1.0,"weightedValue":116.0,"value":116.0,"verbalization":"Minimize time to complete all activities","scaledWeight":1.0}],"decisions_sorted_columns":{"ScheduledActivities":["activity","activity start","activity start Date","activity duration","activity end","activity end Date","required equipment","activity Days","activity Required equipment"]},"decisions_schema":{"ScheduledActivities":[{"domainConcepts":"cTask","semantic":"cTaskStart,activity","level":1,"isKPI":false,"concept":"activity","isKey":true,"isDecision":false,"id":"activity","type":"STRING"},{"domainConcepts":"cTaskStart","semantic":"task.start","level":10,"isKPI":false,"concept":"cTaskStart","isKey":false,"isDecision":true,"id":"activity start","type":"NUMBER"},{"domainConcepts":"cTaskStart","semantic":"task.start","level":10,"isKPI":false,"concept":"cTaskStart","isKey":false,"isDecision":true,"id":"activity start Date","type":"DateTime"},{"domainConcepts":"cTaskStart","semantic":"task.duration","level":11,"isKPI":false,"concept":"activity","isKey":false,"isDecision":true,"id":"activity duration","type":"NUMBER"},{"domainConcepts":"cTaskStart","semantic":"task.end","level":12,"isKPI":false,"concept":"activity","isKey":false,"isDecision":true,"id":"activity end","type":"NUMBER"},{"domainConcepts":"cTaskStart","semantic":"task.end","level":12,"isKPI":false,"concept":"activity","isKey":false,"isDecision":true,"id":"activity end Date","type":"DateTime"},{"domainConcepts":"cDiscreteResource","semantic":"task.discreteResourceRequests","level":20,"isKPI":false,"concept":"activity","isKey":false,"isDecision":false,"id":"required equipment","type":"STRING"},{"domainConcepts":"cTask","semantic":"cTaskStart,activity","level":2,"isKPI":false,"concept":"activity","isKey":false,"isDecision":false,"id":"activity Days","type":"NUMBER"},{"domainConcepts":"cDiscreteResource","semantic":"cTaskStart,activity,equipment","level":3,"isKPI":false,"concept":"equipment","isKey":false,"isDecision":false,"id":"activity Required equipment","type":"STRING"}]},"decisions":{"ScheduledActivities":[{"activity duration":0.0,"activity":"pa","required equipment":"","activity start Date":"2023-10-10 00:00:00","activity end":"2023\/10\/10 00:00:00","activity Days":0,"activity end Date":"2023-10-10 00:00:00","activity Required equipment":"","activity start":"2023\/10\/10 00:00:00"},{"activity duration":2.0,"activity":"a5","required equipment":"excavator","activity start Date":"2023-10-10 00:00:00","activity end":"2023\/10\/12 00:00:00","activity Days":2,"activity end Date":"2023-10-12 00:00:00","activity Required equipment":"excavator","activity start":"2023\/10\/10 00:00:00"},{"activity duration":2.0,"activity":"l","required equipment":"crane","activity start Date":"2023-10-10 00:00:00","activity end":"2023\/10\/12 00:00:00","activity Days":2,"activity end Date":"2023-10-12 00:00:00","activity Required equipment":"crane","activity start":"2023\/10\/10 00:00:00"},{"activity duration":10.0,"activity":"ua","required equipment":"","activity start Date":"2023-10-10 00:00:00","activity end":"2023\/10\/21 00:00:00","activity Days":10,"activity end Date":"2023-10-21 00:00:00","activity Required equipment":"","activity start":"2023\/10\/10 00:00:00"},{"activity duration":10.0,"activity":"ue","required equipment":"","activity start Date":"2023-10-10 00:00:00","activity end":"2023\/10\/21 00:00:00","activity Days":10,"activity end Date":"2023-10-21 00:00:00","activity Required equipment":"","activity start":"2023\/10\/10 00:00:00"},{"activity duration":2.0,"activity":"a2","required equipment":"excavator","activity start Date":"2023-10-12 00:00:00","activity end":"2023\/10\/14 00:00:00","activity Days":2,"activity end Date":"2023-10-14 00:00:00","activity Required equipment":"excavator","activity start":"2023\/10\/12 00:00:00"},{"activity duration":4.0,"activity":"s5","required equipment":"carpentry","activity start Date":"2023-10-12 00:00:00","activity end":"2023\/10\/17 00:00:00","activity Days":4,"activity end Date":"2023-10-17 00:00:00","activity Required equipment":"carpentry","activity start":"2023\/10\/12 00:00:00"},{"activity duration":2.0,"activity":"a3","required equipment":"excavator","activity start Date":"2023-10-14 00:00:00","activity end":"2023\/10\/17 00:00:00","activity Days":2,"activity end Date":"2023-10-17 00:00:00","activity Required equipment":"excavator","activity start":"2023\/10\/14 00:00:00"},{"activity duration":1.0,"activity":"b5","required equipment":"concrete mixer","activity start Date":"2023-10-17 00:00:00","activity end":"2023\/10\/18 00:00:00","activity Days":1,"activity end Date":"2023-10-18 00:00:00","activity Required equipment":"concrete mixer","activity start":"2023\/10\/17 00:00:00"},{"activity duration":2.0,"activity":"a4","required equipment":"excavator","activity start Date":"2023-10-17 00:00:00","activity end":"2023\/10\/19 00:00:00","activity Days":2,"activity end Date":"2023-10-19 00:00:00","activity Required equipment":"excavator","activity start":"2023\/10\/17 00:00:00"},{"activity duration":4.0,"activity":"s2","required equipment":"carpentry","activity start Date":"2023-10-17 00:00:00","activity end":"2023\/10\/21 00:00:00","activity Days":4,"activity end Date":"2023-10-21 00:00:00","activity Required equipment":"carpentry","activity start":"2023\/10\/17 00:00:00"},{"activity duration":1.0,"activity":"ab5","required equipment":"","activity start Date":"2023-10-18 00:00:00","activity end":"2023\/10\/19 00:00:00","activity Days":1,"activity end Date":"2023-10-19 00:00:00","activity Required equipment":"","activity start":"2023\/10\/18 00:00:00"},{"activity duration":4.0,"activity":"a1","required equipment":"excavator","activity start Date":"2023-10-19 00:00:00","activity end":"2023\/10\/24 00:00:00","activity Days":4,"activity end Date":"2023-10-24 00:00:00","activity Required equipment":"excavator","activity start":"2023\/10\/19 00:00:00"},{"activity duration":8.0,"activity":"m5","required equipment":"bricklaying","activity start Date":"2023-10-19 00:00:00","activity end":"2023\/10\/28 00:00:00","activity Days":8,"activity end Date":"2023-10-28 00:00:00","activity Required equipment":"bricklaying","activity start":"2023\/10\/19 00:00:00"},{"activity duration":13.0,"activity":"p2","required equipment":"pile driver","activity start Date":"2023-10-19 00:00:00","activity end":"2023\/11\/03 00:00:00","activity Days":13,"activity end Date":"2023-11-03 00:00:00","activity Required equipment":"pile driver","activity start":"2023\/10\/19 00:00:00"},{"activity duration":1.0,"activity":"b2","required equipment":"concrete mixer","activity start Date":"2023-10-21 00:00:00","activity end":"2023\/10\/22 00:00:00","activity Days":1,"activity end Date":"2023-10-22 00:00:00","activity Required equipment":"concrete mixer","activity start":"2023\/10\/21 00:00:00"},{"activity duration":1.0,"activity":"ab2","required equipment":"","activity start Date":"2023-10-23 00:00:00","activity end":"2023\/10\/24 00:00:00","activity Days":1,"activity end Date":"2023-10-24 00:00:00","activity Required equipment":"","activity start":"2023\/10\/23 00:00:00"},{"activity duration":5.0,"activity":"a6","required equipment":"excavator","activity start Date":"2023-10-24 00:00:00","activity end":"2023\/10\/29 00:00:00","activity Days":5,"activity end Date":"2023-10-29 00:00:00","activity Required equipment":"excavator","activity start":"2023\/10\/24 00:00:00"},{"activity duration":8.0,"activity":"s1","required equipment":"carpentry","activity start Date":"2023-10-24 00:00:00","activity end":"2023\/11\/02 00:00:00","activity Days":8,"activity end Date":"2023-11-02 00:00:00","activity Required equipment":"carpentry","activity start":"2023\/10\/24 00:00:00"},{"activity duration":8.0,"activity":"m2","required equipment":"bricklaying","activity start Date":"2023-10-28 00:00:00","activity end":"2023\/11\/07 00:00:00","activity Days":8,"activity end Date":"2023-11-07 00:00:00","activity Required equipment":"bricklaying","activity start":"2023\/10\/28 00:00:00"},{"activity duration":1.0,"activity":"b1","required equipment":"concrete mixer","activity start Date":"2023-11-02 00:00:00","activity end":"2023\/11\/03 00:00:00","activity Days":1,"activity end Date":"2023-11-03 00:00:00","activity Required equipment":"concrete mixer","activity start":"2023\/11\/02 00:00:00"},{"activity duration":1.0,"activity":"ab1","required equipment":"","activity start Date":"2023-11-03 00:00:00","activity end":"2023\/11\/04 00:00:00","activity Days":1,"activity end Date":"2023-11-04 00:00:00","activity Required equipment":"","activity start":"2023\/11\/03 00:00:00"},{"activity duration":4.0,"activity":"s4","required equipment":"carpentry","activity start Date":"2023-11-03 00:00:00","activity end":"2023\/11\/08 00:00:00","activity Days":4,"activity end Date":"2023-11-08 00:00:00","activity Required equipment":"carpentry","activity start":"2023\/11\/03 00:00:00"},{"activity duration":20.0,"activity":"p1","required equipment":"pile driver","activity start Date":"2023-11-03 00:00:00","activity end":"2023\/11\/26 00:00:00","activity Days":20,"activity end Date":"2023-11-26 00:00:00","activity Required equipment":"pile driver","activity start":"2023\/11\/03 00:00:00"},{"activity duration":16.0,"activity":"m1","required equipment":"bricklaying","activity start Date":"2023-11-07 00:00:00","activity end":"2023\/11\/25 00:00:00","activity Days":16,"activity end Date":"2023-11-25 00:00:00","activity Required equipment":"bricklaying","activity start":"2023\/11\/07 00:00:00"},{"activity duration":1.0,"activity":"b4","required equipment":"concrete mixer","activity start Date":"2023-11-08 00:00:00","activity end":"2023\/11\/09 00:00:00","activity Days":1,"activity end Date":"2023-11-09 00:00:00","activity Required equipment":"concrete mixer","activity start":"2023\/11\/08 00:00:00"},{"activity duration":10.0,"activity":"s6","required equipment":"carpentry","activity start Date":"2023-11-08 00:00:00","activity end":"2023\/11\/19 00:00:00","activity Days":10,"activity end Date":"2023-11-19 00:00:00","activity Required equipment":"carpentry","activity start":"2023\/11\/08 00:00:00"},{"activity duration":1.0,"activity":"ab4","required equipment":"","activity start Date":"2023-11-09 00:00:00","activity end":"2023\/11\/10 00:00:00","activity Days":1,"activity end Date":"2023-11-10 00:00:00","activity Required equipment":"","activity start":"2023\/11\/09 00:00:00"},{"activity duration":1.0,"activity":"b6","required equipment":"concrete mixer","activity start Date":"2023-11-20 00:00:00","activity end":"2023\/11\/21 00:00:00","activity Days":1,"activity end Date":"2023-11-21 00:00:00","activity Required equipment":"concrete mixer","activity start":"2023\/11\/20 00:00:00"},{"activity duration":1.0,"activity":"ab6","required equipment":"","activity start Date":"2023-11-21 00:00:00","activity end":"2023\/11\/22 00:00:00","activity Days":1,"activity end Date":"2023-11-22 00:00:00","activity Required equipment":"","activity start":"2023\/11\/21 00:00:00"},{"activity duration":8.0,"activity":"m4","required equipment":"bricklaying","activity start Date":"2023-11-25 00:00:00","activity end":"2023\/12\/05 00:00:00","activity Days":8,"activity end Date":"2023-12-05 00:00:00","activity Required equipment":"bricklaying","activity start":"2023\/11\/25 00:00:00"},{"activity duration":12.0,"activity":"t1","required equipment":"crane","activity start Date":"2023-11-25 00:00:00","activity end":"2023\/12\/09 00:00:00","activity Days":12,"activity end Date":"2023-12-09 00:00:00","activity Required equipment":"crane","activity start":"2023\/11\/25 00:00:00"},{"activity duration":4.0,"activity":"s3","required equipment":"carpentry","activity start Date":"2023-11-27 00:00:00","activity end":"2023\/12\/01 00:00:00","activity Days":4,"activity end Date":"2023-12-01 00:00:00","activity Required equipment":"carpentry","activity start":"2023\/11\/27 00:00:00"},{"activity duration":1.0,"activity":"b3","required equipment":"concrete mixer","activity start Date":"2023-12-01 00:00:00","activity end":"2023\/12\/02 00:00:00","activity Days":1,"activity end Date":"2023-12-02 00:00:00","activity Required equipment":"concrete mixer","activity start":"2023\/12\/01 00:00:00"},{"activity duration":1.0,"activity":"ab3","required equipment":"","activity start Date":"2023-12-02 00:00:00","activity end":"2023\/12\/03 00:00:00","activity Days":1,"activity end Date":"2023-12-03 00:00:00","activity Required equipment":"","activity start":"2023\/12\/02 00:00:00"},{"activity duration":8.0,"activity":"m3","required equipment":"bricklaying","activity start Date":"2023-12-05 00:00:00","activity end":"2023\/12\/14 00:00:00","activity Days":8,"activity end Date":"2023-12-14 00:00:00","activity Required equipment":"bricklaying","activity start":"2023\/12\/05 00:00:00"},{"activity duration":12.0,"activity":"t4","required equipment":"crane","activity start Date":"2023-12-09 00:00:00","activity end":"2023\/12\/23 00:00:00","activity Days":12,"activity end Date":"2023-12-23 00:00:00","activity Required equipment":"crane","activity start":"2023\/12\/09 00:00:00"},{"activity duration":15.0,"activity":"v1","required equipment":"caterpillar","activity start Date":"2023-12-09 00:00:00","activity end":"2023\/12\/27 00:00:00","activity Days":15,"activity end Date":"2023-12-27 00:00:00","activity Required equipment":"caterpillar","activity start":"2023\/12\/09 00:00:00"},{"activity duration":20.0,"activity":"m6","required equipment":"bricklaying","activity start Date":"2023-12-14 00:00:00","activity end":"2024\/01\/06 00:00:00","activity Days":20,"activity end Date":"2024-01-06 00:00:00","activity Required equipment":"bricklaying","activity start":"2023\/12\/14 00:00:00"},{"activity duration":12.0,"activity":"t2","required equipment":"crane","activity start Date":"2023-12-23 00:00:00","activity end":"2024\/01\/06 00:00:00","activity Days":12,"activity end Date":"2024-01-06 00:00:00","activity Required equipment":"crane","activity start":"2023\/12\/23 00:00:00"},{"activity duration":12.0,"activity":"t5","required equipment":"crane","activity start Date":"2024-01-06 00:00:00","activity end":"2024\/01\/20 00:00:00","activity Days":12,"activity end Date":"2024-01-20 00:00:00","activity Required equipment":"crane","activity start":"2024\/01\/06 00:00:00"},{"activity duration":10.0,"activity":"v2","required equipment":"caterpillar","activity start Date":"2024-01-20 00:00:00","activity end":"2024\/02\/01 00:00:00","activity Days":10,"activity end Date":"2024-02-01 00:00:00","activity Required equipment":"caterpillar","activity start":"2024\/01\/20 00:00:00"},{"activity duration":12.0,"activity":"t3","required equipment":"crane","activity start Date":"2024-01-20 00:00:00","activity end":"2024\/02\/03 00:00:00","activity Days":12,"activity end Date":"2024-02-03 00:00:00","activity Required equipment":"crane","activity start":"2024\/01\/20 00:00:00"},{"activity duration":0.0,"activity":"pe","required equipment":"","activity start Date":"2024-02-03 00:00:00","activity end":"2024\/02\/03 00:00:00","activity Days":0,"activity end Date":"2024-02-03 00:00:00","activity Required equipment":"","activity start":"2024\/02\/03 00:00:00"}]}}