{"creationTime":1698151494312,"lastModificationTime":1698151603177,"state":"TERMINATED","solveConfig":{"containerId":"Scenario 1","solveParameters":{"oaas.logAttachmentName":"log.txt","oaas.logTailEnabled":"true"},"setupWebHook":{"verb":"GET","url":"https://internal-nginx-svc:12443/v1/cognitive/solve/preprocess/Scenario%201?projectId=4bcb4898-8a86-4f3f-8ba7-4dc62cc7ebc2&parentId=BridgeScheduling","expectedStatus":200,"headers":{}},"tearDownWebHook":{"verb":"GET","url":"https://internal-nginx-svc:12443/v1/cognitive/solve/postprocess/Scenario%201?projectId=4bcb4898-8a86-4f3f-8ba7-4dc62cc7ebc2&parentId=BridgeScheduling","expectedStatus":200,"headers":{}}},"jobDetails":{"id":"a7e00d54-b7a5-4c37-a55d-004db55f7648","createdAt":1698151510510,"startedAt":1698151588816,"endedAt":1698151594071,"submittedAt":1698151510510,"details":{"KPI.PROGRESS_CURRENT_OBJECTIVE":"116.00000000000001","KPI.time to complete all activities":"116","MODEL_DETAIL_CONSTRAINTS":"195","MODEL_DETAIL_INTEGER_VARS":"0","MODEL_DETAIL_INTERVAL_VARS":"44","MODEL_DETAIL_KPIS":"[\"time to complete all activities\"]","MODEL_DETAIL_OBJECTIVE_SENSE":"minimize","MODEL_DETAIL_SEQUENCE_VARS":"0","MODEL_DETAIL_TYPE":"CPO Scheduling","PROGRESS_BEST_BOUND":"115.98840000000003","PROGRESS_BEST_OBJECTIVE":"115.98840000000003","PROGRESS_BEST_OBJECTIVE.history":"[[1698151591.92, \"69\"], [1698151592.5, \"115.98840000000003\"]]","PROGRESS_CURRENT_OBJECTIVE":"116.00000000000001","PROGRESS_CURRENT_OBJECTIVE.history":"[[1698151591.92, \"160\"], [1698151592.5, \"116.00000000000001\"]]","PROGRESS_GAP":"0.0001","PROGRESS_GAP.history":"[[1698151591.92, \"0.56875\"], [1698151592.5, \"0.0001\"]]","STAT.cpo.modelType":"CPO","STAT.cpo.size.constraints":"195","STAT.cpo.size.integerVariables":"0","STAT.cpo.size.intervalVariables":"44","STAT.cpo.size.sequenceVariables":"0","STAT.cpo.size.variables":"44","STAT.cpo.solve.memoryUsage":"1404639","STAT.cpo.solve.numberOfBranches":"30228","STAT.cpo.solve.time":"0.45","STAT.job.coresCount":"1","STAT.job.inputsReadMs":"2556","STAT.job.memoryPeakKB":"146104","STAT.job.modelProcessingMs":"971","STAT.job.outputsWriteMs":"1444","latestOutputUpload":"2023-10-24T12:46:34.066Z"},"executionStatus":"PROCESSED","solveStatus":"OPTIMAL_SOLUTION","logTail":["[2023-10-24T12:46:32.202Z, INFO]         116.0000    17000          1              0  = startOf(_ITV_6)","[2023-10-24T12:46:32.210Z, INFO]         116.0000    18000          1        F 106560  = startOf(_ITV_38)","[2023-10-24T12:46:32.223Z, INFO]         116.0000    19000          1              0  = startOf(_ITV_41)","[2023-10-24T12:46:32.236Z, INFO]         116.0000    20000          1          12960  = startOf(_ITV_34)","[2023-10-24T12:46:32.247Z, INFO]         116.0000    21000          1          56160  = startOf(_ITV_18)","[2023-10-24T12:46:32.258Z, INFO]         116.0000    22000          1        F         !presenceOf(_ITV_39)","[2023-10-24T12:46:32.265Z, INFO]         116.0000    23000          1        F 146880  = startOf(_ITV_44)","[2023-10-24T12:46:32.275Z, INFO]         116.0000    24000          1        F         !presenceOf(_ITV_12)","[2023-10-24T12:46:32.283Z, INFO]         116.0000    25000          1        F         !presenceOf(_ITV_42)","[2023-10-24T12:46:32.294Z, INFO]         116.0000    26000          1          40320  = startOf(_ITV_10)","[2023-10-24T12:46:32.308Z, INFO]         116.0000    27000          1          74880  = startOf(_ITV_15)","[2023-10-24T12:46:32.317Z, INFO]         116.0000    28000          1        F         !presenceOf(_ITV_23)","[2023-10-24T12:46:32.368Z, INFO]  ! Using failure-directed search.","[2023-10-24T12:46:32.395Z, INFO]         116.0000    28690          1          154080 >= startOf(_ITV_29)","[2023-10-24T12:46:32.396Z, INFO]  + New bound is 107 (gap is 7.76%)","[2023-10-24T12:46:32.412Z, INFO]         116.0000    29000          1        F   834 <= startOf(_ITV_28)","[2023-10-24T12:46:32.414Z, INFO]  ! Time = 0.36s, Average fail depth = 20, Memory usage = 1.4 MB","[2023-10-24T12:46:32.414Z, INFO]  ! Current bound is 107 (gap is 7.76%)","[2023-10-24T12:46:32.415Z, INFO]  !          Best Branches  Non-fixed            Branch decision","[2023-10-24T12:46:32.460Z, INFO]         116.0000    29905         44          155189 >= startOf(_ITV_29)","[2023-10-24T12:46:32.461Z, INFO]  + New bound is 107.7701 (gap is 7.09%)","[2023-10-24T12:46:32.462Z, INFO]         116.0000    29911         44          157101 >= startOf(_ITV_29)","[2023-10-24T12:46:32.462Z, INFO]  + New bound is 109.0979 (gap is 5.95%)","[2023-10-24T12:46:32.463Z, INFO]         116.0000    29927         44          158193 >= startOf(_ITV_29)","[2023-10-24T12:46:32.464Z, INFO]  + New bound is 109.8562 (gap is 5.30%)","[2023-10-24T12:46:32.465Z, INFO]         116.0000    30000         44        F 52311 <= startOf(_ITV_14)","[2023-10-24T12:46:32.469Z, INFO]         116.0000    30082         44          158266 >= startOf(_ITV_29)","[2023-10-24T12:46:32.470Z, INFO]  + New bound is 109.9069 (gap is 5.25%)","[2023-10-24T12:46:32.473Z, INFO]         116.0000    30141         44          158387 >= startOf(_ITV_29)","[2023-10-24T12:46:32.473Z, INFO]  + New bound is 109.9909 (gap is 5.18%)","[2023-10-24T12:46:32.477Z, INFO]         116.0000    30227         44        F 128506 >= startOf(_ITV_39)","[2023-10-24T12:46:32.478Z, INFO]  + New bound is 115.9884 (gap is 0.01%)","[2023-10-24T12:46:32.502Z, INFO]  ! ----------------------------------------------------------------------------","[2023-10-24T12:46:32.503Z, INFO]  ! Search completed, 8 solutions found.","[2023-10-24T12:46:32.504Z, INFO]  ! Best objective         : 116.0000 (optimal - effective tol. is 0.0116)","[2023-10-24T12:46:32.505Z, INFO]  ! Best bound             : 115.9884","[2023-10-24T12:46:32.506Z, INFO]  ! time to complete all activities: 116","[2023-10-24T12:46:32.507Z, INFO]  ! ----------------------------------------------------------------------------","[2023-10-24T12:46:32.507Z, INFO]  ! Number of branches     : 30228","[2023-10-24T12:46:32.508Z, INFO]  ! Number of fails        : 15122","[2023-10-24T12:46:32.509Z, INFO]  ! Total memory usage     : 1.5 MB (1.4 MB CP Optimizer + 0.1 MB Concert)","[2023-10-24T12:46:32.509Z, INFO]  ! Time spent in solve    : 0.45s (0.44s engine + 0.01s extraction)","[2023-10-24T12:46:32.510Z, INFO]  ! Search speed (br. / s) : 68700.0","[2023-10-24T12:46:32.510Z, INFO]  ! ----------------------------------------------------------------------------","[2023-10-24T12:46:32.514Z, INFO] solve + export of all intermediate solutions done in 0.6260850429534912 secs"]},"taskSetupTime":1698151510738,"taskSolveTime":1698151597955,"taskTearDownTime":1698151603177,"jobSpaceId":"1e6362e3-9985-4ea3-b8ba-5d35f3036aa5","jobDeploymentId":"19e376ce-a07e-492f-a898-10c676312f19","jobId":"a7e00d54-b7a5-4c37-a55d-004db55f7648","ping":1698151584806}