{"categories":{"output":{"assets":{"plantInventory.csv":{"type":"Table"},"delivery.csv":{"type":"Table"},"marketInventory.csv":{"type":"Table"},"stats.csv":{"type":"Table"},"executedSales.csv":{"type":"Table"},"kpis.csv":{"type":"Table"},"production.csv":{"type":"Table"},"log.txt":{"type":"Asset"}}},"input":{"assets":{"plant_month_capacity.csv":{"type":"Table"},"product.csv":{"type":"Table"},"market.csv":{"type":"Table"},"plant_product_capacity.csv":{"type":"Table"},"marginal_profit.csv":{"type":"Table"},"parameters.csv":{"type":"Table"},"plant_product_cost.csv":{"type":"Table"},"plant.csv":{"type":"Table"},"demand.csv":{"type":"Table"},"initial_inventory.csv":{"type":"Table"},"firm_sales.csv":{"type":"Table"},"month.csv":{"type":"Table"}}},"model":{"assets":{"model.py":{"type":"Asset"}}},"CO_ASSET_SESSION":{"assets":{"CO_SESSION.json":{"type":"Asset"}}},"dashboard-file":{"assets":{"dashboard.json":{"type":"Asset"}}},"CO_ASSET":{"assets":{"CO_SOLUTION_TEXT.json":{"type":"Asset"},"solveParameters.json":{"type":"Asset"},"CO_DATASET.json":{"type":"Asset"},"CO_SOLUTION_JSON.json":{"type":"Asset"}}}},"modelType":"cognitive","category":"dashboard"}