{"name":"EnvironmentAndExtension","description":"","spaceId":"61668b62-2035-47e2-afd6-1557a2c69999","environments":[{"name":"py_env_with_extension","model":{"model_type":"docplex","model_version":"20.1","python_version":"3.9"},"default_environment":false,"id":"b9867748-81e2-46d3-a701-8d8a4378c71e","extension":{"extension_id":"7b14ee19-5e6e-4505-9a64-010fdae81f72"},"deployment":{"hardware_spec_name":"S","hardware_spec_nodes":1}}],"extensions":[{"name":"py_extension","id":"7b14ee19-5e6e-4505-9a64-010fdae81f72","container_name":"f3b34c96-8ca8-4c27-a47e-41eb06fb6bd6"}]}