{"creationTime":1687855486807,"lastModificationTime":1687855497838,"state":"TERMINATED","solveConfig":{"containerId":"scenario 3","solveParameters":{"oaas.logAttachmentName":"log.txt","oaas.logTailEnabled":"true"},"setupWebHook":{"verb":"GET","url":"https://internal-nginx-svc:12443/v1/cognitive/solve/preprocess/scenario%203?projectId=9d08fb61-4c2d-4eaa-b28e-255cccbc8df8&parentId=MarketingCampaignAssignment","expectedStatus":200,"headers":{}},"tearDownWebHook":{"verb":"GET","url":"https://internal-nginx-svc:12443/v1/cognitive/solve/postprocess/scenario%203?projectId=9d08fb61-4c2d-4eaa-b28e-255cccbc8df8&parentId=MarketingCampaignAssignment","expectedStatus":200,"headers":{}}},"jobDetails":{"id":"942f7369-96dd-4f25-ba86-c1db90562ec2","createdAt":1687855490892,"startedAt":1687855492239,"endedAt":1687855493812,"submittedAt":1687855490892,"details":{"KPI.overall quality or value of Customer-Campaign assignments according to Candidates":"735.0","KPI.the number of Customer-Campaign assignments":"9.0","MODEL_DETAIL_BOOLEAN_VARS":"27","MODEL_DETAIL_CONSTRAINTS":"14","MODEL_DETAIL_CONTINUOUS_VARS":"0","MODEL_DETAIL_INTEGER_VARS":"0","MODEL_DETAIL_KPIS":"[\"the number of Customer-Campaign assignments\", \"overall quality or value of Customer-Campaign assignments according to Candidates\"]","MODEL_DETAIL_NONZEROS":"56","MODEL_DETAIL_OBJECTIVE_SENSE":"maximize","MODEL_DETAIL_TYPE":"MILP","PROGRESS_BEST_OBJECTIVE":"11904.0","PROGRESS_BEST_OBJECTIVE.history":"[[1687855493.52, 11904.0]]","PROGRESS_CURRENT_OBJECTIVE":"11904.0","PROGRESS_CURRENT_OBJECTIVE.history":"[[1687855493.52, 11904.0]]","PROGRESS_GAP":"0.0","PROGRESS_GAP.history":"[[1687855493.53, 0.0]]","STAT.cplex.modelType":"MILP","STAT.cplex.size.booleanVariables":"27","STAT.cplex.size.constraints":"14","STAT.cplex.size.continousVariables":"0","STAT.cplex.size.integerVariables":"0","STAT.cplex.size.linearConstraints":"14","STAT.cplex.size.quadraticConstraints":"0","STAT.cplex.size.variables":"27","STAT.job.coresCount":"1","STAT.job.inputsReadMs":"1146","STAT.job.memoryPeakKB":"112580","STAT.job.modelProcessingMs":"122","STAT.job.outputsWriteMs":"109"},"executionStatus":"PROCESSED","solveStatus":"OPTIMAL_SOLUTION","logTail":["[2023-06-27T08:44:53.539Z, INFO] WARNING: Number of workers has been reduced to 1 to comply with platform limitations.","[2023-06-27T08:44:53.541Z, INFO] Version identifier: 22.1.1.0 | 2023-06-15 | d64d5bd77","[2023-06-27T08:44:53.542Z, INFO] CPXPARAM_Read_DataCheck                          1","[2023-06-27T08:44:53.542Z, INFO] CPXPARAM_Threads                                 1","[2023-06-27T08:44:53.543Z, INFO] CPXPARAM_TimeLimit                               120","[2023-06-27T08:44:53.544Z, INFO] Legacy callback                                  i","[2023-06-27T08:44:53.545Z, INFO] Found incumbent of value 0.000000 after 0.00 sec. (0.00 ticks)","[2023-06-27T08:44:53.545Z, INFO] Tried aggregator 1 time.","[2023-06-27T08:44:53.546Z, INFO] MIP Presolve eliminated 2 rows and 2 columns.","[2023-06-27T08:44:53.547Z, INFO] Reduced MIP has 12 rows, 25 columns, and 50 nonzeros.","[2023-06-27T08:44:53.548Z, INFO] Reduced MIP has 25 binaries, 0 generals, 0 SOSs, and 0 indicators.","[2023-06-27T08:44:53.549Z, INFO] Presolve time = 0.00 sec. (0.03 ticks)","[2023-06-27T08:44:53.549Z, INFO] Probing time = 0.00 sec. (0.01 ticks)","[2023-06-27T08:44:53.550Z, INFO] Tried aggregator 1 time.","[2023-06-27T08:44:53.551Z, INFO] Detecting symmetries...","[2023-06-27T08:44:53.551Z, INFO] Reduced MIP has 12 rows, 25 columns, and 50 nonzeros.","[2023-06-27T08:44:53.552Z, INFO] Reduced MIP has 25 binaries, 0 generals, 0 SOSs, and 0 indicators.","[2023-06-27T08:44:53.553Z, INFO] Presolve time = 0.00 sec. (0.04 ticks)","[2023-06-27T08:44:53.553Z, INFO] Probing time = 0.00 sec. (0.01 ticks)","[2023-06-27T08:44:53.554Z, INFO] Clique table members: 9.","[2023-06-27T08:44:53.555Z, INFO] MIP emphasis: balance optimality and feasibility.","[2023-06-27T08:44:53.556Z, INFO] MIP search method: dynamic search.","[2023-06-27T08:44:53.556Z, INFO] Parallel mode: none, using 1 thread.","[2023-06-27T08:44:53.557Z, INFO] Root relaxation solution time = 0.00 sec. (0.02 ticks)","[2023-06-27T08:44:53.557Z, INFO] ","[2023-06-27T08:44:53.558Z, INFO]         Nodes                                         Cuts/","[2023-06-27T08:44:53.559Z, INFO]    Node  Left     Objective  IInf  Best Integer    Best Bound    ItCnt     Gap","[2023-06-27T08:44:53.559Z, INFO] ","[2023-06-27T08:44:53.560Z, INFO] *     0+    0                            0.0000    29520.0000              --- ","[2023-06-27T08:44:53.560Z, INFO] *     0     0      integral     0    11904.0000    11904.0000       11    0.00%","[2023-06-27T08:44:53.561Z, INFO] Elapsed time = 0.00 sec. (0.14 ticks, tree = 0.00 MB, solutions = 2)","[2023-06-27T08:44:53.561Z, INFO] ","[2023-06-27T08:44:53.562Z, INFO] Root node processing (before b&c):","[2023-06-27T08:44:53.562Z, INFO]   Real time             =    0.00 sec. (0.14 ticks)","[2023-06-27T08:44:53.563Z, INFO] Sequential b&c:","[2023-06-27T08:44:53.564Z, INFO]   Real time             =    0.00 sec. (0.00 ticks)","[2023-06-27T08:44:53.564Z, INFO]                           ------------","[2023-06-27T08:44:53.565Z, INFO] Total (root+branch&cut) =    0.00 sec. (0.14 ticks)","[2023-06-27T08:44:53.570Z, INFO] Solve status: JobSolveStatus.OPTIMAL_SOLUTION","[2023-06-27T08:44:53.571Z, INFO] * model docplex_model1 solved with objective = 11904.000","[2023-06-27T08:44:53.572Z, INFO] *  KPI: the number of Customer-Campaign assignments                                       = 9.000","[2023-06-27T08:44:53.573Z, INFO] *  KPI: overall quality or value of Customer-Campaign assignments according to Candidates = 735.000","[2023-06-27T08:44:53.573Z, INFO] model solve done in 0.015371084213256836 secs","[2023-06-27T08:44:53.574Z, INFO] solution export done in 0.011211395263671875 secs","[2023-06-27T08:44:53.575Z, INFO] AssignedCampaigns.csv"]},"runtimeDetails":{"state":"STARTED"},"taskSetupMillis":3604,"taskSolveMillis":5101,"taskTearDownMillis":917,"jobSpaceId":"3d14a570-f6e3-4665-bd9b-5b4b94d83c31","jobDeploymentId":"65e2605e-7590-47eb-9df1-7a7e9f83974c","jobId":"942f7369-96dd-4f25-ba86-c1db90562ec2","ping":1687855487306}