{"creationTime":1690881337781,"lastModificationTime":1690881353530,"state":"TERMINATED","solveConfig":{"containerId":"SimpleAssignment","solveParameters":{},"setupWebHook":{"verb":"GET","url":"https://internal.api.dataplatform.test.cloud.ibm.com/v1/cognitive/solve/preprocess/SimpleAssignment?projectId=234d5525-b0c4-41e7-b340-d72389121295&parentId=ShiftAssignment","expectedStatus":200,"headers":{}},"tearDownWebHook":{"verb":"GET","url":"https://internal.api.dataplatform.test.cloud.ibm.com/v1/cognitive/solve/postprocess/SimpleAssignment?projectId=234d5525-b0c4-41e7-b340-d72389121295&parentId=ShiftAssignment","expectedStatus":200,"headers":{}}},"jobDetails":{"id":"adc7a67d-d365-448c-965d-bdf79636f0c1","createdAt":1690881344386,"startedAt":1690881345026,"endedAt":1690881347134,"submittedAt":1690881344386,"details":{"KPI.the number of Employee-Shift assignments":"130.0","MODEL_DETAIL_BOOLEAN_VARS":"1664","MODEL_DETAIL_CONSTRAINTS":"246","MODEL_DETAIL_CONTINUOUS_VARS":"0","MODEL_DETAIL_INTEGER_VARS":"0","MODEL_DETAIL_KPIS":"[\"the number of Employee-Shift assignments\"]","MODEL_DETAIL_NONZEROS":"4517","MODEL_DETAIL_OBJECTIVE_SENSE":"maximize","MODEL_DETAIL_TYPE":"MILP","PROGRESS_BEST_OBJECTIVE":"97630.0","PROGRESS_BEST_OBJECTIVE.history":"[[1690881346.41, 97630.0]]","PROGRESS_CURRENT_OBJECTIVE":"97630.0","PROGRESS_CURRENT_OBJECTIVE.history":"[[1690881346.41, 97630.0]]","PROGRESS_GAP":"0.0","PROGRESS_GAP.history":"[[1690881346.41, 0.0]]","STAT.cplex.modelType":"MILP","STAT.cplex.size.booleanVariables":"1664","STAT.cplex.size.constraints":"246","STAT.cplex.size.continousVariables":"0","STAT.cplex.size.integerVariables":"0","STAT.cplex.size.linearConstraints":"246","STAT.cplex.size.quadraticConstraints":"0","STAT.cplex.size.variables":"1664","STAT.job.coresCount":"1","STAT.job.inputsReadMs":"430","STAT.job.memoryPeakKB":"115156","STAT.job.modelProcessingMs":"1022","STAT.job.outputsWriteMs":"416"},"executionStatus":"PROCESSED","solveStatus":"OPTIMAL_SOLUTION","logTail":["[2023-08-01T09:15:46.420Z, INFO] Legacy callback                                  i","[2023-08-01T09:15:46.421Z, INFO] Found incumbent of value 0.000000 after 0.00 sec. (0.04 ticks)","[2023-08-01T09:15:46.422Z, INFO] Tried aggregator 1 time.","[2023-08-01T09:15:46.423Z, INFO] MIP Presolve eliminated 92 rows and 1086 columns.","[2023-08-01T09:15:46.424Z, INFO] Reduced MIP has 154 rows, 578 columns, and 1156 nonzeros.","[2023-08-01T09:15:46.425Z, INFO] Reduced MIP has 578 binaries, 0 generals, 0 SOSs, and 0 indicators.","[2023-08-01T09:15:46.425Z, INFO] Presolve time = 0.00 sec. (1.51 ticks)","[2023-08-01T09:15:46.426Z, INFO] Probing time = 0.00 sec. (0.25 ticks)","[2023-08-01T09:15:46.427Z, INFO] Tried aggregator 1 time.","[2023-08-01T09:15:46.428Z, INFO] MIP Presolve eliminated 122 rows and 449 columns.","[2023-08-01T09:15:46.438Z, INFO] Reduced MIP has 32 rows, 129 columns, and 258 nonzeros.","[2023-08-01T09:15:46.439Z, INFO] Reduced MIP has 129 binaries, 0 generals, 0 SOSs, and 0 indicators.","[2023-08-01T09:15:46.441Z, INFO] Presolve time = 0.00 sec. (0.34 ticks)","[2023-08-01T09:15:46.442Z, INFO] Probing time = 0.00 sec. (0.06 ticks)","[2023-08-01T09:15:46.443Z, INFO] Tried aggregator 1 time.","[2023-08-01T09:15:46.443Z, INFO] Detecting symmetries...","[2023-08-01T09:15:46.444Z, INFO] Reduced MIP has 32 rows, 129 columns, and 258 nonzeros.","[2023-08-01T09:15:46.445Z, INFO] Reduced MIP has 129 binaries, 0 generals, 0 SOSs, and 0 indicators.","[2023-08-01T09:15:46.445Z, INFO] Presolve time = 0.00 sec. (0.27 ticks)","[2023-08-01T09:15:46.446Z, INFO] Probing time = 0.00 sec. (0.06 ticks)","[2023-08-01T09:15:46.447Z, INFO] Clique table members: 24.","[2023-08-01T09:15:46.448Z, INFO] MIP emphasis: balance optimality and feasibility.","[2023-08-01T09:15:46.459Z, INFO] MIP search method: dynamic search.","[2023-08-01T09:15:46.459Z, INFO] Parallel mode: none, using 1 thread.","[2023-08-01T09:15:46.460Z, INFO] Root relaxation solution time = 0.00 sec. (0.17 ticks)","[2023-08-01T09:15:46.461Z, INFO] ","[2023-08-01T09:15:46.461Z, INFO]         Nodes                                         Cuts/","[2023-08-01T09:15:46.462Z, INFO]    Node  Left     Objective  IInf  Best Integer    Best Bound    ItCnt     Gap","[2023-08-01T09:15:46.463Z, INFO] ","[2023-08-01T09:15:46.463Z, INFO] *     0+    0                        79606.0000   176485.0000           121.70%","[2023-08-01T09:15:46.464Z, INFO] *     0     0      integral     0    97630.0000    97630.0000       64    0.00%","[2023-08-01T09:15:46.464Z, INFO] Elapsed time = 0.01 sec. (8.80 ticks, tree = 0.00 MB, solutions = 3)","[2023-08-01T09:15:46.465Z, INFO] ","[2023-08-01T09:15:46.465Z, INFO] Root node processing (before b&c):","[2023-08-01T09:15:46.466Z, INFO]   Real time             =    0.01 sec. (8.88 ticks)","[2023-08-01T09:15:46.466Z, INFO] Sequential b&c:","[2023-08-01T09:15:46.467Z, INFO]   Real time             =    0.00 sec. (0.00 ticks)","[2023-08-01T09:15:46.468Z, INFO]                           ------------","[2023-08-01T09:15:46.478Z, INFO] Total (root+branch&cut) =    0.01 sec. (8.88 ticks)","[2023-08-01T09:15:46.482Z, INFO] Solve status: JobSolveStatus.OPTIMAL_SOLUTION","[2023-08-01T09:15:46.483Z, INFO] * model docplex_model1 solved with objective = 97630.000","[2023-08-01T09:15:46.484Z, INFO] *  KPI: the number of Employee-Shift assignments = 130.000","[2023-08-01T09:15:46.499Z, INFO] model solve done in 0.02275705337524414 secs","[2023-08-01T09:15:46.579Z, INFO] solution export done in 0.1665184497833252 secs","[2023-08-01T09:15:46.579Z, INFO] AssignedShifts.csv"]},"taskSetupMillis":6525,"taskSolveMillis":5222,"taskTearDownMillis":1313,"jobSpaceId":"97b8836e-1fbc-4af4-9adb-e5ae5fa3f705","jobDeploymentId":"a363a29e-463c-48c2-bd17-fd2ea1df9854","jobId":"adc7a67d-d365-448c-965d-bdf79636f0c1","ping":1690881337898}