{"creationTime":1687855261409,"lastModificationTime":1687855514965,"state":"TERMINATED","solveConfig":{"containerId":"ScenarioWithLPFile","solveParameters":{}},"jobDetails":{"id":"a4298a0b-4c32-4935-86a7-6cfdef80c974","createdAt":1687855264103,"startedAt":1687855506637,"endedAt":1687855510231,"submittedAt":1687855264103,"details":{"MODEL_DETAIL_BOOLEAN_VARS":"0","MODEL_DETAIL_CONSTRAINTS":"2","MODEL_DETAIL_CONTINUOUS_VARS":"0","MODEL_DETAIL_INTEGER_VARS":"2","MODEL_DETAIL_KPIS":"[]","MODEL_DETAIL_NONZEROS":"3","MODEL_DETAIL_OBJECTIVE_SENSE":"minimize","MODEL_DETAIL_TYPE":"MILP","PROGRESS_BEST_OBJECTIVE":"100.0","PROGRESS_BEST_OBJECTIVE.history":"[[1687855509.85, 100.0]]","PROGRESS_CURRENT_OBJECTIVE":"100.0","PROGRESS_CURRENT_OBJECTIVE.history":"[[1687855509.85, 100.0]]","PROGRESS_GAP":"0.0","PROGRESS_GAP.history":"[[1687855509.85, 0.0]]","STAT.cplex.modelType":"MILP","STAT.cplex.size.booleanVariables":"0","STAT.cplex.size.constraints":"2","STAT.cplex.size.continousVariables":"0","STAT.cplex.size.integerVariables":"2","STAT.cplex.size.linearConstraints":"2","STAT.cplex.size.quadraticConstraints":"0","STAT.cplex.size.variables":"2","STAT.job.coresCount":"1","STAT.job.inputsReadMs":"2695","STAT.job.memoryPeakKB":"115240","STAT.job.modelProcessingMs":"372","STAT.job.outputsWriteMs":"180"},"executionStatus":"PROCESSED","solveStatus":"OPTIMAL_SOLUTION","logTail":["[2023-06-27T08:45:09.372Z, WARNING] Python 3.10 is used as default with pandas 1.4.3 libraries.","[2023-06-27T08:45:09.504Z, INFO] {}","[2023-06-27T08:45:09.845Z, INFO] Model: diet1","[2023-06-27T08:45:09.846Z, INFO]  - number of variables: 2","[2023-06-27T08:45:09.847Z, INFO]    - binary=0, integer=2, continuous=0","[2023-06-27T08:45:09.847Z, INFO]  - number of constraints: 2","[2023-06-27T08:45:09.848Z, INFO]    - linear=2","[2023-06-27T08:45:09.848Z, INFO]  - parameters: defaults","[2023-06-27T08:45:09.849Z, INFO]  - objective: minimize","[2023-06-27T08:45:09.849Z, INFO]  - problem type is: MILP","[2023-06-27T08:45:09.880Z, INFO] WARNING: Number of workers has been reduced to 1 to comply with platform limitations.","[2023-06-27T08:45:09.882Z, INFO] Version identifier: 22.1.1.0 | 2023-06-15 | d64d5bd77","[2023-06-27T08:45:09.884Z, INFO] CPXPARAM_Read_DataCheck                          1","[2023-06-27T08:45:09.885Z, INFO] CPXPARAM_Threads                                 1","[2023-06-27T08:45:09.886Z, INFO] Legacy callback                                  i","[2023-06-27T08:45:09.888Z, INFO] 1 of 1 MIP starts provided solutions.","[2023-06-27T08:45:09.889Z, INFO] MIP start 'm1' defined initial solution with objective 100.0000.","[2023-06-27T08:45:09.891Z, INFO] Tried aggregator 1 time.","[2023-06-27T08:45:09.892Z, INFO] MIP Presolve eliminated 2 rows and 2 columns.","[2023-06-27T08:45:09.893Z, INFO] All rows and columns eliminated.","[2023-06-27T08:45:09.894Z, INFO] Presolve time = 0.00 sec. (0.00 ticks)","[2023-06-27T08:45:09.895Z, INFO] ","[2023-06-27T08:45:09.896Z, INFO] Root node processing (before b&c):","[2023-06-27T08:45:09.898Z, INFO]   Real time             =    0.00 sec. (0.00 ticks)","[2023-06-27T08:45:09.899Z, INFO] Sequential b&c:","[2023-06-27T08:45:09.900Z, INFO]   Real time             =    0.00 sec. (0.00 ticks)","[2023-06-27T08:45:09.901Z, INFO]                           ------------","[2023-06-27T08:45:09.902Z, INFO] Total (root+branch&cut) =    0.00 sec. (0.00 ticks)","[2023-06-27T08:45:09.908Z, INFO] status: integer optimal solution","[2023-06-27T08:45:09.909Z, INFO] obj val: 100.0","[2023-06-27T08:45:09.910Z, INFO] solution.csv"]},"runtimeDetails":{"state":"STARTED"},"taskSetupMillis":2581,"taskSolveMillis":250100,"taskTearDownMillis":0,"jobSpaceId":"3d14a570-f6e3-4665-bd9b-5b4b94d83c31","jobDeploymentId":"74f5f1e7-7c8f-49b8-b358-6015834bd873","jobId":"a4298a0b-4c32-4935-86a7-6cfdef80c974","ping":1687855501715}