{"creationTime":1690884030801,"lastModificationTime":1690884045559,"state":"TERMINATED","solveConfig":{"containerId":"Copy 05","solveParameters":{"oaas.logAttachmentName":"log.txt","oaas.logTailEnabled":"true"}},"jobDetails":{"id":"a6e31b09-529c-44d7-b637-2dc70e521551","createdAt":1690884037334,"startedAt":1690884037944,"endedAt":1690884041220,"submittedAt":1690884037334,"details":{"KPI.Nb Fix Used":"40.0","KPI.Nb Temp Used":"18.0","KPI.Total Cost":"5080.0","MODEL_DETAIL_BOOLEAN_VARS":"0","MODEL_DETAIL_CONSTRAINTS":"588","MODEL_DETAIL_CONTINUOUS_VARS":"0","MODEL_DETAIL_INTEGER_VARS":"774","MODEL_DETAIL_KPIS":"[\"Total Cost\", \"Nb Fix Used\", \"Nb Temp Used\"]","MODEL_DETAIL_NONZEROS":"6234","MODEL_DETAIL_OBJECTIVE_SENSE":"minimize","MODEL_DETAIL_TYPE":"MILP","PROGRESS_BEST_OBJECTIVE":"5080.0","PROGRESS_BEST_OBJECTIVE.history":"[[1690884040.64, 5080.0]]","PROGRESS_CURRENT_OBJECTIVE":"5080.0","PROGRESS_CURRENT_OBJECTIVE.history":"[[1690884040.64, 5080.0]]","PROGRESS_GAP":"0.0","PROGRESS_GAP.history":"[[1690884040.64, 0.0]]","STAT.cplex.modelType":"MILP","STAT.cplex.size.booleanVariables":"0","STAT.cplex.size.constraints":"588","STAT.cplex.size.continousVariables":"0","STAT.cplex.size.integerVariables":"774","STAT.cplex.size.linearConstraints":"588","STAT.cplex.size.quadraticConstraints":"0","STAT.cplex.size.variables":"774","STAT.job.coresCount":"1","STAT.job.inputsReadMs":"2197","STAT.job.memoryPeakKB":"113156","STAT.job.modelProcessingMs":"507","STAT.job.outputsWriteMs":"408"},"executionStatus":"PROCESSED","solveStatus":"OPTIMAL_SOLUTION","logTail":["[2023-08-01T10:00:40.153Z, WARNING] Python 3.10 is used as default with pandas 1.4.3 libraries.","[2023-08-01T10:00:40.185Z, INFO] {'resources.csv': {'id': 'str'}}","[2023-08-01T10:00:40.634Z, INFO] WARNING: Number of workers has been reduced to 1 to comply with platform limitations.","[2023-08-01T10:00:40.635Z, INFO] Version identifier: 22.1.1.0 | 2023-06-15 | d64d5bd77","[2023-08-01T10:00:40.636Z, INFO] CPXPARAM_Read_DataCheck                          1","[2023-08-01T10:00:40.637Z, INFO] CPXPARAM_Threads                                 1","[2023-08-01T10:00:40.637Z, INFO] Legacy callback                                  i","[2023-08-01T10:00:40.638Z, INFO] Tried aggregator 2 times.","[2023-08-01T10:00:40.638Z, INFO] MIP Presolve eliminated 203 rows and 81 columns.","[2023-08-01T10:00:40.639Z, INFO] Aggregator did 257 substitutions.","[2023-08-01T10:00:40.639Z, INFO] Reduced MIP has 128 rows, 307 columns, and 3741 nonzeros.","[2023-08-01T10:00:40.640Z, INFO] Reduced MIP has 0 binaries, 307 generals, 0 SOSs, and 0 indicators.","[2023-08-01T10:00:40.641Z, INFO] Presolve time = 0.00 sec. (3.96 ticks)","[2023-08-01T10:00:40.642Z, INFO] Found incumbent of value 5200.000000 after 0.02 sec. (8.78 ticks)","[2023-08-01T10:00:40.643Z, INFO] Tried aggregator 1 time.","[2023-08-01T10:00:40.643Z, INFO] Detecting symmetries...","[2023-08-01T10:00:40.644Z, INFO] Reduced MIP has 128 rows, 307 columns, and 3741 nonzeros.","[2023-08-01T10:00:40.652Z, INFO] Reduced MIP has 0 binaries, 307 generals, 0 SOSs, and 0 indicators.","[2023-08-01T10:00:40.653Z, INFO] Presolve time = 0.00 sec. (1.50 ticks)","[2023-08-01T10:00:40.653Z, INFO] MIP emphasis: balance optimality and feasibility.","[2023-08-01T10:00:40.654Z, INFO] MIP search method: dynamic search.","[2023-08-01T10:00:40.654Z, INFO] Parallel mode: none, using 1 thread.","[2023-08-01T10:00:40.655Z, INFO] Root relaxation solution time = 0.00 sec. (0.60 ticks)","[2023-08-01T10:00:40.655Z, INFO] ","[2023-08-01T10:00:40.655Z, INFO]         Nodes                                         Cuts/","[2023-08-01T10:00:40.656Z, INFO]    Node  Left     Objective  IInf  Best Integer    Best Bound    ItCnt     Gap","[2023-08-01T10:00:40.656Z, INFO] ","[2023-08-01T10:00:40.656Z, INFO] *     0+    0                         5200.0000     1000.0000            80.77%","[2023-08-01T10:00:40.656Z, INFO] *     0     0      integral     0     5080.0000     5080.0000       45    0.00%","[2023-08-01T10:00:40.657Z, INFO] Elapsed time = 0.02 sec. (11.44 ticks, tree = 0.00 MB, solutions = 2)","[2023-08-01T10:00:40.657Z, INFO] ","[2023-08-01T10:00:40.657Z, INFO] Root node processing (before b&c):","[2023-08-01T10:00:40.658Z, INFO]   Real time             =    0.02 sec. (11.47 ticks)","[2023-08-01T10:00:40.658Z, INFO] Sequential b&c:","[2023-08-01T10:00:40.658Z, INFO]   Real time             =    0.00 sec. (0.00 ticks)","[2023-08-01T10:00:40.658Z, INFO]                           ------------","[2023-08-01T10:00:40.659Z, INFO] Total (root+branch&cut) =    0.02 sec. (11.47 ticks)","[2023-08-01T10:00:40.672Z, INFO]   Feasible 5080.0","[2023-08-01T10:00:40.675Z, INFO] starts.csv","[2023-08-01T10:00:40.677Z, INFO] works.csv","[2023-08-01T10:00:40.692Z, INFO] nr.csv"]},"taskSetupMillis":6397,"taskSolveMillis":5525,"taskTearDownMillis":1,"jobSpaceId":"97b8836e-1fbc-4af4-9adb-e5ae5fa3f705","jobDeploymentId":"5fc57a62-ae21-40bd-9138-2768a0087bd1","jobId":"a6e31b09-529c-44d7-b637-2dc70e521551","ping":1690884030976}