{"qualifiers":[{"name":"modelType","value":"python"}],"categories":{"output":{"assets":{"solution.json":{"type":"Asset"},"stats.csv":{"type":"Table"},"kpis.csv":{"type":"Table"},"log.txt":{"type":"Asset"},"solution.csv":{"type":"Table"}}},"input":{"assets":{"diet_nutrients.csv":{"type":"Table"},"diet_food.csv":{"type":"Table"},"diet_food_nutrients.csv":{"type":"Table"}}},"model":{"assets":{"model.py":{"type":"Asset"}}},"dashboard-file":{"assets":{"dashboard.json":{"type":"Asset"}}}},"category":"scenario"}