{"creationTime":1687854991100,"lastModificationTime":1687855068859,"state":"TERMINATED","solveConfig":{"containerId":"Scenario 1","solveParameters":{"oaas.logAttachmentName":"log.txt"}},"jobDetails":{"id":"2726fab2-401c-43ae-9785-debb2fe3762e","createdAt":1687854992783,"startedAt":1687855058666,"endedAt":1687855065209,"submittedAt":1687854992783,"details":{"KPI.Minimal cost":"2.690409171696264","KPI.Total Calcium":"800.0000000000001","KPI.Total Calories":"2000.0","KPI.Total Carbohydrates":"256.80576358904455","KPI.Total Dietary_Fiber":"25.0","KPI.Total Iron":"11.278317739831891","KPI.Total Protein":"51.17372234135308","KPI.Total Vit_A":"8518.432542485823","MODEL_DETAIL_BOOLEAN_VARS":"0","MODEL_DETAIL_CONSTRAINTS":"16","MODEL_DETAIL_CONTINUOUS_VARS":"9","MODEL_DETAIL_INTEGER_VARS":"0","MODEL_DETAIL_KPIS":"[\"Total Calories\", \"Total Calcium\", \"Total Iron\", \"Total Vit_A\", \"Total Dietary_Fiber\", \"Total Carbohydrates\", \"Total Protein\", \"Minimal cost\"]","MODEL_DETAIL_NONZEROS":"66","MODEL_DETAIL_OBJECTIVE_SENSE":"minimize","MODEL_DETAIL_TYPE":"LP","PROGRESS_CURRENT_OBJECTIVE":"2.6904091716962637","PROGRESS_CURRENT_OBJECTIVE.history":"[[1687855064.45, 2.6904091716962637]]","STAT.cplex.modelType":"LP","STAT.cplex.size.booleanVariables":"0","STAT.cplex.size.constraints":"16","STAT.cplex.size.continousVariables":"9","STAT.cplex.size.integerVariables":"0","STAT.cplex.size.linearConstraints":"16","STAT.cplex.size.quadraticConstraints":"0","STAT.cplex.size.variables":"9","STAT.job.coresCount":"1","STAT.job.inputsReadMs":"5245","STAT.job.memoryPeakKB":"113748","STAT.job.modelProcessingMs":"379","STAT.job.outputsWriteMs":"558"},"executionStatus":"PROCESSED","solveStatus":"OPTIMAL_SOLUTION","logTail":["[2023-06-27T08:37:43.952Z, WARNING] Python 3.10 is used as default with pandas 1.4.3 libraries.","[2023-06-27T08:37:44.091Z, INFO] {'diet_food.csv': {'name': 'str'}, 'diet_food_nutrients.csv': {'Food': 'str'}, 'diet_nutrients.csv': {'name': 'str'}}","[2023-06-27T08:37:44.438Z, INFO] Model: diet","[2023-06-27T08:37:44.439Z, INFO]  - number of variables: 9","[2023-06-27T08:37:44.440Z, INFO]    - binary=0, integer=0, continuous=9","[2023-06-27T08:37:44.441Z, INFO]  - number of constraints: 16","[2023-06-27T08:37:44.442Z, INFO]    - linear=16","[2023-06-27T08:37:44.443Z, INFO]  - parameters: defaults","[2023-06-27T08:37:44.444Z, INFO]  - objective: minimize","[2023-06-27T08:37:44.444Z, INFO]  - problem type is: LP","[2023-06-27T08:37:44.445Z, INFO] Warning: Model: \"diet\" is not a MIP problem, progress listeners are disabled","[2023-06-27T08:37:44.500Z, INFO] objective: 2.690","[2023-06-27T08:37:44.501Z, INFO] status: OPTIMAL_SOLUTION(2)","[2023-06-27T08:37:44.502Z, INFO]   \"qty_Spaghetti W/ Sauce\"=2.155","[2023-06-27T08:37:44.503Z, INFO]   \"qty_Chocolate Chip Cookies\"=10.000","[2023-06-27T08:37:44.504Z, INFO]   \"qty_Lowfat Milk\"=1.831","[2023-06-27T08:37:44.505Z, INFO]   \"qty_Hotdog\"=0.930","[2023-06-27T08:37:44.506Z, INFO] solution.csv"]},"runtimeDetails":{"state":"STARTED"},"taskSetupMillis":1568,"taskSolveMillis":75070,"taskTearDownMillis":1,"jobSpaceId":"3d14a570-f6e3-4665-bd9b-5b4b94d83c31","jobDeploymentId":"e385f49e-293e-4da7-b2f0-599af3a05ce9","jobId":"2726fab2-401c-43ae-9785-debb2fe3762e","ping":1687855051230}