{"retry":0,"creationTime":1527264571257,"lastModificationTime":1527264573971,"state":"TERMINATED","solveConfig":{"containerId":"Copy 05","collectEngineLog":true,"solveParameters":{"oaas.logAttachmentName":"log.txt","oaas.logTailEnabled":"true"}},"jobId":"job.0af5d3e9-8f7f-4962-9c9d-45c542616312","transactionId":"4ed0a4a3-4aa8-4fb8-b6cc-8697fc326135","dataContainerId":"1dbcb418-d122-489c-8f2b-027e948a31ed","jobDetails":{"id":"job.0af5d3e9-8f7f-4962-9c9d-45c542616312","createdAt":1527264571556,"startedAt":1527264571636,"endedAt":1527264573708,"endReportedAt":1527264573726,"submittedAt":1527264571556,"updatedAt":1527264573708,"applicationVersionUsed":"1.0-release_to_dsxl_ce-b3","details":{"MODEL_DETAIL_BOOLEAN_VARS":"0","MODEL_DETAIL_CONSTRAINTS":"588","MODEL_DETAIL_CONTINUOUS_VARS":"0","MODEL_DETAIL_KPIS":"[\"Total Cost\", \"Nb Fix Used\", \"Nb Temp Used\"]","MODEL_DETAIL_INTEGER_VARS":"774","PROGRESS_GAP":"0.0","MODEL_DETAIL_NONZEROS":"6234","PROGRESS_BEST_OBJECTIVE":"5860.0","KPI.Nb Temp Used":"31.0","KPI.Nb Fix Used":"40.0","MODEL_DETAIL_TYPE":"MILP","PROGRESS_CURRENT_OBJECTIVE":"5860","KPI.Total Cost":"5860"},"systemDetails":{"worker.process.max.memory":"524288","worker.cores.total":"8","worker.cores.default":"1","worker.process.cpu.set":null,"worker.heap.max":"524288","worker.data.read.bytes":"9324","worker.data.write.duration":"314","worker.processing.duration":"2025","worker.process.peak.swap":"0","worker.log.write.duration":"6","worker.process.processing.duration":"1371","worker.data.read.duration":"67","worker.jms.write.chars":"15748","worker.log.write.chars":"1066","worker.data.write.bytes":"11963","worker.heap.used":"105433","worker.process.peak.memory":"101768","worker.setup.duration":"37","worker.jms.write.duration":"40"},"executionStatus":"PROCESSED","solveStatus":"OPTIMAL_SOLUTION","logTail":["[2018-05-25T16:09:33Z, INFO] WARNING: Number of workers has been reduced to 1 to comply with platform limitations.","[2018-05-25T16:09:33Z, INFO] CPXPARAM_Read_DataCheck                          1","[2018-05-25T16:09:33Z, INFO] CPXPARAM_Threads                                 1","[2018-05-25T16:09:33Z, INFO] Tried aggregator 2 times.","[2018-05-25T16:09:33Z, INFO] MIP Presolve eliminated 74 rows and 85 columns.","[2018-05-25T16:09:33Z, INFO] Aggregator did 386 substitutions.","[2018-05-25T16:09:33Z, INFO] Reduced MIP has 128 rows, 303 columns, and 3676 nonzeros.","[2018-05-25T16:09:33Z, INFO] Reduced MIP has 0 binaries, 303 generals, 0 SOSs, and 0 indicators.","[2018-05-25T16:09:33Z, INFO] Presolve time = 0.01 sec. (3.86 ticks)","[2018-05-25T16:09:33Z, INFO] Found incumbent of value 7000.000000 after 0.01 sec. (8.80 ticks)","[2018-05-25T16:09:33Z, INFO] Tried aggregator 1 time.","[2018-05-25T16:09:33Z, INFO] Reduced MIP has 128 rows, 303 columns, and 3676 nonzeros.","[2018-05-25T16:09:33Z, INFO] Reduced MIP has 0 binaries, 303 generals, 0 SOSs, and 0 indicators.","[2018-05-25T16:09:33Z, INFO] Presolve time = 0.00 sec. (1.43 ticks)","[2018-05-25T16:09:33Z, INFO] MIP emphasis: balance optimality and feasibility.","[2018-05-25T16:09:33Z, INFO] MIP search method: dynamic search.","[2018-05-25T16:09:33Z, INFO] Parallel mode: none, using 1 thread.","[2018-05-25T16:09:33Z, INFO] Root relaxation solution time = 0.00 sec. (1.02 ticks)","[2018-05-25T16:09:33Z, INFO] ","[2018-05-25T16:09:33Z, INFO]         Nodes                                         Cuts/","[2018-05-25T16:09:33Z, INFO]    Node  Left     Objective  IInf  Best Integer    Best Bound    ItCnt     Gap","[2018-05-25T16:09:33Z, INFO] *     0+    0                         7000.0000     1000.0000            85.71%","[2018-05-25T16:09:33Z, INFO] *     0     0      integral     0     5860.0000     5860.0000      101    0.00%","[2018-05-25T16:09:33Z, INFO] Elapsed time = 0.02 sec. (11.80 ticks, tree = 0.00 MB","[2018-05-25T16:09:33Z, INFO] , solutions = 2","[2018-05-25T16:09:33Z, INFO] )","[2018-05-25T16:09:33Z, INFO] ","[2018-05-25T16:09:33Z, INFO] Root node processing (before b&c):","[2018-05-25T16:09:33Z, INFO]   Real time             =    0.02 sec. (11.85 ticks)","[2018-05-25T16:09:33Z, INFO] Sequential b&c:","[2018-05-25T16:09:33Z, INFO]   Real time             =    0.00 sec. (0.00 ticks)","[2018-05-25T16:09:33Z, INFO]                           ------------","[2018-05-25T16:09:33Z, INFO] Total (root+branch&cut) =    0.02 sec. (11.85 ticks)","[2018-05-25T16:09:33Z, INFO]   Feasible 5860"]},"runtimeDetails":{"state":"STARTED"},"taskSetupMillis":274,"taskSolveMillis":2301,"taskTearDownMillis":0,"jobUri":"http://dods-processor-server-1527263617784-1016-svc/dd-execution/api/v1/solve/job.0af5d3e9-8f7f-4962-9c9d-45c542616312"}