{"creationTime":1651064027030,"lastModificationTime":1651064027030,"state":"TERMINATED","solveConfig":{"containerId":"scenario 2","solveParameters":{"oaas.logAttachmentName":"log.txt","oaas.logTailEnabled":"true"},"setupWebHook":{"verb":"GET","url":"https://internal-nginx-svc:12443/v1/cognitive/solve/preprocess/scenario%202?projectId=0e14ce68-22dd-40e6-b646-df3586b97c0e&parentId=MarketingCampaignAssignment","expectedStatus":200,"headers":{}},"tearDownWebHook":{"verb":"GET","url":"https://internal-nginx-svc:12443/v1/cognitive/solve/postprocess/scenario%202?projectId=0e14ce68-22dd-40e6-b646-df3586b97c0e&parentId=MarketingCampaignAssignment","expectedStatus":200,"headers":{}}},"jobDetails":{"id":"005b6dc6-78de-4bdb-a720-a2a8fa47c772","createdAt":1648646418903,"startedAt":1648646422412,"endedAt":1648646423516,"submittedAt":1648646418903,"details":{"KPI.overall quality or value of Customer-Campaign assignments according to Candidates":"745.0","KPI.the number of Customer-Campaign assignments":"9.0","MODEL_DETAIL_BOOLEAN_VARS":"27","MODEL_DETAIL_CONSTRAINTS":"12","MODEL_DETAIL_CONTINUOUS_VARS":"0","MODEL_DETAIL_INTEGER_VARS":"0","MODEL_DETAIL_KPIS":"[\"the number of Customer-Campaign assignments\", \"overall quality or value of Customer-Campaign assignments according to Candidates\"]","MODEL_DETAIL_NONZEROS":"54","MODEL_DETAIL_OBJECTIVE_SENSE":"maximize","MODEL_DETAIL_TYPE":"MILP","PROGRESS_BEST_OBJECTIVE":"12064.0","PROGRESS_BEST_OBJECTIVE.history":"[[1648646422.92, 12064.0]]","PROGRESS_CURRENT_OBJECTIVE":"12064.0","PROGRESS_CURRENT_OBJECTIVE.history":"[[1648646422.92, 12064.0]]","PROGRESS_GAP":"0.0","PROGRESS_GAP.history":"[[1648646422.92, 0.0]]","STAT.cplex.modelType":"MILP","STAT.cplex.size.booleanVariables":"27","STAT.cplex.size.constraints":"12","STAT.cplex.size.continousVariables":"0","STAT.cplex.size.integerVariables":"0","STAT.cplex.size.linearConstraints":"12","STAT.cplex.size.quadraticConstraints":"0","STAT.cplex.size.variables":"27","STAT.job.coresCount":"1","STAT.job.inputsReadMs":"297","STAT.job.memoryPeakKB":"106720","STAT.job.modelProcessingMs":"183","STAT.job.outputsWriteMs":"343"},"executionStatus":"PROCESSED","solveStatus":"OPTIMAL_SOLUTION","logTail":["[2022-03-30T13:20:22Z, INFO] * running wado model","[2022-03-30T13:20:22Z, INFO] WARNING: Number of workers has been reduced to 1 to comply with platform limitations.","[2022-03-30T13:20:22Z, INFO] Version identifier: 20.1.0.1 | 2021-12-07 | 9dfdf6686","[2022-03-30T13:20:22Z, INFO] CPXPARAM_Read_DataCheck                          1","[2022-03-30T13:20:22Z, INFO] CPXPARAM_Threads                                 1","[2022-03-30T13:20:22Z, INFO] CPXPARAM_TimeLimit                               120","[2022-03-30T13:20:22Z, INFO] Legacy callback                                  i","[2022-03-30T13:20:22Z, INFO] Found incumbent of value 0.000000 after 0.00 sec. (0.00 ticks)","[2022-03-30T13:20:22Z, INFO] Tried aggregator 1 time.","[2022-03-30T13:20:22Z, INFO] Reduced MIP has 12 rows, 27 columns, and 54 nonzeros.","[2022-03-30T13:20:22Z, INFO] Reduced MIP has 27 binaries, 0 generals, 0 SOSs, and 0 indicators.","[2022-03-30T13:20:22Z, INFO] Presolve time = 0.00 sec. (0.03 ticks)","[2022-03-30T13:20:22Z, INFO] Probing time = 0.00 sec. (0.01 ticks)","[2022-03-30T13:20:22Z, INFO] Tried aggregator 1 time.","[2022-03-30T13:20:22Z, INFO] Detecting symmetries...","[2022-03-30T13:20:22Z, INFO] Reduced MIP has 12 rows, 27 columns, and 54 nonzeros.","[2022-03-30T13:20:22Z, INFO] Reduced MIP has 27 binaries, 0 generals, 0 SOSs, and 0 indicators.","[2022-03-30T13:20:22Z, INFO] Presolve time = 0.00 sec. (0.04 ticks)","[2022-03-30T13:20:22Z, INFO] Probing time = 0.00 sec. (0.01 ticks)","[2022-03-30T13:20:22Z, INFO] Clique table members: 9.","[2022-03-30T13:20:22Z, INFO] MIP emphasis: balance optimality and feasibility.","[2022-03-30T13:20:22Z, INFO] MIP search method: dynamic search.","[2022-03-30T13:20:22Z, INFO] Parallel mode: none, using 1 thread.","[2022-03-30T13:20:22Z, INFO] Root relaxation solution time = 0.00 sec. (0.03 ticks)","[2022-03-30T13:20:22Z, INFO] ","[2022-03-30T13:20:22Z, INFO]         Nodes                                         Cuts/","[2022-03-30T13:20:22Z, INFO]    Node  Left     Objective  IInf  Best Integer    Best Bound    ItCnt     Gap","[2022-03-30T13:20:22Z, INFO] ","[2022-03-30T13:20:22Z, INFO] *     0+    0                            0.0000    32032.0000              --- ","[2022-03-30T13:20:22Z, INFO] *     0     0      integral     0    12064.0000    12064.0000       12    0.00%","[2022-03-30T13:20:22Z, INFO] Elapsed time = 0.00 sec. (0.15 ticks, tree = 0.00 MB, solutions = 2)","[2022-03-30T13:20:22Z, INFO] ","[2022-03-30T13:20:22Z, INFO] Root node processing (before b&c):","[2022-03-30T13:20:22Z, INFO]   Real time             =    0.00 sec. (0.15 ticks)","[2022-03-30T13:20:22Z, INFO] Sequential b&c:","[2022-03-30T13:20:22Z, INFO]   Real time             =    0.00 sec. (0.00 ticks)","[2022-03-30T13:20:23Z, INFO]                           ------------","[2022-03-30T13:20:23Z, INFO] Total (root+branch&cut) =    0.00 sec. (0.15 ticks)","[2022-03-30T13:20:23Z, INFO] Solve status: JobSolveStatus.OPTIMAL_SOLUTION","[2022-03-30T13:20:23Z, INFO] * model docplex_model1 solved with objective = 12064.000","[2022-03-30T13:20:23Z, INFO] *  KPI: the number of Customer-Campaign assignments                                       = 9.000","[2022-03-30T13:20:23Z, INFO] *  KPI: overall quality or value of Customer-Campaign assignments according to Candidates = 745.000","[2022-03-30T13:20:23Z, INFO] model solve done in 0.019463539123535156 secs","[2022-03-30T13:20:23Z, INFO] solution export done in 0.01172018051147461 secs","[2022-03-30T13:20:23Z, INFO] AssignedCampaigns.csv"]},"runtimeDetails":{"state":"STARTED"},"taskSetupMillis":1900,"taskSolveMillis":6167,"taskTearDownMillis":3063,"jobSpaceId":"5f6efc9a-f726-4409-b93e-446a080a3f16","jobDeploymentId":"6cd79da5-6a38-498a-8f1f-448152e6fcbc","jobId":"005b6dc6-78de-4bdb-a720-a2a8fa47c772","ping":1648646417012}