{"qualifiers":[{"name":"isCognitive","value":"false"},{"name":"modelReady","value":"true"}],"categories":{"output":{"assets":{"solution.json":{"type":"Asset"},"kpis.csv":{"type":"Table"},"stats.csv":{"type":"Table"},"my_solution.csv":{"type":"Table"},"log.txt":{"type":"Asset"},"solution.csv":{"type":"Table"}}},"":{"assets":{"dashboard.json":{"type":"Asset"}}},"input":{"assets":{"orders.csv":{"type":"Table"},"truckConfigurations.csv":{"type":"Table"},"allowedConfigs.csv":{"type":"Table"},"configurationTransitionCost.csv":{"type":"Table"}}},"model":{"assets":{"model.py":{"type":"Asset"}}}},"category":"scenario"}