{
  "cpSerializationFormatVersion" : "1.20",
  "documentId" : "SearchNext",
  "responseTo" : "SearchNext" ,
  "solutionStatus" : { 
    "solveStatus" : "Feasible",
    "failStatus" : "SearchStoppedByLimit",
    "SearchStatus" : "SearchOngoing",
    "SearchStopCause" : "SearchHasNotBeenStopped",
    "nextStatus" : "NextFalse"
  } ,
  "bounds" : [ 20, 10 ] ,
  "objectives" : [ 26, 13 ] ,
  "gaps" : [ 0.230769, "infinity" ] ,
  "KPIs" : { 
    "cost" : 26, 
    "nbDeliveries" : 13
  } ,
  "intVars" : { 
    "truckConfigs_0" : 2, 
    "truckConfigs_1" : 2, 
    "transitionCost_0" : 0, 
    "truckConfigs_2" : 2, 
    "transitionCost_1" : 0, 
    "truckConfigs_3" : 2, 
    "transitionCost_2" : 0, 
    "truckConfigs_4" : 0, 
    "transitionCost_3" : 0, 
    "truckConfigs_5" : 0, 
    "transitionCost_4" : 0, 
    "truckConfigs_6" : 0, 
    "transitionCost_5" : 0, 
    "truckConfigs_7" : 0, 
    "transitionCost_6" : 0, 
    "truckConfigs_8" : 0, 
    "transitionCost_7" : 0, 
    "truckConfigs_9" : 0, 
    "transitionCost_8" : 0, 
    "truckConfigs_10" : 1, 
    "transitionCost_9" : 0, 
    "truckConfigs_11" : 1, 
    "transitionCost_10" : 0, 
    "truckConfigs_12" : 1, 
    "transitionCost_11" : 0, 
    "truckConfigs_13" : 1, 
    "transitionCost_12" : 0, 
    "truckConfigs_14" : 1, 
    "transitionCost_13" : 0, 
    "_INT_1" : 13, 
    "where_0" : 12, 
    "where_1" : 1, 
    "where_2" : 8, 
    "where_3" : 12, 
    "where_4" : 10, 
    "where_5" : 12, 
    "where_6" : 6, 
    "where_7" : 9, 
    "where_8" : 7, 
    "where_9" : 7, 
    "where_10" : 2, 
    "where_11" : 2, 
    "where_12" : 3, 
    "where_13" : 9, 
    "where_14" : 3, 
    "where_15" : 11, 
    "where_16" : 4, 
    "where_17" : 0, 
    "where_18" : 5, 
    "where_19" : 5, 
    "where_20" : 5, 
    "load_0" : 11, 
    "load_1" : 4, 
    "load_2" : 11, 
    "load_3" : 5, 
    "load_4" : 6, 
    "load_5" : 10, 
    "load_6" : 11, 
    "load_7" : 7, 
    "load_8" : 3, 
    "load_9" : 9, 
    "load_10" : 5, 
    "load_11" : 5, 
    "load_12" : 9, 
    "load_13" : 0, 
    "load_14" : 0, 
    "_INT_2" : 1, 
    "_INT_3" : 2, 
    "_INT_4" : 0, 
    "_INT_5" : 1, 
    "_INT_6" : 1, 
    "_INT_7" : 1, 
    "_INT_8" : 0, 
    "_INT_9" : 0, 
    "_INT_10" : 0, 
    "_INT_11" : 0, 
    "_INT_12" : 2, 
    "_INT_13" : 2, 
    "_INT_14" : 2, 
    "_INT_15" : 0, 
    "_INT_16" : 2, 
    "_INT_17" : 1, 
    "_INT_18" : 0, 
    "_INT_19" : 2, 
    "_INT_20" : 0, 
    "_INT_21" : 0, 
    "_INT_22" : 0, 
    "customerOfTruck_0" : 2, 
    "customerOfTruck_1" : 0, 
    "customerOfTruck_2" : 1, 
    "customerOfTruck_3" : 1, 
    "customerOfTruck_4" : 2, 
    "customerOfTruck_5" : 2, 
    "customerOfTruck_6" : 0, 
    "customerOfTruck_7" : 1, 
    "customerOfTruck_8" : 0, 
    "customerOfTruck_9" : 1, 
    "customerOfTruck_10" : 0, 
    "customerOfTruck_11" : 2, 
    "customerOfTruck_12" : 0, 
    "customerOfTruck_13" : 0, 
    "customerOfTruck_14" : 0
  } ,
  "cpInfo" : { 
    "DepthFirstIdleTime" : 0, 
    "EffectiveDepthFirstWorkers" : 0, 
    "EffectiveIterativeDivingWorkers" : 0, 
    "EffectiveMultiPointWorkers" : 0, 
    "EffectiveNeighborhoodWorkers" : 0, 
    "EffectiveOptimalityTolerance" : "infinity", 
    "EffectiveRestartWorkers" : 1, 
    "EffectiveWorkers" : 1, 
    "ExtractionTime" : 0.01, 
    "FailStatus" : "SearchStoppedByLimit", 
    "IterativeDivingIdleTime" : 0, 
    "MemoryUsage" : 5832864, 
    "MultiPointIdleTime" : 0, 
    "NeighborhoodIdleTime" : 0, 
    "NumberOfAuxiliaryVariables" : 0, 
    "NumberOfBlackboxCalls" : 0, 
    "NumberOfBlackboxes" : 0, 
    "NumberOfBranches" : 19239455, 
    "NumberOfChoicePoints" : 9883394, 
    "NumberOfConstraints" : 114, 
    "NumberOfConstraintsAdded" : 0, 
    "NumberOfConstraintsAggregated" : 0, 
    "NumberOfConstraintsGenerated" : 0, 
    "NumberOfConstraintsRemoved" : 0, 
    "NumberOfCriteria" : 2, 
    "NumberOfEngineConstraints" : 177, 
    "NumberOfEngineVariables" : 179, 
    "NumberOfErrors" : 0, 
    "NumberOfFails" : 9411072, 
    "NumberOfIntegerVariables" : 102, 
    "NumberOfIntervalVariables" : 0, 
    "NumberOfPresolveTransformations" : 0, 
    "NumberOfSequenceVariables" : 0, 
    "NumberOfSolutions" : 3, 
    "NumberOfStateFunctions" : 0, 
    "NumberOfUnboundModelVariables" : 102, 
    "NumberOfUnboundModelVariablesInLogPeriod" : 17, 
    "NumberOfVariables" : 102, 
    "NumberOfWarnings" : 0, 
    "PeakMemoryUsage" : 5833157, 
    "PresolveTime" : 0.01, 
    "RestartIdleTime" : 0, 
    "SearchStatus" : "SearchOngoing", 
    "SearchStopCause" : "SearchHasNotBeenStopped", 
    "SolveTime" : 300.01, 
    "TotalTime" : 300.01
  } ,
  "parameters" : { 
    "BranchLimit" : "intmax", 
    "CPOFileStrictIdCount" : "Off", 
    "ChoicePointLimit" : "intmax", 
    "ConflictDefinition" : "ConflictInfeasible", 
    "ConflictRefinerAlgorithm" : 3, 
    "ConflictRefinerBranchLimit" : "intmax", 
    "ConflictRefinerFailLimit" : "intmax", 
    "ConflictRefinerIterationLimit" : "intmax", 
    "ConflictRefinerOnLabeledConstraints" : "On", 
    "ConflictRefinerOnVariables" : "Off", 
    "ConflictRefinerTimeLimit" : "infinity", 
    "ConflictRefinerWriteMode" : 1, 
    "DepthFirstWorkers" : 0, 
    "EliminatePresolvedModel" : "On", 
    "FailLimit" : "intmax", 
    "ForbidIncludeDirective" : "Off", 
    "IterativeDivingWorkers" : 0, 
    "KPIDisplay" : "SingleLine", 
    "LogDisplayWorkerIdleTime" : "Off", 
    "MemoryDisplay" : "On", 
    "MultiPointWorkers" : 0, 
    "NeighborhoodWorkers" : 0, 
    "ObjectiveLimit" : "infinity", 
    "ParallelCommunicateEachSolution" : "Off", 
    "ParallelEventQueueCapacity" : "Auto", 
    "ParallelIterativeDivingWorkerIdMask" : 0, 
    "ParallelMode" : "Auto", 
    "ParallelOptimizeSingleWorker" : "On", 
    "ParallelReduceMemoryFragmentation" : "Off", 
    "ParallelRestartProp" : "Auto", 
    "ParallelSkipEquivalentSolutions" : "On", 
    "ParallelSynchronizationSolutionCapacity" : "Auto", 
    "ParallelSynchronizationTicks" : "Auto", 
    "ParallelWorkerStackSize" : "Auto", 
    "PeriodicCallbackMinDelay" : 0.5, 
    "Presolve" : "On", 
    "PresolveConfiguration" : 0, 
    "PresolveIterations" : 1, 
    "PresolveLevel" : "Medium", 
    "PresolveTransformers" : "intmax", 
    "PresolveTransformers2" : "intmax", 
    "PrintModelDetailsInMessages" : "On", 
    "RestartWorkers" : 0, 
    "SameMessageLimit" : 20, 
    "SequentialModelConversion" : "Off", 
    "SolutionLimit" : "intmax", 
    "StrongMaxTuples" : 10000, 
    "TimeLimit" : 300, 
    "TimeMode" : "ElapsedTime", 
    "TraceExtraction" : "Off", 
    "WarningLevel" : 2, 
    "Workers" : 1, 
    "AllDiffInferenceLevel" : "Default", 
    "AllMinDistanceInferenceLevel" : "Default", 
    "CPOFileCompatibility" : "Auto", 
    "CountDifferentInferenceLevel" : "Default", 
    "CountInferenceLevel" : "Default", 
    "CumulFunctionInferenceLevel" : "Default", 
    "DefaultInferenceLevel" : "Basic", 
    "DistributeInferenceLevel" : "Default", 
    "DynamicProbing" : "Auto", 
    "DynamicProbingStrength" : 0.03, 
    "ElementInferenceLevel" : "Default", 
    "EnforceCELimits" : "Off", 
    "EnumerationThreshold" : 1, 
    "ExpressionConfiguration1" : 0, 
    "ExpressionConfiguration2" : 0, 
    "FDSConfiguration" : 0, 
    "FDSDecayFactor" : 0, 
    "FDSExtraFilteringDepth" : "Auto", 
    "FDSFailBonus" : 1, 
    "FDSMinChoicesPerInterval" : 0, 
    "FDSMinRandomDepth" : 20, 
    "FDSPortionForRandomDraw" : 1, 
    "FDSRandomPeriod" : 100, 
    "FDSRootStrongBranches" : 20, 
    "FDSStrongBranchingDepth" : 8, 
    "FDSStrongBranchingStartDepth" : 0, 
    "FailureDirectedSearch" : "On", 
    "FailureDirectedSearchEmphasis" : "Auto", 
    "FailureDirectedSearchMaxMemory" : 104857600, 
    "FloatDisplay" : "IntFixed", 
    "ImpactMeasures" : "Auto", 
    "IntegerPortfolioVersion" : "Auto", 
    "IntervalSequenceInferenceLevel" : "Default", 
    "IntervalSolutionPoolCapacity" : 1, 
    "LogPeriod" : 3000, 
    "LogSearchTags" : "Off", 
    "LogVerbosity" : "Normal", 
    "LowerBoundEffort" : 1, 
    "MaxDivingNoGoodLength" : 2147483647, 
    "MaxExpressionDepth" : 10, 
    "MaxNoGoodLength" : 30, 
    "MaxNoGoods" : "intmax", 
    "MaxPBTCaptureSize" : 1000000, 
    "MinPBTCaptureSize" : 100, 
    "ModelAnonymizer" : "Off", 
    "MultiPointDisableLamarckism" : "Auto", 
    "MultiPointFailLimitInitializer" : 3, 
    "MultiPointIgnorePhases" : "Off", 
    "MultiPointImproveDuringInit" : "On", 
    "MultiPointInitMode" : 0, 
    "MultiPointLearningRatio" : "Auto", 
    "MultiPointMaximumFailLimit" : 1024, 
    "MultiPointNumberOfSearchPoints" : 30, 
    "MultiPointPropagationLimitFactor" : 30, 
    "MultiPointRandomOperatorEncodingFactor" : 0, 
    "MultiPointReduceIntervalPrecedences" : "Off", 
    "MultiPointRewardPropagationPeriod" : 0, 
    "MultiPointStartingPointCompletionFailLimit" : "Auto", 
    "MultiPointUseCrossoverOperator" : "Auto", 
    "MultiPointUseMutationOperator" : "Auto", 
    "MultiPointUseRandomOperator" : "Auto", 
    "NeighborhoodReformulationLimit" : 20000, 
    "NeighborhoodReformulationWorkers" : "Auto", 
    "NoOverlapInferenceLevel" : "Default", 
    "OptimalityTolerance" : 1e-09, 
    "PackApproximationSize" : 512, 
    "ParallelCommunicateSolutions" : "On", 
    "ParallelCommunicatesLowerBounds" : "On", 
    "ParallelCommunicatesNoGoods" : "On", 
    "PrecedenceInferenceLevel" : "Default", 
    "RandomSeed" : 0, 
    "RelativeOptimalityTolerance" : 0.0001, 
    "RestartBroadcastConflictMaxSize" : 8, 
    "RestartFailLimit" : 100, 
    "RestartGrowthFactor" : 1.15, 
    "RestartLexObjectiveAggressiveness" : 0, 
    "RestartProofEmphasis" : 0.3, 
    "RestartPropagationLimitFactor" : 30, 
    "RestartTimeMeasurement" : 1, 
    "RestartWithTDRSearch" : "On", 
    "SACLimit" : 0, 
    "SACSkip" : 6, 
    "SearchConfiguration" : 0, 
    "SearchType" : "Auto", 
    "SeedRandomOnSolve" : "On", 
    "SequenceExpressionInferenceLevel" : "Default", 
    "SequenceInferenceLevel" : "Default", 
    "StateFunctionInferenceLevel" : "Default", 
    "StateFunctionTriangularInequalityCheck" : "On", 
    "StrictNumericalDivision" : "On", 
    "StrongMinReduction" : 0, 
    "SynchronizeByDeterministicTime" : "Auto", 
    "TTEF" : "On", 
    "TemporalRelaxation" : "Auto", 
    "TemporalRelaxationAlgorithm" : 18, 
    "TemporalRelaxationChecksLPCoeffs" : "On", 
    "TemporalRelaxationIterationLimit" : 50000, 
    "TemporalRelaxationLevel" : 3, 
    "TemporalRelaxationRowLimit" : 150000, 
    "TemporalRelaxationTimeFactor" : 1000, 
    "TimeDisplay" : "Seconds", 
    "TimetablingAlgorithm" : 1, 
    "UnaryFunctionAggregatorLimit" : 64, 
    "UseExactQuickScopes" : "Off", 
    "UseFileLocations" : "On", 
    "VersionDisplay" : "On"
  }
}
