{"creationTime":1697201536288,"lastModificationTime":1697201851000,"state":"TERMINATED","solveConfig":{"containerId":"docplex - cp","solveParameters":{"oaas.outputUploadPeriod":"1"}},"jobDetails":{"id":"0546809d-8e85-4622-9734-0eaf2b3df60b","createdAt":1697201542918,"startedAt":1697201543865,"endedAt":1697201846420,"submittedAt":1697201542918,"details":{"KPI.PROGRESS_CURRENT_OBJECTIVE":"26;13","KPI.cost":"26","KPI.nbDeliveries":"13","MODEL_DETAIL_CONSTRAINTS":"114","MODEL_DETAIL_INTEGER_VARS":"102","MODEL_DETAIL_INTERVAL_VARS":"0","MODEL_DETAIL_KPIS":"[\"cost\", \"nbDeliveries\"]","MODEL_DETAIL_OBJECTIVE_SENSE":"minimize","MODEL_DETAIL_SEQUENCE_VARS":"0","MODEL_DETAIL_TYPE":"CPO CP","PROGRESS_BEST_BOUND":"20;10","PROGRESS_BEST_OBJECTIVE":"20;10","PROGRESS_BEST_OBJECTIVE.history":"[[1697201544.94, \"3;12\"], [1697201844.96, \"20;10\"]]","PROGRESS_CURRENT_OBJECTIVE":"26;13","PROGRESS_CURRENT_OBJECTIVE.history":"[[1697201544.94, \"40;11\"], [1697201844.96, \"26;13\"]]","PROGRESS_GAP":"0.230769;inf","PROGRESS_GAP.history":"[[1697201544.94, \"0.925;inf\"], [1697201844.96, \"0.230769;inf\"]]","STAT.cpo.modelType":"CPO","STAT.cpo.size.constraints":"114","STAT.cpo.size.integerVariables":"102","STAT.cpo.size.intervalVariables":"0","STAT.cpo.size.sequenceVariables":"0","STAT.cpo.size.variables":"102","STAT.cpo.solve.memoryUsage":"5832864","STAT.cpo.solve.numberOfBranches":"19239455","STAT.cpo.solve.time":"300.01","STAT.job.coresCount":"1","STAT.job.inputsReadMs":"519","STAT.job.memoryPeakKB":"123604","STAT.job.modelProcessingMs":"300505","STAT.job.outputsWriteMs":"6290","latestOutputUpload":"2023-10-13T12:57:26.419Z"},"executionStatus":"PROCESSED","solveStatus":"FEASIBLE_SOLUTION","logTail":["[2023-10-13T12:57:24.976Z, INFO] ","[2023-10-13T12:57:24.976Z, INFO]    Delivery  2: config=2","[2023-10-13T12:57:24.976Z, INFO] ","[2023-10-13T12:57:24.976Z, INFO]  <10, 2, 4> <11, 2, 7>","[2023-10-13T12:57:24.976Z, INFO] ","[2023-10-13T12:57:24.977Z, INFO]    Delivery  3: config=2","[2023-10-13T12:57:24.977Z, INFO] ","[2023-10-13T12:57:24.977Z, INFO]  <12, 2, 3> <14, 2, 2>","[2023-10-13T12:57:24.977Z, INFO] ","[2023-10-13T12:57:24.978Z, INFO]    Delivery  4: config=0","[2023-10-13T12:57:24.978Z, INFO] ","[2023-10-13T12:57:24.978Z, INFO]  <16, 0, 6>","[2023-10-13T12:57:24.979Z, INFO] ","[2023-10-13T12:57:24.979Z, INFO]    Delivery  5: config=0","[2023-10-13T12:57:24.979Z, INFO] ","[2023-10-13T12:57:24.979Z, INFO]  <18, 0, 1> <19, 0, 6> <20, 0, 3>","[2023-10-13T12:57:24.980Z, INFO] ","[2023-10-13T12:57:24.980Z, INFO]    Delivery  6: config=0","[2023-10-13T12:57:24.980Z, INFO] ","[2023-10-13T12:57:24.980Z, INFO]  <6, 0, 11>","[2023-10-13T12:57:24.981Z, INFO] ","[2023-10-13T12:57:24.981Z, INFO]    Delivery  7: config=0","[2023-10-13T12:57:24.981Z, INFO] ","[2023-10-13T12:57:24.981Z, INFO]  <8, 0, 5> <9, 0, 2>","[2023-10-13T12:57:24.982Z, INFO] ","[2023-10-13T12:57:24.982Z, INFO]    Delivery  8: config=0","[2023-10-13T12:57:24.982Z, INFO] ","[2023-10-13T12:57:24.997Z, INFO]  <2, 0, 3>","[2023-10-13T12:57:24.997Z, INFO] ","[2023-10-13T12:57:24.997Z, INFO]    Delivery  9: config=0","[2023-10-13T12:57:24.997Z, INFO] ","[2023-10-13T12:57:24.997Z, INFO]  <7, 0, 4> <13, 0, 5>","[2023-10-13T12:57:24.997Z, INFO] ","[2023-10-13T12:57:24.997Z, INFO]    Delivery 10: config=1","[2023-10-13T12:57:24.997Z, INFO] ","[2023-10-13T12:57:24.998Z, INFO]  <4, 1, 5>","[2023-10-13T12:57:24.998Z, INFO] ","[2023-10-13T12:57:24.998Z, INFO]    Delivery 11: config=1","[2023-10-13T12:57:24.998Z, INFO] ","[2023-10-13T12:57:24.998Z, INFO]  <15, 1, 5>","[2023-10-13T12:57:24.998Z, INFO] ","[2023-10-13T12:57:24.998Z, INFO]    Delivery 12: config=1","[2023-10-13T12:57:24.998Z, INFO] ","[2023-10-13T12:57:24.999Z, INFO]  <0, 1, 3> <3, 1, 2> <5, 1, 4>","[2023-10-13T12:57:24.999Z, INFO] "]},"taskSetupTime":1697201542981,"taskSolveTime":1697201849864,"taskTearDownTime":1697201850999,"jobSpaceId":"e7400b0b-d6e5-4594-8db9-f2d319bb98c8","jobDeploymentId":"1a96ada2-e106-4e04-8fab-06665203a671","jobId":"0546809d-8e85-4622-9734-0eaf2b3df60b","ping":1697201836583}