{"creationTime":1697129030505,"lastModificationTime":1697129345118,"state":"TERMINATED","solveConfig":{"containerId":"docplex - cp","solveParameters":{"oaas.outputUploadPeriod":"1"}},"jobDetails":{"id":"6f5f8f59-8f3b-4592-aeb4-d3975e4dffdf","createdAt":1697129037244,"startedAt":1697129038154,"endedAt":1697129341005,"submittedAt":1697129037244,"details":{"KPI.PROGRESS_CURRENT_OBJECTIVE":"26;13","KPI.cost":"26","KPI.nbDeliveries":"13","MODEL_DETAIL_CONSTRAINTS":"114","MODEL_DETAIL_INTEGER_VARS":"102","MODEL_DETAIL_INTERVAL_VARS":"0","MODEL_DETAIL_KPIS":"[\"cost\", \"nbDeliveries\"]","MODEL_DETAIL_OBJECTIVE_SENSE":"minimize","MODEL_DETAIL_SEQUENCE_VARS":"0","MODEL_DETAIL_TYPE":"CPO CP","PROGRESS_BEST_BOUND":"20;10","PROGRESS_BEST_OBJECTIVE":"20;10","PROGRESS_BEST_OBJECTIVE.history":"[[1697129039.38, \"3;12\"], [1697129339.41, \"20;10\"]]","PROGRESS_CURRENT_OBJECTIVE":"26;13","PROGRESS_CURRENT_OBJECTIVE.history":"[[1697129039.38, \"40;11\"], [1697129339.41, \"26;13\"]]","PROGRESS_GAP":"0.230769;inf","PROGRESS_GAP.history":"[[1697129039.38, \"0.925;inf\"], [1697129339.41, \"0.230769;inf\"]]","STAT.cpo.modelType":"CPO","STAT.cpo.size.constraints":"114","STAT.cpo.size.integerVariables":"102","STAT.cpo.size.intervalVariables":"0","STAT.cpo.size.sequenceVariables":"0","STAT.cpo.size.variables":"102","STAT.cpo.solve.memoryUsage":"5752152","STAT.cpo.solve.numberOfBranches":"18698465","STAT.cpo.solve.time":"300.01","STAT.job.coresCount":"1","STAT.job.inputsReadMs":"489","STAT.job.memoryPeakKB":"123356","STAT.job.modelProcessingMs":"300655","STAT.job.outputsWriteMs":"7431","latestOutputUpload":"2023-10-12T16:49:01.004Z"},"executionStatus":"PROCESSED","solveStatus":"FEASIBLE_SOLUTION","logTail":["[2023-10-12T16:48:59.426Z, INFO] ","[2023-10-12T16:48:59.427Z, INFO]    Delivery  2: config=2","[2023-10-12T16:48:59.427Z, INFO] ","[2023-10-12T16:48:59.427Z, INFO]  <10, 2, 4> <11, 2, 7>","[2023-10-12T16:48:59.427Z, INFO] ","[2023-10-12T16:48:59.428Z, INFO]    Delivery  3: config=2","[2023-10-12T16:48:59.428Z, INFO] ","[2023-10-12T16:48:59.428Z, INFO]  <12, 2, 3> <14, 2, 2>","[2023-10-12T16:48:59.428Z, INFO] ","[2023-10-12T16:48:59.429Z, INFO]    Delivery  4: config=0","[2023-10-12T16:48:59.429Z, INFO] ","[2023-10-12T16:48:59.429Z, INFO]  <16, 0, 6>","[2023-10-12T16:48:59.429Z, INFO] ","[2023-10-12T16:48:59.430Z, INFO]    Delivery  5: config=0","[2023-10-12T16:48:59.430Z, INFO] ","[2023-10-12T16:48:59.430Z, INFO]  <18, 0, 1> <19, 0, 6> <20, 0, 3>","[2023-10-12T16:48:59.431Z, INFO] ","[2023-10-12T16:48:59.431Z, INFO]    Delivery  6: config=0","[2023-10-12T16:48:59.432Z, INFO] ","[2023-10-12T16:48:59.432Z, INFO]  <6, 0, 11>","[2023-10-12T16:48:59.433Z, INFO] ","[2023-10-12T16:48:59.433Z, INFO]    Delivery  7: config=0","[2023-10-12T16:48:59.434Z, INFO] ","[2023-10-12T16:48:59.434Z, INFO]  <8, 0, 5> <9, 0, 2>","[2023-10-12T16:48:59.435Z, INFO] ","[2023-10-12T16:48:59.435Z, INFO]    Delivery  8: config=0","[2023-10-12T16:48:59.435Z, INFO] ","[2023-10-12T16:48:59.435Z, INFO]  <2, 0, 3>","[2023-10-12T16:48:59.436Z, INFO] ","[2023-10-12T16:48:59.436Z, INFO]    Delivery  9: config=0","[2023-10-12T16:48:59.436Z, INFO] ","[2023-10-12T16:48:59.436Z, INFO]  <7, 0, 4> <13, 0, 5>","[2023-10-12T16:48:59.436Z, INFO] ","[2023-10-12T16:48:59.436Z, INFO]    Delivery 10: config=1","[2023-10-12T16:48:59.437Z, INFO] ","[2023-10-12T16:48:59.437Z, INFO]  <4, 1, 5>","[2023-10-12T16:48:59.437Z, INFO] ","[2023-10-12T16:48:59.437Z, INFO]    Delivery 11: config=1","[2023-10-12T16:48:59.437Z, INFO] ","[2023-10-12T16:48:59.438Z, INFO]  <15, 1, 5>","[2023-10-12T16:48:59.438Z, INFO] ","[2023-10-12T16:48:59.438Z, INFO]    Delivery 12: config=1","[2023-10-12T16:48:59.438Z, INFO] ","[2023-10-12T16:48:59.438Z, INFO]  <0, 1, 3> <3, 1, 2> <5, 1, 4>","[2023-10-12T16:48:59.439Z, INFO] "]},"taskSetupTime":1697129037286,"taskSolveTime":1697129344016,"taskTearDownTime":1697129345118,"jobSpaceId":"e7400b0b-d6e5-4594-8db9-f2d319bb98c8","jobDeploymentId":"1a96ada2-e106-4e04-8fab-06665203a671","jobId":"6f5f8f59-8f3b-4592-aeb4-d3975e4dffdf","ping":1697129330660}