{"creationTime":1690879839783,"lastModificationTime":1690879874260,"state":"TERMINATED","solveConfig":{"containerId":"ScenarioWithLPFile","solveParameters":{}},"jobDetails":{"id":"aa3929c9-56b8-4976-b948-8ee46de6bcd8","createdAt":1690879846288,"startedAt":1690879862882,"endedAt":1690879869115,"submittedAt":1690879846288,"details":{"MODEL_DETAIL_BOOLEAN_VARS":"0","MODEL_DETAIL_CONSTRAINTS":"2","MODEL_DETAIL_CONTINUOUS_VARS":"0","MODEL_DETAIL_INTEGER_VARS":"2","MODEL_DETAIL_KPIS":"[]","MODEL_DETAIL_NONZEROS":"3","MODEL_DETAIL_OBJECTIVE_SENSE":"minimize","MODEL_DETAIL_TYPE":"MILP","PROGRESS_BEST_OBJECTIVE":"100.0","PROGRESS_BEST_OBJECTIVE.history":"[[1690879868.56, 100.0]]","PROGRESS_CURRENT_OBJECTIVE":"100.0","PROGRESS_CURRENT_OBJECTIVE.history":"[[1690879868.56, 100.0]]","PROGRESS_GAP":"0.0","PROGRESS_GAP.history":"[[1690879868.56, 0.0]]","STAT.cplex.modelType":"MILP","STAT.cplex.size.booleanVariables":"0","STAT.cplex.size.constraints":"2","STAT.cplex.size.continousVariables":"0","STAT.cplex.size.integerVariables":"2","STAT.cplex.size.linearConstraints":"2","STAT.cplex.size.quadraticConstraints":"0","STAT.cplex.size.variables":"2","STAT.job.coresCount":"1","STAT.job.inputsReadMs":"5122","STAT.job.memoryPeakKB":"111220","STAT.job.modelProcessingMs":"406","STAT.job.outputsWriteMs":"370"},"executionStatus":"PROCESSED","solveStatus":"OPTIMAL_SOLUTION","logTail":["[2023-08-01T08:51:08.026Z, WARNING] Python 3.10 is used as default with pandas 1.4.3 libraries.","[2023-08-01T08:51:08.185Z, INFO] {}","[2023-08-01T08:51:08.553Z, INFO] Model: diet1","[2023-08-01T08:51:08.553Z, INFO]  - number of variables: 2","[2023-08-01T08:51:08.554Z, INFO]    - binary=0, integer=2, continuous=0","[2023-08-01T08:51:08.555Z, INFO]  - number of constraints: 2","[2023-08-01T08:51:08.555Z, INFO]    - linear=2","[2023-08-01T08:51:08.556Z, INFO]  - parameters: defaults","[2023-08-01T08:51:08.556Z, INFO]  - objective: minimize","[2023-08-01T08:51:08.557Z, INFO]  - problem type is: MILP","[2023-08-01T08:51:08.590Z, INFO] WARNING: Number of workers has been reduced to 1 to comply with platform limitations.","[2023-08-01T08:51:08.597Z, INFO] Version identifier: 22.1.1.0 | 2023-06-15 | d64d5bd77","[2023-08-01T08:51:08.598Z, INFO] CPXPARAM_Read_DataCheck                          1","[2023-08-01T08:51:08.599Z, INFO] CPXPARAM_Threads                                 1","[2023-08-01T08:51:08.600Z, INFO] Legacy callback                                  i","[2023-08-01T08:51:08.601Z, INFO] 1 of 1 MIP starts provided solutions.","[2023-08-01T08:51:08.602Z, INFO] MIP start 'm1' defined initial solution with objective 100.0000.","[2023-08-01T08:51:08.603Z, INFO] Tried aggregator 1 time.","[2023-08-01T08:51:08.604Z, INFO] MIP Presolve eliminated 2 rows and 2 columns.","[2023-08-01T08:51:08.605Z, INFO] All rows and columns eliminated.","[2023-08-01T08:51:08.606Z, INFO] Presolve time = 0.00 sec. (0.00 ticks)","[2023-08-01T08:51:08.607Z, INFO] ","[2023-08-01T08:51:08.607Z, INFO] Root node processing (before b&c):","[2023-08-01T08:51:08.608Z, INFO]   Real time             =    0.00 sec. (0.00 ticks)","[2023-08-01T08:51:08.609Z, INFO] Sequential b&c:","[2023-08-01T08:51:08.616Z, INFO]   Real time             =    0.00 sec. (0.00 ticks)","[2023-08-01T08:51:08.617Z, INFO]                           ------------","[2023-08-01T08:51:08.618Z, INFO] Total (root+branch&cut) =    0.00 sec. (0.00 ticks)","[2023-08-01T08:51:08.623Z, INFO] status: integer optimal solution","[2023-08-01T08:51:08.624Z, INFO] obj val: 100.0","[2023-08-01T08:51:08.625Z, INFO] solution.csv"]},"taskSetupMillis":6379,"taskSolveMillis":25259,"taskTearDownMillis":1,"jobSpaceId":"97b8836e-1fbc-4af4-9adb-e5ae5fa3f705","jobDeploymentId":"92104666-7754-4e2a-9d88-428a187e6b33","jobId":"aa3929c9-56b8-4976-b948-8ee46de6bcd8","ping":1690879869945}