{"id":"275e42db-0908-45a7-bc96-49a6d7de848e","version":"0.7.0","name":"Dashboard","locked":false,"activePage":0,"pages":[{"id":"fb9ce8a1-72d0-4ebb-9218-dc5312269050","name":"Page 1","widgets":{"ce5976a6-1890-4712-b143-264d761ffa33":{"name":"Notes","type":"Notes","props":{"notes":"Welcome to the Dashboard\n\nClick a button above to insert a widget and configure it with the scenario data (input or solution) you want to highlight. For example, the following widget displays one of your scenario tables.\n\nNote that you can arrange your widgets on different pages.","style":{"background":"#fff9a5"},"headerStyle":{"background":"#fff9a5"}}},"93bf7f0f-9861-4420-a672-9fa46ad8caea":{"name":"","type":"Table","props":{"container":"","data":"kpis","spec":{"numbered":true,"compact":true,"columnExpand":true,"columnShrink":false,"columnWidth":0,"sortOrder":[],"columns":[{"property":"Name","label":"Name","type":"String","visible":true,"width":0,"style":{}},{"property":"Value","label":"Value","type":"Number","visible":true,"width":0,"style":{}},{"property":"Scale factor","label":"Scale factor","type":"Number","visible":true,"width":0,"style":{}},{"property":"Scaled weighted value","label":"Scaled weighted value","type":"Number","visible":true,"width":0,"style":{}}]}}}},"layouts":{"SM":[{"i":"ce5976a6-1890-4712-b143-264d761ffa33","x":0,"y":0,"w":1,"h":2,"moved":false,"static":false},{"i":"93bf7f0f-9861-4420-a672-9fa46ad8caea","x":0,"y":2,"w":1,"h":2,"moved":false,"static":false}],"MD":[{"i":"ce5976a6-1890-4712-b143-264d761ffa33","x":0,"y":0,"w":1,"h":2,"moved":false,"static":false},{"i":"93bf7f0f-9861-4420-a672-9fa46ad8caea","x":0,"y":2,"w":3,"h":2,"moved":false,"static":false}],"LG":[{"i":"ce5976a6-1890-4712-b143-264d761ffa33","x":0,"y":0,"w":2,"h":2,"moved":false,"static":false},{"i":"93bf7f0f-9861-4420-a672-9fa46ad8caea","x":0,"y":2,"w":6,"h":2,"moved":false,"static":false}]}},{"id":"5e1b74d7-78b1-4af3-8bd9-b2233b84ab8a","name":"Stock ","widgets":{"2f0b5ac8-80c8-45ad-8658-83a0721c454d":{"name":"Return by stock","type":"Chart","props":{"container":"","data":"investment","spec":{"mark":"bar","encoding":{"x":{"field":"id","type":"nominal"},"y":{"field":"expected return","type":"quantitative"},"color":{"field":"expected return","type":"quantitative"}},"config":{"overlay":{"line":true},"scale":{"useUnaggregatedDomain":true}}},"search":""}},"f32ff50e-899c-42f9-86f7-64d5451f3445":{"name":"Stock price","type":"Chart","props":{"container":"","data":"investment","spec":{"mark":"bar","encoding":{"x":{"field":"stock price","type":"quantitative"},"y":{"field":"id","type":"nominal"}},"config":{"overlay":{"line":true},"scale":{"useUnaggregatedDomain":true}}},"search":""}}},"layouts":{"SM":[{"i":"2f0b5ac8-80c8-45ad-8658-83a0721c454d","x":0,"y":0,"w":1,"h":2,"moved":false,"static":false},{"i":"f32ff50e-899c-42f9-86f7-64d5451f3445","x":0,"y":2,"w":1,"h":2,"moved":false,"static":false}],"MD":[{"i":"2f0b5ac8-80c8-45ad-8658-83a0721c454d","x":0,"y":0,"w":1,"h":2,"moved":false,"static":false},{"i":"f32ff50e-899c-42f9-86f7-64d5451f3445","x":1,"y":0,"w":1,"h":2,"moved":false,"static":false}],"LG":[{"w":3,"h":3,"x":0,"y":0,"i":"2f0b5ac8-80c8-45ad-8658-83a0721c454d","moved":false,"static":false},{"w":2,"h":3,"x":3,"y":0,"i":"f32ff50e-899c-42f9-86f7-64d5451f3445","moved":false,"static":false}]}},{"id":"7a3e7928-790f-4a2c-8db2-0af03f920de3","name":"Stocks analysis","widgets":{"3279ca9b-bd84-47e2-a6c1-b6e237daea71":{"name":"Stocks by Reco and Industry","type":"Chart","props":{"container":"","data":"investment","spec":{"mark":"bar","encoding":{"x":{"field":"recommendation","type":"nominal"},"y":{"aggregate":"count","field":"*","type":"quantitative"},"color":{"field":"industry","type":"nominal"}},"config":{"overlay":{"line":true},"scale":{"useUnaggregatedDomain":true}}},"search":""}},"976e35d8-86a5-4c50-a985-bb8217dc647a":{"name":"Stocks by Reco and Industry","type":"Chart","props":{"container":"","data":"investment","spec":{"mark":"bar","encoding":{"x":{"field":"industry","type":"nominal"},"y":{"aggregate":"count","field":"*","type":"quantitative"},"color":{"field":"recommendation","type":"nominal"}},"config":{"overlay":{"line":true},"scale":{"useUnaggregatedDomain":true}}},"search":""}},"f114bb0d-a4dd-42fb-8419-466fa125457f":{"name":"Investments by industry","type":"ECharts","props":{"container":"","data":"investment","spec":{"editor":false,"theme":"ibm_shaper","width":400,"height":300,"padding":0,"chartSettings":{"type":"pie","title":" ","subtitle":"","categoriesField":"industry","summaryMethod":"count","valuesField":"","pieStyle":"normal"}},"search":""}},"208ed844-c711-45b7-bafa-ed3e6feaf753":{"name":"Investments by country","type":"ECharts","props":{"container":"","data":"investment","spec":{"editor":false,"theme":"ibm_shaper","width":400,"height":300,"padding":0,"chartSettings":{"type":"pie","title":" ","subtitle":"","categoriesField":"country","summaryMethod":"count","valuesField":"","pieStyle":"normal"}},"search":""}},"77a67870-5cfb-4261-8859-369536fcad01":{"name":"Investments by reco","type":"ECharts","props":{"container":"","data":"investment","spec":{"editor":false,"theme":"ibm_shaper","width":400,"height":300,"padding":0,"chartSettings":{"type":"pie","title":" ","subtitle":"","categoriesField":"recommendation","summaryMethod":"count","valuesField":"","pieStyle":"normal"}},"search":""}}},"layouts":{"SM":[{"i":"3279ca9b-bd84-47e2-a6c1-b6e237daea71","x":0,"y":0,"w":1,"h":2,"moved":false,"static":false},{"i":"976e35d8-86a5-4c50-a985-bb8217dc647a","x":0,"y":2,"w":1,"h":2,"moved":false,"static":false},{"i":"f114bb0d-a4dd-42fb-8419-466fa125457f","x":0,"y":4,"w":1,"h":4,"moved":false,"static":false},{"i":"208ed844-c711-45b7-bafa-ed3e6feaf753","x":0,"y":8,"w":1,"h":4,"moved":false,"static":false},{"i":"77a67870-5cfb-4261-8859-369536fcad01","x":0,"y":12,"w":1,"h":4,"moved":false,"static":false}],"MD":[{"i":"3279ca9b-bd84-47e2-a6c1-b6e237daea71","x":0,"y":0,"w":1,"h":2,"moved":false,"static":false},{"i":"976e35d8-86a5-4c50-a985-bb8217dc647a","x":1,"y":0,"w":1,"h":2,"moved":false,"static":false},{"i":"f114bb0d-a4dd-42fb-8419-466fa125457f","x":0,"y":2,"w":2,"h":4,"moved":false,"static":false},{"i":"208ed844-c711-45b7-bafa-ed3e6feaf753","x":0,"y":6,"w":2,"h":4,"moved":false,"static":false},{"i":"77a67870-5cfb-4261-8859-369536fcad01","x":0,"y":10,"w":2,"h":4,"moved":false,"static":false}],"LG":[{"w":3,"h":3,"x":0,"y":3,"i":"3279ca9b-bd84-47e2-a6c1-b6e237daea71","moved":false,"static":false},{"w":2,"h":3,"x":3,"y":3,"i":"976e35d8-86a5-4c50-a985-bb8217dc647a","moved":false,"static":false},{"w":2,"h":3,"x":0,"y":0,"i":"f114bb0d-a4dd-42fb-8419-466fa125457f","moved":false,"static":false},{"w":2,"h":3,"x":2,"y":0,"i":"208ed844-c711-45b7-bafa-ed3e6feaf753","moved":false,"static":false},{"w":2,"h":3,"x":4,"y":0,"i":"77a67870-5cfb-4261-8859-369536fcad01","moved":false,"static":false}]}},{"id":"72461626-03a4-417e-9deb-38528a39bc67","name":"Dependencies","widgets":{"f2fa0888-baf0-4594-9e27-3df192d5d467":{"name":"","type":"Chart","props":{"container":"","data":"covariance","spec":{"transform":[{"calculate":"if (datum['value']<=1,datum['value'],'1.0') ","as":"realValue"}],"mark":"bar","encoding":{"x":{"field":"investment_1","type":"nominal"},"y":{"field":"investment_2","type":"nominal"},"color":{"field":"realValue","type":"quantitative"}},"config":{"overlay":{"line":true},"scale":{"useUnaggregatedDomain":true}}},"search":""}}},"layouts":{"SM":[{"i":"f2fa0888-baf0-4594-9e27-3df192d5d467","x":0,"y":0,"w":1,"h":2,"moved":false,"static":false}],"MD":[{"w":1,"h":2,"x":0,"y":0,"i":"f2fa0888-baf0-4594-9e27-3df192d5d467","moved":false,"static":false}],"LG":[{"w":4,"h":4,"x":0,"y":0,"i":"f2fa0888-baf0-4594-9e27-3df192d5d467","moved":false,"static":false}]}},{"id":"9d099cc5-2062-4607-a879-cd295c137233","name":"Stock allocation","widgets":{"823d61c3-aefa-4e24-ac89-826416ee109b":{"name":"Allocations","type":"Chart","props":{"container":"","data":"investment_allocation_report","spec":{"transform":[{"filter":{"field":"value","gt":"0.0"}}],"mark":"bar","encoding":{"x":{"field":"investment id","type":"nominal"},"y":{"field":"value","type":"quantitative"},"color":{"field":"investment industry","type":"nominal"}},"config":{"overlay":{"line":true},"scale":{"useUnaggregatedDomain":true}}},"search":""}},"ebe5ac31-c570-4586-9762-c3a6a6abac35":{"name":"","type":"Chart","props":{"container":"","data":"investment_allocation_report","spec":{"mark":"bar","encoding":{"x":{"field":"value","type":"quantitative","aggregate":"sum"},"color":{"field":"investment country","type":"nominal"}},"config":{"overlay":{"line":true},"scale":{"useUnaggregatedDomain":true}}},"search":""}},"af8ba752-1af2-4f12-9fd6-6d5a9ffa68f4":{"name":"","type":"Chart","props":{"container":"","data":"investment_allocation_report","spec":{"mark":"bar","encoding":{"x":{"field":"value","type":"quantitative","aggregate":"sum"},"color":{"field":"investment recommendation","type":"nominal"}},"config":{"overlay":{"line":true},"scale":{"useUnaggregatedDomain":true}}},"search":""}},"212ae397-8167-4242-8ba7-03bc0115def8":{"name":"","type":"Chart","props":{"container":"","data":"investment_allocation_report","spec":{"mark":"bar","encoding":{"x":{"field":"value","type":"quantitative","aggregate":"sum"},"color":{"field":"investment industry","type":"nominal"}},"config":{"overlay":{"line":true},"scale":{"useUnaggregatedDomain":true}}},"search":""}}},"layouts":{"SM":[{"i":"823d61c3-aefa-4e24-ac89-826416ee109b","x":0,"y":0,"w":1,"h":2,"moved":false,"static":false},{"i":"ebe5ac31-c570-4586-9762-c3a6a6abac35","x":0,"y":2,"w":1,"h":2,"moved":false,"static":false},{"i":"af8ba752-1af2-4f12-9fd6-6d5a9ffa68f4","x":0,"y":4,"w":1,"h":2,"moved":false,"static":false},{"i":"212ae397-8167-4242-8ba7-03bc0115def8","x":0,"y":6,"w":1,"h":2,"moved":false,"static":false}],"MD":[{"i":"823d61c3-aefa-4e24-ac89-826416ee109b","x":0,"y":0,"w":1,"h":2,"moved":false,"static":false},{"i":"ebe5ac31-c570-4586-9762-c3a6a6abac35","x":1,"y":0,"w":1,"h":2,"moved":false,"static":false},{"i":"af8ba752-1af2-4f12-9fd6-6d5a9ffa68f4","x":2,"y":0,"w":1,"h":2,"moved":false,"static":false},{"i":"212ae397-8167-4242-8ba7-03bc0115def8","x":0,"y":2,"w":1,"h":2,"moved":false,"static":false}],"LG":[{"w":2,"h":3,"x":0,"y":0,"i":"823d61c3-aefa-4e24-ac89-826416ee109b","moved":false,"static":false},{"w":2,"h":2,"x":2,"y":0,"i":"ebe5ac31-c570-4586-9762-c3a6a6abac35","moved":false,"static":false},{"w":2,"h":2,"x":2,"y":2,"i":"af8ba752-1af2-4f12-9fd6-6d5a9ffa68f4","moved":false,"static":false},{"w":2,"h":2,"x":4,"y":0,"i":"212ae397-8167-4242-8ba7-03bc0115def8","moved":false,"static":false}]}},{"id":"2c107de9-79d2-471a-a286-e082bcec9e5c","name":"Stock selection","widgets":{"00af0bc0-3105-4e07-a9b7-0caf13c16c88":{"name":"","type":"Chart","props":{"container":"","data":"investment_selection_report","spec":{"mark":"bar","encoding":{"color":{"field":"investment industry","type":"nominal"},"x":{"field":"investment id","type":"nominal"}},"config":{"overlay":{"line":true},"scale":{"useUnaggregatedDomain":true}}},"search":""}},"2e47e365-91f3-48a9-9795-c4a0dc5473a2":{"name":"","type":"Chart","props":{"container":"","data":"investment_selection_report","spec":{"mark":"bar","encoding":{"x":{"aggregate":"count","field":"*","type":"quantitative"},"color":{"field":"investment country","type":"nominal"}},"config":{"overlay":{"line":true},"scale":{"useUnaggregatedDomain":true}}},"search":""}},"d2d91ae2-b63d-49ac-8986-1bb55e7161ed":{"name":"","type":"Chart","props":{"container":"","data":"investment_selection_report","spec":{"mark":"bar","encoding":{"x":{"aggregate":"count","field":"*","type":"quantitative"},"color":{"field":"investment recommendation","type":"nominal"}},"config":{"overlay":{"line":true},"scale":{"useUnaggregatedDomain":true}}},"search":""}},"16ce3a1a-39bb-428a-885e-6bccda711f71":{"name":"","type":"Chart","props":{"container":"","data":"investment_selection_report","spec":{"mark":"bar","encoding":{"x":{"aggregate":"count","field":"*","type":"quantitative"},"color":{"field":"investment industry","type":"nominal"}},"config":{"overlay":{"line":true},"scale":{"useUnaggregatedDomain":true}}},"search":""}}},"layouts":{"SM":[{"i":"00af0bc0-3105-4e07-a9b7-0caf13c16c88","x":0,"y":0,"w":1,"h":2,"moved":false,"static":false},{"i":"2e47e365-91f3-48a9-9795-c4a0dc5473a2","x":0,"y":2,"w":1,"h":2,"moved":false,"static":false},{"i":"d2d91ae2-b63d-49ac-8986-1bb55e7161ed","x":0,"y":4,"w":1,"h":2,"moved":false,"static":false},{"i":"16ce3a1a-39bb-428a-885e-6bccda711f71","x":0,"y":6,"w":1,"h":2,"moved":false,"static":false}],"MD":[{"i":"00af0bc0-3105-4e07-a9b7-0caf13c16c88","x":0,"y":0,"w":1,"h":2,"moved":false,"static":false},{"i":"2e47e365-91f3-48a9-9795-c4a0dc5473a2","x":1,"y":0,"w":1,"h":2,"moved":false,"static":false},{"i":"d2d91ae2-b63d-49ac-8986-1bb55e7161ed","x":2,"y":0,"w":1,"h":2,"moved":false,"static":false},{"i":"16ce3a1a-39bb-428a-885e-6bccda711f71","x":0,"y":2,"w":1,"h":2,"moved":false,"static":false}],"LG":[{"i":"00af0bc0-3105-4e07-a9b7-0caf13c16c88","x":0,"y":0,"w":2,"h":2,"moved":false,"static":false},{"i":"2e47e365-91f3-48a9-9795-c4a0dc5473a2","x":2,"y":0,"w":2,"h":2,"moved":false,"static":false},{"i":"d2d91ae2-b63d-49ac-8986-1bb55e7161ed","x":4,"y":0,"w":2,"h":2,"moved":false,"static":false},{"i":"16ce3a1a-39bb-428a-885e-6bccda711f71","x":0,"y":2,"w":2,"h":2,"moved":false,"static":false}]}},{"id":"6a436c6e-e89f-4fe3-8b1d-a20a939c0128","name":"Stock numbers","widgets":{"79335449-3db7-4f5c-8f87-494c3521ead6":{"name":"Stock numbers","type":"Chart","props":{"container":"","data":"investment_pieces_report","spec":{"transform":[{"filter":{"field":"value","gt":"0.0"}}],"mark":"bar","encoding":{"x":{"field":"investment id","type":"nominal"},"y":{"field":"value","type":"quantitative"},"color":{"field":"investment industry","type":"nominal"}},"config":{"overlay":{"line":true},"scale":{"useUnaggregatedDomain":true}}},"search":""}}},"layouts":{"SM":[{"i":"79335449-3db7-4f5c-8f87-494c3521ead6","x":0,"y":0,"w":1,"h":2,"moved":false,"static":false}],"MD":[{"i":"79335449-3db7-4f5c-8f87-494c3521ead6","x":0,"y":0,"w":1,"h":2,"moved":false,"static":false}],"LG":[{"w":3,"h":3,"x":0,"y":0,"i":"79335449-3db7-4f5c-8f87-494c3521ead6","moved":false,"static":false}]}}],"breakpoints":[{"name":"SM","width":0,"columns":1},{"name":"MD","width":480,"columns":3},{"name":"LG","width":960,"columns":6}],"rowHeight":120,"extensions":[]}