{"categories":{"output":{"assets":{"list_of_ExecutedSales_solution.csv":{"type":"Table"},"list_of_Inventory_solution.csv":{"type":"Table"},"markets_inventory_report.csv":{"type":"Table"},"plant_inventory_report.csv":{"type":"Table"},"Executed_sales_report.csv":{"type":"Table"},"list_of_Delivery_solution.csv":{"type":"Table"},"list_of_CustomerInventory_solution.csv":{"type":"Table"},"Production_report.csv":{"type":"Table"},"kpis.csv":{"type":"Table"},"Delivery_report.csv":{"type":"Table"},"log.txt":{"type":"Asset"},"list_of_Production_solution.csv":{"type":"Table"}}},"input":{"assets":{"plant_month_capacity.csv":{"type":"Table"},"product.csv":{"type":"Table"},"market.csv":{"type":"Table"},"plant_product_capacity.csv":{"type":"Table"},"parameters.csv":{"type":"Table"},"marginal_profit.csv":{"type":"Table"},"plant_product_cost.csv":{"type":"Table"},"plant.csv":{"type":"Table"},"demand.csv":{"type":"Table"},"initial_inventory.csv":{"type":"Table"},"month.csv":{"type":"Table"},"firm_sales.csv":{"type":"Table"}}},"model":{"assets":{"model.py":{"type":"Asset"}}},"dashboard-file":{"assets":{"dashboard.json":{"type":"Asset"}}},"CO_ASSET_SESSION":{"assets":{"CO_SESSION.json":{"type":"Asset"}}},"CO_ASSET":{"assets":{"CO_SOLUTION_TEXT.json":{"type":"Asset"},"CO_DATASET.json":{"type":"Asset"},"CO_SOLUTION_JSON.json":{"type":"Asset"}}}},"modelType":"cognitive","category":"scenario"}