{"creationTime":1698152647244,"lastModificationTime":1698152659309,"state":"TERMINATED","solveConfig":{"containerId":"Copy 01","solveParameters":{}},"jobDetails":{"id":"386a390d-28cd-4cd8-8b83-a383b17de727","createdAt":1698152653417,"startedAt":1698152653944,"endedAt":1698152655039,"submittedAt":1698152653417,"details":{"KPI.Nb Fix Used":"38.0","KPI.Nb Temp Used":"19.0","KPI.PROGRESS_CURRENT_OBJECTIVE":"4940.0","KPI.Total Cost":"4940.0","MODEL_DETAIL_BOOLEAN_VARS":"0","MODEL_DETAIL_CONSTRAINTS":"588","MODEL_DETAIL_CONTINUOUS_VARS":"0","MODEL_DETAIL_INTEGER_VARS":"774","MODEL_DETAIL_KPIS":"[\"Total Cost\", \"Nb Fix Used\", \"Nb Temp Used\"]","MODEL_DETAIL_NONZEROS":"6234","MODEL_DETAIL_OBJECTIVE_SENSE":"minimize","MODEL_DETAIL_TYPE":"MILP","PROGRESS_BEST_OBJECTIVE":"4940.0","PROGRESS_BEST_OBJECTIVE.history":"[[1698152654.61, 4940.0]]","PROGRESS_CURRENT_OBJECTIVE":"4940.0","PROGRESS_CURRENT_OBJECTIVE.history":"[[1698152654.61, 4940.0]]","PROGRESS_GAP":"0.0","PROGRESS_GAP.history":"[[1698152654.61, 0.0]]","STAT.cplex.modelType":"MILP","STAT.cplex.size.booleanVariables":"0","STAT.cplex.size.constraints":"588","STAT.cplex.size.continousVariables":"0","STAT.cplex.size.integerVariables":"774","STAT.cplex.size.linearConstraints":"588","STAT.cplex.size.quadraticConstraints":"0","STAT.cplex.size.variables":"774","STAT.job.coresCount":"1","STAT.job.inputsReadMs":"450","STAT.job.memoryPeakKB":"104724","STAT.job.modelProcessingMs":"203","STAT.job.outputsWriteMs":"321","latestOutputUpload":"2023-10-24T13:04:15.038Z"},"executionStatus":"PROCESSED","solveStatus":"OPTIMAL_SOLUTION","logTail":["[2023-10-24T13:04:14.403Z, WARNING] Python 3.10 is used as default with pandas 1.5.3 libraries.","[2023-10-24T13:04:14.432Z, INFO] {'resources.csv': {'id': 'str'}}","[2023-10-24T13:04:14.594Z, INFO] WARNING: Number of workers has been reduced to 1 to comply with platform limitations.","[2023-10-24T13:04:14.596Z, INFO] Version identifier: 22.1.1.0 | 2023-06-15 | d64d5bd77","[2023-10-24T13:04:14.596Z, INFO] CPXPARAM_Read_DataCheck                          1","[2023-10-24T13:04:14.596Z, INFO] CPXPARAM_Threads                                 1","[2023-10-24T13:04:14.597Z, INFO] Legacy callback                                  i","[2023-10-24T13:04:14.600Z, INFO] Tried aggregator 2 times.","[2023-10-24T13:04:14.600Z, INFO] MIP Presolve eliminated 212 rows and 96 columns.","[2023-10-24T13:04:14.601Z, INFO] Aggregator did 251 substitutions.","[2023-10-24T13:04:14.601Z, INFO] Reduced MIP has 125 rows, 292 columns, and 3657 nonzeros.","[2023-10-24T13:04:14.602Z, INFO] Reduced MIP has 0 binaries, 292 generals, 0 SOSs, and 0 indicators.","[2023-10-24T13:04:14.602Z, INFO] Presolve time = 0.00 sec. (3.86 ticks)","[2023-10-24T13:04:14.604Z, INFO] Found incumbent of value 5140.000000 after 0.01 sec. (8.52 ticks)","[2023-10-24T13:04:14.605Z, INFO] Tried aggregator 1 time.","[2023-10-24T13:04:14.605Z, INFO] Detecting symmetries...","[2023-10-24T13:04:14.606Z, INFO] Reduced MIP has 125 rows, 292 columns, and 3657 nonzeros.","[2023-10-24T13:04:14.606Z, INFO] Reduced MIP has 0 binaries, 292 generals, 0 SOSs, and 0 indicators.","[2023-10-24T13:04:14.606Z, INFO] Presolve time = 0.00 sec. (1.46 ticks)","[2023-10-24T13:04:14.607Z, INFO] MIP emphasis: balance optimality and feasibility.","[2023-10-24T13:04:14.607Z, INFO] MIP search method: dynamic search.","[2023-10-24T13:04:14.607Z, INFO] Parallel mode: none, using 1 thread.","[2023-10-24T13:04:14.608Z, INFO] Root relaxation solution time = 0.00 sec. (0.61 ticks)","[2023-10-24T13:04:14.608Z, INFO] ","[2023-10-24T13:04:14.609Z, INFO]         Nodes                                         Cuts/","[2023-10-24T13:04:14.609Z, INFO]    Node  Left     Objective  IInf  Best Integer    Best Bound    ItCnt     Gap","[2023-10-24T13:04:14.610Z, INFO] ","[2023-10-24T13:04:14.610Z, INFO] *     0+    0                         5140.0000     1000.0000            80.54%","[2023-10-24T13:04:14.611Z, INFO] *     0     0      integral     0     4940.0000     4940.0000       50    0.00%","[2023-10-24T13:04:14.611Z, INFO] Elapsed time = 0.01 sec. (11.15 ticks, tree = 0.00 MB, solutions = 2)","[2023-10-24T13:04:14.612Z, INFO] ","[2023-10-24T13:04:14.612Z, INFO] Root node processing (before b&c):","[2023-10-24T13:04:14.612Z, INFO]   Real time             =    0.01 sec. (11.18 ticks)","[2023-10-24T13:04:14.613Z, INFO] Sequential b&c:","[2023-10-24T13:04:14.613Z, INFO]   Real time             =    0.00 sec. (0.00 ticks)","[2023-10-24T13:04:14.613Z, INFO]                           ------------","[2023-10-24T13:04:14.614Z, INFO] Total (root+branch&cut) =    0.01 sec. (11.18 ticks)","[2023-10-24T13:04:14.617Z, INFO]   Feasible 4940.0"]},"taskSetupTime":1698152653429,"taskSolveTime":1698152657271,"taskTearDownTime":1698152659309,"jobSpaceId":"1e6362e3-9985-4ea3-b8ba-5d35f3036aa5","jobDeploymentId":"d3d0099c-1a31-4cac-bf68-ce0cd117c9bc","jobId":"386a390d-28cd-4cd8-8b83-a383b17de727","ping":1698152647350}