{"creationTime":1651064065853,"lastModificationTime":1651064065853,"state":"TERMINATED","solveConfig":{"containerId":"Scenario 1","solveParameters":{}},"jobDetails":{"id":"1c6f4be7-69bb-472e-8671-87dc222901c3","createdAt":1648644778722,"startedAt":1648644823377,"endedAt":1648644825916,"submittedAt":1648644778722,"details":{"EffectiveWorkers":"1","MODEL_DETAIL_CONSTRAINTS":"1","MODEL_DETAIL_INTEGER_VARS":"18","MODEL_DETAIL_TYPE":"CPO CP","MemoryUsage":"723477","NumberOfAuxiliaryVariables":"0","NumberOfBranches":"15548","NumberOfChoicePoints":"7933","NumberOfConstraints":"1","NumberOfConstraintsAggregated":"0","NumberOfConstraintsGenerated":"0","NumberOfCriteria":"1","NumberOfEngineConstraints":"14","NumberOfEngineVariables":"30","NumberOfFails":"7669","NumberOfIntegerVariables":"18","NumberOfIntervalVariables":"0","NumberOfModelVariables":"18","NumberOfSequenceVariables":"0","NumberOfSolutions":"10","NumberOfVariables":"18","PROGRESS_CURRENT_OBJECTIVE":"17.0","STAT.job.coresCount":"1","STAT.job.inputsReadMs":"817","STAT.job.memoryPeakKB":"94300","STAT.job.modelProcessingMs":"1017","STAT.job.outputsWriteMs":"242","SearchStatus":"45","SearchStopCause":"47","solutionStatus.failStatus":"SearchHasFailedNormally","solutionStatus.solveStatus":"Optimal"},"executionStatus":"PROCESSED","solveStatus":"OPTIMAL_SOLUTION","logTail":["[2022-03-30T12:53:45Z, INFO]  + New bound is 1","[2022-03-30T12:53:45Z, INFO]  *            42       52  0.01s               (gap is 97.62%)","[2022-03-30T12:53:45Z, INFO]  *            35       60  0.07s               (gap is 97.14%)","[2022-03-30T12:53:45Z, INFO]  *            31      187  0.08s               (gap is 96.77%)","[2022-03-30T12:53:45Z, INFO]  *            30      446  0.09s               (gap is 96.67%)","[2022-03-30T12:53:45Z, INFO]               30     1000          4              2  = SL[4]","[2022-03-30T12:53:45Z, INFO]  *            28     1296  0.09s               (gap is 96.43%)","[2022-03-30T12:53:45Z, INFO]  *            26     1309  0.09s               (gap is 96.15%)","[2022-03-30T12:53:45Z, INFO]  *            25     1462  0.09s               (gap is 96.00%)","[2022-03-30T12:53:45Z, INFO]               25     2000          4              3  = SL[5]","[2022-03-30T12:53:45Z, INFO]  *            23     2669  0.10s               (gap is 95.65%)","[2022-03-30T12:53:45Z, INFO]  *            19     2679  0.10s               (gap is 94.74%)","[2022-03-30T12:53:45Z, INFO]               19     3000          4        F     3  = SL[7]","[2022-03-30T12:53:45Z, INFO]               19     4000          4              4 != SC[8]","[2022-03-30T12:53:45Z, INFO]               19     5000          4        F     3  = SL[3]","[2022-03-30T12:53:45Z, INFO]               19     6000          6              8  = SC[2]","[2022-03-30T12:53:45Z, INFO]               19     6828          6        F     8 != SC[0]","[2022-03-30T12:53:45Z, INFO]  + New bound is 11 (gap is 42.11%)","[2022-03-30T12:53:45Z, INFO]               19     7000          4              5  = SL[1]","[2022-03-30T12:53:45Z, INFO]               19     8000          4        F     4  = SL[6]","[2022-03-30T12:53:45Z, INFO]  ! Time = 0.13s, Average fail depth = 9, Memory usage = 722.0 kB","[2022-03-30T12:53:45Z, INFO]  ! Current bound is 11 (gap is 42.11%)","[2022-03-30T12:53:45Z, INFO]  !          Best Branches  Non-fixed            Branch decision","[2022-03-30T12:53:45Z, INFO]               19     9000          4              6 != SC[8]","[2022-03-30T12:53:45Z, INFO]               19    10000          4              1  = SL[5]","[2022-03-30T12:53:45Z, INFO]               19    11000          4              3 != SC[5]","[2022-03-30T12:53:45Z, INFO]               19    12000          4        F     6  = SC[8]","[2022-03-30T12:53:45Z, INFO]  *            17    12890  0.21s               (gap is 35.29%)","[2022-03-30T12:53:45Z, INFO]               17    13000          4              6 != SC[1]","[2022-03-30T12:53:45Z, INFO]               17    14000          4              5  = SL[4]","[2022-03-30T12:53:45Z, INFO]               17    15000          6        F     3  = SC[8]","[2022-03-30T12:53:45Z, INFO]               17    15548          4                 -","[2022-03-30T12:53:45Z, INFO]  + New bound is 17 (gap is 0.00%)","[2022-03-30T12:53:45Z, INFO]  ! ----------------------------------------------------------------------------","[2022-03-30T12:53:45Z, INFO]  ! Search completed, 10 solutions found.","[2022-03-30T12:53:45Z, INFO]  ! Best objective         : 17 (optimal - effective tol. is 0)","[2022-03-30T12:53:45Z, INFO]  ! Best bound             : 17","[2022-03-30T12:53:45Z, INFO]  ! ----------------------------------------------------------------------------","[2022-03-30T12:53:45Z, INFO]  ! Number of branches     : 15548","[2022-03-30T12:53:45Z, INFO]  ! Number of fails        : 7669","[2022-03-30T12:53:45Z, INFO]  ! Total memory usage     : 764.3 kB (723.5 kB CP Optimizer + 40.8 kB Concert)","[2022-03-30T12:53:45Z, INFO]  ! Time spent in solve    : 0.22s (0.22s engine + 0.00s extraction)","[2022-03-30T12:53:45Z, INFO]  ! Search speed (br. / s) : 70672.7","[2022-03-30T12:53:45Z, INFO]  ! ----------------------------------------------------------------------------","[2022-03-30T12:53:45Z, INFO] Solve finished with status: OPTIMAL_SOLUTION"]},"runtimeDetails":{"state":"STARTED"},"taskSetupMillis":4824,"taskSolveMillis":48084,"taskTearDownMillis":15,"jobSpaceId":"5f6efc9a-f726-4409-b93e-446a080a3f16","jobDeploymentId":"2680f238-cbfc-4929-84c1-6905acb2bfaf","jobId":"1c6f4be7-69bb-472e-8671-87dc222901c3","ping":1648644803960}