{"creationTime":1651064033503,"lastModificationTime":1651064033503,"state":"TERMINATED","solveConfig":{"containerId":"Scenario 1","solveParameters":{}},"jobDetails":{"id":"3521ae16-b596-4a42-b784-290e756ec740","createdAt":1648644768605,"startedAt":1648644797354,"endedAt":1648644800249,"submittedAt":1648644768605,"details":{"MODEL_DETAIL_BOOLEAN_VARS":"0","MODEL_DETAIL_CONSTRAINTS":"5","MODEL_DETAIL_CONTINUOUS_VARS":"6","MODEL_DETAIL_INTEGER_VARS":"0","MODEL_DETAIL_LINEAR_CONSTRAINTS":"5","MODEL_DETAIL_NON_ZEROS":"12","MODEL_DETAIL_OBJECTIVE_SENSE":"minimize","MODEL_DETAIL_QUADRATIC_CONSTRAINTS":"0","MODEL_DETAIL_TYPE":"LP","PROGRESS_BEST_OBJECTIVE.history":"[]","PROGRESS_CURRENT_OBJECTIVE":"372","PROGRESS_CURRENT_OBJECTIVE.history":"[[1.648644799323E9,372]]","PROGRESS_GAP.history":"[]","STAT.cplex.modelType":"LP","STAT.cplex.size.booleanVariables":"0","STAT.cplex.size.constraints":"5","STAT.cplex.size.continousVariables":"6","STAT.cplex.size.integerVariables":"0","STAT.cplex.size.linearConstraints":"5","STAT.cplex.size.quadraticConstraints":"0","STAT.cplex.size.variables":"6","STAT.job.coresCount":"1","STAT.job.inputsReadMs":"1189","STAT.job.memoryPeakKB":"118100","STAT.job.modelProcessingMs":"714","STAT.job.outputsWriteMs":"617"},"executionStatus":"PROCESSED","solveStatus":"OPTIMAL_SOLUTION","logTail":["[2022-03-30T12:53:19Z, INFO] Initialization of Products.","[2022-03-30T12:53:19Z, INFO] Initialization of TProduct.","[2022-03-30T12:53:19Z, INFO] Initialization of Resources.","[2022-03-30T12:53:19Z, INFO] Initialization of TResource.","[2022-03-30T12:53:19Z, INFO] Initialization of Consumptions.","[2022-03-30T12:53:19Z, INFO] Initialization of TConsumption.","[2022-03-30T12:53:19Z, INFO] Initialization of totalInsideCost.","[2022-03-30T12:53:19Z, INFO] Initialization of Inside.","[2022-03-30T12:53:19Z, INFO] Initialization of totalOutsideCost.","[2022-03-30T12:53:19Z, INFO] Initialization of Outside.","[2022-03-30T12:53:19Z, INFO] Initialization of ctCapacity.","[2022-03-30T12:53:19Z, INFO] Initialization of ctDemand.","[2022-03-30T12:53:19Z, WARNING] Effective number of workers to be used for solve has been updated to: '1' (original value was: '0')","[2022-03-30T12:53:19Z, INFO] Version identifier: 20.1.0.1 | 2021-12-07 | 9dfdf6686","[2022-03-30T12:53:19Z, INFO] CPXPARAM_Threads                                 1","[2022-03-30T12:53:19Z, INFO] Tried aggregator 1 time.","[2022-03-30T12:53:19Z, INFO] No LP presolve or aggregator reductions.","[2022-03-30T12:53:19Z, INFO] Presolve time = 0.00 sec. (0.00 ticks)","[2022-03-30T12:53:19Z, INFO] Iteration log . . .","[2022-03-30T12:53:19Z, INFO] Iteration:     1   Dual objective     =            90.000000","[2022-03-30T12:53:19Z, INFO] attachment : stats.csv","[2022-03-30T12:53:19Z, INFO] Initialization of plan.","[2022-03-30T12:53:19Z, INFO] Initialization of TPlannedProduction.","[2022-03-30T12:53:19Z, INFO] Initialization of plan.","[2022-03-30T12:53:19Z, INFO] attachment : plan.csv","[2022-03-30T12:53:19Z, INFO] Total time spent in post processing: 1 msecs.","[2022-03-30T12:53:19Z, INFO] Solve finished with status: OPTIMAL_SOLUTION."]},"runtimeDetails":{"state":"STARTED"},"taskSetupMillis":2704,"taskSolveMillis":32295,"taskTearDownMillis":2,"jobSpaceId":"5f6efc9a-f726-4409-b93e-446a080a3f16","jobDeploymentId":"c71b8944-1011-46da-b2ab-2571b1e67bde","jobId":"3521ae16-b596-4a42-b784-290e756ec740","ping":1648644795965}