{"parentId":"SupplyDemandPlanning","category":"dashboard","readOnly":false,"creator":"stephane.michel@fr.ibm.com","createdAt":1532942609329,"usage":{"lastModificationTime":1532945209803,"lastModifier":"stephane.michel@fr.ibm.com"},"dataUsagePerCategory":{"":{"lastModificationTime":1532945209803,"lastModifier":"stephane.michel@fr.ibm.com"}},"state":"available","assets":[{"name":"dashboard.json","creator":"stephane.michel@fr.ibm.com","createdAt":1532942612299,"lastUpdater":"stephane.michel@fr.ibm.com","updatedAt":1532945209803,"contentType":"application/json","path":"dashboard.json"}]}