{"qualifiers":[{"name":"modelType","value":"cognitive"},{"name":"modelMetadata","value":"{\"creationTime\":1557247978181}"}],"parentId":"MarketingCampaignAssignment","category":"scenario","readOnly":false,"creator":"arnaud.schulz@fr.ibm.com","createdAt":1557247977964,"usage":{"lastModificationTime":1557248002322,"lastModifier":"arnaud.schulz@fr.ibm.com"},"dataUsagePerCategory":{"CO_ASSET_SESSION":{"lastModificationTime":1557247978479,"lastModifier":"arnaud.schulz@fr.ibm.com"},"CO_ASSET":{"lastModificationTime":1557247985575,"lastModifier":"arnaud.schulz@fr.ibm.com"},"input":{"lastModificationTime":1557247983983,"lastModifier":"arnaud.schulz@fr.ibm.com"},"output":{"lastModificationTime":1557247984858,"lastModifier":"arnaud.schulz@fr.ibm.com"},"model":{"lastModificationTime":1557247985171,"lastModifier":"arnaud.schulz@fr.ibm.com"}},"state":"available","tables":[{"tableType":{"columns":[{"key":"Customer","dataType":"String"},{"key":"Campaign","dataType":"String"},{"key":"expected value","dataType":"Number"}]},"name":"Candidates","category":"input","numberOfRows":27,"creator":"arnaud.schulz@fr.ibm.com","createdAt":1557247979889,"lastUpdater":"arnaud.schulz@fr.ibm.com","updatedAt":1557247980253,"path":"Candidates.csv"},{"tableType":{"columns":[{"key":"Name","dataType":"String"},{"key":"Value","dataType":"Number"},{"key":"Slider","dataType":"Number"},{"key":"Weight factor","dataType":"Number"},{"key":"Scale factor","dataType":"Number"},{"key":"Scaled weighted value","dataType":"Number"}]},"name":"kpis","category":"output","numberOfRows":2,"creator":"arnaud.schulz@fr.ibm.com","createdAt":1557247980626,"lastUpdater":"arnaud.schulz@fr.ibm.com","updatedAt":1557247980949,"path":"kpis.csv"},{"tableType":{"columns":[{"key":"id","dataType":"String"},{"key":"max customers","dataType":"Number"}]},"name":"Campaign","category":"input","numberOfRows":3,"creator":"arnaud.schulz@fr.ibm.com","createdAt":1557247981784,"lastUpdater":"arnaud.schulz@fr.ibm.com","updatedAt":1557247981986,"path":"Campaign.csv"},{"tableType":{"columns":[{"key":"Customer id","dataType":"String"},{"key":"Campaign id","dataType":"String"},{"key":"Customer age","dataType":"Number"},{"key":"Campaign max customers","dataType":"Number"},{"key":"Candidates expected value","dataType":"Number"},{"key":"the number of Customer to Campaign assignments","dataType":"Number"},{"key":"overall quality of Customer to Campaign assignments according to Candidates","dataType":"Number"}]},"name":"Customer_to_Campaign_assignment_report","category":"output","numberOfRows":9,"creator":"arnaud.schulz@fr.ibm.com","createdAt":1557247982823,"lastUpdater":"arnaud.schulz@fr.ibm.com","updatedAt":1557247983311,"path":"Customer_to_Campaign_assignment_report.csv"},{"tableType":{"columns":[{"key":"id","dataType":"String"},{"key":"age","dataType":"Number"}]},"name":"Customer","category":"input","numberOfRows":9,"creator":"arnaud.schulz@fr.ibm.com","createdAt":1557247983684,"lastUpdater":"arnaud.schulz@fr.ibm.com","updatedAt":1557247983983,"path":"Customer.csv"},{"tableType":{"columns":[{"key":"id_of_Customer","dataType":"String"},{"key":"id_of_Campaign","dataType":"String"},{"key":"resourceAssignmentVar","dataType":"Number"}]},"name":"list_of_ResourceAssignment_solution","category":"output","numberOfRows":9,"creator":"arnaud.schulz@fr.ibm.com","createdAt":1557247984523,"lastUpdater":"arnaud.schulz@fr.ibm.com","updatedAt":1557247984858,"path":"list_of_ResourceAssignment_solution.csv"}],"assets":[{"name":"CO_SESSION.json","category":"CO_ASSET_SESSION","creator":"arnaud.schulz@fr.ibm.com","createdAt":1557247978479,"lastUpdater":"arnaud.schulz@fr.ibm.com","updatedAt":1557247978479,"contentType":"text/plain","path":"CO_SESSION.json"},{"name":"CO_SOLUTION_TEXT.json","category":"CO_ASSET","creator":"arnaud.schulz@fr.ibm.com","createdAt":1557247978912,"lastUpdater":"arnaud.schulz@fr.ibm.com","updatedAt":1557247978912,"contentType":"text/plain","path":"CO_SOLUTION_TEXT.json"},{"name":"solveParameters.json","category":"CO_ASSET","creator":"arnaud.schulz@fr.ibm.com","createdAt":1557247979576,"lastUpdater":"arnaud.schulz@fr.ibm.com","updatedAt":1557247979576,"contentType":"text/plain","path":"solveParameters.json"},{"name":"CO_DATASET.json","category":"CO_ASSET","creator":"arnaud.schulz@fr.ibm.com","createdAt":1557247981506,"lastUpdater":"arnaud.schulz@fr.ibm.com","updatedAt":1557247981506,"contentType":"text/plain","path":"CO_DATASET.json"},{"name":"log.txt","category":"output","creator":"arnaud.schulz@fr.ibm.com","createdAt":1557247982343,"lastUpdater":"arnaud.schulz@fr.ibm.com","updatedAt":1557247982343,"contentType":"text/plain","path":"log.txt"},{"name":"model.py","category":"model","creator":"arnaud.schulz@fr.ibm.com","createdAt":1557247985171,"lastUpdater":"arnaud.schulz@fr.ibm.com","updatedAt":1557247985171,"contentType":"text/plain","path":"model.py"},{"name":"CO_SOLUTION_JSON.json","category":"CO_ASSET","creator":"arnaud.schulz@fr.ibm.com","createdAt":1557247985575,"lastUpdater":"arnaud.schulz@fr.ibm.com","updatedAt":1557247985575,"contentType":"text/plain","path":"CO_SOLUTION_JSON.json"}]}