{"retry":0,"creationTime":1521538019648,"lastModificationTime":1521538021507,"state":"TERMINATED","solveConfig":{"containerId":"Scenario 4","collectEngineLog":true,"solveParameters":{"oaas.logAttachmentName":"log.txt","oaas.logTailEnabled":"true"}},"jobId":"job.9c5c6e77-fef3-49f3-a55d-dbcfdfad29ce","transactionId":"3fd764fd-5dd9-440c-8863-a46e756307e9","dataContainerId":"f1d64e23-c818-4463-a65e-c812f5f09184","jobDetails":{"id":"job.9c5c6e77-fef3-49f3-a55d-dbcfdfad29ce","createdAt":1521538019852,"startedAt":1521538020017,"endedAt":1521538021273,"endReportedAt":1521538021305,"submittedAt":1521538019852,"updatedAt":1521538021273,"applicationVersionUsed":"1.0-R1-b4176","details":{"MODEL_DETAIL_BOOLEAN_VARS":"27","MODEL_DETAIL_CONSTRAINTS":"15","MODEL_DETAIL_CONTINUOUS_VARS":"0","MODEL_DETAIL_KPIS":"[\"overall quality of Customer to Campaign assignments according to Candidates\"]","MODEL_DETAIL_INTEGER_VARS":"0","KPI.overall quality of Customer to Campaign assignments according to Candidates":"715","PROGRESS_BEST_OBJECTIVE":"715.0","MODEL_DETAIL_TYPE":"MILP","PROGRESS_GAP":"0.0","PROGRESS_CURRENT_OBJECTIVE":"715","MODEL_DETAIL_NONZEROS":"57"},"systemDetails":{"worker.process.max.memory":"524288","worker.cores.total":"16","worker.cores.default":"1","worker.process.cpu.set":null,"worker.heap.max":"524288","worker.data.read.bytes":"17139","worker.data.write.duration":"203","worker.processing.duration":"1184","worker.process.peak.swap":"0","worker.log.write.duration":"4","worker.process.processing.duration":"657","worker.data.read.duration":"53","worker.jms.write.chars":"10196","worker.log.write.chars":"1018","worker.data.write.bytes":"3623","worker.heap.used":"96982","worker.process.peak.memory":"0","worker.setup.duration":"96","worker.jms.write.duration":"37"},"executionStatus":"PROCESSED","solveStatus":"OPTIMAL_SOLUTION","logTail":["[2018-03-20T09:27:00Z, INFO] * building wado model","[2018-03-20T09:27:00Z, INFO] model building done in 0.109555006027 secs","[2018-03-20T09:27:00Z, INFO] * running wado model","[2018-03-20T09:27:00Z, INFO] WARNING: Number of workers has been reduced to 1 to comply with platform limitations.","[2018-03-20T09:27:00Z, INFO] CPXPARAM_TimeLimit                               120","[2018-03-20T09:27:00Z, INFO] CPXPARAM_Read_DataCheck                          1","[2018-03-20T09:27:00Z, INFO] CPXPARAM_Threads                                 1","[2018-03-20T09:27:00Z, INFO] Tried aggregator 1 time.","[2018-03-20T09:27:00Z, INFO] MIP Presolve eliminated 4 rows and 5 columns.","[2018-03-20T09:27:00Z, INFO] Reduced MIP has 11 rows, 22 columns, and 44 nonzeros.","[2018-03-20T09:27:00Z, INFO] Reduced MIP has 22 binaries, 0 generals, 0 SOSs, and 0 indicators.","[2018-03-20T09:27:00Z, INFO] Presolve time = 0.00 sec. (0.03 ticks)","[2018-03-20T09:27:00Z, INFO] Found incumbent of value 100.000000 after 0.00 sec. (0.04 ticks)","[2018-03-20T09:27:00Z, INFO] Probing time = 0.00 sec. (0.01 ticks)","[2018-03-20T09:27:00Z, INFO] Tried aggregator 1 time.","[2018-03-20T09:27:00Z, INFO] Reduced MIP has 11 rows, 22 columns, and 44 nonzeros.","[2018-03-20T09:27:00Z, INFO] Reduced MIP has 22 binaries, 0 generals, 0 SOSs, and 0 indicators.","[2018-03-20T09:27:00Z, INFO] Presolve time = 0.00 sec. (0.03 ticks)","[2018-03-20T09:27:00Z, INFO] Probing time = 0.00 sec. (0.01 ticks)","[2018-03-20T09:27:00Z, INFO] Clique table members: 8.","[2018-03-20T09:27:00Z, INFO] MIP emphasis: balance optimality and feasibility.","[2018-03-20T09:27:00Z, INFO] MIP search method: dynamic search.","[2018-03-20T09:27:00Z, INFO] Parallel mode: none, using 1 thread.","[2018-03-20T09:27:00Z, INFO] Root relaxation solution time = 0.00 sec. (0.02 ticks)","[2018-03-20T09:27:00Z, INFO] ","[2018-03-20T09:27:00Z, INFO]         Nodes                                         Cuts/","[2018-03-20T09:27:00Z, INFO]    Node  Left     Objective  IInf  Best Integer    Best Bound    ItCnt     Gap","[2018-03-20T09:27:00Z, INFO] *     0+    0                          100.0000     1610.0000              ---","[2018-03-20T09:27:00Z, INFO] *     0     0      integral     0      715.0000      715.0000        9    0.00%","[2018-03-20T09:27:00Z, INFO] Elapsed time = 0.00 sec. (0.13 ticks, tree = 0.00 MB","[2018-03-20T09:27:00Z, INFO] , solutions = 2","[2018-03-20T09:27:00Z, INFO] )","[2018-03-20T09:27:00Z, INFO] ","[2018-03-20T09:27:00Z, INFO] Root node processing (before b&c):","[2018-03-20T09:27:00Z, INFO]   Real time             =    0.00 sec. (0.13 ticks)","[2018-03-20T09:27:00Z, INFO] Sequential b&c:","[2018-03-20T09:27:00Z, INFO]   Real time             =    0.00 sec. (0.00 ticks)","[2018-03-20T09:27:00Z, INFO]                           ------------","[2018-03-20T09:27:00Z, INFO] Total (root+branch&cut) =    0.00 sec. (0.13 ticks)","[2018-03-20T09:27:00Z, INFO] Solve status:","[2018-03-20T09:27:00Z, INFO] JobSolveStatus.OPTIMAL_SOLUTION","[2018-03-20T09:27:00Z, INFO] * model docplex_model1 solved with objective = 715","[2018-03-20T09:27:00Z, INFO] *  KPI: overall quality of Customer to Campaign assignments according to Candidates = 715.000","[2018-03-20T09:27:00Z, INFO] model solve done in 0.0635249614716 secs","[2018-03-20T09:27:00Z, INFO] solution export done in 0.00403809547424 secs"]},"runtimeDetails":{"state":"STARTED"},"taskSetupMillis":210,"taskSolveMillis":1551,"taskTearDownMillis":0,"jobUri":"http://dods-processor-server-1521447110072-svc.ibmdsxuser-1023.svc.cluster.local/dd-execution/api/v1/solve/job.9c5c6e77-fef3-49f3-a55d-dbcfdfad29ce"}