{"retry":0,"creationTime":1527264553784,"lastModificationTime":1527264556386,"state":"TERMINATED","solveConfig":{"containerId":"Copy 01","collectEngineLog":true,"solveParameters":{"oaas.logAttachmentName":"log.txt","oaas.logTailEnabled":"true"}},"jobId":"job.bcfb04b2-39c7-4032-8b1c-5b659ce78b8e","transactionId":"4ff400b5-1801-4519-9438-a8c5acbd3e7b","dataContainerId":"8d70a950-c091-48b1-99bf-2f8be231a034","jobDetails":{"id":"job.bcfb04b2-39c7-4032-8b1c-5b659ce78b8e","createdAt":1527264554019,"startedAt":1527264554114,"endedAt":1527264556109,"endReportedAt":1527264556131,"submittedAt":1527264554019,"updatedAt":1527264556109,"applicationVersionUsed":"1.0-release_to_dsxl_ce-b3","details":{"MODEL_DETAIL_BOOLEAN_VARS":"0","MODEL_DETAIL_CONSTRAINTS":"588","MODEL_DETAIL_CONTINUOUS_VARS":"0","MODEL_DETAIL_KPIS":"[\"Total Cost\", \"Nb Fix Used\", \"Nb Temp Used\"]","MODEL_DETAIL_INTEGER_VARS":"774","PROGRESS_GAP":"0.0","MODEL_DETAIL_NONZEROS":"6234","PROGRESS_BEST_OBJECTIVE":"4540.0","KPI.Nb Temp Used":"14.0","KPI.Nb Fix Used":"37.0","MODEL_DETAIL_TYPE":"MILP","PROGRESS_CURRENT_OBJECTIVE":"4540","KPI.Total Cost":"4540"},"systemDetails":{"worker.process.max.memory":"524288","worker.cores.total":"8","worker.cores.default":"1","worker.process.cpu.set":null,"worker.heap.max":"524288","worker.data.read.bytes":"9314","worker.data.write.duration":"328","worker.processing.duration":"1940","worker.process.peak.swap":"0","worker.log.write.duration":"6","worker.process.processing.duration":"1294","worker.data.read.duration":"55","worker.jms.write.chars":"7709","worker.log.write.chars":"1039","worker.data.write.bytes":"11930","worker.heap.used":"104625","worker.process.peak.memory":"98184","worker.setup.duration":"52","worker.jms.write.duration":"22"},"executionStatus":"PROCESSED","solveStatus":"OPTIMAL_SOLUTION","logTail":["[2018-05-25T16:09:15Z, INFO] WARNING: Number of workers has been reduced to 1 to comply with platform limitations.","[2018-05-25T16:09:15Z, INFO] CPXPARAM_Read_DataCheck                          1","[2018-05-25T16:09:15Z, INFO] CPXPARAM_Threads                                 1","[2018-05-25T16:09:15Z, INFO] Tried aggregator 2 times.","[2018-05-25T16:09:15Z, INFO] MIP Presolve eliminated 69 rows and 72 columns.","[2018-05-25T16:09:15Z, INFO] Aggregator did 386 substitutions.","[2018-05-25T16:09:15Z, INFO] Reduced MIP has 133 rows, 316 columns, and 3801 nonzeros.","[2018-05-25T16:09:15Z, INFO] Reduced MIP has 0 binaries, 316 generals, 0 SOSs, and 0 indicators.","[2018-05-25T16:09:15Z, INFO] Presolve time = 0.01 sec. (3.97 ticks)","[2018-05-25T16:09:15Z, INFO] Found incumbent of value 4960.000000 after 0.02 sec. (8.83 ticks)","[2018-05-25T16:09:15Z, INFO] Tried aggregator 1 time.","[2018-05-25T16:09:15Z, INFO] Reduced MIP has 133 rows, 316 columns, and 3801 nonzeros.","[2018-05-25T16:09:15Z, INFO] Reduced MIP has 0 binaries, 316 generals, 0 SOSs, and 0 indicators.","[2018-05-25T16:09:15Z, INFO] Presolve time = 0.00 sec. (1.47 ticks)","[2018-05-25T16:09:15Z, INFO] MIP emphasis: balance optimality and feasibility.","[2018-05-25T16:09:15Z, INFO] MIP search method: dynamic search.","[2018-05-25T16:09:15Z, INFO] Parallel mode: none, using 1 thread.","[2018-05-25T16:09:15Z, INFO] Root relaxation solution time = 0.00 sec. (0.71 ticks)","[2018-05-25T16:09:15Z, INFO] ","[2018-05-25T16:09:15Z, INFO]         Nodes                                         Cuts/","[2018-05-25T16:09:15Z, INFO]    Node  Left     Objective  IInf  Best Integer    Best Bound    ItCnt     Gap","[2018-05-25T16:09:15Z, INFO] *     0+    0                         4960.0000     1000.0000            79.84%","[2018-05-25T16:09:15Z, INFO] *     0     0      integral     0     4540.0000     4540.0000       61    0.00%","[2018-05-25T16:09:15Z, INFO] Elapsed time = 0.02 sec. (11.57 ticks, tree = 0.00 MB","[2018-05-25T16:09:15Z, INFO] , solutions = 2","[2018-05-25T16:09:15Z, INFO] )","[2018-05-25T16:09:15Z, INFO] ","[2018-05-25T16:09:15Z, INFO] Root node processing (before b&c):","[2018-05-25T16:09:15Z, INFO]   Real time             =    0.02 sec. (11.62 ticks)","[2018-05-25T16:09:15Z, INFO] Sequential b&c:","[2018-05-25T16:09:15Z, INFO]   Real time             =    0.00 sec. (0.00 ticks)","[2018-05-25T16:09:15Z, INFO]                           ------------","[2018-05-25T16:09:15Z, INFO] Total (root+branch&cut) =    0.02 sec. (11.62 ticks)","[2018-05-25T16:09:15Z, INFO]   Feasible 4540"]},"runtimeDetails":{"state":"STARTED"},"taskSetupMillis":198,"taskSolveMillis":2286,"taskTearDownMillis":1,"jobUri":"http://dods-processor-server-1527263617784-1016-svc/dd-execution/api/v1/solve/job.bcfb04b2-39c7-4032-8b1c-5b659ce78b8e"}