{"creationTime":1698151911751,"lastModificationTime":1698151930091,"state":"TERMINATED","solveConfig":{"containerId":"scenario 1","solveParameters":{"oaas.logAttachmentName":"log.txt","oaas.logTailEnabled":"true"},"setupWebHook":{"verb":"GET","url":"https://internal-nginx-svc:12443/v1/cognitive/solve/preprocess/scenario%201?projectId=4bcb4898-8a86-4f3f-8ba7-4dc62cc7ebc2&parentId=MarketingCampaignAssignment","expectedStatus":200,"headers":{}},"tearDownWebHook":{"verb":"GET","url":"https://internal-nginx-svc:12443/v1/cognitive/solve/postprocess/scenario%201?projectId=4bcb4898-8a86-4f3f-8ba7-4dc62cc7ebc2&parentId=MarketingCampaignAssignment","expectedStatus":200,"headers":{}}},"jobDetails":{"id":"d060a1ae-f2e8-4b5d-8e99-7c35cd9011b3","createdAt":1698151918337,"startedAt":1698151919307,"endedAt":1698151921509,"submittedAt":1698151918337,"details":{"KPI.PROGRESS_CURRENT_OBJECTIVE":"12064.0","KPI.overall quality or value of Customer-Campaign assignments according to Candidates":"745.0","KPI.the number of Customer-Campaign assignments":"9.0","MODEL_DETAIL_BOOLEAN_VARS":"27","MODEL_DETAIL_CONSTRAINTS":"12","MODEL_DETAIL_CONTINUOUS_VARS":"0","MODEL_DETAIL_INTEGER_VARS":"0","MODEL_DETAIL_KPIS":"[\"the number of Customer-Campaign assignments\", \"overall quality or value of Customer-Campaign assignments according to Candidates\"]","MODEL_DETAIL_NONZEROS":"54","MODEL_DETAIL_OBJECTIVE_SENSE":"maximize","MODEL_DETAIL_TYPE":"MILP","PROGRESS_BEST_OBJECTIVE":"12064.0","PROGRESS_BEST_OBJECTIVE.history":"[[1698151919.71, 12064.0]]","PROGRESS_CURRENT_OBJECTIVE":"12064.0","PROGRESS_CURRENT_OBJECTIVE.history":"[[1698151919.71, 12064.0]]","PROGRESS_GAP":"0.0","PROGRESS_GAP.history":"[[1698151919.71, 0.0]]","STAT.cplex.modelType":"MILP","STAT.cplex.size.booleanVariables":"27","STAT.cplex.size.constraints":"12","STAT.cplex.size.continousVariables":"0","STAT.cplex.size.integerVariables":"0","STAT.cplex.size.linearConstraints":"12","STAT.cplex.size.quadraticConstraints":"0","STAT.cplex.size.variables":"27","STAT.job.coresCount":"1","STAT.job.inputsReadMs":"203","STAT.job.memoryPeakKB":"112028","STAT.job.modelProcessingMs":"170","STAT.job.outputsWriteMs":"1620","latestOutputUpload":"2023-10-24T12:52:01.508Z"},"executionStatus":"PROCESSED","solveStatus":"OPTIMAL_SOLUTION","logTail":["[2023-10-24T12:51:59.678Z, INFO] model building done in 0.03161048889160156 secs","[2023-10-24T12:51:59.679Z, INFO] * running wado model","[2023-10-24T12:51:59.688Z, INFO] WARNING: Number of workers has been reduced to 1 to comply with platform limitations.","[2023-10-24T12:51:59.704Z, INFO] Version identifier: 22.1.1.0 | 2023-06-15 | d64d5bd77","[2023-10-24T12:51:59.706Z, INFO] CPXPARAM_Read_DataCheck                          1","[2023-10-24T12:51:59.707Z, INFO] CPXPARAM_Threads                                 1","[2023-10-24T12:51:59.708Z, INFO] CPXPARAM_TimeLimit                               120","[2023-10-24T12:51:59.709Z, INFO] Legacy callback                                  i","[2023-10-24T12:51:59.710Z, INFO] Found incumbent of value 0.000000 after 0.00 sec. (0.00 ticks)","[2023-10-24T12:51:59.711Z, INFO] Tried aggregator 1 time.","[2023-10-24T12:51:59.712Z, INFO] Reduced MIP has 12 rows, 27 columns, and 54 nonzeros.","[2023-10-24T12:51:59.713Z, INFO] Reduced MIP has 27 binaries, 0 generals, 0 SOSs, and 0 indicators.","[2023-10-24T12:51:59.713Z, INFO] Presolve time = 0.00 sec. (0.03 ticks)","[2023-10-24T12:51:59.714Z, INFO] Probing time = 0.00 sec. (0.01 ticks)","[2023-10-24T12:51:59.715Z, INFO] Tried aggregator 1 time.","[2023-10-24T12:51:59.715Z, INFO] Detecting symmetries...","[2023-10-24T12:51:59.716Z, INFO] Reduced MIP has 12 rows, 27 columns, and 54 nonzeros.","[2023-10-24T12:51:59.717Z, INFO] Reduced MIP has 27 binaries, 0 generals, 0 SOSs, and 0 indicators.","[2023-10-24T12:51:59.718Z, INFO] Presolve time = 0.00 sec. (0.04 ticks)","[2023-10-24T12:51:59.719Z, INFO] Probing time = 0.00 sec. (0.01 ticks)","[2023-10-24T12:51:59.720Z, INFO] Clique table members: 9.","[2023-10-24T12:51:59.720Z, INFO] MIP emphasis: balance optimality and feasibility.","[2023-10-24T12:51:59.721Z, INFO] MIP search method: dynamic search.","[2023-10-24T12:51:59.722Z, INFO] Parallel mode: none, using 1 thread.","[2023-10-24T12:51:59.722Z, INFO] Root relaxation solution time = 0.00 sec. (0.03 ticks)","[2023-10-24T12:51:59.723Z, INFO] ","[2023-10-24T12:51:59.724Z, INFO]         Nodes                                         Cuts/","[2023-10-24T12:51:59.724Z, INFO]    Node  Left     Objective  IInf  Best Integer    Best Bound    ItCnt     Gap","[2023-10-24T12:51:59.725Z, INFO] ","[2023-10-24T12:51:59.726Z, INFO] *     0+    0                            0.0000    32032.0000              --- ","[2023-10-24T12:51:59.726Z, INFO] *     0     0      integral     0    12064.0000    12064.0000       12    0.00%","[2023-10-24T12:51:59.727Z, INFO] Elapsed time = 0.00 sec. (0.15 ticks, tree = 0.00 MB, solutions = 2)","[2023-10-24T12:51:59.727Z, INFO] ","[2023-10-24T12:51:59.728Z, INFO] Root node processing (before b&c):","[2023-10-24T12:51:59.728Z, INFO]   Real time             =    0.00 sec. (0.15 ticks)","[2023-10-24T12:51:59.729Z, INFO] Sequential b&c:","[2023-10-24T12:51:59.730Z, INFO]   Real time             =    0.00 sec. (0.00 ticks)","[2023-10-24T12:51:59.730Z, INFO]                           ------------","[2023-10-24T12:51:59.731Z, INFO] Total (root+branch&cut) =    0.00 sec. (0.15 ticks)","[2023-10-24T12:51:59.739Z, INFO] Solve status: JobSolveStatus.OPTIMAL_SOLUTION","[2023-10-24T12:51:59.740Z, INFO] * model docplex_model1 solved with objective = 12064.000","[2023-10-24T12:51:59.741Z, INFO] *  KPI: the number of Customer-Campaign assignments                                       = 9.000","[2023-10-24T12:51:59.742Z, INFO] *  KPI: overall quality or value of Customer-Campaign assignments according to Candidates = 745.000","[2023-10-24T12:51:59.743Z, INFO] model solve done in 0.03286147117614746 secs","[2023-10-24T12:51:59.743Z, INFO] solution export done in 0.007329702377319336 secs"]},"taskSetupTime":1698151918403,"taskSolveTime":1698151926332,"taskTearDownTime":1698151930091,"jobSpaceId":"1e6362e3-9985-4ea3-b8ba-5d35f3036aa5","jobDeploymentId":"89f9336a-f713-40b9-8c61-bf00e5a5a64b","jobId":"d060a1ae-f2e8-4b5d-8e99-7c35cd9011b3","ping":1698151912506}