{"creationTime":1521537643017,"jobUri":"http:\/\/dods-processor-server-1521447110072-svc.ibmdsxuser-1023.svc.cluster.local\/dd-execution\/api\/v1\/solve\/job.2b045ff2-a97e-498e-b38d-8ab4a891bd53","lastModificationTime":1521537650292,"taskTearDownMillis":1,"ganttAvailable":false,"taskSetupMillis":258,"state":"TERMINATED","jobDetails":{"executionStatus":"PROCESSED","startedAt":1521537643476,"logTail":["[2018-03-20T09:20:44Z, INFO] * building wado model","[2018-03-20T09:20:44Z, INFO] model building done in 0.114084005356 secs","[2018-03-20T09:20:44Z, INFO] * running wado model","[2018-03-20T09:20:44Z, INFO] WARNING: Number of workers has been reduced to 1 to comply with platform limitations.","[2018-03-20T09:20:44Z, INFO] CPXPARAM_TimeLimit                               120","[2018-03-20T09:20:44Z, INFO] CPXPARAM_Read_DataCheck                          1","[2018-03-20T09:20:44Z, INFO] CPXPARAM_Threads                                 1","[2018-03-20T09:20:44Z, INFO] Found incumbent of value 0.000000 after 0.00 sec. (0.00 ticks)","[2018-03-20T09:20:44Z, INFO] Tried aggregator 1 time.","[2018-03-20T09:20:44Z, INFO] MIP Presolve eliminated 2 rows and 2 columns.","[2018-03-20T09:20:44Z, INFO] Reduced MIP has 12 rows, 25 columns, and 50 nonzeros.","[2018-03-20T09:20:44Z, INFO] Reduced MIP has 25 binaries, 0 generals, 0 SOSs, and 0 indicators.","[2018-03-20T09:20:44Z, INFO] Presolve time = 0.00 sec. (0.03 ticks)","[2018-03-20T09:20:44Z, INFO] Probing time = 0.00 sec. (0.01 ticks)","[2018-03-20T09:20:44Z, INFO] Tried aggregator 1 time.","[2018-03-20T09:20:44Z, INFO] Reduced MIP has 12 rows, 25 columns, and 50 nonzeros.","[2018-03-20T09:20:44Z, INFO] Reduced MIP has 25 binaries, 0 generals, 0 SOSs, and 0 indicators.","[2018-03-20T09:20:44Z, INFO] Presolve time = 0.00 sec. (0.04 ticks)","[2018-03-20T09:20:44Z, INFO] Probing time = 0.00 sec. (0.01 ticks)","[2018-03-20T09:20:44Z, INFO] Clique table members: 9.","[2018-03-20T09:20:44Z, INFO] MIP emphasis: balance optimality and feasibility.","[2018-03-20T09:20:44Z, INFO] MIP search method: dynamic search.","[2018-03-20T09:20:44Z, INFO] Parallel mode: none, using 1 thread.","[2018-03-20T09:20:44Z, INFO] Root relaxation solution time = 0.00 sec. (0.02 ticks)","[2018-03-20T09:20:44Z, INFO] ","[2018-03-20T09:20:44Z, INFO]         Nodes                                         Cuts\/","[2018-03-20T09:20:44Z, INFO]    Node  Left     Objective  IInf  Best Integer    Best Bound    ItCnt     Gap","[2018-03-20T09:20:44Z, INFO] *     0+    0                            0.0000     1820.0000              ---","[2018-03-20T09:20:44Z, INFO] *     0     0      integral     0      735.0000      735.0000       11    0.00%","[2018-03-20T09:20:44Z, INFO] Elapsed time = 0.00 sec. (0.14 ticks, tree = 0.00 MB","[2018-03-20T09:20:44Z, INFO] , solutions = 2","[2018-03-20T09:20:44Z, INFO] )","[2018-03-20T09:20:44Z, INFO] ","[2018-03-20T09:20:44Z, INFO] Root node processing (before b&c):","[2018-03-20T09:20:44Z, INFO]   Real time             =    0.00 sec. (0.14 ticks)","[2018-03-20T09:20:44Z, INFO] Sequential b&c:","[2018-03-20T09:20:44Z, INFO]   Real time             =    0.00 sec. (0.00 ticks)","[2018-03-20T09:20:44Z, INFO]                           ------------","[2018-03-20T09:20:44Z, INFO] Total (root+branch&cut) =    0.00 sec. (0.14 ticks)","[2018-03-20T09:20:44Z, INFO] Solve status:","[2018-03-20T09:20:44Z, INFO] JobSolveStatus.OPTIMAL_SOLUTION","[2018-03-20T09:20:44Z, INFO] * model docplex_model1 solved with objective = 735","[2018-03-20T09:20:44Z, INFO] *  KPI: overall quality of Customer to Campaign assignments according to Candidates = 735.000","[2018-03-20T09:20:44Z, INFO] model solve done in 0.0624270439148 secs","[2018-03-20T09:20:44Z, INFO] solution export done in 0.003830909729 secs"],"createdAt":1521537643276,"applicationVersionUsed":"1.0-R1-b4176","solveStatus":"OPTIMAL_SOLUTION","endReportedAt":1521537645041,"endedAt":1521537644979,"details":{"MODEL_DETAIL_TYPE":"MILP","MODEL_DETAIL_INTEGER_VARS":"0","KPI.overall quality of Customer to Campaign assignments according to Candidates":"735","MODEL_DETAIL_CONSTRAINTS":"14","MODEL_DETAIL_KPIS":"[\"overall quality of Customer to Campaign assignments according to Candidates\"]","MODEL_DETAIL_NONZEROS":"56","MODEL_DETAIL_BOOLEAN_VARS":"27","MODEL_DETAIL_CONTINUOUS_VARS":"0","PROGRESS_CURRENT_OBJECTIVE":"735","PROGRESS_GAP":"0.0","PROGRESS_BEST_OBJECTIVE":"735.0"},"id":"job.2b045ff2-a97e-498e-b38d-8ab4a891bd53","systemDetails":{"worker.process.cpu.set":null,"worker.heap.max":"524288","worker.process.max.memory":"524288","worker.data.read.bytes":"16377","worker.data.write.duration":"295","worker.processing.duration":"1277","worker.process.peak.swap":"0","worker.cores.default":"1","worker.log.write.duration":"4","worker.process.processing.duration":"636","worker.data.read.duration":"71","worker.jms.write.chars":"10196","worker.log.write.chars":"1018","worker.data.write.bytes":"3619","worker.cores.total":"16","worker.heap.used":"121714","worker.process.peak.memory":"0","worker.setup.duration":"112","worker.jms.write.duration":"41"},"submittedAt":1521537643276,"updatedAt":1521537644979},"runtimeDetails":{"state":"STARTED"},"retry":0,"taskSolveMillis":1801,"cplex_state":"TERMINATED"}