{"qualifiers":[{"name":"modelType","value":"cognitive"},{"name":"modelMetadata","value":"{\"creationTime\":1557247952950}"}],"parentId":"MarketingCampaignAssignment","category":"scenario","readOnly":false,"creator":"arnaud.schulz@fr.ibm.com","createdAt":1557247952650,"usage":{"lastModificationTime":1557247969418,"lastModifier":"arnaud.schulz@fr.ibm.com"},"dataUsagePerCategory":{"CO_ASSET_SESSION":{"lastModificationTime":1557247953325,"lastModifier":"arnaud.schulz@fr.ibm.com"},"CO_ASSET":{"lastModificationTime":1557247959158,"lastModifier":"arnaud.schulz@fr.ibm.com"},"input":{"lastModificationTime":1557247957878,"lastModifier":"arnaud.schulz@fr.ibm.com"},"output":{"lastModificationTime":1557247958415,"lastModifier":"arnaud.schulz@fr.ibm.com"},"model":{"lastModificationTime":1557247958809,"lastModifier":"arnaud.schulz@fr.ibm.com"}},"state":"available","tables":[{"tableType":{"columns":[{"key":"Customer","dataType":"String"},{"key":"Campaign","dataType":"String"},{"key":"expected value","dataType":"Number"}]},"name":"Candidates","category":"input","numberOfRows":27,"creator":"arnaud.schulz@fr.ibm.com","createdAt":1557247954398,"lastUpdater":"arnaud.schulz@fr.ibm.com","updatedAt":1557247954652,"path":"Candidates.csv"},{"tableType":{"columns":[{"key":"Name","dataType":"String"},{"key":"Value","dataType":"Number"},{"key":"Slider","dataType":"Number"},{"key":"Weight factor","dataType":"Number"},{"key":"Scale factor","dataType":"Number"},{"key":"Scaled weighted value","dataType":"Number"}]},"name":"kpis","category":"output","numberOfRows":2,"creator":"arnaud.schulz@fr.ibm.com","createdAt":1557247954986,"lastUpdater":"arnaud.schulz@fr.ibm.com","updatedAt":1557247955304,"path":"kpis.csv"},{"tableType":{"columns":[{"key":"id","dataType":"String"},{"key":"max customers","dataType":"Number"}]},"name":"Campaign","category":"input","numberOfRows":3,"creator":"arnaud.schulz@fr.ibm.com","createdAt":1557247955787,"lastUpdater":"arnaud.schulz@fr.ibm.com","updatedAt":1557247956021,"path":"Campaign.csv"},{"tableType":{"columns":[{"key":"Customer id","dataType":"String"},{"key":"Campaign id","dataType":"String"},{"key":"Customer age","dataType":"Number"},{"key":"Campaign max customers","dataType":"Number"},{"key":"Candidates expected value","dataType":"Number"},{"key":"the number of Customer to Campaign assignments","dataType":"Number"},{"key":"overall quality of Customer to Campaign assignments according to Candidates","dataType":"Number"}]},"name":"Customer_to_Campaign_assignment_report","category":"output","numberOfRows":9,"creator":"arnaud.schulz@fr.ibm.com","createdAt":1557247956956,"lastUpdater":"arnaud.schulz@fr.ibm.com","updatedAt":1557247957219,"path":"Customer_to_Campaign_assignment_report.csv"},{"tableType":{"columns":[{"key":"id","dataType":"String"},{"key":"age","dataType":"Number"}]},"name":"Customer","category":"input","numberOfRows":9,"creator":"arnaud.schulz@fr.ibm.com","createdAt":1557247957429,"lastUpdater":"arnaud.schulz@fr.ibm.com","updatedAt":1557247957878,"path":"Customer.csv"},{"tableType":{"columns":[{"key":"id_of_Customer","dataType":"String"},{"key":"id_of_Campaign","dataType":"String"},{"key":"resourceAssignmentVar","dataType":"Number"}]},"name":"list_of_ResourceAssignment_solution","category":"output","numberOfRows":9,"creator":"arnaud.schulz@fr.ibm.com","createdAt":1557247958113,"lastUpdater":"arnaud.schulz@fr.ibm.com","updatedAt":1557247958415,"path":"list_of_ResourceAssignment_solution.csv"}],"assets":[{"name":"CO_SESSION.json","category":"CO_ASSET_SESSION","creator":"arnaud.schulz@fr.ibm.com","createdAt":1557247953325,"lastUpdater":"arnaud.schulz@fr.ibm.com","updatedAt":1557247953325,"contentType":"text/plain","path":"CO_SESSION.json"},{"name":"CO_SOLUTION_TEXT.json","category":"CO_ASSET","creator":"arnaud.schulz@fr.ibm.com","createdAt":1557247953735,"lastUpdater":"arnaud.schulz@fr.ibm.com","updatedAt":1557247953735,"contentType":"text/plain","path":"CO_SOLUTION_TEXT.json"},{"name":"solveParameters.json","category":"CO_ASSET","creator":"arnaud.schulz@fr.ibm.com","createdAt":1557247954163,"lastUpdater":"arnaud.schulz@fr.ibm.com","updatedAt":1557247954163,"contentType":"text/plain","path":"solveParameters.json"},{"name":"CO_DATASET.json","category":"CO_ASSET","creator":"arnaud.schulz@fr.ibm.com","createdAt":1557247955540,"lastUpdater":"arnaud.schulz@fr.ibm.com","updatedAt":1557247955540,"contentType":"text/plain","path":"CO_DATASET.json"},{"name":"log.txt","category":"output","creator":"arnaud.schulz@fr.ibm.com","createdAt":1557247956447,"lastUpdater":"arnaud.schulz@fr.ibm.com","updatedAt":1557247956447,"contentType":"text/plain","path":"log.txt"},{"name":"model.py","category":"model","creator":"arnaud.schulz@fr.ibm.com","createdAt":1557247958809,"lastUpdater":"arnaud.schulz@fr.ibm.com","updatedAt":1557247958809,"contentType":"text/plain","path":"model.py"},{"name":"CO_SOLUTION_JSON.json","category":"CO_ASSET","creator":"arnaud.schulz@fr.ibm.com","createdAt":1557247959158,"lastUpdater":"arnaud.schulz@fr.ibm.com","updatedAt":1557247959158,"contentType":"text/plain","path":"CO_SOLUTION_JSON.json"}]}