{"retry":0,"creationTime":1557231179224,"lastModificationTime":1557231220281,"state":"TERMINATED","solveConfig":{"containerId":"scenario 3","solveParameters":{"oaas.logAttachmentName":"log.txt","oaas.logTailEnabled":"true"}},"jobDetails":{"id":"job.1561c51a-378b-4965-9d22-5944e2588710","createdAt":1557231206178,"startedAt":1557231206625,"endedAt":1557231209634,"endReportedAt":1557231209650,"submittedAt":1557231206178,"updatedAt":1557231209634,"applicationVersionUsed":"1.0-ws_cloud-b47","details":{"MODEL_DETAIL_INTEGER_VARS":"0","MODEL_DETAIL_CONTINUOUS_VARS":"0","MODEL_DETAIL_CONSTRAINTS":"14","MODEL_DETAIL_BOOLEAN_VARS":"27","MODEL_DETAIL_KPIS":"[\"the number of Customer to Campaign assignments\", \"overall quality of Customer to Campaign assignments according to Candidates\"]","MODEL_DETAIL_TYPE":"MILP","MODEL_DETAIL_NONZEROS":"56","PROGRESS_GAP":"0.0","PROGRESS_BEST_OBJECTIVE":"11904.0","KPI.the number of Customer to Campaign assignments":"144.0","KPI.overall quality of Customer to Campaign assignments according to Candidates":"11760.0","PROGRESS_CURRENT_OBJECTIVE":"11904.0","PROGRESS_CURRENT_OBJECTIVE.history":"[[1557231208.13, 11904.0]]"},"systemDetails":{"worker.process.max.memory":"-1024","worker.cores.total":"2","worker.cores.default":"2","worker.heap.max":"524288","worker.data.read.bytes":"19525","worker.data.write.duration":"1378","worker.processing.duration":"2939","worker.process.peak.swap":"0","worker.log.write.duration":"9","worker.process.processing.duration":"627","worker.data.read.duration":"813","worker.jms.write.chars":"8763","worker.log.write.chars":"1317","worker.data.write.bytes":"4137","worker.heap.used":"123575","worker.process.peak.memory":"0","worker.setup.duration":"40","worker.jms.write.duration":"52"},"executionStatus":"PROCESSED","solveStatus":"OPTIMAL_SOLUTION","logTail":["[2019-05-07T12:13:28Z, INFO] CPXPARAM_TimeLimit                               120","[2019-05-07T12:13:28Z, INFO] CPXPARAM_Read_DataCheck                          1","[2019-05-07T12:13:28Z, INFO] CPXPARAM_Threads                                 2","[2019-05-07T12:13:28Z, INFO] Found incumbent of value 0.000000 after 0.00 sec. (0.00 ticks)","[2019-05-07T12:13:28Z, INFO] Tried aggregator 1 time.","[2019-05-07T12:13:28Z, INFO] MIP Presolve eliminated 2 rows and 2 columns.","[2019-05-07T12:13:28Z, INFO] Reduced MIP has 12 rows, 25 columns, and 50 nonzeros.","[2019-05-07T12:13:28Z, INFO] Reduced MIP has 25 binaries, 0 generals, 0 SOSs, and 0 indicators.","[2019-05-07T12:13:28Z, INFO] Presolve time = 0.00 sec. (0.03 ticks)","[2019-05-07T12:13:28Z, INFO] Probing time = 0.00 sec. (0.01 ticks)","[2019-05-07T12:13:28Z, INFO] Tried aggregator 1 time.","[2019-05-07T12:13:28Z, INFO] Reduced MIP has 12 rows, 25 columns, and 50 nonzeros.","[2019-05-07T12:13:28Z, INFO] Reduced MIP has 25 binaries, 0 generals, 0 SOSs, and 0 indicators.","[2019-05-07T12:13:28Z, INFO] Presolve time = 0.00 sec. (0.04 ticks)","[2019-05-07T12:13:28Z, INFO] Probing time = 0.00 sec. (0.01 ticks)","[2019-05-07T12:13:28Z, INFO] Clique table members: 9.","[2019-05-07T12:13:28Z, INFO] MIP emphasis: balance optimality and feasibility.","[2019-05-07T12:13:28Z, INFO] MIP search method: dynamic search.","[2019-05-07T12:13:28Z, INFO] Parallel mode: deterministic, using up to 2 threads.","[2019-05-07T12:13:28Z, INFO] Root relaxation solution time = 0.00 sec. (0.02 ticks)","[2019-05-07T12:13:28Z, INFO] ","[2019-05-07T12:13:28Z, INFO]         Nodes                                         Cuts/","[2019-05-07T12:13:28Z, INFO]    Node  Left     Objective  IInf  Best Integer    Best Bound    ItCnt     Gap","[2019-05-07T12:13:28Z, INFO] *     0+    0                            0.0000    29520.0000              ---","[2019-05-07T12:13:28Z, INFO] *     0+    0                        10864.0000    29520.0000           171.72%","[2019-05-07T12:13:28Z, INFO] *     0     0      integral     0    11904.0000    11904.0000       11    0.00%","[2019-05-07T12:13:28Z, INFO] Elapsed time = 0.00 sec. (0.15 ticks, tree = 0.00 MB","[2019-05-07T12:13:28Z, INFO] , solutions = 3","[2019-05-07T12:13:28Z, INFO] )","[2019-05-07T12:13:28Z, INFO] ","[2019-05-07T12:13:28Z, INFO] Root node processing (before b&c):","[2019-05-07T12:13:28Z, INFO]   Real time             =    0.00 sec. (0.15 ticks)","[2019-05-07T12:13:28Z, INFO] Parallel b&c, 2 threads:","[2019-05-07T12:13:28Z, INFO]   Real time             =    0.00 sec. (0.00 ticks)","[2019-05-07T12:13:28Z, INFO]   Sync time (average)   =    0.00 sec.","[2019-05-07T12:13:28Z, INFO]   Wait time (average)   =    0.00 sec.","[2019-05-07T12:13:28Z, INFO]                           ------------","[2019-05-07T12:13:28Z, INFO] Total (root+branch&cut) =    0.00 sec. (0.15 ticks)","[2019-05-07T12:13:28Z, INFO] Solve status: JobSolveStatus.OPTIMAL_SOLUTION","[2019-05-07T12:13:28Z, INFO] * model docplex_model1 solved with objective = 11904.000","[2019-05-07T12:13:28Z, INFO] *  KPI: the number of Customer to Campaign assignments                              = 144.000","[2019-05-07T12:13:28Z, INFO] *  KPI: overall quality of Customer to Campaign assignments according to Candidates = 11760.000","[2019-05-07T12:13:28Z, INFO] model solve done in 0.037322044372558594 secs","[2019-05-07T12:13:28Z, INFO] solution export done in 0.003581523895263672 secs","[2019-05-07T12:13:28Z, INFO] list_of_ResourceAssignment_solution.csv"]},"runtimeDetails":{"state":"STARTED"},"taskSetupMillis":26866,"taskSolveMillis":3506,"taskTearDownMillis":9766}