{"retry":0,"creationTime":1521537643017,"lastModificationTime":1521537645197,"state":"TERMINATED","solveConfig":{"containerId":"Scenario 3","collectEngineLog":true,"solveParameters":{"oaas.logAttachmentName":"log.txt","oaas.logTailEnabled":"true"}},"jobId":"job.2b045ff2-a97e-498e-b38d-8ab4a891bd53","transactionId":"95b263a1-ed65-45dc-9bce-5e1b6abe5d6e","dataContainerId":"96007199-5b5c-456b-8c2f-177804074ea7","jobDetails":{"id":"job.2b045ff2-a97e-498e-b38d-8ab4a891bd53","createdAt":1521537643276,"startedAt":1521537643476,"endedAt":1521537644979,"endReportedAt":1521537645041,"submittedAt":1521537643276,"updatedAt":1521537644979,"applicationVersionUsed":"1.0-R1-b4176","details":{"MODEL_DETAIL_BOOLEAN_VARS":"27","MODEL_DETAIL_CONSTRAINTS":"14","MODEL_DETAIL_CONTINUOUS_VARS":"0","MODEL_DETAIL_KPIS":"[\"overall quality of Customer to Campaign assignments according to Candidates\"]","MODEL_DETAIL_INTEGER_VARS":"0","KPI.overall quality of Customer to Campaign assignments according to Candidates":"735","PROGRESS_BEST_OBJECTIVE":"735.0","MODEL_DETAIL_TYPE":"MILP","PROGRESS_GAP":"0.0","PROGRESS_CURRENT_OBJECTIVE":"735","MODEL_DETAIL_NONZEROS":"56"},"systemDetails":{"worker.process.max.memory":"524288","worker.cores.total":"16","worker.cores.default":"1","worker.process.cpu.set":null,"worker.heap.max":"524288","worker.data.read.bytes":"16377","worker.data.write.duration":"295","worker.processing.duration":"1277","worker.process.peak.swap":"0","worker.log.write.duration":"4","worker.process.processing.duration":"636","worker.data.read.duration":"71","worker.jms.write.chars":"10196","worker.log.write.chars":"1018","worker.data.write.bytes":"3619","worker.heap.used":"121714","worker.process.peak.memory":"0","worker.setup.duration":"112","worker.jms.write.duration":"41"},"executionStatus":"PROCESSED","solveStatus":"OPTIMAL_SOLUTION","logTail":["[2018-03-20T09:20:44Z, INFO] * building wado model","[2018-03-20T09:20:44Z, INFO] model building done in 0.114084005356 secs","[2018-03-20T09:20:44Z, INFO] * running wado model","[2018-03-20T09:20:44Z, INFO] WARNING: Number of workers has been reduced to 1 to comply with platform limitations.","[2018-03-20T09:20:44Z, INFO] CPXPARAM_TimeLimit                               120","[2018-03-20T09:20:44Z, INFO] CPXPARAM_Read_DataCheck                          1","[2018-03-20T09:20:44Z, INFO] CPXPARAM_Threads                                 1","[2018-03-20T09:20:44Z, INFO] Found incumbent of value 0.000000 after 0.00 sec. (0.00 ticks)","[2018-03-20T09:20:44Z, INFO] Tried aggregator 1 time.","[2018-03-20T09:20:44Z, INFO] MIP Presolve eliminated 2 rows and 2 columns.","[2018-03-20T09:20:44Z, INFO] Reduced MIP has 12 rows, 25 columns, and 50 nonzeros.","[2018-03-20T09:20:44Z, INFO] Reduced MIP has 25 binaries, 0 generals, 0 SOSs, and 0 indicators.","[2018-03-20T09:20:44Z, INFO] Presolve time = 0.00 sec. (0.03 ticks)","[2018-03-20T09:20:44Z, INFO] Probing time = 0.00 sec. (0.01 ticks)","[2018-03-20T09:20:44Z, INFO] Tried aggregator 1 time.","[2018-03-20T09:20:44Z, INFO] Reduced MIP has 12 rows, 25 columns, and 50 nonzeros.","[2018-03-20T09:20:44Z, INFO] Reduced MIP has 25 binaries, 0 generals, 0 SOSs, and 0 indicators.","[2018-03-20T09:20:44Z, INFO] Presolve time = 0.00 sec. (0.04 ticks)","[2018-03-20T09:20:44Z, INFO] Probing time = 0.00 sec. (0.01 ticks)","[2018-03-20T09:20:44Z, INFO] Clique table members: 9.","[2018-03-20T09:20:44Z, INFO] MIP emphasis: balance optimality and feasibility.","[2018-03-20T09:20:44Z, INFO] MIP search method: dynamic search.","[2018-03-20T09:20:44Z, INFO] Parallel mode: none, using 1 thread.","[2018-03-20T09:20:44Z, INFO] Root relaxation solution time = 0.00 sec. (0.02 ticks)","[2018-03-20T09:20:44Z, INFO] ","[2018-03-20T09:20:44Z, INFO]         Nodes                                         Cuts/","[2018-03-20T09:20:44Z, INFO]    Node  Left     Objective  IInf  Best Integer    Best Bound    ItCnt     Gap","[2018-03-20T09:20:44Z, INFO] *     0+    0                            0.0000     1820.0000              ---","[2018-03-20T09:20:44Z, INFO] *     0     0      integral     0      735.0000      735.0000       11    0.00%","[2018-03-20T09:20:44Z, INFO] Elapsed time = 0.00 sec. (0.14 ticks, tree = 0.00 MB","[2018-03-20T09:20:44Z, INFO] , solutions = 2","[2018-03-20T09:20:44Z, INFO] )","[2018-03-20T09:20:44Z, INFO] ","[2018-03-20T09:20:44Z, INFO] Root node processing (before b&c):","[2018-03-20T09:20:44Z, INFO]   Real time             =    0.00 sec. (0.14 ticks)","[2018-03-20T09:20:44Z, INFO] Sequential b&c:","[2018-03-20T09:20:44Z, INFO]   Real time             =    0.00 sec. (0.00 ticks)","[2018-03-20T09:20:44Z, INFO]                           ------------","[2018-03-20T09:20:44Z, INFO] Total (root+branch&cut) =    0.00 sec. (0.14 ticks)","[2018-03-20T09:20:44Z, INFO] Solve status:","[2018-03-20T09:20:44Z, INFO] JobSolveStatus.OPTIMAL_SOLUTION","[2018-03-20T09:20:44Z, INFO] * model docplex_model1 solved with objective = 735","[2018-03-20T09:20:44Z, INFO] *  KPI: overall quality of Customer to Campaign assignments according to Candidates = 735.000","[2018-03-20T09:20:44Z, INFO] model solve done in 0.0624270439148 secs","[2018-03-20T09:20:44Z, INFO] solution export done in 0.003830909729 secs"]},"runtimeDetails":{"state":"STARTED"},"taskSetupMillis":258,"taskSolveMillis":1801,"taskTearDownMillis":1,"jobUri":"http://dods-processor-server-1521447110072-svc.ibmdsxuser-1023.svc.cluster.local/dd-execution/api/v1/solve/job.2b045ff2-a97e-498e-b38d-8ab4a891bd53"}