{"creationTime":1698151707904,"lastModificationTime":1698151753103,"state":"TERMINATED","solveConfig":{"containerId":"scenario 4 selection","solveParameters":{},"setupWebHook":{"verb":"GET","url":"https://internal-nginx-svc:12443/v1/cognitive/solve/preprocess/scenario%204%20selection?projectId=4bcb4898-8a86-4f3f-8ba7-4dc62cc7ebc2&parentId=MarketingCampaignAssignment","expectedStatus":200,"headers":{}},"tearDownWebHook":{"verb":"GET","url":"https://internal-nginx-svc:12443/v1/cognitive/solve/postprocess/scenario%204%20selection?projectId=4bcb4898-8a86-4f3f-8ba7-4dc62cc7ebc2&parentId=MarketingCampaignAssignment","expectedStatus":200,"headers":{}}},"jobDetails":{"id":"96f92dbf-dbed-47df-bfd5-938ffba93525","createdAt":1698151717460,"startedAt":1698151743800,"endedAt":1698151748172,"submittedAt":1698151717460,"details":{"KPI.PROGRESS_CURRENT_OBJECTIVE":"445.0","KPI.total expected value of Candidates over all selections":"445.0","MODEL_DETAIL_BOOLEAN_VARS":"27","MODEL_DETAIL_CONSTRAINTS":"15","MODEL_DETAIL_CONTINUOUS_VARS":"0","MODEL_DETAIL_INTEGER_VARS":"0","MODEL_DETAIL_KPIS":"[\"total expected value of Candidates over all selections\"]","MODEL_DETAIL_NONZEROS":"109","MODEL_DETAIL_OBJECTIVE_SENSE":"maximize","MODEL_DETAIL_TYPE":"MILP","PROGRESS_BEST_OBJECTIVE":"445.0","PROGRESS_BEST_OBJECTIVE.history":"[[1698151747.08, 445.0]]","PROGRESS_CURRENT_OBJECTIVE":"445.0","PROGRESS_CURRENT_OBJECTIVE.history":"[[1698151747.08, 445.0]]","PROGRESS_GAP":"0.0","PROGRESS_GAP.history":"[[1698151747.08, 0.0]]","STAT.cplex.modelType":"MILP","STAT.cplex.size.booleanVariables":"27","STAT.cplex.size.constraints":"15","STAT.cplex.size.continousVariables":"0","STAT.cplex.size.integerVariables":"0","STAT.cplex.size.linearConstraints":"15","STAT.cplex.size.quadraticConstraints":"0","STAT.cplex.size.variables":"27","STAT.job.coresCount":"1","STAT.job.inputsReadMs":"2687","STAT.job.memoryPeakKB":"117788","STAT.job.modelProcessingMs":"430","STAT.job.outputsWriteMs":"977","latestOutputUpload":"2023-10-24T12:49:08.168Z"},"executionStatus":"PROCESSED","solveStatus":"OPTIMAL_SOLUTION","logTail":["[2023-10-24T12:49:07.045Z, INFO] model building done in 0.04317593574523926 secs","[2023-10-24T12:49:07.047Z, INFO] * running wado model","[2023-10-24T12:49:07.060Z, INFO] WARNING: Number of workers has been reduced to 1 to comply with platform limitations.","[2023-10-24T12:49:07.062Z, INFO] Version identifier: 22.1.1.0 | 2023-06-15 | d64d5bd77","[2023-10-24T12:49:07.063Z, INFO] CPXPARAM_Read_DataCheck                          1","[2023-10-24T12:49:07.063Z, INFO] CPXPARAM_Threads                                 1","[2023-10-24T12:49:07.064Z, INFO] CPXPARAM_TimeLimit                               120","[2023-10-24T12:49:07.065Z, INFO] Legacy callback                                  i","[2023-10-24T12:49:07.066Z, INFO] Found incumbent of value 100.000000 after 0.00 sec. (0.00 ticks)","[2023-10-24T12:49:07.067Z, INFO] Tried aggregator 1 time.","[2023-10-24T12:49:07.067Z, INFO] MIP Presolve eliminated 3 rows and 3 columns.","[2023-10-24T12:49:07.068Z, INFO] Reduced MIP has 12 rows, 24 columns, and 72 nonzeros.","[2023-10-24T12:49:07.069Z, INFO] Reduced MIP has 24 binaries, 0 generals, 0 SOSs, and 0 indicators.","[2023-10-24T12:49:07.070Z, INFO] Presolve time = 0.00 sec. (0.05 ticks)","[2023-10-24T12:49:07.071Z, INFO] Probing time = 0.00 sec. (0.01 ticks)","[2023-10-24T12:49:07.072Z, INFO] Tried aggregator 1 time.","[2023-10-24T12:49:07.072Z, INFO] Detecting symmetries...","[2023-10-24T12:49:07.073Z, INFO] Reduced MIP has 12 rows, 24 columns, and 72 nonzeros.","[2023-10-24T12:49:07.074Z, INFO] Reduced MIP has 24 binaries, 0 generals, 0 SOSs, and 0 indicators.","[2023-10-24T12:49:07.074Z, INFO] Presolve time = 0.00 sec. (0.05 ticks)","[2023-10-24T12:49:07.075Z, INFO] Probing time = 0.00 sec. (0.01 ticks)","[2023-10-24T12:49:07.076Z, INFO] Clique table members: 8.","[2023-10-24T12:49:07.077Z, INFO] MIP emphasis: balance optimality and feasibility.","[2023-10-24T12:49:07.077Z, INFO] MIP search method: dynamic search.","[2023-10-24T12:49:07.079Z, INFO] Parallel mode: none, using 1 thread.","[2023-10-24T12:49:07.080Z, INFO] Root relaxation solution time = 0.00 sec. (0.02 ticks)","[2023-10-24T12:49:07.080Z, INFO] ","[2023-10-24T12:49:07.081Z, INFO]         Nodes                                         Cuts/","[2023-10-24T12:49:07.082Z, INFO]    Node  Left     Objective  IInf  Best Integer    Best Bound    ItCnt     Gap","[2023-10-24T12:49:07.083Z, INFO] ","[2023-10-24T12:49:07.083Z, INFO] *     0+    0                          100.0000     1765.0000              --- ","[2023-10-24T12:49:07.084Z, INFO] *     0     0      integral     0      445.0000      445.0000        3    0.00%","[2023-10-24T12:49:07.085Z, INFO] Elapsed time = 0.01 sec. (0.18 ticks, tree = 0.00 MB, solutions = 2)","[2023-10-24T12:49:07.085Z, INFO] ","[2023-10-24T12:49:07.086Z, INFO] Root node processing (before b&c):","[2023-10-24T12:49:07.087Z, INFO]   Real time             =    0.01 sec. (0.18 ticks)","[2023-10-24T12:49:07.088Z, INFO] Sequential b&c:","[2023-10-24T12:49:07.088Z, INFO]   Real time             =    0.00 sec. (0.00 ticks)","[2023-10-24T12:49:07.089Z, INFO]                           ------------","[2023-10-24T12:49:07.090Z, INFO] Total (root+branch&cut) =    0.01 sec. (0.18 ticks)","[2023-10-24T12:49:07.097Z, INFO] Solve status: JobSolveStatus.OPTIMAL_SOLUTION","[2023-10-24T12:49:07.098Z, INFO] * model docplex_model1 solved with objective = 445.000","[2023-10-24T12:49:07.098Z, INFO] *  KPI: total expected value of Candidates over all selections = 445.000","[2023-10-24T12:49:07.099Z, INFO] model solve done in 0.037705421447753906 secs","[2023-10-24T12:49:07.100Z, INFO] solution export done in 0.007016658782958984 secs"]},"taskSetupTime":1698151717476,"taskSolveTime":1698151750179,"taskTearDownTime":1698151753103,"jobSpaceId":"1e6362e3-9985-4ea3-b8ba-5d35f3036aa5","jobDeploymentId":"89f9336a-f713-40b9-8c61-bf00e5a5a64b","jobId":"96f92dbf-dbed-47df-bfd5-938ffba93525","ping":1698151738107}