{"creationTime":1690879795079,"lastModificationTime":1690879849523,"state":"TERMINATED","solveConfig":{"containerId":"Scenario 1","solveParameters":{}},"jobDetails":{"id":"f888bbbc-da8f-4520-8d95-05032c1c5d1d","createdAt":1690879801784,"startedAt":1690879839747,"endedAt":1690879843734,"submittedAt":1690879801784,"details":{"STAT.job.coresCount":"1","STAT.job.inputsReadMs":"1053","STAT.job.memoryPeakKB":"86288","STAT.job.modelProcessingMs":"32","STAT.job.outputsWriteMs":"2592"},"executionStatus":"PROCESSED","solveStatus":"UNKNOWN","logTail":["[2023-08-01T08:50:40.838Z, WARNING] Python 3.10 is used as default with pandas 1.4.3 libraries.","[2023-08-01T08:50:41.022Z, INFO] {}","[2023-08-01T08:50:41.038Z, INFO] +---------------+------+-------+","[2023-08-01T08:50:41.039Z, INFO] |      name     | qmin |  qmax |","[2023-08-01T08:50:41.039Z, INFO] +---------------+------+-------+","[2023-08-01T08:50:41.040Z, INFO] |    Calories   | 2000 |  2500 |","[2023-08-01T08:50:41.040Z, INFO] |    Calcium    | 800  |  1600 |","[2023-08-01T08:50:41.041Z, INFO] |      Iron     |  10  |   30  |","[2023-08-01T08:50:41.041Z, INFO] |     Vit_A     | 5000 | 50000 |","[2023-08-01T08:50:41.041Z, INFO] | Dietary_Fiber |  25  |  100  |","[2023-08-01T08:50:41.042Z, INFO] | Carbohydrates |  0   |  300  |","[2023-08-01T08:50:41.042Z, INFO] |    Protein    |  50  |  100  |","[2023-08-01T08:50:41.043Z, INFO] +---------------+------+-------+","[2023-08-01T08:50:41.044Z, INFO] Warning: no outputs written"]},"taskSetupMillis":6602,"taskSolveMillis":45282,"taskTearDownMillis":1,"jobSpaceId":"97b8836e-1fbc-4af4-9adb-e5ae5fa3f705","jobDeploymentId":"145fffb5-d986-4341-91aa-49e796d0f447","jobId":"f888bbbc-da8f-4520-8d95-05032c1c5d1d","ping":1690879825214}