{"creationTime":1645198518709,"lastModificationTime":1645198547269,"state":"TERMINATED","solveConfig":{"containerId":"Scenario 1","solveParameters":{}},"jobDetails":{"id":"2f880147-6655-4976-a868-5c2ff7695775","createdAt":1645198520277,"startedAt":1645198542368,"endedAt":1645198545427,"submittedAt":1645198520277,"details":{"MODEL_DETAIL_BOOLEAN_VARS":"0","MODEL_DETAIL_CONSTRAINTS":"7","MODEL_DETAIL_CONTINUOUS_VARS":"16","MODEL_DETAIL_INTEGER_VARS":"0","MODEL_DETAIL_LINEAR_CONSTRAINTS":"7","MODEL_DETAIL_NON_ZEROS":"64","MODEL_DETAIL_QUADRATIC_CONSTRAINTS":"0","MODEL_DETAIL_TYPE":"LP","PROGRESS_CURRENT_OBJECTIVE":"2.690409171696263701534235224244184792041778564453125","STAT.job.coresCount":"1","STAT.job.inputsReadMs":"1668","STAT.job.memoryPeakKB":"90156","STAT.job.modelProcessingMs":"461","STAT.job.outputsWriteMs":"584","cplex.baritcount":"0","cplex.columns":"16","cplex.dettime":"0.025781631469726562","cplex.indicatorconstraints":"0","cplex.infeasible":"false","cplex.itcount":"3","cplex.model.md5":"A364C034381D3ED04778A2723C2C809F","cplex.numquad":"0","cplex.objective.sense":"1","cplex.problemtype":"0","cplex.qpnonzeros":"0","cplex.quality.double.CPX_KAPPA":"4.52175314064337730002307580434717237949371337890625","cplex.quality.double.CPX_MAX_DUAL_INFEAS":"0","cplex.quality.double.CPX_MAX_DUAL_RESIDUAL":"1.17961196366422882420010864734649658203125E-16","cplex.quality.double.CPX_MAX_INDSLACK_INFEAS":"0","cplex.quality.double.CPX_MAX_PI":"0.02667334608602457690640363807688117958605289459228515625","cplex.quality.double.CPX_MAX_PRIMAL_INFEAS":"0","cplex.quality.double.CPX_MAX_PRIMAL_RESIDUAL":"1.136868377216160297393798828125E-13","cplex.quality.double.CPX_MAX_QCPRIMAL_RESIDUAL":"0","cplex.quality.double.CPX_MAX_QCSLACK":"0","cplex.quality.double.CPX_MAX_QCSLACK_INFEAS":"0","cplex.quality.double.CPX_MAX_RED_COST":"0.486119338032760861523229323211126029491424560546875","cplex.quality.double.CPX_MAX_SCALED_DUAL_INFEAS":"0","cplex.quality.double.CPX_MAX_SCALED_DUAL_RESIDUAL":"1.17961196366422882420010864734649658203125E-16","cplex.quality.double.CPX_MAX_SCALED_PI":"0.32127442653516735671104243010631762444972991943359375","cplex.quality.double.CPX_MAX_SCALED_PRIMAL_INFEAS":"0","cplex.quality.double.CPX_MAX_SCALED_PRIMAL_RESIDUAL":"4.44089209850062616169452667236328125E-16","cplex.quality.double.CPX_MAX_SCALED_RED_COST":"4.71716018933895941955825037439353764057159423828125","cplex.quality.double.CPX_MAX_SCALED_SLACK":"0","cplex.quality.double.CPX_MAX_SCALED_X":"10.1273358050571733457445589010603725910186767578125","cplex.quality.double.CPX_MAX_SLACK":"0","cplex.quality.double.CPX_MAX_X":"41481.5674575141820241697132587432861328125","cplex.quality.double.CPX_SUM_DUAL_INFEAS":"0","cplex.quality.double.CPX_SUM_DUAL_RESIDUAL":"1.422473250300981817417778074741363525390625E-16","cplex.quality.double.CPX_SUM_INDSLACK_INFEAS":"0","cplex.quality.double.CPX_SUM_PI":"0.0281908677548098861309622265025609522126615047454833984375","cplex.quality.double.CPX_SUM_PRIMAL_INFEAS":"0","cplex.quality.double.CPX_SUM_PRIMAL_RESIDUAL":"1.7763568394002504646778106689453125E-13","cplex.quality.double.CPX_SUM_QCPRIMAL_RESIDUAL":"0","cplex.quality.double.CPX_SUM_QCSLACK":"0","cplex.quality.double.CPX_SUM_QCSLACK_INFEAS":"0","cplex.quality.double.CPX_SUM_RED_COST":"1.19950392591967958111354164429940283298492431640625","cplex.quality.double.CPX_SUM_SCALED_DUAL_INFEAS":"0","cplex.quality.double.CPX_SUM_SCALED_DUAL_RESIDUAL":"1.5265566588595902430824935436248779296875E-16","cplex.quality.double.CPX_SUM_SCALED_PI":"0.601872315897235665715925279073417186737060546875","cplex.quality.double.CPX_SUM_SCALED_PRIMAL_INFEAS":"0","cplex.quality.double.CPX_SUM_SCALED_PRIMAL_RESIDUAL":"7.7715611723760957829654216766357421875E-16","cplex.quality.double.CPX_SUM_SCALED_RED_COST":"7.644882438205311103729400201700627803802490234375","cplex.quality.double.CPX_SUM_SCALED_SLACK":"0","cplex.quality.double.CPX_SUM_SCALED_X":"29.238422881323888447013814584352076053619384765625","cplex.quality.double.CPX_SUM_SLACK":"0","cplex.quality.double.CPX_SUM_X":"42982.2256909577772603370249271392822265625","cplex.quality.int.CPX_MAX_DUAL_INFEAS":"-1","cplex.quality.int.CPX_MAX_DUAL_RESIDUAL":"1","cplex.quality.int.CPX_MAX_INDSLACK_INFEAS":"-1","cplex.quality.int.CPX_MAX_PI":"4","cplex.quality.int.CPX_MAX_PRIMAL_INFEAS":"2","cplex.quality.int.CPX_MAX_PRIMAL_RESIDUAL":"1","cplex.quality.int.CPX_MAX_QCPRIMAL_RESIDUAL":"-1","cplex.quality.int.CPX_MAX_QCSLACK":"-1","cplex.quality.int.CPX_MAX_QCSLACK_INFEAS":"-1","cplex.quality.int.CPX_MAX_RED_COST":"0","cplex.quality.int.CPX_MAX_SCALED_DUAL_INFEAS":"-1","cplex.quality.int.CPX_MAX_SCALED_DUAL_RESIDUAL":"1","cplex.quality.int.CPX_MAX_SCALED_PI":"0","cplex.quality.int.CPX_MAX_SCALED_PRIMAL_INFEAS":"0","cplex.quality.int.CPX_MAX_SCALED_PRIMAL_RESIDUAL":"1","cplex.quality.int.CPX_MAX_SCALED_RED_COST":"4","cplex.quality.int.CPX_MAX_SCALED_SLACK":"-1","cplex.quality.int.CPX_MAX_SCALED_X":"12","cplex.quality.int.CPX_MAX_SLACK":"0","cplex.quality.int.CPX_MAX_X":"12","cplex.semicontinuous":"0","cplex.semiintegers":"0","cplex.solution.dfeas":"true","cplex.solution.method":"2","cplex.solution.pfeas":"true","cplex.solution.type":"1","cplex.sosconstraints":"0","cplex.status":"1","cplex.statusstring":"optimal","cplex.time":"0.015408039093017578","cplex.versionnumber":"20010001"},"executionStatus":"PROCESSED","solveStatus":"OPTIMAL_SOLUTION","logTail":["[2022-02-18T15:35:44Z, INFO] CPLEX version 20010001","[2022-02-18T15:35:44Z, WARNING] Changed parameter CPX_PARAM_THREADS from 0 to 1","[2022-02-18T15:35:44Z, INFO] Param[1,067] = 1","[2022-02-18T15:35:44Z, INFO] Param[1,130] = UTF-8","[2022-02-18T15:35:44Z, INFO] Param[1,132] = -1","[2022-02-18T15:35:44Z, INFO] Version identifier: 20.1.0.1 | 2021-12-07 | 9dfdf6686","[2022-02-18T15:35:44Z, INFO] CPXPARAM_Threads                                 1","[2022-02-18T15:35:44Z, INFO] CPXPARAM_Output_CloneLog                         -1","[2022-02-18T15:35:44Z, INFO] CPXPARAM_Read_APIEncoding                        \"UTF-8\"","[2022-02-18T15:35:44Z, INFO] Tried aggregator 1 time.","[2022-02-18T15:35:44Z, INFO] LP Presolve eliminated 0 rows and 1 columns.","[2022-02-18T15:35:44Z, INFO] Reduced LP has 7 rows, 15 columns, and 63 nonzeros.","[2022-02-18T15:35:44Z, INFO] Presolve time = 0.00 sec. (0.01 ticks)","[2022-02-18T15:35:44Z, INFO] Initializing dual steep norms . . .","[2022-02-18T15:35:44Z, INFO] ","[2022-02-18T15:35:44Z, INFO] Iteration log . . .","[2022-02-18T15:35:44Z, INFO] Iteration:     1   Dual objective     =             1.860884","[2022-02-18T15:35:44Z, INFO] There are no bound infeasibilities.","[2022-02-18T15:35:44Z, INFO] There are no reduced-cost infeasibilities.","[2022-02-18T15:35:44Z, INFO] Max. unscaled (scaled) Ax-b resid.          = 1.13687e-13 (4.44089e-16)","[2022-02-18T15:35:44Z, INFO] Max. unscaled (scaled) c-B'pi resid.        = 1.17961e-16 (1.17961e-16)","[2022-02-18T15:35:44Z, INFO] Max. unscaled (scaled) |x|                  = 41481.6 (10.1273)","[2022-02-18T15:35:44Z, INFO] Max. unscaled (scaled) |pi|                 = 0.0266733 (0.321274)","[2022-02-18T15:35:44Z, INFO] Max. unscaled (scaled) |red-cost|           = 0.486119 (4.71716)","[2022-02-18T15:35:44Z, INFO] Condition number of scaled basis            = 4.5e+00","[2022-02-18T15:35:44Z, INFO] optimal (1)"]},"runtimeDetails":{"state":"STARTED"},"taskSetupMillis":1384,"taskSolveMillis":26401,"taskTearDownMillis":1,"jobSpaceId":"c765df71-66f6-497c-afac-f8a3ee8f12d4","jobDeploymentId":"cf40edf2-8f31-4455-8455-28cda195dbb8","jobId":"2f880147-6655-4976-a868-5c2ff7695775","ping":1645198518961}