{"goalObjectives":[{"weight":9.0,"weightedValue":130.0,"value":130.0,"verbalization":"Maximize the number of Employee-Shift assignments","scaledWeight":1.0}],"decisions_sorted_columns":{"AssignedShifts":["Employee","Shift","Employee assignments","Shift assignments","Employee seniority","Employee qualification","Employee pay rate","Shift week start","Shift start time","Shift start date","Shift requested skills","Shift min req","Shift max req","Shift end time","Shift end date","Shift duration","Shift department","Shift day index","Shift day"]},"decisions_schema":{"AssignedShifts":[{"domainConcepts":"cResource","semantic":"cResourceAssignment,Employee","level":1,"isKPI":false,"concept":"Employee","isKey":true,"isDecision":false,"id":"Employee","type":"STRING"},{"domainConcepts":"cActivity","semantic":"cResourceAssignment,Shift","level":1,"isKPI":false,"concept":"Shift","isKey":true,"isDecision":false,"id":"Shift","type":"NUMBER"},{"domainConcepts":"","semantic":"","level":1,"isKPI":true,"concept":"cResourceAssignment__Employee__Shift__","isKey":false,"isDecision":false,"id":"Employee assignments","type":"NUMBER"},{"domainConcepts":"","semantic":"","level":1,"isKPI":true,"concept":"cResourceAssignment__Employee__Shift__","isKey":false,"isDecision":false,"id":"Shift assignments","type":"NUMBER"},{"domainConcepts":"cResource","semantic":"cResourceAssignment,Employee","level":2,"isKPI":false,"concept":"Employee","isKey":false,"isDecision":false,"id":"Employee seniority","type":"NUMBER"},{"domainConcepts":"cResource","semantic":"cResourceAssignment,Employee","level":2,"isKPI":false,"concept":"Employee","isKey":false,"isDecision":false,"id":"Employee qualification","type":"NUMBER"},{"domainConcepts":"cResource","semantic":"cResourceAssignment,Employee","level":2,"isKPI":false,"concept":"Employee","isKey":false,"isDecision":false,"id":"Employee pay rate","type":"NUMBER"},{"domainConcepts":"cActivity","semantic":"cResourceAssignment,Shift","level":2,"isKPI":false,"concept":"Shift","isKey":false,"isDecision":false,"id":"Shift week start","type":"DateTime"},{"domainConcepts":"cActivity","semantic":"cResourceAssignment,Shift","level":2,"isKPI":false,"concept":"Shift","isKey":false,"isDecision":false,"id":"Shift start time","type":"NUMBER"},{"domainConcepts":"cActivity","semantic":"cResourceAssignment,Shift","level":2,"isKPI":false,"concept":"Shift","isKey":false,"isDecision":false,"id":"Shift start date","type":"DateTime"},{"domainConcepts":"","semantic":"cResourceAssignment,Shift,skills","level":3,"isKPI":false,"concept":"skills","isKey":false,"isDecision":false,"id":"Shift requested skills","type":"STRING"},{"domainConcepts":"cActivity","semantic":"cResourceAssignment,Shift","level":2,"isKPI":false,"concept":"Shift","isKey":false,"isDecision":false,"id":"Shift min req","type":"NUMBER"},{"domainConcepts":"cActivity","semantic":"cResourceAssignment,Shift","level":2,"isKPI":false,"concept":"Shift","isKey":false,"isDecision":false,"id":"Shift max req","type":"NUMBER"},{"domainConcepts":"cActivity","semantic":"cResourceAssignment,Shift","level":2,"isKPI":false,"concept":"Shift","isKey":false,"isDecision":false,"id":"Shift end time","type":"NUMBER"},{"domainConcepts":"cActivity","semantic":"cResourceAssignment,Shift","level":2,"isKPI":false,"concept":"Shift","isKey":false,"isDecision":false,"id":"Shift end date","type":"DateTime"},{"domainConcepts":"cActivity","semantic":"cResourceAssignment,Shift","level":2,"isKPI":false,"concept":"Shift","isKey":false,"isDecision":false,"id":"Shift duration","type":"NUMBER"},{"domainConcepts":"","semantic":"cResourceAssignment,Shift,department","level":3,"isKPI":false,"concept":"department","isKey":false,"isDecision":false,"id":"Shift department","type":"STRING"},{"domainConcepts":"cActivity","semantic":"cResourceAssignment,Shift","level":2,"isKPI":false,"concept":"Shift","isKey":false,"isDecision":false,"id":"Shift day index","type":"NUMBER"},{"domainConcepts":"","semantic":"cResourceAssignment,Shift,Day","level":3,"isKPI":false,"concept":"Day","isKey":false,"isDecision":false,"id":"Shift day","type":"STRING"}]},"decisions":{"AssignedShifts":[{"Shift":8,"Shift assignments":1.0,"Shift requested skills":"CustomerFacing","Shift min req":4,"Employee pay rate":25,"Employee qualification":1,"Shift start date":"2021-06-21 08:00:00","Shift end time":12,"Shift day":"Monday","Shift duration":4,"Shift department":"HelpDesk","Employee":"Anne","Employee assignments":1.0,"Employee seniority":11,"Shift max req":8,"Shift day index":1,"Shift start time":8,"Shift week start":"2021-06-21","Shift end date":"2021-06-21 12:00:00"},{"Shift":18,"Shift assignments":1.0,"Shift requested skills":"CustomerFacing","Shift min req":4,"Employee pay rate":25,"Employee qualification":1,"Shift start date":"2021-06-22 08:00:00","Shift end time":12,"Shift day":"Tuesday","Shift duration":4,"Shift department":"HelpDesk","Employee":"Anne","Employee assignments":1.0,"Employee seniority":11,"Shift max req":8,"Shift day index":2,"Shift start time":8,"Shift week start":"2021-06-22","Shift end date":"2021-06-22 12:00:00"},{"Shift":28,"Shift assignments":1.0,"Shift requested skills":"CustomerFacing","Shift min req":4,"Employee pay rate":25,"Employee qualification":1,"Shift start date":"2021-06-23 08:00:00","Shift end time":12,"Shift day":"Wednesday","Shift duration":4,"Shift department":"HelpDesk","Employee":"Anne","Employee assignments":1.0,"Employee seniority":11,"Shift max req":8,"Shift day index":3,"Shift start time":8,"Shift week start":"2021-06-23","Shift end date":"2021-06-23 12:00:00"},{"Shift":38,"Shift assignments":1.0,"Shift requested skills":"CustomerFacing","Shift min req":4,"Employee pay rate":25,"Employee qualification":1,"Shift start date":"2021-06-24 08:00:00","Shift end time":12,"Shift day":"Thursday","Shift duration":4,"Shift department":"HelpDesk","Employee":"Anne","Employee assignments":1.0,"Employee seniority":11,"Shift max req":8,"Shift day index":4,"Shift start time":8,"Shift week start":"2021-06-24","Shift end date":"2021-06-24 12:00:00"},{"Shift":48,"Shift assignments":1.0,"Shift requested skills":"CustomerFacing","Shift min req":4,"Employee pay rate":25,"Employee qualification":1,"Shift start date":"2021-06-25 08:00:00","Shift end time":12,"Shift day":"Friday","Shift duration":4,"Shift department":"HelpDesk","Employee":"Anne","Employee assignments":1.0,"Employee seniority":11,"Shift max req":8,"Shift day index":5,"Shift start time":8,"Shift week start":"2021-06-25","Shift end date":"2021-06-25 12:00:00"},{"Shift":8,"Shift assignments":1.0,"Shift requested skills":"CustomerFacing","Shift min req":4,"Employee pay rate":28,"Employee qualification":5,"Shift start date":"2021-06-21 08:00:00","Shift end time":12,"Shift day":"Monday","Shift duration":4,"Shift department":"HelpDesk","Employee":"Bethanie","Employee assignments":1.0,"Employee seniority":4,"Shift max req":8,"Shift day index":1,"Shift start time":8,"Shift week start":"2021-06-21","Shift end date":"2021-06-21 12:00:00"},{"Shift":38,"Shift assignments":1.0,"Shift requested skills":"CustomerFacing","Shift min req":4,"Employee pay rate":28,"Employee qualification":5,"Shift start date":"2021-06-24 08:00:00","Shift end time":12,"Shift day":"Thursday","Shift duration":4,"Shift department":"HelpDesk","Employee":"Bethanie","Employee assignments":1.0,"Employee seniority":4,"Shift max req":8,"Shift day index":4,"Shift start time":8,"Shift week start":"2021-06-24","Shift end date":"2021-06-24 12:00:00"},{"Shift":48,"Shift assignments":1.0,"Shift requested skills":"CustomerFacing","Shift min req":4,"Employee pay rate":28,"Employee qualification":5,"Shift start date":"2021-06-25 08:00:00","Shift end time":12,"Shift day":"Friday","Shift duration":4,"Shift department":"HelpDesk","Employee":"Bethanie","Employee assignments":1.0,"Employee seniority":4,"Shift max req":8,"Shift day index":5,"Shift start time":8,"Shift week start":"2021-06-25","Shift end date":"2021-06-25 12:00:00"},{"Shift":51,"Shift assignments":1.0,"Shift requested skills":"CustomerFacing","Shift min req":4,"Employee pay rate":28,"Employee qualification":5,"Shift start date":"2021-06-26 08:00:00","Shift end time":12,"Shift day":"Saturday","Shift duration":4,"Shift department":"HelpDesk","Employee":"Bethanie","Employee assignments":1.0,"Employee seniority":4,"Shift max req":8,"Shift day index":6,"Shift start time":8,"Shift week start":"2021-06-25","Shift end date":"2021-06-26 12:00:00"},{"Shift":18,"Shift assignments":1.0,"Shift requested skills":"CustomerFacing","Shift min req":4,"Employee pay rate":17,"Employee qualification":2,"Shift start date":"2021-06-22 08:00:00","Shift end time":12,"Shift day":"Tuesday","Shift duration":4,"Shift department":"HelpDesk","Employee":"Betsy","Employee assignments":1.0,"Employee seniority":2,"Shift max req":8,"Shift day index":2,"Shift start time":8,"Shift week start":"2021-06-22","Shift end date":"2021-06-22 12:00:00"},{"Shift":28,"Shift assignments":1.0,"Shift requested skills":"CustomerFacing","Shift min req":4,"Employee pay rate":17,"Employee qualification":2,"Shift start date":"2021-06-23 08:00:00","Shift end time":12,"Shift day":"Wednesday","Shift duration":4,"Shift department":"HelpDesk","Employee":"Betsy","Employee assignments":1.0,"Employee seniority":2,"Shift max req":8,"Shift day index":3,"Shift start time":8,"Shift week start":"2021-06-23","Shift end date":"2021-06-23 12:00:00"},{"Shift":48,"Shift assignments":1.0,"Shift requested skills":"CustomerFacing","Shift min req":4,"Employee pay rate":17,"Employee qualification":2,"Shift start date":"2021-06-25 08:00:00","Shift end time":12,"Shift day":"Friday","Shift duration":4,"Shift department":"HelpDesk","Employee":"Betsy","Employee assignments":1.0,"Employee seniority":2,"Shift max req":8,"Shift day index":5,"Shift start time":8,"Shift week start":"2021-06-25","Shift end date":"2021-06-25 12:00:00"},{"Shift":51,"Shift assignments":1.0,"Shift requested skills":"CustomerFacing","Shift min req":4,"Employee pay rate":17,"Employee qualification":2,"Shift start date":"2021-06-26 08:00:00","Shift end time":12,"Shift day":"Saturday","Shift duration":4,"Shift department":"HelpDesk","Employee":"Betsy","Employee assignments":1.0,"Employee seniority":2,"Shift max req":8,"Shift day index":6,"Shift start time":8,"Shift week start":"2021-06-25","Shift end date":"2021-06-26 12:00:00"},{"Shift":1,"Shift assignments":1.0,"Shift requested skills":"Supervising","Shift min req":3,"Employee pay rate":17,"Employee qualification":2,"Shift start date":"2021-06-21 06:00:00","Shift end time":12,"Shift day":"Monday","Shift duration":6,"Shift department":"Dispatching","Employee":"Cathy","Employee assignments":1.0,"Employee seniority":2,"Shift max req":8,"Shift day index":1,"Shift start time":6,"Shift week start":"2021-06-21","Shift end date":"2021-06-21 12:00:00"},{"Shift":21,"Shift assignments":1.0,"Shift requested skills":"Supervising","Shift min req":3,"Employee pay rate":17,"Employee qualification":2,"Shift start date":"2021-06-23 06:00:00","Shift end time":12,"Shift day":"Wednesday","Shift duration":6,"Shift department":"Dispatching","Employee":"Cathy","Employee assignments":1.0,"Employee seniority":2,"Shift max req":8,"Shift day index":3,"Shift start time":6,"Shift week start":"2021-06-23","Shift end date":"2021-06-23 12:00:00"},{"Shift":41,"Shift assignments":1.0,"Shift requested skills":"Supervising","Shift min req":3,"Employee pay rate":17,"Employee qualification":2,"Shift start date":"2021-06-25 06:00:00","Shift end time":12,"Shift day":"Friday","Shift duration":6,"Shift department":"Dispatching","Employee":"Cathy","Employee assignments":1.0,"Employee seniority":2,"Shift max req":8,"Shift day index":5,"Shift start time":6,"Shift week start":"2021-06-25","Shift end date":"2021-06-25 12:00:00"},{"Shift":52,"Shift assignments":1.0,"Shift requested skills":"CustomerFacing","Shift min req":4,"Employee pay rate":17,"Employee qualification":2,"Shift start date":"2021-06-26 12:00:00","Shift end time":18,"Shift day":"Saturday","Shift duration":6,"Shift department":"HelpDesk","Employee":"Cathy","Employee assignments":1.0,"Employee seniority":2,"Shift max req":8,"Shift day index":6,"Shift start time":12,"Shift week start":"2021-06-25","Shift end date":"2021-06-26 18:00:00"},{"Shift":8,"Shift assignments":1.0,"Shift requested skills":"CustomerFacing","Shift min req":4,"Employee pay rate":38,"Employee qualification":5,"Shift start date":"2021-06-21 08:00:00","Shift end time":12,"Shift day":"Monday","Shift duration":4,"Shift department":"HelpDesk","Employee":"Cecilia","Employee assignments":1.0,"Employee seniority":9,"Shift max req":8,"Shift day index":1,"Shift start time":8,"Shift week start":"2021-06-21","Shift end date":"2021-06-21 12:00:00"},{"Shift":18,"Shift assignments":1.0,"Shift requested skills":"CustomerFacing","Shift min req":4,"Employee pay rate":38,"Employee qualification":5,"Shift start date":"2021-06-22 08:00:00","Shift end time":12,"Shift day":"Tuesday","Shift duration":4,"Shift department":"HelpDesk","Employee":"Cecilia","Employee assignments":1.0,"Employee seniority":9,"Shift max req":8,"Shift day index":2,"Shift start time":8,"Shift week start":"2021-06-22","Shift end date":"2021-06-22 12:00:00"},{"Shift":38,"Shift assignments":1.0,"Shift requested skills":"CustomerFacing","Shift min req":4,"Employee pay rate":38,"Employee qualification":5,"Shift start date":"2021-06-24 08:00:00","Shift end time":12,"Shift day":"Thursday","Shift duration":4,"Shift department":"HelpDesk","Employee":"Cecilia","Employee assignments":1.0,"Employee seniority":9,"Shift max req":8,"Shift day index":4,"Shift start time":8,"Shift week start":"2021-06-24","Shift end date":"2021-06-24 12:00:00"},{"Shift":52,"Shift assignments":1.0,"Shift requested skills":"CustomerFacing","Shift min req":4,"Employee pay rate":38,"Employee qualification":5,"Shift start date":"2021-06-26 12:00:00","Shift end time":18,"Shift day":"Saturday","Shift duration":6,"Shift department":"HelpDesk","Employee":"Cecilia","Employee assignments":1.0,"Employee seniority":9,"Shift max req":8,"Shift day index":6,"Shift start time":12,"Shift week start":"2021-06-25","Shift end date":"2021-06-26 18:00:00"},{"Shift":8,"Shift assignments":1.0,"Shift requested skills":"CustomerFacing","Shift min req":4,"Employee pay rate":38,"Employee qualification":4,"Shift start date":"2021-06-21 08:00:00","Shift end time":12,"Shift day":"Monday","Shift duration":4,"Shift department":"HelpDesk","Employee":"Chris","Employee assignments":1.0,"Employee seniority":11,"Shift max req":8,"Shift day index":1,"Shift start time":8,"Shift week start":"2021-06-21","Shift end date":"2021-06-21 12:00:00"},{"Shift":28,"Shift assignments":1.0,"Shift requested skills":"CustomerFacing","Shift min req":4,"Employee pay rate":38,"Employee qualification":4,"Shift start date":"2021-06-23 08:00:00","Shift end time":12,"Shift day":"Wednesday","Shift duration":4,"Shift department":"HelpDesk","Employee":"Chris","Employee assignments":1.0,"Employee seniority":11,"Shift max req":8,"Shift day index":3,"Shift start time":8,"Shift week start":"2021-06-23","Shift end date":"2021-06-23 12:00:00"},{"Shift":50,"Shift assignments":1.0,"Shift requested skills":"CustomerFacing","Shift min req":4,"Employee pay rate":38,"Employee qualification":4,"Shift start date":"2021-06-25 17:00:00","Shift end time":21,"Shift day":"Friday","Shift duration":4,"Shift department":"HelpDesk","Employee":"Chris","Employee assignments":1.0,"Employee seniority":11,"Shift max req":8,"Shift day index":5,"Shift start time":17,"Shift week start":"2021-06-25","Shift end date":"2021-06-25 21:00:00"},{"Shift":52,"Shift assignments":1.0,"Shift requested skills":"CustomerFacing","Shift min req":4,"Employee pay rate":38,"Employee qualification":4,"Shift start date":"2021-06-26 12:00:00","Shift end time":18,"Shift day":"Saturday","Shift duration":6,"Shift department":"HelpDesk","Employee":"Chris","Employee assignments":1.0,"Employee seniority":11,"Shift max req":8,"Shift day index":6,"Shift start time":12,"Shift week start":"2021-06-25","Shift end date":"2021-06-26 18:00:00"},{"Shift":9,"Shift assignments":1.0,"Shift requested skills":"CustomerFacing","Shift min req":4,"Employee pay rate":21,"Employee qualification":2,"Shift start date":"2021-06-21 12:00:00","Shift end time":17,"Shift day":"Monday","Shift duration":5,"Shift department":"HelpDesk","Employee":"Cindy","Employee assignments":1.0,"Employee seniority":5,"Shift max req":8,"Shift day index":1,"Shift start time":12,"Shift week start":"2021-06-21","Shift end date":"2021-06-21 17:00:00"},{"Shift":18,"Shift assignments":1.0,"Shift requested skills":"CustomerFacing","Shift min req":4,"Employee pay rate":21,"Employee qualification":2,"Shift start date":"2021-06-22 08:00:00","Shift end time":12,"Shift day":"Tuesday","Shift duration":4,"Shift department":"HelpDesk","Employee":"Cindy","Employee assignments":1.0,"Employee seniority":5,"Shift max req":8,"Shift day index":2,"Shift start time":8,"Shift week start":"2021-06-22","Shift end date":"2021-06-22 12:00:00"},{"Shift":30,"Shift assignments":1.0,"Shift requested skills":"CustomerFacing","Shift min req":4,"Employee pay rate":21,"Employee qualification":2,"Shift start date":"2021-06-23 17:00:00","Shift end time":21,"Shift day":"Wednesday","Shift duration":4,"Shift department":"HelpDesk","Employee":"Cindy","Employee assignments":1.0,"Employee seniority":5,"Shift max req":8,"Shift day index":3,"Shift start time":17,"Shift week start":"2021-06-23","Shift end date":"2021-06-23 21:00:00"},{"Shift":38,"Shift assignments":1.0,"Shift requested skills":"CustomerFacing","Shift min req":4,"Employee pay rate":21,"Employee qualification":2,"Shift start date":"2021-06-24 08:00:00","Shift end time":12,"Shift day":"Thursday","Shift duration":4,"Shift department":"HelpDesk","Employee":"Cindy","Employee assignments":1.0,"Employee seniority":5,"Shift max req":8,"Shift day index":4,"Shift start time":8,"Shift week start":"2021-06-24","Shift end date":"2021-06-24 12:00:00"},{"Shift":45,"Shift assignments":1.0,"Shift requested skills":"Handling","Shift min req":3,"Employee pay rate":21,"Employee qualification":2,"Shift start date":"2021-06-25 12:00:00","Shift end time":18,"Shift day":"Friday","Shift duration":6,"Shift department":"Shipping","Employee":"Cindy","Employee assignments":1.0,"Employee seniority":5,"Shift max req":8,"Shift day index":5,"Shift start time":12,"Shift week start":"2021-06-25","Shift end date":"2021-06-25 18:00:00"},{"Shift":51,"Shift assignments":1.0,"Shift requested skills":"CustomerFacing","Shift min req":4,"Employee pay rate":21,"Employee qualification":2,"Shift start date":"2021-06-26 08:00:00","Shift end time":12,"Shift day":"Saturday","Shift duration":4,"Shift department":"HelpDesk","Employee":"Cindy","Employee assignments":1.0,"Employee seniority":5,"Shift max req":8,"Shift day index":6,"Shift start time":8,"Shift week start":"2021-06-25","Shift end date":"2021-06-26 12:00:00"},{"Shift":18,"Shift assignments":1.0,"Shift requested skills":"CustomerFacing","Shift min req":4,"Employee pay rate":15,"Employee qualification":2,"Shift start date":"2021-06-22 08:00:00","Shift end time":12,"Shift day":"Tuesday","Shift duration":4,"Shift department":"HelpDesk","Employee":"David","Employee assignments":1.0,"Employee seniority":1,"Shift max req":8,"Shift day index":2,"Shift start time":8,"Shift week start":"2021-06-22","Shift end date":"2021-06-22 12:00:00"},{"Shift":28,"Shift assignments":1.0,"Shift requested skills":"CustomerFacing","Shift min req":4,"Employee pay rate":15,"Employee qualification":2,"Shift start date":"2021-06-23 08:00:00","Shift end time":12,"Shift day":"Wednesday","Shift duration":4,"Shift department":"HelpDesk","Employee":"David","Employee assignments":1.0,"Employee seniority":1,"Shift max req":8,"Shift day index":3,"Shift start time":8,"Shift week start":"2021-06-23","Shift end date":"2021-06-23 12:00:00"},{"Shift":38,"Shift assignments":1.0,"Shift requested skills":"CustomerFacing","Shift min req":4,"Employee pay rate":15,"Employee qualification":2,"Shift start date":"2021-06-24 08:00:00","Shift end time":12,"Shift day":"Thursday","Shift duration":4,"Shift department":"HelpDesk","Employee":"David","Employee assignments":1.0,"Employee seniority":1,"Shift max req":8,"Shift day index":4,"Shift start time":8,"Shift week start":"2021-06-24","Shift end date":"2021-06-24 12:00:00"},{"Shift":45,"Shift assignments":1.0,"Shift requested skills":"Handling","Shift min req":3,"Employee pay rate":15,"Employee qualification":2,"Shift start date":"2021-06-25 12:00:00","Shift end time":18,"Shift day":"Friday","Shift duration":6,"Shift department":"Shipping","Employee":"David","Employee assignments":1.0,"Employee seniority":1,"Shift max req":8,"Shift day index":5,"Shift start time":12,"Shift week start":"2021-06-25","Shift end date":"2021-06-25 18:00:00"},{"Shift":52,"Shift assignments":1.0,"Shift requested skills":"CustomerFacing","Shift min req":4,"Employee pay rate":15,"Employee qualification":2,"Shift start date":"2021-06-26 12:00:00","Shift end time":18,"Shift day":"Saturday","Shift duration":6,"Shift department":"HelpDesk","Employee":"David","Employee assignments":1.0,"Employee seniority":1,"Shift max req":8,"Shift day index":6,"Shift start time":12,"Shift week start":"2021-06-25","Shift end date":"2021-06-26 18:00:00"},{"Shift":8,"Shift assignments":1.0,"Shift requested skills":"CustomerFacing","Shift min req":4,"Employee pay rate":24,"Employee qualification":2,"Shift start date":"2021-06-21 08:00:00","Shift end time":12,"Shift day":"Monday","Shift duration":4,"Shift department":"HelpDesk","Employee":"Debbie","Employee assignments":1.0,"Employee seniority":7,"Shift max req":8,"Shift day index":1,"Shift start time":8,"Shift week start":"2021-06-21","Shift end date":"2021-06-21 12:00:00"},{"Shift":13,"Shift assignments":1.0,"Shift requested skills":"Handling","Shift min req":2,"Employee pay rate":24,"Employee qualification":2,"Shift start date":"2021-06-22 08:00:00","Shift end time":12,"Shift day":"Tuesday","Shift duration":4,"Shift department":"Receiving","Employee":"Debbie","Employee assignments":1.0,"Employee seniority":7,"Shift max req":5,"Shift day index":2,"Shift start time":8,"Shift week start":"2021-06-22","Shift end date":"2021-06-22 12:00:00"},{"Shift":38,"Shift assignments":1.0,"Shift requested skills":"CustomerFacing","Shift min req":4,"Employee pay rate":24,"Employee qualification":2,"Shift start date":"2021-06-24 08:00:00","Shift end time":12,"Shift day":"Thursday","Shift duration":4,"Shift department":"HelpDesk","Employee":"Debbie","Employee assignments":1.0,"Employee seniority":7,"Shift max req":8,"Shift day index":4,"Shift start time":8,"Shift week start":"2021-06-24","Shift end date":"2021-06-24 12:00:00"},{"Shift":47,"Shift assignments":1.0,"Shift requested skills":"","Shift min req":3,"Employee pay rate":24,"Employee qualification":2,"Shift start date":"2021-06-25 12:00:00","Shift end time":17,"Shift day":"Friday","Shift duration":5,"Shift department":"Packaging","Employee":"Debbie","Employee assignments":1.0,"Employee seniority":7,"Shift max req":8,"Shift day index":5,"Shift start time":12,"Shift week start":"2021-06-25","Shift end date":"2021-06-25 17:00:00"},{"Shift":8,"Shift assignments":1.0,"Shift requested skills":"CustomerFacing","Shift min req":4,"Employee pay rate":21,"Employee qualification":3,"Shift start date":"2021-06-21 08:00:00","Shift end time":12,"Shift day":"Monday","Shift duration":4,"Shift department":"HelpDesk","Employee":"Dee","Employee assignments":1.0,"Employee seniority":3,"Shift max req":8,"Shift day index":1,"Shift start time":8,"Shift week start":"2021-06-21","Shift end date":"2021-06-21 12:00:00"},{"Shift":28,"Shift assignments":1.0,"Shift requested skills":"CustomerFacing","Shift min req":4,"Employee pay rate":21,"Employee qualification":3,"Shift start date":"2021-06-23 08:00:00","Shift end time":12,"Shift day":"Wednesday","Shift duration":4,"Shift department":"HelpDesk","Employee":"Dee","Employee assignments":1.0,"Employee seniority":3,"Shift max req":8,"Shift day index":3,"Shift start time":8,"Shift week start":"2021-06-23","Shift end date":"2021-06-23 12:00:00"},{"Shift":37,"Shift assignments":1.0,"Shift requested skills":"","Shift min req":3,"Employee pay rate":21,"Employee qualification":3,"Shift start date":"2021-06-24 12:00:00","Shift end time":17,"Shift day":"Thursday","Shift duration":5,"Shift department":"Packaging","Employee":"Dee","Employee assignments":1.0,"Employee seniority":3,"Shift max req":8,"Shift day index":4,"Shift start time":12,"Shift week start":"2021-06-24","Shift end date":"2021-06-24 17:00:00"},{"Shift":51,"Shift assignments":1.0,"Shift requested skills":"CustomerFacing","Shift min req":4,"Employee pay rate":21,"Employee qualification":3,"Shift start date":"2021-06-26 08:00:00","Shift end time":12,"Shift day":"Saturday","Shift duration":4,"Shift department":"HelpDesk","Employee":"Dee","Employee assignments":1.0,"Employee seniority":3,"Shift max req":8,"Shift day index":6,"Shift start time":8,"Shift week start":"2021-06-25","Shift end date":"2021-06-26 12:00:00"},{"Shift":11,"Shift assignments":1.0,"Shift requested skills":"Supervising","Shift min req":3,"Employee pay rate":25,"Employee qualification":2,"Shift start date":"2021-06-22 06:00:00","Shift end time":12,"Shift day":"Tuesday","Shift duration":6,"Shift department":"Dispatching","Employee":"Gloria","Employee assignments":1.0,"Employee seniority":8,"Shift max req":8,"Shift day index":2,"Shift start time":6,"Shift week start":"2021-06-22","Shift end date":"2021-06-22 12:00:00"},{"Shift":21,"Shift assignments":1.0,"Shift requested skills":"Supervising","Shift min req":3,"Employee pay rate":25,"Employee qualification":2,"Shift start date":"2021-06-23 06:00:00","Shift end time":12,"Shift day":"Wednesday","Shift duration":6,"Shift department":"Dispatching","Employee":"Gloria","Employee assignments":1.0,"Employee seniority":8,"Shift max req":8,"Shift day index":3,"Shift start time":6,"Shift week start":"2021-06-23","Shift end date":"2021-06-23 12:00:00"},{"Shift":31,"Shift assignments":1.0,"Shift requested skills":"Supervising","Shift min req":3,"Employee pay rate":25,"Employee qualification":2,"Shift start date":"2021-06-24 06:00:00","Shift end time":12,"Shift day":"Thursday","Shift duration":6,"Shift department":"Dispatching","Employee":"Gloria","Employee assignments":1.0,"Employee seniority":8,"Shift max req":8,"Shift day index":4,"Shift start time":6,"Shift week start":"2021-06-24","Shift end date":"2021-06-24 12:00:00"},{"Shift":41,"Shift assignments":1.0,"Shift requested skills":"Supervising","Shift min req":3,"Employee pay rate":25,"Employee qualification":2,"Shift start date":"2021-06-25 06:00:00","Shift end time":12,"Shift day":"Friday","Shift duration":6,"Shift department":"Dispatching","Employee":"Gloria","Employee assignments":1.0,"Employee seniority":8,"Shift max req":8,"Shift day index":5,"Shift start time":6,"Shift week start":"2021-06-25","Shift end date":"2021-06-25 12:00:00"},{"Shift":16,"Shift assignments":1.0,"Shift requested skills":"","Shift min req":3,"Employee pay rate":16,"Employee qualification":1,"Shift start date":"2021-06-22 08:00:00","Shift end time":12,"Shift day":"Tuesday","Shift duration":4,"Shift department":"Packaging","Employee":"Isabelle","Employee assignments":1.0,"Employee seniority":3,"Shift max req":8,"Shift day index":2,"Shift start time":8,"Shift week start":"2021-06-22","Shift end date":"2021-06-22 12:00:00"},{"Shift":26,"Shift assignments":1.0,"Shift requested skills":"","Shift min req":3,"Employee pay rate":16,"Employee qualification":1,"Shift start date":"2021-06-23 08:00:00","Shift end time":12,"Shift day":"Wednesday","Shift duration":4,"Shift department":"Packaging","Employee":"Isabelle","Employee assignments":1.0,"Employee seniority":3,"Shift max req":8,"Shift day index":3,"Shift start time":8,"Shift week start":"2021-06-23","Shift end date":"2021-06-23 12:00:00"},{"Shift":47,"Shift assignments":1.0,"Shift requested skills":"","Shift min req":3,"Employee pay rate":16,"Employee qualification":1,"Shift start date":"2021-06-25 12:00:00","Shift end time":17,"Shift day":"Friday","Shift duration":5,"Shift department":"Packaging","Employee":"Isabelle","Employee assignments":1.0,"Employee seniority":3,"Shift max req":8,"Shift day index":5,"Shift start time":12,"Shift week start":"2021-06-25","Shift end date":"2021-06-25 17:00:00"},{"Shift":6,"Shift assignments":1.0,"Shift requested skills":"","Shift min req":3,"Employee pay rate":23,"Employee qualification":4,"Shift start date":"2021-06-21 08:00:00","Shift end time":12,"Shift day":"Monday","Shift duration":4,"Shift department":"Packaging","Employee":"Jane","Employee assignments":1.0,"Employee seniority":3,"Shift max req":8,"Shift day index":1,"Shift start time":8,"Shift week start":"2021-06-21","Shift end date":"2021-06-21 12:00:00"},{"Shift":16,"Shift assignments":1.0,"Shift requested skills":"","Shift min req":3,"Employee pay rate":23,"Employee qualification":4,"Shift start date":"2021-06-22 08:00:00","Shift end time":12,"Shift day":"Tuesday","Shift duration":4,"Shift department":"Packaging","Employee":"Jane","Employee assignments":1.0,"Employee seniority":3,"Shift max req":8,"Shift day index":2,"Shift start time":8,"Shift week start":"2021-06-22","Shift end date":"2021-06-22 12:00:00"},{"Shift":26,"Shift assignments":1.0,"Shift requested skills":"","Shift min req":3,"Employee pay rate":23,"Employee qualification":4,"Shift start date":"2021-06-23 08:00:00","Shift end time":12,"Shift day":"Wednesday","Shift duration":4,"Shift department":"Packaging","Employee":"Jane","Employee assignments":1.0,"Employee seniority":3,"Shift max req":8,"Shift day index":3,"Shift start time":8,"Shift week start":"2021-06-23","Shift end date":"2021-06-23 12:00:00"},{"Shift":36,"Shift assignments":1.0,"Shift requested skills":"","Shift min req":3,"Employee pay rate":23,"Employee qualification":4,"Shift start date":"2021-06-24 08:00:00","Shift end time":12,"Shift day":"Thursday","Shift duration":4,"Shift department":"Packaging","Employee":"Jane","Employee assignments":1.0,"Employee seniority":3,"Shift max req":8,"Shift day index":4,"Shift start time":8,"Shift week start":"2021-06-24","Shift end date":"2021-06-24 12:00:00"},{"Shift":47,"Shift assignments":1.0,"Shift requested skills":"","Shift min req":3,"Employee pay rate":23,"Employee qualification":4,"Shift start date":"2021-06-25 12:00:00","Shift end time":17,"Shift day":"Friday","Shift duration":5,"Shift department":"Packaging","Employee":"Jane","Employee assignments":1.0,"Employee seniority":3,"Shift max req":8,"Shift day index":5,"Shift start time":12,"Shift week start":"2021-06-25","Shift end date":"2021-06-25 17:00:00"},{"Shift":7,"Shift assignments":1.0,"Shift requested skills":"","Shift min req":3,"Employee pay rate":22,"Employee qualification":3,"Shift start date":"2021-06-21 12:00:00","Shift end time":17,"Shift day":"Monday","Shift duration":5,"Shift department":"Packaging","Employee":"Janelle","Employee assignments":1.0,"Employee seniority":4,"Shift max req":8,"Shift day index":1,"Shift start time":12,"Shift week start":"2021-06-21","Shift end date":"2021-06-21 17:00:00"},{"Shift":13,"Shift assignments":1.0,"Shift requested skills":"Handling","Shift min req":2,"Employee pay rate":22,"Employee qualification":3,"Shift start date":"2021-06-22 08:00:00","Shift end time":12,"Shift day":"Tuesday","Shift duration":4,"Shift department":"Receiving","Employee":"Janelle","Employee assignments":1.0,"Employee seniority":4,"Shift max req":5,"Shift day index":2,"Shift start time":8,"Shift week start":"2021-06-22","Shift end date":"2021-06-22 12:00:00"},{"Shift":34,"Shift assignments":1.0,"Shift requested skills":"Handling","Shift min req":3,"Employee pay rate":22,"Employee qualification":3,"Shift start date":"2021-06-24 13:00:00","Shift end time":17,"Shift day":"Thursday","Shift duration":4,"Shift department":"Receiving","Employee":"Janelle","Employee assignments":1.0,"Employee seniority":4,"Shift max req":5,"Shift day index":4,"Shift start time":13,"Shift week start":"2021-06-24","Shift end date":"2021-06-24 17:00:00"},{"Shift":6,"Shift assignments":1.0,"Shift requested skills":"","Shift min req":3,"Employee pay rate":17,"Employee qualification":2,"Shift start date":"2021-06-21 08:00:00","Shift end time":12,"Shift day":"Monday","Shift duration":4,"Shift department":"Packaging","Employee":"Janice","Employee assignments":1.0,"Employee seniority":2,"Shift max req":8,"Shift day index":1,"Shift start time":8,"Shift week start":"2021-06-21","Shift end date":"2021-06-21 12:00:00"},{"Shift":25,"Shift assignments":1.0,"Shift requested skills":"Handling","Shift min req":3,"Employee pay rate":17,"Employee qualification":2,"Shift start date":"2021-06-23 12:00:00","Shift end time":18,"Shift day":"Wednesday","Shift duration":6,"Shift department":"Shipping","Employee":"Janice","Employee assignments":1.0,"Employee seniority":2,"Shift max req":8,"Shift day index":3,"Shift start time":12,"Shift week start":"2021-06-23","Shift end date":"2021-06-23 18:00:00"},{"Shift":36,"Shift assignments":1.0,"Shift requested skills":"","Shift min req":3,"Employee pay rate":17,"Employee qualification":2,"Shift start date":"2021-06-24 08:00:00","Shift end time":12,"Shift day":"Thursday","Shift duration":4,"Shift department":"Packaging","Employee":"Janice","Employee assignments":1.0,"Employee seniority":2,"Shift max req":8,"Shift day index":4,"Shift start time":8,"Shift week start":"2021-06-24","Shift end date":"2021-06-24 12:00:00"},{"Shift":6,"Shift assignments":1.0,"Shift requested skills":"","Shift min req":3,"Employee pay rate":22,"Employee qualification":4,"Shift start date":"2021-06-21 08:00:00","Shift end time":12,"Shift day":"Monday","Shift duration":4,"Shift department":"Packaging","Employee":"Jemma","Employee assignments":1.0,"Employee seniority":2,"Shift max req":8,"Shift day index":1,"Shift start time":8,"Shift week start":"2021-06-21","Shift end date":"2021-06-21 12:00:00"},{"Shift":17,"Shift assignments":1.0,"Shift requested skills":"","Shift min req":3,"Employee pay rate":22,"Employee qualification":4,"Shift start date":"2021-06-22 12:00:00","Shift end time":17,"Shift day":"Tuesday","Shift duration":5,"Shift department":"Packaging","Employee":"Jemma","Employee assignments":1.0,"Employee seniority":2,"Shift max req":8,"Shift day index":2,"Shift start time":12,"Shift week start":"2021-06-22","Shift end date":"2021-06-22 17:00:00"},{"Shift":34,"Shift assignments":1.0,"Shift requested skills":"Handling","Shift min req":3,"Employee pay rate":22,"Employee qualification":4,"Shift start date":"2021-06-24 13:00:00","Shift end time":17,"Shift day":"Thursday","Shift duration":4,"Shift department":"Receiving","Employee":"Jemma","Employee assignments":1.0,"Employee seniority":2,"Shift max req":5,"Shift day index":4,"Shift start time":13,"Shift week start":"2021-06-24","Shift end date":"2021-06-24 17:00:00"},{"Shift":6,"Shift assignments":1.0,"Shift requested skills":"","Shift min req":3,"Employee pay rate":24,"Employee qualification":3,"Shift start date":"2021-06-21 08:00:00","Shift end time":12,"Shift day":"Monday","Shift duration":4,"Shift department":"Packaging","Employee":"Joan","Employee assignments":1.0,"Employee seniority":5,"Shift max req":8,"Shift day index":1,"Shift start time":8,"Shift week start":"2021-06-21","Shift end date":"2021-06-21 12:00:00"},{"Shift":14,"Shift assignments":1.0,"Shift requested skills":"Handling","Shift min req":3,"Employee pay rate":24,"Employee qualification":3,"Shift start date":"2021-06-22 13:00:00","Shift end time":17,"Shift day":"Tuesday","Shift duration":4,"Shift department":"Receiving","Employee":"Joan","Employee assignments":1.0,"Employee seniority":5,"Shift max req":5,"Shift day index":2,"Shift start time":13,"Shift week start":"2021-06-22","Shift end date":"2021-06-22 17:00:00"},{"Shift":24,"Shift assignments":1.0,"Shift requested skills":"Handling","Shift min req":3,"Employee pay rate":24,"Employee qualification":3,"Shift start date":"2021-06-23 13:00:00","Shift end time":17,"Shift day":"Wednesday","Shift duration":4,"Shift department":"Receiving","Employee":"Joan","Employee assignments":1.0,"Employee seniority":5,"Shift max req":5,"Shift day index":3,"Shift start time":13,"Shift week start":"2021-06-23","Shift end date":"2021-06-23 17:00:00"},{"Shift":46,"Shift assignments":1.0,"Shift requested skills":"","Shift min req":3,"Employee pay rate":24,"Employee qualification":3,"Shift start date":"2021-06-25 08:00:00","Shift end time":12,"Shift day":"Friday","Shift duration":4,"Shift department":"Packaging","Employee":"Joan","Employee assignments":1.0,"Employee seniority":5,"Shift max req":8,"Shift day index":5,"Shift start time":8,"Shift week start":"2021-06-25","Shift end date":"2021-06-25 12:00:00"},{"Shift":6,"Shift assignments":1.0,"Shift requested skills":"","Shift min req":3,"Employee pay rate":29,"Employee qualification":3,"Shift start date":"2021-06-21 08:00:00","Shift end time":12,"Shift day":"Monday","Shift duration":4,"Shift department":"Packaging","Employee":"Joyce","Employee assignments":1.0,"Employee seniority":8,"Shift max req":8,"Shift day index":1,"Shift start time":8,"Shift week start":"2021-06-21","Shift end date":"2021-06-21 12:00:00"},{"Shift":17,"Shift assignments":1.0,"Shift requested skills":"","Shift min req":3,"Employee pay rate":29,"Employee qualification":3,"Shift start date":"2021-06-22 12:00:00","Shift end time":17,"Shift day":"Tuesday","Shift duration":5,"Shift department":"Packaging","Employee":"Joyce","Employee assignments":1.0,"Employee seniority":8,"Shift max req":8,"Shift day index":2,"Shift start time":12,"Shift week start":"2021-06-22","Shift end date":"2021-06-22 17:00:00"},{"Shift":24,"Shift assignments":1.0,"Shift requested skills":"Handling","Shift min req":3,"Employee pay rate":29,"Employee qualification":3,"Shift start date":"2021-06-23 13:00:00","Shift end time":17,"Shift day":"Wednesday","Shift duration":4,"Shift department":"Receiving","Employee":"Joyce","Employee assignments":1.0,"Employee seniority":8,"Shift max req":5,"Shift day index":3,"Shift start time":13,"Shift week start":"2021-06-23","Shift end date":"2021-06-23 17:00:00"},{"Shift":44,"Shift assignments":1.0,"Shift requested skills":"Handling","Shift min req":3,"Employee pay rate":29,"Employee qualification":3,"Shift start date":"2021-06-25 13:00:00","Shift end time":17,"Shift day":"Friday","Shift duration":4,"Shift department":"Receiving","Employee":"Joyce","Employee assignments":1.0,"Employee seniority":8,"Shift max req":5,"Shift day index":5,"Shift start time":13,"Shift week start":"2021-06-25","Shift end date":"2021-06-25 17:00:00"},{"Shift":6,"Shift assignments":1.0,"Shift requested skills":"","Shift min req":3,"Employee pay rate":22,"Employee qualification":3,"Shift start date":"2021-06-21 08:00:00","Shift end time":12,"Shift day":"Monday","Shift duration":4,"Shift department":"Packaging","Employee":"Jude","Employee assignments":1.0,"Employee seniority":4,"Shift max req":8,"Shift day index":1,"Shift start time":8,"Shift week start":"2021-06-21","Shift end date":"2021-06-21 12:00:00"},{"Shift":25,"Shift assignments":1.0,"Shift requested skills":"Handling","Shift min req":3,"Employee pay rate":22,"Employee qualification":3,"Shift start date":"2021-06-23 12:00:00","Shift end time":18,"Shift day":"Wednesday","Shift duration":6,"Shift department":"Shipping","Employee":"Jude","Employee assignments":1.0,"Employee seniority":4,"Shift max req":8,"Shift day index":3,"Shift start time":12,"Shift week start":"2021-06-23","Shift end date":"2021-06-23 18:00:00"},{"Shift":33,"Shift assignments":1.0,"Shift requested skills":"Handling","Shift min req":2,"Employee pay rate":22,"Employee qualification":3,"Shift start date":"2021-06-24 08:00:00","Shift end time":12,"Shift day":"Thursday","Shift duration":4,"Shift department":"Receiving","Employee":"Jude","Employee assignments":1.0,"Employee seniority":4,"Shift max req":5,"Shift day index":4,"Shift start time":8,"Shift week start":"2021-06-24","Shift end date":"2021-06-24 12:00:00"},{"Shift":8,"Shift assignments":1.0,"Shift requested skills":"CustomerFacing","Shift min req":4,"Employee pay rate":22,"Employee qualification":2,"Shift start date":"2021-06-21 08:00:00","Shift end time":12,"Shift day":"Monday","Shift duration":4,"Shift department":"HelpDesk","Employee":"Julie","Employee assignments":1.0,"Employee seniority":6,"Shift max req":8,"Shift day index":1,"Shift start time":8,"Shift week start":"2021-06-21","Shift end date":"2021-06-21 12:00:00"},{"Shift":18,"Shift assignments":1.0,"Shift requested skills":"CustomerFacing","Shift min req":4,"Employee pay rate":22,"Employee qualification":2,"Shift start date":"2021-06-22 08:00:00","Shift end time":12,"Shift day":"Tuesday","Shift duration":4,"Shift department":"HelpDesk","Employee":"Julie","Employee assignments":1.0,"Employee seniority":6,"Shift max req":8,"Shift day index":2,"Shift start time":8,"Shift week start":"2021-06-22","Shift end date":"2021-06-22 12:00:00"},{"Shift":27,"Shift assignments":1.0,"Shift requested skills":"","Shift min req":3,"Employee pay rate":22,"Employee qualification":2,"Shift start date":"2021-06-23 12:00:00","Shift end time":17,"Shift day":"Wednesday","Shift duration":5,"Shift department":"Packaging","Employee":"Julie","Employee assignments":1.0,"Employee seniority":6,"Shift max req":8,"Shift day index":3,"Shift start time":12,"Shift week start":"2021-06-23","Shift end date":"2021-06-23 17:00:00"},{"Shift":38,"Shift assignments":1.0,"Shift requested skills":"CustomerFacing","Shift min req":4,"Employee pay rate":22,"Employee qualification":2,"Shift start date":"2021-06-24 08:00:00","Shift end time":12,"Shift day":"Thursday","Shift duration":4,"Shift department":"HelpDesk","Employee":"Julie","Employee assignments":1.0,"Employee seniority":6,"Shift max req":8,"Shift day index":4,"Shift start time":8,"Shift week start":"2021-06-24","Shift end date":"2021-06-24 12:00:00"},{"Shift":47,"Shift assignments":1.0,"Shift requested skills":"","Shift min req":3,"Employee pay rate":22,"Employee qualification":2,"Shift start date":"2021-06-25 12:00:00","Shift end time":17,"Shift day":"Friday","Shift duration":5,"Shift department":"Packaging","Employee":"Julie","Employee assignments":1.0,"Employee seniority":6,"Shift max req":8,"Shift day index":5,"Shift start time":12,"Shift week start":"2021-06-25","Shift end date":"2021-06-25 17:00:00"},{"Shift":52,"Shift assignments":1.0,"Shift requested skills":"CustomerFacing","Shift min req":4,"Employee pay rate":22,"Employee qualification":2,"Shift start date":"2021-06-26 12:00:00","Shift end time":18,"Shift day":"Saturday","Shift duration":6,"Shift department":"HelpDesk","Employee":"Julie","Employee assignments":1.0,"Employee seniority":6,"Shift max req":8,"Shift day index":6,"Shift start time":12,"Shift week start":"2021-06-25","Shift end date":"2021-06-26 18:00:00"},{"Shift":4,"Shift assignments":1.0,"Shift requested skills":"Handling","Shift min req":3,"Employee pay rate":31,"Employee qualification":4,"Shift start date":"2021-06-21 13:00:00","Shift end time":17,"Shift day":"Monday","Shift duration":4,"Shift department":"Receiving","Employee":"Juliet","Employee assignments":1.0,"Employee seniority":7,"Shift max req":5,"Shift day index":1,"Shift start time":13,"Shift week start":"2021-06-21","Shift end date":"2021-06-21 17:00:00"},{"Shift":27,"Shift assignments":1.0,"Shift requested skills":"","Shift min req":3,"Employee pay rate":31,"Employee qualification":4,"Shift start date":"2021-06-23 12:00:00","Shift end time":17,"Shift day":"Wednesday","Shift duration":5,"Shift department":"Packaging","Employee":"Juliet","Employee assignments":1.0,"Employee seniority":7,"Shift max req":8,"Shift day index":3,"Shift start time":12,"Shift week start":"2021-06-23","Shift end date":"2021-06-23 17:00:00"},{"Shift":43,"Shift assignments":1.0,"Shift requested skills":"Handling","Shift min req":2,"Employee pay rate":31,"Employee qualification":4,"Shift start date":"2021-06-25 08:00:00","Shift end time":12,"Shift day":"Friday","Shift duration":4,"Shift department":"Receiving","Employee":"Juliet","Employee assignments":1.0,"Employee seniority":7,"Shift max req":5,"Shift day index":5,"Shift start time":8,"Shift week start":"2021-06-25","Shift end date":"2021-06-25 12:00:00"},{"Shift":21,"Shift assignments":1.0,"Shift requested skills":"Supervising","Shift min req":3,"Employee pay rate":24,"Employee qualification":3,"Shift start date":"2021-06-23 06:00:00","Shift end time":12,"Shift day":"Wednesday","Shift duration":6,"Shift department":"Dispatching","Employee":"Kate","Employee assignments":1.0,"Employee seniority":5,"Shift max req":8,"Shift day index":3,"Shift start time":6,"Shift week start":"2021-06-23","Shift end date":"2021-06-23 12:00:00"},{"Shift":31,"Shift assignments":1.0,"Shift requested skills":"Supervising","Shift min req":3,"Employee pay rate":24,"Employee qualification":3,"Shift start date":"2021-06-24 06:00:00","Shift end time":12,"Shift day":"Thursday","Shift duration":6,"Shift department":"Dispatching","Employee":"Kate","Employee assignments":1.0,"Employee seniority":5,"Shift max req":8,"Shift day index":4,"Shift start time":6,"Shift week start":"2021-06-24","Shift end date":"2021-06-24 12:00:00"},{"Shift":41,"Shift assignments":1.0,"Shift requested skills":"Supervising","Shift min req":3,"Employee pay rate":24,"Employee qualification":3,"Shift start date":"2021-06-25 06:00:00","Shift end time":12,"Shift day":"Friday","Shift duration":6,"Shift department":"Dispatching","Employee":"Kate","Employee assignments":1.0,"Employee seniority":5,"Shift max req":8,"Shift day index":5,"Shift start time":6,"Shift week start":"2021-06-25","Shift end date":"2021-06-25 12:00:00"},{"Shift":7,"Shift assignments":1.0,"Shift requested skills":"","Shift min req":3,"Employee pay rate":32,"Employee qualification":4,"Shift start date":"2021-06-21 12:00:00","Shift end time":17,"Shift day":"Monday","Shift duration":5,"Shift department":"Packaging","Employee":"Nancy","Employee assignments":1.0,"Employee seniority":8,"Shift max req":8,"Shift day index":1,"Shift start time":12,"Shift week start":"2021-06-21","Shift end date":"2021-06-21 17:00:00"},{"Shift":16,"Shift assignments":1.0,"Shift requested skills":"","Shift min req":3,"Employee pay rate":32,"Employee qualification":4,"Shift start date":"2021-06-22 08:00:00","Shift end time":12,"Shift day":"Tuesday","Shift duration":4,"Shift department":"Packaging","Employee":"Nancy","Employee assignments":1.0,"Employee seniority":8,"Shift max req":8,"Shift day index":2,"Shift start time":8,"Shift week start":"2021-06-22","Shift end date":"2021-06-22 12:00:00"},{"Shift":24,"Shift assignments":1.0,"Shift requested skills":"Handling","Shift min req":3,"Employee pay rate":32,"Employee qualification":4,"Shift start date":"2021-06-23 13:00:00","Shift end time":17,"Shift day":"Wednesday","Shift duration":4,"Shift department":"Receiving","Employee":"Nancy","Employee assignments":1.0,"Employee seniority":8,"Shift max req":5,"Shift day index":3,"Shift start time":13,"Shift week start":"2021-06-23","Shift end date":"2021-06-23 17:00:00"},{"Shift":33,"Shift assignments":1.0,"Shift requested skills":"Handling","Shift min req":2,"Employee pay rate":32,"Employee qualification":4,"Shift start date":"2021-06-24 08:00:00","Shift end time":12,"Shift day":"Thursday","Shift duration":4,"Shift department":"Receiving","Employee":"Nancy","Employee assignments":1.0,"Employee seniority":8,"Shift max req":5,"Shift day index":4,"Shift start time":8,"Shift week start":"2021-06-24","Shift end date":"2021-06-24 12:00:00"},{"Shift":44,"Shift assignments":1.0,"Shift requested skills":"Handling","Shift min req":3,"Employee pay rate":32,"Employee qualification":4,"Shift start date":"2021-06-25 13:00:00","Shift end time":17,"Shift day":"Friday","Shift duration":4,"Shift department":"Receiving","Employee":"Nancy","Employee assignments":1.0,"Employee seniority":8,"Shift max req":5,"Shift day index":5,"Shift start time":13,"Shift week start":"2021-06-25","Shift end date":"2021-06-25 17:00:00"},{"Shift":1,"Shift assignments":1.0,"Shift requested skills":"Supervising","Shift min req":3,"Employee pay rate":38,"Employee qualification":5,"Shift start date":"2021-06-21 06:00:00","Shift end time":12,"Shift day":"Monday","Shift duration":6,"Shift department":"Dispatching","Employee":"Nathalie","Employee assignments":1.0,"Employee seniority":9,"Shift max req":8,"Shift day index":1,"Shift start time":6,"Shift week start":"2021-06-21","Shift end date":"2021-06-21 12:00:00"},{"Shift":11,"Shift assignments":1.0,"Shift requested skills":"Supervising","Shift min req":3,"Employee pay rate":38,"Employee qualification":5,"Shift start date":"2021-06-22 06:00:00","Shift end time":12,"Shift day":"Tuesday","Shift duration":6,"Shift department":"Dispatching","Employee":"Nathalie","Employee assignments":1.0,"Employee seniority":9,"Shift max req":8,"Shift day index":2,"Shift start time":6,"Shift week start":"2021-06-22","Shift end date":"2021-06-22 12:00:00"},{"Shift":21,"Shift assignments":1.0,"Shift requested skills":"Supervising","Shift min req":3,"Employee pay rate":38,"Employee qualification":5,"Shift start date":"2021-06-23 06:00:00","Shift end time":12,"Shift day":"Wednesday","Shift duration":6,"Shift department":"Dispatching","Employee":"Nathalie","Employee assignments":1.0,"Employee seniority":9,"Shift max req":8,"Shift day index":3,"Shift start time":6,"Shift week start":"2021-06-23","Shift end date":"2021-06-23 12:00:00"},{"Shift":41,"Shift assignments":1.0,"Shift requested skills":"Supervising","Shift min req":3,"Employee pay rate":38,"Employee qualification":5,"Shift start date":"2021-06-25 06:00:00","Shift end time":12,"Shift day":"Friday","Shift duration":6,"Shift department":"Dispatching","Employee":"Nathalie","Employee assignments":1.0,"Employee seniority":9,"Shift max req":8,"Shift day index":5,"Shift start time":6,"Shift week start":"2021-06-25","Shift end date":"2021-06-25 12:00:00"},{"Shift":52,"Shift assignments":1.0,"Shift requested skills":"CustomerFacing","Shift min req":4,"Employee pay rate":38,"Employee qualification":5,"Shift start date":"2021-06-26 12:00:00","Shift end time":18,"Shift day":"Saturday","Shift duration":6,"Shift department":"HelpDesk","Employee":"Nathalie","Employee assignments":1.0,"Employee seniority":9,"Shift max req":8,"Shift day index":6,"Shift start time":12,"Shift week start":"2021-06-25","Shift end date":"2021-06-26 18:00:00"},{"Shift":5,"Shift assignments":1.0,"Shift requested skills":"Handling","Shift min req":3,"Employee pay rate":14,"Employee qualification":2,"Shift start date":"2021-06-21 12:00:00","Shift end time":18,"Shift day":"Monday","Shift duration":6,"Shift department":"Shipping","Employee":"Nicole","Employee assignments":1.0,"Employee seniority":0,"Shift max req":8,"Shift day index":1,"Shift start time":12,"Shift week start":"2021-06-21","Shift end date":"2021-06-21 18:00:00"},{"Shift":17,"Shift assignments":1.0,"Shift requested skills":"","Shift min req":3,"Employee pay rate":14,"Employee qualification":2,"Shift start date":"2021-06-22 12:00:00","Shift end time":17,"Shift day":"Tuesday","Shift duration":5,"Shift department":"Packaging","Employee":"Nicole","Employee assignments":1.0,"Employee seniority":0,"Shift max req":8,"Shift day index":2,"Shift start time":12,"Shift week start":"2021-06-22","Shift end date":"2021-06-22 17:00:00"},{"Shift":35,"Shift assignments":1.0,"Shift requested skills":"Handling","Shift min req":3,"Employee pay rate":14,"Employee qualification":2,"Shift start date":"2021-06-24 12:00:00","Shift end time":18,"Shift day":"Thursday","Shift duration":6,"Shift department":"Shipping","Employee":"Nicole","Employee assignments":1.0,"Employee seniority":0,"Shift max req":8,"Shift day index":4,"Shift start time":12,"Shift week start":"2021-06-24","Shift end date":"2021-06-24 18:00:00"},{"Shift":7,"Shift assignments":1.0,"Shift requested skills":"","Shift min req":3,"Employee pay rate":13,"Employee qualification":1,"Shift start date":"2021-06-21 12:00:00","Shift end time":17,"Shift day":"Monday","Shift duration":5,"Shift department":"Packaging","Employee":"Patricia","Employee assignments":1.0,"Employee seniority":1,"Shift max req":8,"Shift day index":1,"Shift start time":12,"Shift week start":"2021-06-21","Shift end date":"2021-06-21 17:00:00"},{"Shift":14,"Shift assignments":1.0,"Shift requested skills":"Handling","Shift min req":3,"Employee pay rate":13,"Employee qualification":1,"Shift start date":"2021-06-22 13:00:00","Shift end time":17,"Shift day":"Tuesday","Shift duration":4,"Shift department":"Receiving","Employee":"Patricia","Employee assignments":1.0,"Employee seniority":1,"Shift max req":5,"Shift day index":2,"Shift start time":13,"Shift week start":"2021-06-22","Shift end date":"2021-06-22 17:00:00"},{"Shift":37,"Shift assignments":1.0,"Shift requested skills":"","Shift min req":3,"Employee pay rate":13,"Employee qualification":1,"Shift start date":"2021-06-24 12:00:00","Shift end time":17,"Shift day":"Thursday","Shift duration":5,"Shift department":"Packaging","Employee":"Patricia","Employee assignments":1.0,"Employee seniority":1,"Shift max req":8,"Shift day index":4,"Shift start time":12,"Shift week start":"2021-06-24","Shift end date":"2021-06-24 17:00:00"},{"Shift":44,"Shift assignments":1.0,"Shift requested skills":"Handling","Shift min req":3,"Employee pay rate":13,"Employee qualification":1,"Shift start date":"2021-06-25 13:00:00","Shift end time":17,"Shift day":"Friday","Shift duration":4,"Shift department":"Receiving","Employee":"Patricia","Employee assignments":1.0,"Employee seniority":1,"Shift max req":5,"Shift day index":5,"Shift start time":13,"Shift week start":"2021-06-25","Shift end date":"2021-06-25 17:00:00"},{"Shift":8,"Shift assignments":1.0,"Shift requested skills":"CustomerFacing","Shift min req":4,"Employee pay rate":19,"Employee qualification":1,"Shift start date":"2021-06-21 08:00:00","Shift end time":12,"Shift day":"Monday","Shift duration":4,"Shift department":"HelpDesk","Employee":"Patrick","Employee assignments":1.0,"Employee seniority":6,"Shift max req":8,"Shift day index":1,"Shift start time":8,"Shift week start":"2021-06-21","Shift end date":"2021-06-21 12:00:00"},{"Shift":18,"Shift assignments":1.0,"Shift requested skills":"CustomerFacing","Shift min req":4,"Employee pay rate":19,"Employee qualification":1,"Shift start date":"2021-06-22 08:00:00","Shift end time":12,"Shift day":"Tuesday","Shift duration":4,"Shift department":"HelpDesk","Employee":"Patrick","Employee assignments":1.0,"Employee seniority":6,"Shift max req":8,"Shift day index":2,"Shift start time":8,"Shift week start":"2021-06-22","Shift end date":"2021-06-22 12:00:00"},{"Shift":27,"Shift assignments":1.0,"Shift requested skills":"","Shift min req":3,"Employee pay rate":19,"Employee qualification":1,"Shift start date":"2021-06-23 12:00:00","Shift end time":17,"Shift day":"Wednesday","Shift duration":5,"Shift department":"Packaging","Employee":"Patrick","Employee assignments":1.0,"Employee seniority":6,"Shift max req":8,"Shift day index":3,"Shift start time":12,"Shift week start":"2021-06-23","Shift end date":"2021-06-23 17:00:00"},{"Shift":37,"Shift assignments":1.0,"Shift requested skills":"","Shift min req":3,"Employee pay rate":19,"Employee qualification":1,"Shift start date":"2021-06-24 12:00:00","Shift end time":17,"Shift day":"Thursday","Shift duration":5,"Shift department":"Packaging","Employee":"Patrick","Employee assignments":1.0,"Employee seniority":6,"Shift max req":8,"Shift day index":4,"Shift start time":12,"Shift week start":"2021-06-24","Shift end date":"2021-06-24 17:00:00"},{"Shift":47,"Shift assignments":1.0,"Shift requested skills":"","Shift min req":3,"Employee pay rate":19,"Employee qualification":1,"Shift start date":"2021-06-25 12:00:00","Shift end time":17,"Shift day":"Friday","Shift duration":5,"Shift department":"Packaging","Employee":"Patrick","Employee assignments":1.0,"Employee seniority":6,"Shift max req":8,"Shift day index":5,"Shift start time":12,"Shift week start":"2021-06-25","Shift end date":"2021-06-25 17:00:00"},{"Shift":4,"Shift assignments":1.0,"Shift requested skills":"Handling","Shift min req":3,"Employee pay rate":26,"Employee qualification":5,"Shift start date":"2021-06-21 13:00:00","Shift end time":17,"Shift day":"Monday","Shift duration":4,"Shift department":"Receiving","Employee":"Roberta","Employee assignments":1.0,"Employee seniority":3,"Shift max req":5,"Shift day index":1,"Shift start time":13,"Shift week start":"2021-06-21","Shift end date":"2021-06-21 17:00:00"},{"Shift":14,"Shift assignments":1.0,"Shift requested skills":"Handling","Shift min req":3,"Employee pay rate":26,"Employee qualification":5,"Shift start date":"2021-06-22 13:00:00","Shift end time":17,"Shift day":"Tuesday","Shift duration":4,"Shift department":"Receiving","Employee":"Roberta","Employee assignments":1.0,"Employee seniority":3,"Shift max req":5,"Shift day index":2,"Shift start time":13,"Shift week start":"2021-06-22","Shift end date":"2021-06-22 17:00:00"},{"Shift":26,"Shift assignments":1.0,"Shift requested skills":"","Shift min req":3,"Employee pay rate":26,"Employee qualification":5,"Shift start date":"2021-06-23 08:00:00","Shift end time":12,"Shift day":"Wednesday","Shift duration":4,"Shift department":"Packaging","Employee":"Roberta","Employee assignments":1.0,"Employee seniority":3,"Shift max req":8,"Shift day index":3,"Shift start time":8,"Shift week start":"2021-06-23","Shift end date":"2021-06-23 12:00:00"},{"Shift":34,"Shift assignments":1.0,"Shift requested skills":"Handling","Shift min req":3,"Employee pay rate":26,"Employee qualification":5,"Shift start date":"2021-06-24 13:00:00","Shift end time":17,"Shift day":"Thursday","Shift duration":4,"Shift department":"Receiving","Employee":"Roberta","Employee assignments":1.0,"Employee seniority":3,"Shift max req":5,"Shift day index":4,"Shift start time":13,"Shift week start":"2021-06-24","Shift end date":"2021-06-24 17:00:00"},{"Shift":11,"Shift assignments":1.0,"Shift requested skills":"Supervising","Shift min req":3,"Employee pay rate":18,"Employee qualification":1,"Shift start date":"2021-06-22 06:00:00","Shift end time":12,"Shift day":"Tuesday","Shift duration":6,"Shift department":"Dispatching","Employee":"Suzanne","Employee assignments":1.0,"Employee seniority":5,"Shift max req":8,"Shift day index":2,"Shift start time":6,"Shift week start":"2021-06-22","Shift end date":"2021-06-22 12:00:00"},{"Shift":21,"Shift assignments":1.0,"Shift requested skills":"Supervising","Shift min req":3,"Employee pay rate":18,"Employee qualification":1,"Shift start date":"2021-06-23 06:00:00","Shift end time":12,"Shift day":"Wednesday","Shift duration":6,"Shift department":"Dispatching","Employee":"Suzanne","Employee assignments":1.0,"Employee seniority":5,"Shift max req":8,"Shift day index":3,"Shift start time":6,"Shift week start":"2021-06-23","Shift end date":"2021-06-23 12:00:00"},{"Shift":31,"Shift assignments":1.0,"Shift requested skills":"Supervising","Shift min req":3,"Employee pay rate":18,"Employee qualification":1,"Shift start date":"2021-06-24 06:00:00","Shift end time":12,"Shift day":"Thursday","Shift duration":6,"Shift department":"Dispatching","Employee":"Suzanne","Employee assignments":1.0,"Employee seniority":5,"Shift max req":8,"Shift day index":4,"Shift start time":6,"Shift week start":"2021-06-24","Shift end date":"2021-06-24 12:00:00"},{"Shift":41,"Shift assignments":1.0,"Shift requested skills":"Supervising","Shift min req":3,"Employee pay rate":18,"Employee qualification":1,"Shift start date":"2021-06-25 06:00:00","Shift end time":12,"Shift day":"Friday","Shift duration":6,"Shift department":"Dispatching","Employee":"Suzanne","Employee assignments":1.0,"Employee seniority":5,"Shift max req":8,"Shift day index":5,"Shift start time":6,"Shift week start":"2021-06-25","Shift end date":"2021-06-25 12:00:00"},{"Shift":4,"Shift assignments":1.0,"Shift requested skills":"Handling","Shift min req":3,"Employee pay rate":20,"Employee qualification":1,"Shift start date":"2021-06-21 13:00:00","Shift end time":17,"Shift day":"Monday","Shift duration":4,"Shift department":"Receiving","Employee":"Vickie","Employee assignments":1.0,"Employee seniority":7,"Shift max req":5,"Shift day index":1,"Shift start time":13,"Shift week start":"2021-06-21","Shift end date":"2021-06-21 17:00:00"},{"Shift":13,"Shift assignments":1.0,"Shift requested skills":"Handling","Shift min req":2,"Employee pay rate":20,"Employee qualification":1,"Shift start date":"2021-06-22 08:00:00","Shift end time":12,"Shift day":"Tuesday","Shift duration":4,"Shift department":"Receiving","Employee":"Vickie","Employee assignments":1.0,"Employee seniority":7,"Shift max req":5,"Shift day index":2,"Shift start time":8,"Shift week start":"2021-06-22","Shift end date":"2021-06-22 12:00:00"},{"Shift":36,"Shift assignments":1.0,"Shift requested skills":"","Shift min req":3,"Employee pay rate":20,"Employee qualification":1,"Shift start date":"2021-06-24 08:00:00","Shift end time":12,"Shift day":"Thursday","Shift duration":4,"Shift department":"Packaging","Employee":"Vickie","Employee assignments":1.0,"Employee seniority":7,"Shift max req":8,"Shift day index":4,"Shift start time":8,"Shift week start":"2021-06-24","Shift end date":"2021-06-24 12:00:00"},{"Shift":9,"Shift assignments":1.0,"Shift requested skills":"CustomerFacing","Shift min req":4,"Employee pay rate":21,"Employee qualification":2,"Shift start date":"2021-06-21 12:00:00","Shift end time":17,"Shift day":"Monday","Shift duration":5,"Shift department":"HelpDesk","Employee":"Wendie","Employee assignments":1.0,"Employee seniority":5,"Shift max req":8,"Shift day index":1,"Shift start time":12,"Shift week start":"2021-06-21","Shift end date":"2021-06-21 17:00:00"},{"Shift":17,"Shift assignments":1.0,"Shift requested skills":"","Shift min req":3,"Employee pay rate":21,"Employee qualification":2,"Shift start date":"2021-06-22 12:00:00","Shift end time":17,"Shift day":"Tuesday","Shift duration":5,"Shift department":"Packaging","Employee":"Wendie","Employee assignments":1.0,"Employee seniority":5,"Shift max req":8,"Shift day index":2,"Shift start time":12,"Shift week start":"2021-06-22","Shift end date":"2021-06-22 17:00:00"},{"Shift":27,"Shift assignments":1.0,"Shift requested skills":"","Shift min req":3,"Employee pay rate":21,"Employee qualification":2,"Shift start date":"2021-06-23 12:00:00","Shift end time":17,"Shift day":"Wednesday","Shift duration":5,"Shift department":"Packaging","Employee":"Wendie","Employee assignments":1.0,"Employee seniority":5,"Shift max req":8,"Shift day index":3,"Shift start time":12,"Shift week start":"2021-06-23","Shift end date":"2021-06-23 17:00:00"},{"Shift":47,"Shift assignments":1.0,"Shift requested skills":"","Shift min req":3,"Employee pay rate":21,"Employee qualification":2,"Shift start date":"2021-06-25 12:00:00","Shift end time":17,"Shift day":"Friday","Shift duration":5,"Shift department":"Packaging","Employee":"Wendie","Employee assignments":1.0,"Employee seniority":5,"Shift max req":8,"Shift day index":5,"Shift start time":12,"Shift week start":"2021-06-25","Shift end date":"2021-06-25 17:00:00"},{"Shift":6,"Shift assignments":1.0,"Shift requested skills":"","Shift min req":3,"Employee pay rate":29,"Employee qualification":3,"Shift start date":"2021-06-21 08:00:00","Shift end time":12,"Shift day":"Monday","Shift duration":4,"Shift department":"Packaging","Employee":"Zoe","Employee assignments":1.0,"Employee seniority":8,"Shift max req":8,"Shift day index":1,"Shift start time":8,"Shift week start":"2021-06-21","Shift end date":"2021-06-21 12:00:00"},{"Shift":16,"Shift assignments":1.0,"Shift requested skills":"","Shift min req":3,"Employee pay rate":29,"Employee qualification":3,"Shift start date":"2021-06-22 08:00:00","Shift end time":12,"Shift day":"Tuesday","Shift duration":4,"Shift department":"Packaging","Employee":"Zoe","Employee assignments":1.0,"Employee seniority":8,"Shift max req":8,"Shift day index":2,"Shift start time":8,"Shift week start":"2021-06-22","Shift end date":"2021-06-22 12:00:00"},{"Shift":26,"Shift assignments":1.0,"Shift requested skills":"","Shift min req":3,"Employee pay rate":29,"Employee qualification":3,"Shift start date":"2021-06-23 08:00:00","Shift end time":12,"Shift day":"Wednesday","Shift duration":4,"Shift department":"Packaging","Employee":"Zoe","Employee assignments":1.0,"Employee seniority":8,"Shift max req":8,"Shift day index":3,"Shift start time":8,"Shift week start":"2021-06-23","Shift end date":"2021-06-23 12:00:00"},{"Shift":35,"Shift assignments":1.0,"Shift requested skills":"Handling","Shift min req":3,"Employee pay rate":29,"Employee qualification":3,"Shift start date":"2021-06-24 12:00:00","Shift end time":18,"Shift day":"Thursday","Shift duration":6,"Shift department":"Shipping","Employee":"Zoe","Employee assignments":1.0,"Employee seniority":8,"Shift max req":8,"Shift day index":4,"Shift start time":12,"Shift week start":"2021-06-24","Shift end date":"2021-06-24 18:00:00"},{"Shift":47,"Shift assignments":1.0,"Shift requested skills":"","Shift min req":3,"Employee pay rate":29,"Employee qualification":3,"Shift start date":"2021-06-25 12:00:00","Shift end time":17,"Shift day":"Friday","Shift duration":5,"Shift department":"Packaging","Employee":"Zoe","Employee assignments":1.0,"Employee seniority":8,"Shift max req":8,"Shift day index":5,"Shift start time":12,"Shift week start":"2021-06-25","Shift end date":"2021-06-25 17:00:00"}]}}