name,pay rate,skills,days off,seniority,qualification
Anne,25,CustomerFacing,"Saturday,Sunday",11,1
Bethanie,28,CustomerFacing,"Wednesday,Tuesday",4,5
Betsy,17,CustomerFacing,"Monday,Thursday",2,2
Cathy,17,"CustomerFacing,Supervising","Thursday,Tuesday",2,2
Cecilia,38,CustomerFacing,"Friday,Wednesday",9,5
Chris,38,CustomerFacing,"Thursday,Tuesday",11,4
Cindy,21,"Handling, CustomerFacing",Sunday,5,2
David,15,"Handling, CustomerFacing",Monday,1,2
Debbie,24,"Handling, CustomerFacing","Saturday,Wednesday",7,2
Dee,21,"Handling, CustomerFacing","Tuesday,Friday",3,3
Gloria,25,Supervising,Monday,8,2
Isabelle,16,Handling,"Monday,Thursday",3,1
Jane,23,Handling,"Saturday,Sunday",3,4
Janelle,22,Handling,"Wednesday,Friday",4,3
Janice,17,Handling,"Tuesday,Friday",2,2
Jemma,22,Handling,"Friday,Wednesday",2,4
Joan,24,Handling,"Thursday,Saturday",5,3
Joyce,29,Handling,"Sunday,Thursday",8,3
Jude,22,Handling,"Tuesday,Friday",4,3
Julie,22,CustomerFacing,Sunday,6,2
Juliet,31,Handling,"Thursday,Tuesday",7,4
Kate,24,Supervising,"Tuesday,Monday",5,3
Nancy,32,Handling,Sunday,8,4
Nathalie,38,"CustomerFacing,Supervising","Sunday,Thursday",9,5
Nicole,14,Handling,"Friday,Wednesday",0,2
Patricia,13,Handling,"Saturday,Wednesday",1,1
Patrick,19,CustomerFacing,"Saturday,Sunday",6,1
Roberta,26,Handling,"Friday,Saturday",3,5
Suzanne,18,Supervising,Monday,5,1
Vickie,20,Handling,"Wednesday,Friday",7,1
Wendie,21,CustomerFacing,"Thursday,Saturday",5,2
Zoe,29,Handling,"Saturday,Sunday",8,3
