{"creationTime":1698152216169,"lastModificationTime":1698152232024,"state":"TERMINATED","solveConfig":{"containerId":"SimpleAssignment","solveParameters":{},"setupWebHook":{"verb":"GET","url":"https://internal-nginx-svc:12443/v1/cognitive/solve/preprocess/SimpleAssignment?projectId=4bcb4898-8a86-4f3f-8ba7-4dc62cc7ebc2&parentId=ShiftAssignment","expectedStatus":200,"headers":{}},"tearDownWebHook":{"verb":"GET","url":"https://internal-nginx-svc:12443/v1/cognitive/solve/postprocess/SimpleAssignment?projectId=4bcb4898-8a86-4f3f-8ba7-4dc62cc7ebc2&parentId=ShiftAssignment","expectedStatus":200,"headers":{}}},"jobDetails":{"id":"2615a716-7f93-4593-a403-5d328006966a","createdAt":1698152224155,"startedAt":1698152224713,"endedAt":1698152225943,"submittedAt":1698152224155,"details":{"KPI.PROGRESS_CURRENT_OBJECTIVE":"97630.0","KPI.the number of Employee-Shift assignments":"130.0","MODEL_DETAIL_BOOLEAN_VARS":"1664","MODEL_DETAIL_CONSTRAINTS":"246","MODEL_DETAIL_CONTINUOUS_VARS":"0","MODEL_DETAIL_INTEGER_VARS":"0","MODEL_DETAIL_KPIS":"[\"the number of Employee-Shift assignments\"]","MODEL_DETAIL_NONZEROS":"4517","MODEL_DETAIL_OBJECTIVE_SENSE":"maximize","MODEL_DETAIL_TYPE":"MILP","PROGRESS_BEST_OBJECTIVE":"97630.0","PROGRESS_BEST_OBJECTIVE.history":"[[1698152225.54, 97630.0]]","PROGRESS_CURRENT_OBJECTIVE":"97630.0","PROGRESS_CURRENT_OBJECTIVE.history":"[[1698152225.54, 97630.0]]","PROGRESS_GAP":"0.0","PROGRESS_GAP.history":"[[1698152225.54, 0.0]]","STAT.cplex.modelType":"MILP","STAT.cplex.size.booleanVariables":"1664","STAT.cplex.size.constraints":"246","STAT.cplex.size.continousVariables":"0","STAT.cplex.size.integerVariables":"0","STAT.cplex.size.linearConstraints":"246","STAT.cplex.size.quadraticConstraints":"0","STAT.cplex.size.variables":"1664","STAT.job.coresCount":"1","STAT.job.inputsReadMs":"579","STAT.job.memoryPeakKB":"117056","STAT.job.modelProcessingMs":"253","STAT.job.outputsWriteMs":"261","latestOutputUpload":"2023-10-24T12:57:05.941Z"},"executionStatus":"PROCESSED","solveStatus":"OPTIMAL_SOLUTION","logTail":["[2023-10-24T12:57:05.534Z, INFO] CPXPARAM_TimeLimit                               120","[2023-10-24T12:57:05.535Z, INFO] Legacy callback                                  i","[2023-10-24T12:57:05.535Z, INFO] Found incumbent of value 0.000000 after 0.00 sec. (0.04 ticks)","[2023-10-24T12:57:05.535Z, INFO] Tried aggregator 1 time.","[2023-10-24T12:57:05.536Z, INFO] MIP Presolve eliminated 92 rows and 1086 columns.","[2023-10-24T12:57:05.536Z, INFO] Reduced MIP has 154 rows, 578 columns, and 1156 nonzeros.","[2023-10-24T12:57:05.536Z, INFO] Reduced MIP has 578 binaries, 0 generals, 0 SOSs, and 0 indicators.","[2023-10-24T12:57:05.537Z, INFO] Presolve time = 0.00 sec. (1.51 ticks)","[2023-10-24T12:57:05.537Z, INFO] Probing time = 0.00 sec. (0.25 ticks)","[2023-10-24T12:57:05.540Z, INFO] Tried aggregator 1 time.","[2023-10-24T12:57:05.540Z, INFO] MIP Presolve eliminated 122 rows and 449 columns.","[2023-10-24T12:57:05.541Z, INFO] Reduced MIP has 32 rows, 129 columns, and 258 nonzeros.","[2023-10-24T12:57:05.541Z, INFO] Reduced MIP has 129 binaries, 0 generals, 0 SOSs, and 0 indicators.","[2023-10-24T12:57:05.568Z, INFO] Presolve time = 0.00 sec. (0.34 ticks)","[2023-10-24T12:57:05.569Z, INFO] Probing time = 0.00 sec. (0.06 ticks)","[2023-10-24T12:57:05.569Z, INFO] Tried aggregator 1 time.","[2023-10-24T12:57:05.569Z, INFO] Detecting symmetries...","[2023-10-24T12:57:05.570Z, INFO] Reduced MIP has 32 rows, 129 columns, and 258 nonzeros.","[2023-10-24T12:57:05.570Z, INFO] Reduced MIP has 129 binaries, 0 generals, 0 SOSs, and 0 indicators.","[2023-10-24T12:57:05.570Z, INFO] Presolve time = 0.00 sec. (0.27 ticks)","[2023-10-24T12:57:05.571Z, INFO] Probing time = 0.00 sec. (0.06 ticks)","[2023-10-24T12:57:05.571Z, INFO] Clique table members: 24.","[2023-10-24T12:57:05.571Z, INFO] MIP emphasis: balance optimality and feasibility.","[2023-10-24T12:57:05.571Z, INFO] MIP search method: dynamic search.","[2023-10-24T12:57:05.572Z, INFO] Parallel mode: none, using 1 thread.","[2023-10-24T12:57:05.572Z, INFO] Root relaxation solution time = 0.00 sec. (0.17 ticks)","[2023-10-24T12:57:05.572Z, INFO] ","[2023-10-24T12:57:05.573Z, INFO]         Nodes                                         Cuts/","[2023-10-24T12:57:05.573Z, INFO]    Node  Left     Objective  IInf  Best Integer    Best Bound    ItCnt     Gap","[2023-10-24T12:57:05.573Z, INFO] ","[2023-10-24T12:57:05.573Z, INFO] *     0+    0                        79606.0000   176485.0000           121.70%","[2023-10-24T12:57:05.574Z, INFO] *     0     0      integral     0    97630.0000    97630.0000       64    0.00%","[2023-10-24T12:57:05.574Z, INFO] Elapsed time = 0.01 sec. (8.80 ticks, tree = 0.00 MB, solutions = 3)","[2023-10-24T12:57:05.574Z, INFO] ","[2023-10-24T12:57:05.575Z, INFO] Root node processing (before b&c):","[2023-10-24T12:57:05.575Z, INFO]   Real time             =    0.01 sec. (8.88 ticks)","[2023-10-24T12:57:05.575Z, INFO] Sequential b&c:","[2023-10-24T12:57:05.576Z, INFO]   Real time             =    0.00 sec. (0.00 ticks)","[2023-10-24T12:57:05.576Z, INFO]                           ------------","[2023-10-24T12:57:05.576Z, INFO] Total (root+branch&cut) =    0.01 sec. (8.88 ticks)","[2023-10-24T12:57:05.580Z, INFO] Solve status: JobSolveStatus.OPTIMAL_SOLUTION","[2023-10-24T12:57:05.580Z, INFO] * model docplex_model1 solved with objective = 97630.000","[2023-10-24T12:57:05.580Z, INFO] *  KPI: the number of Employee-Shift assignments = 130.000","[2023-10-24T12:57:05.582Z, INFO] model solve done in 0.024852275848388672 secs","[2023-10-24T12:57:05.582Z, INFO] solution export done in 0.02686786651611328 secs"]},"taskSetupTime":1698152224208,"taskSolveTime":1698152229769,"taskTearDownTime":1698152232023,"jobSpaceId":"1e6362e3-9985-4ea3-b8ba-5d35f3036aa5","jobDeploymentId":"6ab1fd7b-3e4c-49cd-b0ee-a73f047f115d","jobId":"2615a716-7f93-4593-a403-5d328006966a","ping":1698152216616}