{"creationTime":1698151503905,"lastModificationTime":1698151608472,"state":"TERMINATED","solveConfig":{"containerId":"Scenario 1","solveParameters":{"oaas.logAttachmentName":"log.txt"}},"jobDetails":{"id":"cf84e6cb-ee86-4076-a5f2-92906778b9fe","createdAt":1698151510612,"startedAt":1698151600591,"endedAt":1698151604176,"submittedAt":1698151510612,"details":{"KPI.Minimal cost":"2.690409171696264","KPI.PROGRESS_CURRENT_OBJECTIVE":"2.6904091716962637","KPI.Total Calcium":"800.0000000000001","KPI.Total Calories":"2000.0","KPI.Total Carbohydrates":"256.80576358904455","KPI.Total Dietary_Fiber":"25.0","KPI.Total Iron":"11.278317739831891","KPI.Total Protein":"51.17372234135308","KPI.Total Vit_A":"8518.432542485823","MODEL_DETAIL_BOOLEAN_VARS":"0","MODEL_DETAIL_CONSTRAINTS":"16","MODEL_DETAIL_CONTINUOUS_VARS":"9","MODEL_DETAIL_INTEGER_VARS":"0","MODEL_DETAIL_KPIS":"[\"Total Calories\", \"Total Calcium\", \"Total Iron\", \"Total Vit_A\", \"Total Dietary_Fiber\", \"Total Carbohydrates\", \"Total Protein\", \"Minimal cost\"]","MODEL_DETAIL_NONZEROS":"66","MODEL_DETAIL_OBJECTIVE_SENSE":"minimize","MODEL_DETAIL_TYPE":"LP","PROGRESS_CURRENT_OBJECTIVE":"2.6904091716962637","PROGRESS_CURRENT_OBJECTIVE.history":"[[1698151603.72, 2.6904091716962637]]","STAT.cplex.modelType":"LP","STAT.cplex.size.booleanVariables":"0","STAT.cplex.size.constraints":"16","STAT.cplex.size.continousVariables":"9","STAT.cplex.size.integerVariables":"0","STAT.cplex.size.linearConstraints":"16","STAT.cplex.size.quadraticConstraints":"0","STAT.cplex.size.variables":"9","STAT.job.coresCount":"1","STAT.job.inputsReadMs":"2574","STAT.job.memoryPeakKB":"106788","STAT.job.modelProcessingMs":"385","STAT.job.outputsWriteMs":"344","latestOutputUpload":"2023-10-24T12:46:44.173Z"},"executionStatus":"PROCESSED","solveStatus":"OPTIMAL_SOLUTION","logTail":["[2023-10-24T12:46:43.205Z, WARNING] Python 3.10 is used as default with pandas 1.5.3 libraries.","[2023-10-24T12:46:43.365Z, INFO] {'diet_food.csv': {'name': 'str'}, 'diet_food_nutrients.csv': {'Food': 'str'}, 'diet_nutrients.csv': {'name': 'str'}}","[2023-10-24T12:46:43.717Z, INFO] Model: diet","[2023-10-24T12:46:43.718Z, INFO]  - number of variables: 9","[2023-10-24T12:46:43.719Z, INFO]    - binary=0, integer=0, continuous=9","[2023-10-24T12:46:43.719Z, INFO]  - number of constraints: 16","[2023-10-24T12:46:43.720Z, INFO]    - linear=16","[2023-10-24T12:46:43.721Z, INFO]  - parameters: defaults","[2023-10-24T12:46:43.721Z, INFO]  - objective: minimize","[2023-10-24T12:46:43.722Z, INFO]  - problem type is: LP","[2023-10-24T12:46:43.723Z, INFO] Warning: Model: \"diet\" is not a MIP problem, progress listeners are disabled","[2023-10-24T12:46:43.736Z, INFO] objective: 2.690","[2023-10-24T12:46:43.737Z, INFO] status: OPTIMAL_SOLUTION(2)","[2023-10-24T12:46:43.738Z, INFO]   \"qty_Spaghetti W/ Sauce\"=2.155","[2023-10-24T12:46:43.739Z, INFO]   \"qty_Chocolate Chip Cookies\"=10.000","[2023-10-24T12:46:43.739Z, INFO]   \"qty_Lowfat Milk\"=1.831","[2023-10-24T12:46:43.741Z, INFO]   \"qty_Hotdog\"=0.930"]},"taskSetupTime":1698151510814,"taskSolveTime":1698151607408,"taskTearDownTime":1698151608472,"jobSpaceId":"1e6362e3-9985-4ea3-b8ba-5d35f3036aa5","jobDeploymentId":"b86d7f6f-a9f3-4b6e-9e84-c0143c710774","jobId":"cf84e6cb-ee86-4076-a5f2-92906778b9fe","ping":1698151594103}