{"creationTime":1698151525539,"lastModificationTime":1698151620430,"state":"TERMINATED","solveConfig":{"containerId":"Scenario 1","solveParameters":{}},"jobDetails":{"id":"6dd505ea-3248-492e-b956-48a0fd67afb5","createdAt":1698151531812,"startedAt":1698151610757,"endedAt":1698151614936,"submittedAt":1698151531812,"details":{"KPI.PROGRESS_CURRENT_OBJECTIVE":"2.690409171696263701534235224244184792041778564453125","MODEL_DETAIL_BOOLEAN_VARS":"0","MODEL_DETAIL_CONSTRAINTS":"7","MODEL_DETAIL_CONTINUOUS_VARS":"16","MODEL_DETAIL_INTEGER_VARS":"0","MODEL_DETAIL_LINEAR_CONSTRAINTS":"7","MODEL_DETAIL_NON_ZEROS":"64","MODEL_DETAIL_QUADRATIC_CONSTRAINTS":"0","MODEL_DETAIL_TYPE":"LP","PROGRESS_CURRENT_OBJECTIVE":"2.690409171696263701534235224244184792041778564453125","STAT.job.coresCount":"1","STAT.job.inputsReadMs":"1389","STAT.job.memoryPeakKB":"78120","STAT.job.modelProcessingMs":"527","STAT.job.outputsWriteMs":"1959","cplex.baritcount":"0","cplex.columns":"16","cplex.dettime":"0.0186004638671875","cplex.indicatorconstraints":"0","cplex.infeasible":"false","cplex.itcount":"3","cplex.numquad":"0","cplex.objective.sense":"1","cplex.problemtype":"0","cplex.qpnonzeros":"0","cplex.quality.double.CPX_KAPPA":"4.52175314064337730002307580434717237949371337890625","cplex.quality.double.CPX_MAX_DUAL_INFEAS":"0","cplex.quality.double.CPX_MAX_DUAL_RESIDUAL":"1.17961196366422882420010864734649658203125E-16","cplex.quality.double.CPX_MAX_INDSLACK_INFEAS":"0","cplex.quality.double.CPX_MAX_PI":"0.02667334608602457690640363807688117958605289459228515625","cplex.quality.double.CPX_MAX_PRIMAL_INFEAS":"0","cplex.quality.double.CPX_MAX_PRIMAL_RESIDUAL":"1.136868377216160297393798828125E-13","cplex.quality.double.CPX_MAX_QCPRIMAL_RESIDUAL":"0","cplex.quality.double.CPX_MAX_QCSLACK":"0","cplex.quality.double.CPX_MAX_QCSLACK_INFEAS":"0","cplex.quality.double.CPX_MAX_RED_COST":"0.486119338032760861523229323211126029491424560546875","cplex.quality.double.CPX_MAX_SCALED_DUAL_INFEAS":"0","cplex.quality.double.CPX_MAX_SCALED_DUAL_RESIDUAL":"1.17961196366422882420010864734649658203125E-16","cplex.quality.double.CPX_MAX_SCALED_PI":"0.32127442653516735671104243010631762444972991943359375","cplex.quality.double.CPX_MAX_SCALED_PRIMAL_INFEAS":"0","cplex.quality.double.CPX_MAX_SCALED_PRIMAL_RESIDUAL":"4.44089209850062616169452667236328125E-16","cplex.quality.double.CPX_MAX_SCALED_RED_COST":"4.71716018933895941955825037439353764057159423828125","cplex.quality.double.CPX_MAX_SCALED_SLACK":"0","cplex.quality.double.CPX_MAX_SCALED_X":"10.1273358050571733457445589010603725910186767578125","cplex.quality.double.CPX_MAX_SLACK":"0","cplex.quality.double.CPX_MAX_X":"41481.5674575141820241697132587432861328125","cplex.quality.double.CPX_SUM_DUAL_INFEAS":"0","cplex.quality.double.CPX_SUM_DUAL_RESIDUAL":"1.422473250300981817417778074741363525390625E-16","cplex.quality.double.CPX_SUM_INDSLACK_INFEAS":"0","cplex.quality.double.CPX_SUM_PI":"0.0281908677548098861309622265025609522126615047454833984375","cplex.quality.double.CPX_SUM_PRIMAL_INFEAS":"0","cplex.quality.double.CPX_SUM_PRIMAL_RESIDUAL":"1.7763568394002504646778106689453125E-13","cplex.quality.double.CPX_SUM_QCPRIMAL_RESIDUAL":"0","cplex.quality.double.CPX_SUM_QCSLACK":"0","cplex.quality.double.CPX_SUM_QCSLACK_INFEAS":"0","cplex.quality.double.CPX_SUM_RED_COST":"1.19950392591967958111354164429940283298492431640625","cplex.quality.double.CPX_SUM_SCALED_DUAL_INFEAS":"0","cplex.quality.double.CPX_SUM_SCALED_DUAL_RESIDUAL":"1.5265566588595902430824935436248779296875E-16","cplex.quality.double.CPX_SUM_SCALED_PI":"0.601872315897235665715925279073417186737060546875","cplex.quality.double.CPX_SUM_SCALED_PRIMAL_INFEAS":"0","cplex.quality.double.CPX_SUM_SCALED_PRIMAL_RESIDUAL":"7.7715611723760957829654216766357421875E-16","cplex.quality.double.CPX_SUM_SCALED_RED_COST":"7.644882438205311103729400201700627803802490234375","cplex.quality.double.CPX_SUM_SCALED_SLACK":"0","cplex.quality.double.CPX_SUM_SCALED_X":"29.238422881323888447013814584352076053619384765625","cplex.quality.double.CPX_SUM_SLACK":"0","cplex.quality.double.CPX_SUM_X":"42982.2256909577772603370249271392822265625","cplex.quality.int.CPX_MAX_DUAL_INFEAS":"-1","cplex.quality.int.CPX_MAX_DUAL_RESIDUAL":"1","cplex.quality.int.CPX_MAX_INDSLACK_INFEAS":"-1","cplex.quality.int.CPX_MAX_PI":"4","cplex.quality.int.CPX_MAX_PRIMAL_INFEAS":"2","cplex.quality.int.CPX_MAX_PRIMAL_RESIDUAL":"1","cplex.quality.int.CPX_MAX_QCPRIMAL_RESIDUAL":"-1","cplex.quality.int.CPX_MAX_QCSLACK":"-1","cplex.quality.int.CPX_MAX_QCSLACK_INFEAS":"-1","cplex.quality.int.CPX_MAX_RED_COST":"0","cplex.quality.int.CPX_MAX_SCALED_DUAL_INFEAS":"-1","cplex.quality.int.CPX_MAX_SCALED_DUAL_RESIDUAL":"1","cplex.quality.int.CPX_MAX_SCALED_PI":"0","cplex.quality.int.CPX_MAX_SCALED_PRIMAL_INFEAS":"0","cplex.quality.int.CPX_MAX_SCALED_PRIMAL_RESIDUAL":"1","cplex.quality.int.CPX_MAX_SCALED_RED_COST":"4","cplex.quality.int.CPX_MAX_SCALED_SLACK":"-1","cplex.quality.int.CPX_MAX_SCALED_X":"12","cplex.quality.int.CPX_MAX_SLACK":"0","cplex.quality.int.CPX_MAX_X":"12","cplex.semicontinuous":"0","cplex.semiintegers":"0","cplex.solution.dfeas":"true","cplex.solution.method":"2","cplex.solution.pfeas":"true","cplex.solution.type":"1","cplex.sosconstraints":"0","cplex.status":"1","cplex.statusstring":"optimal","cplex.time":"0.0033309459686279297","cplex.versionnumber":"22010100","latestOutputUpload":"2023-10-24T12:46:54.931Z"},"executionStatus":"PROCESSED","solveStatus":"OPTIMAL_SOLUTION","logTail":["[2023-10-24T12:46:52.486Z, INFO] CPLEX version 22010100","[2023-10-24T12:46:52.660Z, WARNING] Changed parameter CPX_PARAM_THREADS from 0 to 1","[2023-10-24T12:46:52.664Z, INFO] Param[1,067] = 1","[2023-10-24T12:46:52.665Z, INFO] Param[1,130] = UTF-8","[2023-10-24T12:46:52.665Z, INFO] Param[1,132] = -1","[2023-10-24T12:46:52.667Z, INFO] Version identifier: 22.1.1.0 | 2023-06-15 | d64d5bd77","[2023-10-24T12:46:52.668Z, INFO] CPXPARAM_Threads                                 1","[2023-10-24T12:46:52.668Z, INFO] CPXPARAM_Output_CloneLog                         -1","[2023-10-24T12:46:52.669Z, INFO] CPXPARAM_Read_APIEncoding                        \"UTF-8\"","[2023-10-24T12:46:52.670Z, INFO] Tried aggregator 1 time.","[2023-10-24T12:46:52.671Z, INFO] No LP presolve or aggregator reductions.","[2023-10-24T12:46:52.672Z, INFO] Presolve time = 0.00 sec. (0.01 ticks)","[2023-10-24T12:46:52.672Z, INFO] Initializing dual steep norms . . .","[2023-10-24T12:46:52.673Z, INFO] Iteration log . . .","[2023-10-24T12:46:52.674Z, INFO] Iteration:     1   Dual objective     =             1.860884","[2023-10-24T12:46:52.909Z, INFO] There are no bound infeasibilities.","[2023-10-24T12:46:52.911Z, INFO] There are no reduced-cost infeasibilities.","[2023-10-24T12:46:52.912Z, INFO] Max. unscaled (scaled) Ax-b resid.          = 1.13687e-13 (4.44089e-16)","[2023-10-24T12:46:52.944Z, INFO] Max. unscaled (scaled) c-B'pi resid.        = 1.17961e-16 (1.17961e-16)","[2023-10-24T12:46:52.947Z, INFO] Max. unscaled (scaled) |x|                  = 41481.6 (10.1273)","[2023-10-24T12:46:52.948Z, INFO] Max. unscaled (scaled) |pi|                 = 0.0266733 (0.321274)","[2023-10-24T12:46:52.949Z, INFO] Max. unscaled (scaled) |red-cost|           = 0.486119 (4.71716)","[2023-10-24T12:46:52.950Z, INFO] Condition number of scaled basis            = 4.5e+00","[2023-10-24T12:46:52.957Z, INFO] optimal (1)"]},"taskSetupTime":1698151531829,"taskSolveTime":1698151619103,"taskTearDownTime":1698151620429,"jobSpaceId":"1e6362e3-9985-4ea3-b8ba-5d35f3036aa5","jobDeploymentId":"99dc229f-c332-47dd-a407-55221635c8f3","jobId":"6dd505ea-3248-492e-b956-48a0fd67afb5","ping":1698151615750}