{"creationTime":1636561230666,"lastModificationTime":1636561286614,"state":"TERMINATED","solveConfig":{"containerId":"Scenario 1","solveParameters":{}},"jobDetails":{"id":"14c0d38a-aaa3-4ec2-b398-def881b4b9c8","createdAt":1636561242257,"startedAt":1636561283038,"endedAt":1636561285131,"submittedAt":1636561242257,"details":{"EffectiveWorkers":"1","MODEL_DETAIL_CONSTRAINTS":"1","MODEL_DETAIL_INTEGER_VARS":"18","MODEL_DETAIL_TYPE":"CPO CP","MemoryUsage":"723469","NumberOfAuxiliaryVariables":"0","NumberOfBranches":"15548","NumberOfChoicePoints":"7933","NumberOfConstraints":"1","NumberOfConstraintsAggregated":"0","NumberOfConstraintsGenerated":"0","NumberOfCriteria":"1","NumberOfEngineConstraints":"14","NumberOfEngineVariables":"30","NumberOfFails":"7669","NumberOfIntegerVariables":"18","NumberOfIntervalVariables":"0","NumberOfModelVariables":"18","NumberOfSequenceVariables":"0","NumberOfSolutions":"10","NumberOfVariables":"18","PROGRESS_CURRENT_OBJECTIVE":"17.0","STAT.job.coresCount":"1","STAT.job.inputsReadMs":"1031","STAT.job.memoryPeakKB":"97800","STAT.job.modelProcessingMs":"600","STAT.job.outputsWriteMs":"299","SearchStatus":"45","SearchStopCause":"47","solutionStatus.failStatus":"SearchHasFailedNormally","solutionStatus.solveStatus":"Optimal"},"executionStatus":"PROCESSED","solveStatus":"OPTIMAL_SOLUTION","logTail":["[2021-11-10T16:21:24Z, INFO]  + New bound is 1","[2021-11-10T16:21:24Z, INFO]  *            42       52  0.00s               (gap is 97.62%)","[2021-11-10T16:21:24Z, INFO]  *            35       60  0.00s               (gap is 97.14%)","[2021-11-10T16:21:24Z, INFO]  *            31      187  0.00s               (gap is 96.77%)","[2021-11-10T16:21:24Z, INFO]  *            30      446  0.00s               (gap is 96.67%)","[2021-11-10T16:21:24Z, INFO]               30     1000          4              2  = SL[4]","[2021-11-10T16:21:24Z, INFO]  *            28     1296  0.00s               (gap is 96.43%)","[2021-11-10T16:21:24Z, INFO]  *            26     1309  0.00s               (gap is 96.15%)","[2021-11-10T16:21:24Z, INFO]  *            25     1462  0.00s               (gap is 96.00%)","[2021-11-10T16:21:24Z, INFO]               25     2000          4              3  = SL[5]","[2021-11-10T16:21:24Z, INFO]  *            23     2669  0.02s               (gap is 95.65%)","[2021-11-10T16:21:24Z, INFO]  *            19     2679  0.02s               (gap is 94.74%)","[2021-11-10T16:21:24Z, INFO]               19     3000          4        F     3  = SL[7]","[2021-11-10T16:21:24Z, INFO]               19     4000          4              4 != SC[8]","[2021-11-10T16:21:24Z, INFO]               19     5000          4        F     3  = SL[3]","[2021-11-10T16:21:24Z, INFO]               19     6000          6              8  = SC[2]","[2021-11-10T16:21:24Z, INFO]               19     6828          6        F     8 != SC[0]","[2021-11-10T16:21:24Z, INFO]  + New bound is 11 (gap is 42.11%)","[2021-11-10T16:21:24Z, INFO]               19     7000          4              5  = SL[1]","[2021-11-10T16:21:24Z, INFO]               19     8000          4        F     4  = SL[6]","[2021-11-10T16:21:24Z, INFO]  ! Time = 0.04s, Average fail depth = 9, Memory usage = 722.0 kB","[2021-11-10T16:21:24Z, INFO]  ! Current bound is 11 (gap is 42.11%)","[2021-11-10T16:21:24Z, INFO]  !          Best Branches  Non-fixed            Branch decision","[2021-11-10T16:21:24Z, INFO]               19     9000          4              6 != SC[8]","[2021-11-10T16:21:24Z, INFO]               19    10000          4              1  = SL[5]","[2021-11-10T16:21:24Z, INFO]               19    11000          4              3 != SC[5]","[2021-11-10T16:21:24Z, INFO]               19    12000          4        F     6  = SC[8]","[2021-11-10T16:21:24Z, INFO]  *            17    12890  0.06s               (gap is 35.29%)","[2021-11-10T16:21:24Z, INFO]               17    13000          4              6 != SC[1]","[2021-11-10T16:21:24Z, INFO]               17    14000          4              5  = SL[4]","[2021-11-10T16:21:24Z, INFO]               17    15000          6        F     3  = SC[8]","[2021-11-10T16:21:24Z, INFO]               17    15548          4                 -","[2021-11-10T16:21:24Z, INFO]  + New bound is 17 (gap is 0.00%)","[2021-11-10T16:21:24Z, INFO]  ! ----------------------------------------------------------------------------","[2021-11-10T16:21:24Z, INFO]  ! Search completed, 10 solutions found.","[2021-11-10T16:21:24Z, INFO]  ! Best objective         : 17 (optimal - effective tol. is 0)","[2021-11-10T16:21:24Z, INFO]  ! Best bound             : 17","[2021-11-10T16:21:24Z, INFO]  ! ----------------------------------------------------------------------------","[2021-11-10T16:21:24Z, INFO]  ! Number of branches     : 15548","[2021-11-10T16:21:24Z, INFO]  ! Number of fails        : 7669","[2021-11-10T16:21:24Z, INFO]  ! Total memory usage     : 764.3 kB (723.5 kB CP Optimizer + 40.8 kB Concert)","[2021-11-10T16:21:24Z, INFO]  ! Time spent in solve    : 0.11s (0.11s engine + 0.00s extraction)","[2021-11-10T16:21:24Z, INFO]  ! Search speed (br. / s) : 155480.0","[2021-11-10T16:21:24Z, INFO]  ! ----------------------------------------------------------------------------","[2021-11-10T16:21:24Z, INFO] Solve finished with status: OPTIMAL_SOLUTION"]},"runtimeDetails":{"state":"STARTED"},"taskSetupMillis":10715,"taskSolveMillis":42656,"taskTearDownMillis":1,"jobSpaceId":"8bb4e820-5a06-4aa4-a9ab-c19d7bb52bfa","jobId":"14c0d38a-aaa3-4ec2-b398-def881b4b9c8","ping":1636561261603}