{"creationTime":1648650098471,"lastModificationTime":1648650151714,"state":"TERMINATED","solveConfig":{"containerId":"Scenario 1","solveParameters":{}},"jobDetails":{"id":"eb81624e-aab3-4596-8d07-283fa8f90f3a","createdAt":1648650109215,"startedAt":1648650145505,"endedAt":1648650149134,"submittedAt":1648650109215,"details":{"EffectiveWorkers":"1","MODEL_DETAIL_CONSTRAINTS":"1","MODEL_DETAIL_INTEGER_VARS":"18","MODEL_DETAIL_TYPE":"CPO CP","MemoryUsage":"723477","NumberOfAuxiliaryVariables":"0","NumberOfBranches":"15548","NumberOfChoicePoints":"7933","NumberOfConstraints":"1","NumberOfConstraintsAggregated":"0","NumberOfConstraintsGenerated":"0","NumberOfCriteria":"1","NumberOfEngineConstraints":"14","NumberOfEngineVariables":"30","NumberOfFails":"7669","NumberOfIntegerVariables":"18","NumberOfIntervalVariables":"0","NumberOfModelVariables":"18","NumberOfSequenceVariables":"0","NumberOfSolutions":"10","NumberOfVariables":"18","PROGRESS_CURRENT_OBJECTIVE":"17.0","STAT.job.coresCount":"1","STAT.job.inputsReadMs":"1025","STAT.job.memoryPeakKB":"87292","STAT.job.modelProcessingMs":"1420","STAT.job.outputsWriteMs":"436","SearchStatus":"45","SearchStopCause":"47","solutionStatus.failStatus":"SearchHasFailedNormally","solutionStatus.solveStatus":"Optimal"},"executionStatus":"PROCESSED","solveStatus":"OPTIMAL_SOLUTION","logTail":["[2022-03-30T14:22:28Z, INFO]  + New bound is 1","[2022-03-30T14:22:28Z, INFO]  *            42       52  0.02s               (gap is 97.62%)","[2022-03-30T14:22:28Z, INFO]  *            35       60  0.02s               (gap is 97.14%)","[2022-03-30T14:22:28Z, INFO]  *            31      187  0.02s               (gap is 96.77%)","[2022-03-30T14:22:28Z, INFO]  *            30      446  0.02s               (gap is 96.67%)","[2022-03-30T14:22:28Z, INFO]               30     1000          4              2  = SL[4]","[2022-03-30T14:22:28Z, INFO]  *            28     1296  0.03s               (gap is 96.43%)","[2022-03-30T14:22:28Z, INFO]  *            26     1309  0.03s               (gap is 96.15%)","[2022-03-30T14:22:28Z, INFO]  *            25     1462  0.10s               (gap is 96.00%)","[2022-03-30T14:22:28Z, INFO]               25     2000          4              3  = SL[5]","[2022-03-30T14:22:28Z, INFO]  *            23     2669  0.11s               (gap is 95.65%)","[2022-03-30T14:22:28Z, INFO]  *            19     2679  0.11s               (gap is 94.74%)","[2022-03-30T14:22:28Z, INFO]               19     3000          4        F     3  = SL[7]","[2022-03-30T14:22:28Z, INFO]               19     4000          4              4 != SC[8]","[2022-03-30T14:22:28Z, INFO]               19     5000          4        F     3  = SL[3]","[2022-03-30T14:22:28Z, INFO]               19     6000          6              8  = SC[2]","[2022-03-30T14:22:28Z, INFO]               19     6828          6        F     8 != SC[0]","[2022-03-30T14:22:28Z, INFO]  + New bound is 11 (gap is 42.11%)","[2022-03-30T14:22:28Z, INFO]               19     7000          4              5  = SL[1]","[2022-03-30T14:22:28Z, INFO]               19     8000          4        F     4  = SL[6]","[2022-03-30T14:22:28Z, INFO]  ! Time = 0.21s, Average fail depth = 9, Memory usage = 722.0 kB","[2022-03-30T14:22:28Z, INFO]  ! Current bound is 11 (gap is 42.11%)","[2022-03-30T14:22:28Z, INFO]  !          Best Branches  Non-fixed            Branch decision","[2022-03-30T14:22:28Z, INFO]               19     9000          4              6 != SC[8]","[2022-03-30T14:22:28Z, INFO]               19    10000          4              1  = SL[5]","[2022-03-30T14:22:28Z, INFO]               19    11000          4              3 != SC[5]","[2022-03-30T14:22:28Z, INFO]               19    12000          4        F     6  = SC[8]","[2022-03-30T14:22:28Z, INFO]  *            17    12890  0.31s               (gap is 35.29%)","[2022-03-30T14:22:28Z, INFO]               17    13000          4              6 != SC[1]","[2022-03-30T14:22:28Z, INFO]               17    14000          4              5  = SL[4]","[2022-03-30T14:22:28Z, INFO]               17    15000          6        F     3  = SC[8]","[2022-03-30T14:22:28Z, INFO]               17    15548          4                 -","[2022-03-30T14:22:28Z, INFO]  + New bound is 17 (gap is 0.00%)","[2022-03-30T14:22:28Z, INFO]  ! ----------------------------------------------------------------------------","[2022-03-30T14:22:28Z, INFO]  ! Search completed, 10 solutions found.","[2022-03-30T14:22:28Z, INFO]  ! Best objective         : 17 (optimal - effective tol. is 0)","[2022-03-30T14:22:28Z, INFO]  ! Best bound             : 17","[2022-03-30T14:22:28Z, INFO]  ! ----------------------------------------------------------------------------","[2022-03-30T14:22:28Z, INFO]  ! Number of branches     : 15548","[2022-03-30T14:22:28Z, INFO]  ! Number of fails        : 7669","[2022-03-30T14:22:28Z, INFO]  ! Total memory usage     : 764.3 kB (723.5 kB CP Optimizer + 40.8 kB Concert)","[2022-03-30T14:22:28Z, INFO]  ! Time spent in solve    : 0.33s (0.31s engine + 0.02s extraction)","[2022-03-30T14:22:28Z, INFO]  ! Search speed (br. / s) : 50154.8","[2022-03-30T14:22:28Z, INFO]  ! ----------------------------------------------------------------------------","[2022-03-30T14:22:28Z, INFO] Solve finished with status: OPTIMAL_SOLUTION"]},"runtimeDetails":{"state":"STARTED"},"taskSetupMillis":9999,"taskSolveMillis":40455,"taskTearDownMillis":205,"jobSpaceId":"d1c259fb-9c7d-49f8-9b30-9bf356a48bc8","jobId":"eb81624e-aab3-4596-8d07-283fa8f90f3a","ping":1648650129387}