{"creationTime":1698151832208,"lastModificationTime":1698151847864,"state":"TERMINATED","solveConfig":{"containerId":"scenario 3","solveParameters":{"oaas.logAttachmentName":"log.txt","oaas.logTailEnabled":"true"},"setupWebHook":{"verb":"GET","url":"https://internal-nginx-svc:12443/v1/cognitive/solve/preprocess/scenario%203?projectId=4bcb4898-8a86-4f3f-8ba7-4dc62cc7ebc2&parentId=MarketingCampaignAssignment","expectedStatus":200,"headers":{}},"tearDownWebHook":{"verb":"GET","url":"https://internal-nginx-svc:12443/v1/cognitive/solve/postprocess/scenario%203?projectId=4bcb4898-8a86-4f3f-8ba7-4dc62cc7ebc2&parentId=MarketingCampaignAssignment","expectedStatus":200,"headers":{}}},"jobDetails":{"id":"9c404316-4666-4e2c-94a8-e88bee320bdc","createdAt":1698151838451,"startedAt":1698151838927,"endedAt":1698151841958,"submittedAt":1698151838451,"details":{"KPI.PROGRESS_CURRENT_OBJECTIVE":"11904.0","KPI.overall quality or value of Customer-Campaign assignments according to Candidates":"735.0","KPI.the number of Customer-Campaign assignments":"9.0","MODEL_DETAIL_BOOLEAN_VARS":"27","MODEL_DETAIL_CONSTRAINTS":"14","MODEL_DETAIL_CONTINUOUS_VARS":"0","MODEL_DETAIL_INTEGER_VARS":"0","MODEL_DETAIL_KPIS":"[\"the number of Customer-Campaign assignments\", \"overall quality or value of Customer-Campaign assignments according to Candidates\"]","MODEL_DETAIL_NONZEROS":"56","MODEL_DETAIL_OBJECTIVE_SENSE":"maximize","MODEL_DETAIL_TYPE":"MILP","PROGRESS_BEST_OBJECTIVE":"11904.0","PROGRESS_BEST_OBJECTIVE.history":"[[1698151840.85, 11904.0]]","PROGRESS_CURRENT_OBJECTIVE":"11904.0","PROGRESS_CURRENT_OBJECTIVE.history":"[[1698151840.85, 11904.0]]","PROGRESS_GAP":"0.0","PROGRESS_GAP.history":"[[1698151840.85, 0.0]]","STAT.cplex.modelType":"MILP","STAT.cplex.size.booleanVariables":"27","STAT.cplex.size.constraints":"14","STAT.cplex.size.continousVariables":"0","STAT.cplex.size.integerVariables":"0","STAT.cplex.size.linearConstraints":"14","STAT.cplex.size.quadraticConstraints":"0","STAT.cplex.size.variables":"27","STAT.job.coresCount":"1","STAT.job.inputsReadMs":"1765","STAT.job.memoryPeakKB":"112368","STAT.job.modelProcessingMs":"146","STAT.job.outputsWriteMs":"988","latestOutputUpload":"2023-10-24T12:50:41.956Z"},"executionStatus":"PROCESSED","solveStatus":"OPTIMAL_SOLUTION","logTail":["[2023-10-24T12:50:40.845Z, INFO] * running wado model","[2023-10-24T12:50:40.850Z, INFO] WARNING: Number of workers has been reduced to 1 to comply with platform limitations.","[2023-10-24T12:50:40.851Z, INFO] Version identifier: 22.1.1.0 | 2023-06-15 | d64d5bd77","[2023-10-24T12:50:40.852Z, INFO] CPXPARAM_Read_DataCheck                          1","[2023-10-24T12:50:40.852Z, INFO] CPXPARAM_Threads                                 1","[2023-10-24T12:50:40.853Z, INFO] CPXPARAM_TimeLimit                               120","[2023-10-24T12:50:40.853Z, INFO] Legacy callback                                  i","[2023-10-24T12:50:40.854Z, INFO] Found incumbent of value 0.000000 after 0.00 sec. (0.00 ticks)","[2023-10-24T12:50:40.854Z, INFO] Tried aggregator 1 time.","[2023-10-24T12:50:40.855Z, INFO] MIP Presolve eliminated 2 rows and 2 columns.","[2023-10-24T12:50:40.855Z, INFO] Reduced MIP has 12 rows, 25 columns, and 50 nonzeros.","[2023-10-24T12:50:40.856Z, INFO] Reduced MIP has 25 binaries, 0 generals, 0 SOSs, and 0 indicators.","[2023-10-24T12:50:40.856Z, INFO] Presolve time = 0.00 sec. (0.03 ticks)","[2023-10-24T12:50:40.857Z, INFO] Probing time = 0.00 sec. (0.01 ticks)","[2023-10-24T12:50:40.857Z, INFO] Tried aggregator 1 time.","[2023-10-24T12:50:40.858Z, INFO] Detecting symmetries...","[2023-10-24T12:50:40.858Z, INFO] Reduced MIP has 12 rows, 25 columns, and 50 nonzeros.","[2023-10-24T12:50:40.859Z, INFO] Reduced MIP has 25 binaries, 0 generals, 0 SOSs, and 0 indicators.","[2023-10-24T12:50:40.859Z, INFO] Presolve time = 0.00 sec. (0.04 ticks)","[2023-10-24T12:50:40.860Z, INFO] Probing time = 0.00 sec. (0.01 ticks)","[2023-10-24T12:50:40.860Z, INFO] Clique table members: 9.","[2023-10-24T12:50:40.861Z, INFO] MIP emphasis: balance optimality and feasibility.","[2023-10-24T12:50:40.861Z, INFO] MIP search method: dynamic search.","[2023-10-24T12:50:40.862Z, INFO] Parallel mode: none, using 1 thread.","[2023-10-24T12:50:40.863Z, INFO] Root relaxation solution time = 0.00 sec. (0.02 ticks)","[2023-10-24T12:50:40.863Z, INFO] ","[2023-10-24T12:50:40.864Z, INFO]         Nodes                                         Cuts/","[2023-10-24T12:50:40.864Z, INFO]    Node  Left     Objective  IInf  Best Integer    Best Bound    ItCnt     Gap","[2023-10-24T12:50:40.865Z, INFO] ","[2023-10-24T12:50:40.865Z, INFO] *     0+    0                            0.0000    29520.0000              --- ","[2023-10-24T12:50:40.866Z, INFO] *     0     0      integral     0    11904.0000    11904.0000       11    0.00%","[2023-10-24T12:50:40.867Z, INFO] Elapsed time = 0.00 sec. (0.14 ticks, tree = 0.00 MB, solutions = 2)","[2023-10-24T12:50:40.867Z, INFO] ","[2023-10-24T12:50:40.868Z, INFO] Root node processing (before b&c):","[2023-10-24T12:50:40.868Z, INFO]   Real time             =    0.00 sec. (0.14 ticks)","[2023-10-24T12:50:40.869Z, INFO] Sequential b&c:","[2023-10-24T12:50:40.870Z, INFO]   Real time             =    0.00 sec. (0.00 ticks)","[2023-10-24T12:50:40.870Z, INFO]                           ------------","[2023-10-24T12:50:40.871Z, INFO] Total (root+branch&cut) =    0.00 sec. (0.14 ticks)","[2023-10-24T12:50:40.877Z, INFO] Solve status: JobSolveStatus.OPTIMAL_SOLUTION","[2023-10-24T12:50:40.877Z, INFO] * model docplex_model1 solved with objective = 11904.000","[2023-10-24T12:50:40.878Z, INFO] *  KPI: the number of Customer-Campaign assignments                                       = 9.000","[2023-10-24T12:50:40.879Z, INFO] *  KPI: overall quality or value of Customer-Campaign assignments according to Candidates = 735.000","[2023-10-24T12:50:40.879Z, INFO] model solve done in 0.013422966003417969 secs","[2023-10-24T12:50:40.880Z, INFO] solution export done in 0.008599042892456055 secs"]},"taskSetupTime":1698151838465,"taskSolveTime":1698151845664,"taskTearDownTime":1698151847864,"jobSpaceId":"1e6362e3-9985-4ea3-b8ba-5d35f3036aa5","jobDeploymentId":"89f9336a-f713-40b9-8c61-bf00e5a5a64b","jobId":"9c404316-4666-4e2c-94a8-e88bee320bdc","ping":1698151832513}