{"creationTime":1687855692584,"lastModificationTime":1687855726221,"state":"TERMINATED","solveConfig":{"containerId":"Scenario 1","solveParameters":{}},"jobDetails":{"id":"b4725b55-158b-47b2-a664-0c86c5b5ee22","createdAt":1687855695594,"startedAt":1687855722328,"endedAt":1687855725270,"submittedAt":1687855695594,"details":{"EffectiveDepthFirstWorkers":"0","EffectiveIterativeDivingWorkers":"0","EffectiveMultiPointWorkers":"0","EffectiveNeighborhoodWorkers":"0","EffectiveRestartWorkers":"1","EffectiveWorkers":"1","MODEL_DETAIL_CONSTRAINTS":"1","MODEL_DETAIL_INTEGER_VARS":"18","MODEL_DETAIL_TYPE":"CPO CP","MemoryUsage":"786112","NumberOfAuxiliaryVariables":"0","NumberOfBlackboxCalls":"0","NumberOfBlackboxes":"0","NumberOfBranches":"5627","NumberOfChoicePoints":"2931","NumberOfConstraints":"1","NumberOfConstraintsAdded":"0","NumberOfConstraintsAggregated":"0","NumberOfConstraintsGenerated":"0","NumberOfConstraintsRemoved":"0","NumberOfCriteria":"1","NumberOfEngineConstraints":"14","NumberOfEngineVariables":"30","NumberOfErrors":"0","NumberOfFails":"2742","NumberOfIntegerVariables":"18","NumberOfIntervalVariables":"0","NumberOfPresolveTransformations":"0","NumberOfSequenceVariables":"0","NumberOfSolutions":"13","NumberOfStateFunctions":"0","NumberOfUnboundModelVariables":"18","NumberOfUnboundModelVariablesInLogPeriod":"4","NumberOfVariables":"18","NumberOfWarnings":"0","PROGRESS_CURRENT_OBJECTIVE":"17.0","PeakMemoryUsage":"786112","STAT.job.coresCount":"1","STAT.job.inputsReadMs":"706","STAT.job.memoryPeakKB":"105444","STAT.job.modelProcessingMs":"828","STAT.job.outputsWriteMs":"881","SearchStatus":"45","SearchStopCause":"47","solutionStatus.failStatus":"SearchHasFailedNormally","solutionStatus.solveStatus":"Optimal"},"executionStatus":"PROCESSED","solveStatus":"OPTIMAL_SOLUTION","logTail":["[2023-06-27T08:48:44.245Z, INFO]  ! Initial process time : 0.05s (0.00s extraction + 0.05s propagation)","[2023-06-27T08:48:44.246Z, INFO]  !  . Log search space  : 57.1 (before), 57.1 (after)","[2023-06-27T08:48:44.247Z, INFO]  !  . Memory usage      : 300.8 kB (before), 300.8 kB (after)","[2023-06-27T08:48:44.248Z, INFO]  ! Using sequential search.","[2023-06-27T08:48:44.249Z, INFO]  ! ----------------------------------------------------------------------------","[2023-06-27T08:48:44.253Z, INFO]  !          Best Branches  Non-fixed            Branch decision","[2023-06-27T08:48:44.254Z, INFO]                         0         18                 -","[2023-06-27T08:48:44.255Z, INFO]  + New bound is 0","[2023-06-27T08:48:44.256Z, INFO]                        44         16        F     7 != SL[7]","[2023-06-27T08:48:44.257Z, INFO]  + New bound is 1","[2023-06-27T08:48:44.259Z, INFO]  *            45       52  0.06s               (gap is 97.78%)","[2023-06-27T08:48:44.270Z, INFO]  *            38       60  0.06s               (gap is 97.37%)","[2023-06-27T08:48:44.273Z, INFO]  *            36      100  0.06s               (gap is 97.22%)","[2023-06-27T08:48:44.276Z, INFO]  *            35      134  0.06s               (gap is 97.14%)","[2023-06-27T08:48:44.278Z, INFO]  *            32      612  0.06s               (gap is 96.88%)","[2023-06-27T08:48:44.280Z, INFO]  *            31      718  0.07s               (gap is 96.77%)","[2023-06-27T08:48:44.283Z, INFO]  *            29      743  0.07s               (gap is 96.55%)","[2023-06-27T08:48:44.321Z, INFO]  *            28      819  0.07s               (gap is 96.43%)","[2023-06-27T08:48:44.325Z, INFO]  *            24      833  0.07s               (gap is 95.83%)","[2023-06-27T08:48:44.328Z, INFO]               24     1000          4              7 != SL[7]","[2023-06-27T08:48:44.329Z, INFO]  *            23     1234  0.07s               (gap is 95.65%)","[2023-06-27T08:48:44.333Z, INFO]  *            22     1958  0.07s               (gap is 95.45%)","[2023-06-27T08:48:44.336Z, INFO]  *            20     1963  0.07s               (gap is 95.00%)","[2023-06-27T08:48:44.339Z, INFO]               20     2000          4        F     5  = SL[3]","[2023-06-27T08:48:44.339Z, INFO]               20     3000          6              6  = SL[4]","[2023-06-27T08:48:44.340Z, INFO]  *            17     3563  0.07s               (gap is 94.12%)","[2023-06-27T08:48:44.343Z, INFO]               17     4000          4        F     2 != SL[6]","[2023-06-27T08:48:44.343Z, INFO]               17     5000          4        F     2  = SC[2]","[2023-06-27T08:48:44.344Z, INFO]  ! Time = 0.09s, Average fail depth = 8, Memory usage = 782.2 kB","[2023-06-27T08:48:44.345Z, INFO]  ! Current bound is 1 (gap is 94.12%)","[2023-06-27T08:48:44.345Z, INFO]  !          Best Branches  Non-fixed            Branch decision","[2023-06-27T08:48:44.346Z, INFO]               17     5627          4                 -","[2023-06-27T08:48:44.347Z, INFO]  + New bound is 17 (gap is 0.00%)","[2023-06-27T08:48:44.347Z, INFO]  ! ----------------------------------------------------------------------------","[2023-06-27T08:48:44.348Z, INFO]  ! Search completed, 13 solutions found.","[2023-06-27T08:48:44.349Z, INFO]  ! Best objective         : 17 (optimal - effective tol. is 0)","[2023-06-27T08:48:44.349Z, INFO]  ! Best bound             : 17","[2023-06-27T08:48:44.350Z, INFO]  ! ----------------------------------------------------------------------------","[2023-06-27T08:48:44.351Z, INFO]  ! Number of branches     : 5627","[2023-06-27T08:48:44.352Z, INFO]  ! Number of fails        : 2742","[2023-06-27T08:48:44.352Z, INFO]  ! Total memory usage     : 826.9 kB (786.1 kB CP Optimizer + 40.8 kB Concert)","[2023-06-27T08:48:44.353Z, INFO]  ! Time spent in solve    : 0.09s (0.09s engine + 0.00s extraction)","[2023-06-27T08:48:44.354Z, INFO]  ! Search speed (br. / s) : 70337.5","[2023-06-27T08:48:44.355Z, INFO]  ! ----------------------------------------------------------------------------","[2023-06-27T08:48:44.360Z, INFO] Solve finished with status: OPTIMAL_SOLUTION"]},"runtimeDetails":{"state":"STARTED"},"taskSetupMillis":2347,"taskSolveMillis":30095,"taskTearDownMillis":1,"jobSpaceId":"3d14a570-f6e3-4665-bd9b-5b4b94d83c31","jobDeploymentId":"7d9985c8-aa91-4e49-93ac-1776791042dc","jobId":"b4725b55-158b-47b2-a664-0c86c5b5ee22","ping":1687855723259}