{"creationTime":1651048756090,"lastModificationTime":1651048762105,"state":"TERMINATED","solveConfig":{"containerId":"Copy 03","solveParameters":{"oaas.logAttachmentName":"log.txt","oaas.logTailEnabled":"true"}},"jobDetails":{"id":"6e6f69a0-77e1-48f0-940a-6e5f4631ff13","createdAt":1651048757217,"startedAt":1651048757702,"endedAt":1651048760045,"submittedAt":1651048757217,"details":{"KPI.Nb Fix Used":"40.0","KPI.Nb Temp Used":"34.0","KPI.Total Cost":"6040.0","MODEL_DETAIL_BOOLEAN_VARS":"0","MODEL_DETAIL_CONSTRAINTS":"588","MODEL_DETAIL_CONTINUOUS_VARS":"0","MODEL_DETAIL_INTEGER_VARS":"774","MODEL_DETAIL_KPIS":"[\"Total Cost\", \"Nb Fix Used\", \"Nb Temp Used\"]","MODEL_DETAIL_NONZEROS":"6234","MODEL_DETAIL_OBJECTIVE_SENSE":"minimize","MODEL_DETAIL_TYPE":"MILP","PROGRESS_BEST_OBJECTIVE":"6040.0","PROGRESS_BEST_OBJECTIVE.history":"[[1651048758.59, 6040.0]]","PROGRESS_CURRENT_OBJECTIVE":"6040.0","PROGRESS_CURRENT_OBJECTIVE.history":"[[1651048758.59, 6040.0]]","PROGRESS_GAP":"0.0","PROGRESS_GAP.history":"[[1651048758.59, 0.0]]","STAT.cplex.modelType":"MILP","STAT.cplex.size.booleanVariables":"0","STAT.cplex.size.constraints":"588","STAT.cplex.size.continousVariables":"0","STAT.cplex.size.integerVariables":"774","STAT.cplex.size.linearConstraints":"588","STAT.cplex.size.quadraticConstraints":"0","STAT.cplex.size.variables":"774","STAT.job.coresCount":"1","STAT.job.inputsReadMs":"307","STAT.job.memoryPeakKB":"114084","STAT.job.modelProcessingMs":"583","STAT.job.outputsWriteMs":"1313"},"executionStatus":"PROCESSED","solveStatus":"OPTIMAL_SOLUTION","logTail":["[2022-04-27T08:39:18Z, WARNING] Python 3.9 is used as default with pandas 1.3 libraries.","[2022-04-27T08:39:18Z, INFO] WARNING: Number of workers has been reduced to 1 to comply with platform limitations.","[2022-04-27T08:39:18Z, INFO] Version identifier: 20.1.0.1 | 2021-12-07 | 9dfdf6686","[2022-04-27T08:39:18Z, INFO] CPXPARAM_Read_DataCheck                          1","[2022-04-27T08:39:18Z, INFO] CPXPARAM_Threads                                 1","[2022-04-27T08:39:18Z, INFO] Legacy callback                                  i","[2022-04-27T08:39:18Z, INFO] Tried aggregator 2 times.","[2022-04-27T08:39:18Z, INFO] MIP Presolve eliminated 194 rows and 79 columns.","[2022-04-27T08:39:18Z, INFO] Aggregator did 263 substitutions.","[2022-04-27T08:39:18Z, INFO] Reduced MIP has 131 rows, 309 columns, and 3780 nonzeros.","[2022-04-27T08:39:18Z, INFO] Reduced MIP has 0 binaries, 309 generals, 0 SOSs, and 0 indicators.","[2022-04-27T08:39:18Z, INFO] Presolve time = 0.00 sec. (3.94 ticks)","[2022-04-27T08:39:18Z, INFO] Found incumbent of value 6760.000000 after 0.01 sec. (8.62 ticks)","[2022-04-27T08:39:18Z, INFO] Tried aggregator 1 time.","[2022-04-27T08:39:18Z, INFO] Detecting symmetries...","[2022-04-27T08:39:18Z, INFO] Reduced MIP has 131 rows, 309 columns, and 3780 nonzeros.","[2022-04-27T08:39:18Z, INFO] Reduced MIP has 0 binaries, 309 generals, 0 SOSs, and 0 indicators.","[2022-04-27T08:39:18Z, INFO] Presolve time = 0.00 sec. (1.51 ticks)","[2022-04-27T08:39:18Z, INFO] MIP emphasis: balance optimality and feasibility.","[2022-04-27T08:39:18Z, INFO] MIP search method: dynamic search.","[2022-04-27T08:39:18Z, INFO] Parallel mode: none, using 1 thread.","[2022-04-27T08:39:18Z, INFO] Root relaxation solution time = 0.00 sec. (0.66 ticks)","[2022-04-27T08:39:18Z, INFO] ","[2022-04-27T08:39:18Z, INFO]         Nodes                                         Cuts/","[2022-04-27T08:39:18Z, INFO]    Node  Left     Objective  IInf  Best Integer    Best Bound    ItCnt     Gap","[2022-04-27T08:39:18Z, INFO] ","[2022-04-27T08:39:18Z, INFO] *     0+    0                         6760.0000     1000.0000            85.21%","[2022-04-27T08:39:18Z, INFO] *     0     0      integral     0     6040.0000     6040.0000       53    0.00%","[2022-04-27T08:39:18Z, INFO] Elapsed time = 0.01 sec. (11.35 ticks, tree = 0.00 MB, solutions = 2)","[2022-04-27T08:39:18Z, INFO] ","[2022-04-27T08:39:18Z, INFO] Root node processing (before b&c):","[2022-04-27T08:39:18Z, INFO]   Real time             =    0.01 sec. (11.38 ticks)","[2022-04-27T08:39:18Z, INFO] Sequential b&c:","[2022-04-27T08:39:18Z, INFO]   Real time             =    0.00 sec. (0.00 ticks)","[2022-04-27T08:39:18Z, INFO]                           ------------","[2022-04-27T08:39:18Z, INFO] Total (root+branch&cut) =    0.01 sec. (11.38 ticks)","[2022-04-27T08:39:18Z, INFO]   Feasible 6040.0","[2022-04-27T08:39:18Z, INFO] starts.csv","[2022-04-27T08:39:18Z, INFO] works.csv","[2022-04-27T08:39:18Z, INFO] nr.csv"]},"runtimeDetails":{"state":"STARTED"},"taskSetupMillis":990,"taskSolveMillis":4377,"taskTearDownMillis":1,"jobSpaceId":"6d902298-59e9-4647-88fa-075fbff492fc","jobDeploymentId":"0348c78b-1912-4fed-9e5e-5f33ec1d9250","jobId":"6e6f69a0-77e1-48f0-940a-6e5f4631ff13","ping":1651048756262}