{"creationTime":1632303049135,"lastModificationTime":1632303059119,"state":"TERMINATED","solveConfig":{"containerId":"Copy 03","solveParameters":{"oaas.logAttachmentName":"log.txt","oaas.logTailEnabled":"true","oaas.docplex.python":"3.8"}},"jobDetails":{"id":"9f791808-dd59-49de-8b1b-c00063fa22fa","createdAt":1632303052805,"startedAt":1632303053646,"endedAt":1632303057885,"submittedAt":1632303052805,"details":{"KPI.Nb Fix Used":"36.0","KPI.Nb Temp Used":"10.0","KPI.Total Cost":"4200.0","MODEL_DETAIL_BOOLEAN_VARS":"0","MODEL_DETAIL_CONSTRAINTS":"588","MODEL_DETAIL_CONTINUOUS_VARS":"0","MODEL_DETAIL_INTEGER_VARS":"774","MODEL_DETAIL_KPIS":"[\"Total Cost\", \"Nb Fix Used\", \"Nb Temp Used\"]","MODEL_DETAIL_NONZEROS":"6234","MODEL_DETAIL_OBJECTIVE_SENSE":"minimize","MODEL_DETAIL_TYPE":"MILP","PROGRESS_BEST_OBJECTIVE":"4200.0","PROGRESS_BEST_OBJECTIVE.history":"[[1632303056.65, 4200.0]]","PROGRESS_CURRENT_OBJECTIVE":"4200.0","PROGRESS_CURRENT_OBJECTIVE.history":"[[1632303056.65, 4200.0]]","PROGRESS_GAP":"0.0","PROGRESS_GAP.history":"[[1632303056.65, 0.0]]","STAT.cplex.modelType":"MILP","STAT.cplex.size.booleanVariables":"0","STAT.cplex.size.constraints":"588","STAT.cplex.size.continousVariables":"0","STAT.cplex.size.integerVariables":"774","STAT.cplex.size.linearConstraints":"588","STAT.cplex.size.quadraticConstraints":"0","STAT.cplex.size.variables":"774","STAT.job.coresCount":"1","STAT.job.inputsReadMs":"2182","STAT.job.memoryPeakKB":"101244","STAT.job.modelProcessingMs":"848","STAT.job.outputsWriteMs":"1069"},"executionStatus":"PROCESSED","solveStatus":"OPTIMAL_SOLUTION","logTail":["[2021-09-22T09:30:55Z, WARNING] Support for Python 3.8 is now enabled with pandas 1.0.5 libraries.","[2021-09-22T09:30:56Z, INFO] WARNING: Number of workers has been reduced to 1 to comply with platform limitations.","[2021-09-22T09:30:56Z, INFO] Version identifier: 20.1.0.0 | 2020-11-10 | 9bedb6d68","[2021-09-22T09:30:56Z, INFO] CPXPARAM_Read_DataCheck                          1","[2021-09-22T09:30:56Z, INFO] CPXPARAM_Threads                                 1","[2021-09-22T09:30:56Z, INFO] Legacy callback                                  i","[2021-09-22T09:30:56Z, INFO] Tried aggregator 2 times.","[2021-09-22T09:30:56Z, INFO] MIP Presolve eliminated 224 rows and 99 columns.","[2021-09-22T09:30:56Z, INFO] Aggregator did 243 substitutions.","[2021-09-22T09:30:56Z, INFO] Reduced MIP has 121 rows, 289 columns, and 3332 nonzeros.","[2021-09-22T09:30:56Z, INFO] Reduced MIP has 0 binaries, 289 generals, 0 SOSs, and 0 indicators.","[2021-09-22T09:30:56Z, INFO] Presolve time = 0.01 sec. (3.84 ticks)","[2021-09-22T09:30:56Z, INFO] Found incumbent of value 5860.000000 after 0.01 sec. (8.04 ticks)","[2021-09-22T09:30:56Z, INFO] Tried aggregator 1 time.","[2021-09-22T09:30:56Z, INFO] Detecting symmetries...","[2021-09-22T09:30:56Z, INFO] Reduced MIP has 121 rows, 289 columns, and 3332 nonzeros.","[2021-09-22T09:30:56Z, INFO] Reduced MIP has 0 binaries, 289 generals, 0 SOSs, and 0 indicators.","[2021-09-22T09:30:56Z, INFO] Presolve time = 0.00 sec. (1.35 ticks)","[2021-09-22T09:30:56Z, INFO] MIP emphasis: balance optimality and feasibility.","[2021-09-22T09:30:56Z, INFO] MIP search method: dynamic search.","[2021-09-22T09:30:56Z, INFO] Parallel mode: none, using 1 thread.","[2021-09-22T09:30:56Z, INFO] Root relaxation solution time = 0.01 sec. (0.52 ticks)","[2021-09-22T09:30:56Z, INFO] ","[2021-09-22T09:30:56Z, INFO]         Nodes                                         Cuts/","[2021-09-22T09:30:56Z, INFO]    Node  Left     Objective  IInf  Best Integer    Best Bound    ItCnt     Gap","[2021-09-22T09:30:56Z, INFO] ","[2021-09-22T09:30:56Z, INFO] *     0+    0                         5860.0000     1000.0000            82.94%","[2021-09-22T09:30:56Z, INFO] *     0     0      integral     0     4200.0000     4200.0000       38    0.00%","[2021-09-22T09:30:56Z, INFO] Elapsed time = 0.02 sec. (10.44 ticks, tree = 0.00 MB, solutions = 2)","[2021-09-22T09:30:56Z, INFO] ","[2021-09-22T09:30:56Z, INFO] Root node processing (before b&c):","[2021-09-22T09:30:56Z, INFO]   Real time             =    0.02 sec. (10.47 ticks)","[2021-09-22T09:30:56Z, INFO] Sequential b&c:","[2021-09-22T09:30:56Z, INFO]   Real time             =    0.00 sec. (0.00 ticks)","[2021-09-22T09:30:56Z, INFO]                           ------------","[2021-09-22T09:30:56Z, INFO] Total (root+branch&cut) =    0.02 sec. (10.47 ticks)","[2021-09-22T09:30:56Z, INFO]   Feasible 4200.0","[2021-09-22T09:30:56Z, INFO] starts.csv","[2021-09-22T09:30:56Z, INFO] works.csv","[2021-09-22T09:30:56Z, INFO] nr.csv"]},"runtimeDetails":{"state":"STARTED"},"taskSetupMillis":3278,"taskSolveMillis":5515,"taskTearDownMillis":1,"jobSpaceId":"d9bda584-cf9f-4f9b-8b9e-61ec05932519","jobId":"9f791808-dd59-49de-8b1b-c00063fa22fa","ping":1632303049596}