{"creationTime":1645199867468,"lastModificationTime":1645199875564,"state":"TERMINATED","solveConfig":{"containerId":"Copy 03","solveParameters":{"oaas.logAttachmentName":"log.txt","oaas.logTailEnabled":"true"}},"jobDetails":{"id":"62d26cba-4a63-4663-93d8-6eca2bc8194d","createdAt":1645199870160,"startedAt":1645199870783,"endedAt":1645199874439,"submittedAt":1645199870160,"details":{"KPI.Nb Fix Used":"37.0","KPI.Nb Temp Used":"8.0","KPI.Total Cost":"4180.0","MODEL_DETAIL_BOOLEAN_VARS":"0","MODEL_DETAIL_CONSTRAINTS":"588","MODEL_DETAIL_CONTINUOUS_VARS":"0","MODEL_DETAIL_INTEGER_VARS":"774","MODEL_DETAIL_KPIS":"[\"Total Cost\", \"Nb Fix Used\", \"Nb Temp Used\"]","MODEL_DETAIL_NONZEROS":"6234","MODEL_DETAIL_OBJECTIVE_SENSE":"minimize","MODEL_DETAIL_TYPE":"MILP","PROGRESS_BEST_OBJECTIVE":"4180.0","PROGRESS_BEST_OBJECTIVE.history":"[[1645199872.92, 4180.0]]","PROGRESS_CURRENT_OBJECTIVE":"4180.0","PROGRESS_CURRENT_OBJECTIVE.history":"[[1645199872.92, 4180.0]]","PROGRESS_GAP":"0.0","PROGRESS_GAP.history":"[[1645199872.92, 0.0]]","STAT.cplex.modelType":"MILP","STAT.cplex.size.booleanVariables":"0","STAT.cplex.size.constraints":"588","STAT.cplex.size.continousVariables":"0","STAT.cplex.size.integerVariables":"774","STAT.cplex.size.linearConstraints":"588","STAT.cplex.size.quadraticConstraints":"0","STAT.cplex.size.variables":"774","STAT.job.coresCount":"1","STAT.job.inputsReadMs":"1576","STAT.job.memoryPeakKB":"103128","STAT.job.modelProcessingMs":"574","STAT.job.outputsWriteMs":"1409"},"executionStatus":"PROCESSED","solveStatus":"OPTIMAL_SOLUTION","logTail":["[2022-02-18T15:57:52Z, WARNING] Support for Python 3.8 is now enabled with pandas 1.2.4 libraries.","[2022-02-18T15:57:52Z, INFO] WARNING: Number of workers has been reduced to 1 to comply with platform limitations.","[2022-02-18T15:57:52Z, INFO] Version identifier: 20.1.0.1 | 2021-12-07 | 9dfdf6686","[2022-02-18T15:57:52Z, INFO] CPXPARAM_Read_DataCheck                          1","[2022-02-18T15:57:52Z, INFO] CPXPARAM_Threads                                 1","[2022-02-18T15:57:52Z, INFO] Legacy callback                                  i","[2022-02-18T15:57:52Z, INFO] Tried aggregator 2 times.","[2022-02-18T15:57:52Z, INFO] MIP Presolve eliminated 227 rows and 104 columns.","[2022-02-18T15:57:52Z, INFO] Aggregator did 241 substitutions.","[2022-02-18T15:57:52Z, INFO] Reduced MIP has 120 rows, 284 columns, and 3522 nonzeros.","[2022-02-18T15:57:52Z, INFO] Reduced MIP has 0 binaries, 284 generals, 0 SOSs, and 0 indicators.","[2022-02-18T15:57:52Z, INFO] Presolve time = 0.00 sec. (3.80 ticks)","[2022-02-18T15:57:52Z, INFO] Found incumbent of value 4540.000000 after 0.01 sec. (8.12 ticks)","[2022-02-18T15:57:52Z, INFO] Tried aggregator 1 time.","[2022-02-18T15:57:52Z, INFO] Detecting symmetries...","[2022-02-18T15:57:52Z, INFO] Reduced MIP has 120 rows, 284 columns, and 3522 nonzeros.","[2022-02-18T15:57:52Z, INFO] Reduced MIP has 0 binaries, 284 generals, 0 SOSs, and 0 indicators.","[2022-02-18T15:57:52Z, INFO] Presolve time = 0.00 sec. (1.42 ticks)","[2022-02-18T15:57:52Z, INFO] MIP emphasis: balance optimality and feasibility.","[2022-02-18T15:57:52Z, INFO] MIP search method: dynamic search.","[2022-02-18T15:57:52Z, INFO] Parallel mode: none, using 1 thread.","[2022-02-18T15:57:52Z, INFO] Root relaxation solution time = 0.00 sec. (0.65 ticks)","[2022-02-18T15:57:52Z, INFO] ","[2022-02-18T15:57:52Z, INFO]         Nodes                                         Cuts/","[2022-02-18T15:57:52Z, INFO]    Node  Left     Objective  IInf  Best Integer    Best Bound    ItCnt     Gap","[2022-02-18T15:57:52Z, INFO] ","[2022-02-18T15:57:52Z, INFO] *     0+    0                         4540.0000     1000.0000            77.97%","[2022-02-18T15:57:52Z, INFO] *     0     0      integral     0     4180.0000     4180.0000       55    0.00%","[2022-02-18T15:57:52Z, INFO] Elapsed time = 0.01 sec. (10.72 ticks, tree = 0.00 MB, solutions = 2)","[2022-02-18T15:57:52Z, INFO] ","[2022-02-18T15:57:52Z, INFO] Root node processing (before b&c):","[2022-02-18T15:57:52Z, INFO]   Real time             =    0.01 sec. (10.75 ticks)","[2022-02-18T15:57:52Z, INFO] Sequential b&c:","[2022-02-18T15:57:52Z, INFO]   Real time             =    0.00 sec. (0.00 ticks)","[2022-02-18T15:57:52Z, INFO]                           ------------","[2022-02-18T15:57:52Z, INFO] Total (root+branch&cut) =    0.01 sec. (10.75 ticks)","[2022-02-18T15:57:52Z, INFO]   Feasible 4180.0","[2022-02-18T15:57:52Z, INFO] starts.csv","[2022-02-18T15:57:52Z, INFO] works.csv","[2022-02-18T15:57:52Z, INFO] nr.csv"]},"runtimeDetails":{"state":"STARTED"},"taskSetupMillis":2452,"taskSolveMillis":4517,"taskTearDownMillis":1,"jobSpaceId":"c765df71-66f6-497c-afac-f8a3ee8f12d4","jobDeploymentId":"b6839822-3047-4216-a4ca-de79cb90189e","jobId":"62d26cba-4a63-4663-93d8-6eca2bc8194d","ping":1645199867772}