{"creationTime":1632990589489,"lastModificationTime":1632990615595,"state":"TERMINATED","solveConfig":{"containerId":"scenario 2","solveParameters":{"oaas.logAttachmentName":"log.txt","oaas.logTailEnabled":"true","oaas.docplex.python":"3.8"},"setupWebHook":{"verb":"GET","url":"https://internal-nginx-svc:12443/v1/cognitive/solve/preprocess/scenario%202?projectId=415267b5-f2ae-492e-9a67-93808556490b&parentId=MarketingCampaignAssignment","expectedStatus":200,"headers":{}},"tearDownWebHook":{"verb":"GET","url":"https://internal-nginx-svc:12443/v1/cognitive/solve/postprocess/scenario%202?projectId=415267b5-f2ae-492e-9a67-93808556490b&parentId=MarketingCampaignAssignment","expectedStatus":200,"headers":{}}},"jobDetails":{"id":"6539b200-0444-452c-a340-1f5d819fdbd1","createdAt":1632990601036,"startedAt":1632990602530,"endedAt":1632990605747,"submittedAt":1632990601036,"details":{"KPI.overall quality or value of Customer-Campaign assignments according to Candidates":"745.0","KPI.the number of Customer-Campaign assignments":"9.0","MODEL_DETAIL_BOOLEAN_VARS":"27","MODEL_DETAIL_CONSTRAINTS":"12","MODEL_DETAIL_CONTINUOUS_VARS":"0","MODEL_DETAIL_INTEGER_VARS":"0","MODEL_DETAIL_KPIS":"[\"the number of Customer-Campaign assignments\", \"overall quality or value of Customer-Campaign assignments according to Candidates\"]","MODEL_DETAIL_NONZEROS":"54","MODEL_DETAIL_OBJECTIVE_SENSE":"maximize","MODEL_DETAIL_TYPE":"MILP","PROGRESS_BEST_OBJECTIVE":"12064.0","PROGRESS_BEST_OBJECTIVE.history":"[[1632990605.3, 12064.0]]","PROGRESS_CURRENT_OBJECTIVE":"12064.0","PROGRESS_CURRENT_OBJECTIVE.history":"[[1632990605.3, 12064.0]]","PROGRESS_GAP":"0.0","PROGRESS_GAP.history":"[[1632990605.3, 0.0]]","STAT.cplex.modelType":"MILP","STAT.cplex.size.booleanVariables":"27","STAT.cplex.size.constraints":"12","STAT.cplex.size.continousVariables":"0","STAT.cplex.size.integerVariables":"0","STAT.cplex.size.linearConstraints":"12","STAT.cplex.size.quadraticConstraints":"0","STAT.cplex.size.variables":"27","STAT.job.coresCount":"1","STAT.job.inputsReadMs":"2127","STAT.job.memoryPeakKB":"98464","STAT.job.modelProcessingMs":"676","STAT.job.outputsWriteMs":"292"},"executionStatus":"PROCESSED","solveStatus":"OPTIMAL_SOLUTION","logTail":["[2021-09-30T08:30:05Z, INFO] * running wado model","[2021-09-30T08:30:05Z, INFO] WARNING: Number of workers has been reduced to 1 to comply with platform limitations.","[2021-09-30T08:30:05Z, INFO] Version identifier: 20.1.0.0 | 2020-11-10 | 9bedb6d68","[2021-09-30T08:30:05Z, INFO] CPXPARAM_Read_DataCheck                          1","[2021-09-30T08:30:05Z, INFO] CPXPARAM_Threads                                 1","[2021-09-30T08:30:05Z, INFO] CPXPARAM_TimeLimit                               120","[2021-09-30T08:30:05Z, INFO] Legacy callback                                  i","[2021-09-30T08:30:05Z, INFO] Found incumbent of value 0.000000 after 0.00 sec. (0.00 ticks)","[2021-09-30T08:30:05Z, INFO] Tried aggregator 1 time.","[2021-09-30T08:30:05Z, INFO] Reduced MIP has 12 rows, 27 columns, and 54 nonzeros.","[2021-09-30T08:30:05Z, INFO] Reduced MIP has 27 binaries, 0 generals, 0 SOSs, and 0 indicators.","[2021-09-30T08:30:05Z, INFO] Presolve time = 0.00 sec. (0.03 ticks)","[2021-09-30T08:30:05Z, INFO] Probing time = 0.00 sec. (0.01 ticks)","[2021-09-30T08:30:05Z, INFO] Tried aggregator 1 time.","[2021-09-30T08:30:05Z, INFO] Detecting symmetries...","[2021-09-30T08:30:05Z, INFO] Reduced MIP has 12 rows, 27 columns, and 54 nonzeros.","[2021-09-30T08:30:05Z, INFO] Reduced MIP has 27 binaries, 0 generals, 0 SOSs, and 0 indicators.","[2021-09-30T08:30:05Z, INFO] Presolve time = 0.00 sec. (0.04 ticks)","[2021-09-30T08:30:05Z, INFO] Probing time = 0.00 sec. (0.01 ticks)","[2021-09-30T08:30:05Z, INFO] Clique table members: 9.","[2021-09-30T08:30:05Z, INFO] MIP emphasis: balance optimality and feasibility.","[2021-09-30T08:30:05Z, INFO] MIP search method: dynamic search.","[2021-09-30T08:30:05Z, INFO] Parallel mode: none, using 1 thread.","[2021-09-30T08:30:05Z, INFO] Root relaxation solution time = 0.00 sec. (0.03 ticks)","[2021-09-30T08:30:05Z, INFO] ","[2021-09-30T08:30:05Z, INFO]         Nodes                                         Cuts/","[2021-09-30T08:30:05Z, INFO]    Node  Left     Objective  IInf  Best Integer    Best Bound    ItCnt     Gap","[2021-09-30T08:30:05Z, INFO] ","[2021-09-30T08:30:05Z, INFO] *     0+    0                            0.0000    32032.0000              --- ","[2021-09-30T08:30:05Z, INFO] *     0     0      integral     0    12064.0000    12064.0000       12    0.00%","[2021-09-30T08:30:05Z, INFO] Elapsed time = 0.00 sec. (0.15 ticks, tree = 0.00 MB, solutions = 2)","[2021-09-30T08:30:05Z, INFO] ","[2021-09-30T08:30:05Z, INFO] Root node processing (before b&c):","[2021-09-30T08:30:05Z, INFO]   Real time             =    0.00 sec. (0.15 ticks)","[2021-09-30T08:30:05Z, INFO] Sequential b&c:","[2021-09-30T08:30:05Z, INFO]   Real time             =    0.00 sec. (0.00 ticks)","[2021-09-30T08:30:05Z, INFO]                           ------------","[2021-09-30T08:30:05Z, INFO] Total (root+branch&cut) =    0.00 sec. (0.15 ticks)","[2021-09-30T08:30:05Z, INFO] Solve status: JobSolveStatus.OPTIMAL_SOLUTION","[2021-09-30T08:30:05Z, INFO] * model docplex_model1 solved with objective = 12064.000","[2021-09-30T08:30:05Z, INFO] *  KPI: the number of Customer-Campaign assignments                                       = 9.000","[2021-09-30T08:30:05Z, INFO] *  KPI: overall quality or value of Customer-Campaign assignments according to Candidates = 745.000","[2021-09-30T08:30:05Z, INFO] model solve done in 0.03499627113342285 secs","[2021-09-30T08:30:05Z, INFO] solution export done in 0.02392435073852539 secs","[2021-09-30T08:30:05Z, INFO] AssignedCampaigns.csv"]},"runtimeDetails":{"state":"STARTED"},"taskSetupMillis":9495,"taskSolveMillis":6125,"taskTearDownMillis":6831,"jobSpaceId":"9d2c73ef-2521-4130-bd91-1898668084a3","jobId":"6539b200-0444-452c-a340-1f5d819fdbd1","ping":1632990592611}