{"creationTime":1648650243337,"lastModificationTime":1648650262030,"state":"TERMINATED","solveConfig":{"containerId":"scenario 2","solveParameters":{"oaas.logAttachmentName":"log.txt","oaas.logTailEnabled":"true"},"setupWebHook":{"verb":"GET","url":"https://internal-nginx-svc:12443/v1/cognitive/solve/preprocess/scenario%202?projectId=817c6754-919f-475f-8044-597cc4cbaa29&parentId=MarketingCampaignAssignment","expectedStatus":200,"headers":{}},"tearDownWebHook":{"verb":"GET","url":"https://internal-nginx-svc:12443/v1/cognitive/solve/postprocess/scenario%202?projectId=817c6754-919f-475f-8044-597cc4cbaa29&parentId=MarketingCampaignAssignment","expectedStatus":200,"headers":{}}},"jobDetails":{"id":"4c77e09f-9138-41b4-b424-b6e1440114bb","createdAt":1648650249896,"startedAt":1648650251417,"endedAt":1648650253227,"submittedAt":1648650249896,"details":{"KPI.overall quality or value of Customer-Campaign assignments according to Candidates":"745.0","KPI.the number of Customer-Campaign assignments":"9.0","MODEL_DETAIL_BOOLEAN_VARS":"27","MODEL_DETAIL_CONSTRAINTS":"12","MODEL_DETAIL_CONTINUOUS_VARS":"0","MODEL_DETAIL_INTEGER_VARS":"0","MODEL_DETAIL_KPIS":"[\"the number of Customer-Campaign assignments\", \"overall quality or value of Customer-Campaign assignments according to Candidates\"]","MODEL_DETAIL_NONZEROS":"54","MODEL_DETAIL_OBJECTIVE_SENSE":"maximize","MODEL_DETAIL_TYPE":"MILP","PROGRESS_BEST_OBJECTIVE":"12064.0","PROGRESS_BEST_OBJECTIVE.history":"[[1648650252.32, 12064.0]]","PROGRESS_CURRENT_OBJECTIVE":"12064.0","PROGRESS_CURRENT_OBJECTIVE.history":"[[1648650252.32, 12064.0]]","PROGRESS_GAP":"0.0","PROGRESS_GAP.history":"[[1648650252.32, 0.0]]","STAT.cplex.modelType":"MILP","STAT.cplex.size.booleanVariables":"27","STAT.cplex.size.constraints":"12","STAT.cplex.size.continousVariables":"0","STAT.cplex.size.integerVariables":"0","STAT.cplex.size.linearConstraints":"12","STAT.cplex.size.quadraticConstraints":"0","STAT.cplex.size.variables":"27","STAT.job.coresCount":"1","STAT.job.inputsReadMs":"262","STAT.job.memoryPeakKB":"114340","STAT.job.modelProcessingMs":"627","STAT.job.outputsWriteMs":"737"},"executionStatus":"PROCESSED","solveStatus":"OPTIMAL_SOLUTION","logTail":["[2022-03-30T14:24:12Z, INFO] * running wado model","[2022-03-30T14:24:12Z, INFO] WARNING: Number of workers has been reduced to 1 to comply with platform limitations.","[2022-03-30T14:24:12Z, INFO] Version identifier: 20.1.0.1 | 2021-12-07 | 9dfdf6686","[2022-03-30T14:24:12Z, INFO] CPXPARAM_Read_DataCheck                          1","[2022-03-30T14:24:12Z, INFO] CPXPARAM_Threads                                 1","[2022-03-30T14:24:12Z, INFO] CPXPARAM_TimeLimit                               120","[2022-03-30T14:24:12Z, INFO] Legacy callback                                  i","[2022-03-30T14:24:12Z, INFO] Found incumbent of value 0.000000 after 0.00 sec. (0.00 ticks)","[2022-03-30T14:24:12Z, INFO] Tried aggregator 1 time.","[2022-03-30T14:24:12Z, INFO] Reduced MIP has 12 rows, 27 columns, and 54 nonzeros.","[2022-03-30T14:24:12Z, INFO] Reduced MIP has 27 binaries, 0 generals, 0 SOSs, and 0 indicators.","[2022-03-30T14:24:12Z, INFO] Presolve time = 0.00 sec. (0.03 ticks)","[2022-03-30T14:24:12Z, INFO] Probing time = 0.00 sec. (0.01 ticks)","[2022-03-30T14:24:12Z, INFO] Tried aggregator 1 time.","[2022-03-30T14:24:12Z, INFO] Detecting symmetries...","[2022-03-30T14:24:12Z, INFO] Reduced MIP has 12 rows, 27 columns, and 54 nonzeros.","[2022-03-30T14:24:12Z, INFO] Reduced MIP has 27 binaries, 0 generals, 0 SOSs, and 0 indicators.","[2022-03-30T14:24:12Z, INFO] Presolve time = 0.00 sec. (0.04 ticks)","[2022-03-30T14:24:12Z, INFO] Probing time = 0.00 sec. (0.01 ticks)","[2022-03-30T14:24:12Z, INFO] Clique table members: 9.","[2022-03-30T14:24:12Z, INFO] MIP emphasis: balance optimality and feasibility.","[2022-03-30T14:24:12Z, INFO] MIP search method: dynamic search.","[2022-03-30T14:24:12Z, INFO] Parallel mode: none, using 1 thread.","[2022-03-30T14:24:12Z, INFO] Root relaxation solution time = 0.00 sec. (0.03 ticks)","[2022-03-30T14:24:12Z, INFO] ","[2022-03-30T14:24:12Z, INFO]         Nodes                                         Cuts/","[2022-03-30T14:24:12Z, INFO]    Node  Left     Objective  IInf  Best Integer    Best Bound    ItCnt     Gap","[2022-03-30T14:24:12Z, INFO] ","[2022-03-30T14:24:12Z, INFO] *     0+    0                            0.0000    32032.0000              --- ","[2022-03-30T14:24:12Z, INFO] *     0     0      integral     0    12064.0000    12064.0000       12    0.00%","[2022-03-30T14:24:12Z, INFO] Elapsed time = 0.00 sec. (0.15 ticks, tree = 0.00 MB, solutions = 2)","[2022-03-30T14:24:12Z, INFO] ","[2022-03-30T14:24:12Z, INFO] Root node processing (before b&c):","[2022-03-30T14:24:12Z, INFO]   Real time             =    0.00 sec. (0.15 ticks)","[2022-03-30T14:24:12Z, INFO] Sequential b&c:","[2022-03-30T14:24:12Z, INFO]   Real time             =    0.00 sec. (0.00 ticks)","[2022-03-30T14:24:12Z, INFO]                           ------------","[2022-03-30T14:24:12Z, INFO] Total (root+branch&cut) =    0.00 sec. (0.15 ticks)","[2022-03-30T14:24:12Z, INFO] Solve status: JobSolveStatus.OPTIMAL_SOLUTION","[2022-03-30T14:24:12Z, INFO] * model docplex_model1 solved with objective = 12064.000","[2022-03-30T14:24:12Z, INFO] *  KPI: the number of Customer-Campaign assignments                                       = 9.000","[2022-03-30T14:24:12Z, INFO] *  KPI: overall quality or value of Customer-Campaign assignments according to Candidates = 745.000","[2022-03-30T14:24:12Z, INFO] model solve done in 0.030322551727294922 secs","[2022-03-30T14:24:12Z, INFO] solution export done in 0.016715288162231445 secs","[2022-03-30T14:24:12Z, INFO] AssignedCampaigns.csv"]},"runtimeDetails":{"state":"STARTED"},"taskSetupMillis":5277,"taskSolveMillis":5438,"taskTearDownMillis":5079,"jobSpaceId":"d1c259fb-9c7d-49f8-9b30-9bf356a48bc8","jobId":"4c77e09f-9138-41b4-b424-b6e1440114bb","ping":1648650244632}