{"projectId":"dsx-samples","parentId":"Diet","retry":0,"creationTime":1513185312696,"lastModificationTime":1513185314443,"state":"TERMINATED","solveConfig":{"containerId":"Scenario 1","collectEngineLog":true,"solveParameters":{"oaas.logAttachmentName":"log.txt"}},"transactionId":"45eb108b-a113-482a-b1d1-9f219944faff","dataContainerId":"226a3833-2a4c-4c94-aea5-036211d59091","jobDetails":{"id":"http://dopt-job-manager.dsxl-dd/dd-execution/api/v1/solve/job.fdf754c1-2d9b-473b-96d2-a51564577134","createdAt":1513185313017,"startedAt":1513185313115,"endedAt":1513185314173,"submittedAt":1513185313017,"updatedAt":1513185314173,"applicationVersionUsed":"1.0-R1-b3967","details":{"MODEL_DETAIL_BOOLEAN_VARS":"0","MODEL_DETAIL_KPIS":"[\"Total Calories\", \"Total Calcium\", \"Total Iron\", \"Total Vit_A\", \"Total Dietary_Fiber\", \"Total Carbohydrates\", \"Total Protein\"]","MODEL_DETAIL_CONTINUOUS_VARS":"9","MODEL_DETAIL_CONSTRAINTS":"7","MODEL_DETAIL_INTEGER_VARS":"0","MODEL_DETAIL_TYPE":"LP","MODEL_DETAIL_NONZEROS":"57"},"systemDetails":{"worker.process.max.memory":"-1024","worker.cores.total":"16","worker.cores.default":"16","worker.process.cpu.set":"0,1,2,3,4,5,6,7,8,9,10,11,12,13,14,15","worker.heap.max":"262144","worker.data.read.bytes":"6518","worker.data.write.duration":"138","worker.processing.duration":"1006","worker.process.peak.swap":"0","worker.log.write.duration":"4","worker.process.processing.duration":"555","worker.data.read.duration":"96","worker.jms.write.chars":"10126","worker.log.write.chars":"1018","worker.data.write.bytes":"396","worker.heap.used":"119088","worker.process.peak.memory":"0","worker.setup.duration":"49","worker.jms.write.duration":"27"},"executionStatus":"PROCESSED","solveStatus":"OPTIMAL_SOLUTION"},"taskSetupMillis":294,"taskSolveMillis":1288,"taskTearDownMillis":2,"jobUri":"http://dopt-job-manager.ibm-private-cloud/dd-execution/api/v1/solve/job.fdf754c1-2d9b-473b-96d2-a51564577134"}