{"creationTime":1651063945244,"lastModificationTime":1651063945244,"state":"TERMINATED","solveConfig":{"containerId":"Scenario 1","solveParameters":{"oaas.logAttachmentName":"log.txt"}},"jobDetails":{"id":"948d5952-5e25-4c3f-b4a0-9623867d71a4","createdAt":1648644805439,"startedAt":1648644832994,"endedAt":1648644835474,"submittedAt":1648644805439,"details":{"KPI.Minimal cost":"2.690409171696264","KPI.Total Calcium":"800.0000000000001","KPI.Total Calories":"2000.0","KPI.Total Carbohydrates":"256.80576358904455","KPI.Total Dietary_Fiber":"25.0","KPI.Total Iron":"11.278317739831891","KPI.Total Protein":"51.17372234135308","KPI.Total Vit_A":"8518.432542485823","MODEL_DETAIL_BOOLEAN_VARS":"0","MODEL_DETAIL_CONSTRAINTS":"16","MODEL_DETAIL_CONTINUOUS_VARS":"9","MODEL_DETAIL_INTEGER_VARS":"0","MODEL_DETAIL_KPIS":"[\"Total Calories\", \"Total Calcium\", \"Total Iron\", \"Total Vit_A\", \"Total Dietary_Fiber\", \"Total Carbohydrates\", \"Total Protein\", \"Minimal cost\"]","MODEL_DETAIL_NONZEROS":"66","MODEL_DETAIL_OBJECTIVE_SENSE":"minimize","MODEL_DETAIL_TYPE":"LP","PROGRESS_CURRENT_OBJECTIVE":"2.6904091716962637","PROGRESS_CURRENT_OBJECTIVE.history":"[[1648644834.12, 2.6904091716962637]]","STAT.cplex.modelType":"LP","STAT.cplex.size.booleanVariables":"0","STAT.cplex.size.constraints":"16","STAT.cplex.size.continousVariables":"9","STAT.cplex.size.integerVariables":"0","STAT.cplex.size.linearConstraints":"16","STAT.cplex.size.quadraticConstraints":"0","STAT.cplex.size.variables":"9","STAT.job.coresCount":"1","STAT.job.inputsReadMs":"453","STAT.job.memoryPeakKB":"109712","STAT.job.modelProcessingMs":"517","STAT.job.outputsWriteMs":"1172"},"executionStatus":"PROCESSED","solveStatus":"OPTIMAL_SOLUTION","logTail":["[2022-03-30T12:53:53Z, WARNING] Support for Python 3.9 is now enabled with pandas 1.3 libraries.","[2022-03-30T12:53:54Z, INFO] Model: diet","[2022-03-30T12:53:54Z, INFO]  - number of variables: 9","[2022-03-30T12:53:54Z, INFO]    - binary=0, integer=0, continuous=9","[2022-03-30T12:53:54Z, INFO]  - number of constraints: 16","[2022-03-30T12:53:54Z, INFO]    - linear=16","[2022-03-30T12:53:54Z, INFO]  - parameters: defaults","[2022-03-30T12:53:54Z, INFO]  - objective: minimize","[2022-03-30T12:53:54Z, INFO]  - problem type is: LP","[2022-03-30T12:53:54Z, INFO] Warning: Model: \"diet\" is not a MIP problem, progress listeners are disabled","[2022-03-30T12:53:54Z, INFO] objective: 2.690","[2022-03-30T12:53:54Z, INFO]   \"qty_Spaghetti W/ Sauce\"=2.155","[2022-03-30T12:53:54Z, INFO]   \"qty_Chocolate Chip Cookies\"=10.000","[2022-03-30T12:53:54Z, INFO]   \"qty_Lowfat Milk\"=1.831","[2022-03-30T12:53:54Z, INFO]   \"qty_Hotdog\"=0.930","[2022-03-30T12:53:54Z, INFO] solution.csv"]},"runtimeDetails":{"state":"STARTED"},"taskSetupMillis":1773,"taskSolveMillis":30385,"taskTearDownMillis":402,"jobSpaceId":"5f6efc9a-f726-4409-b93e-446a080a3f16","jobDeploymentId":"95753d9f-9b75-474d-ba05-1d0d6b04a6fa","jobId":"948d5952-5e25-4c3f-b4a0-9623867d71a4","ping":1648644833690}