{"creationTime":1648649984294,"lastModificationTime":1648650000997,"state":"TERMINATED","solveConfig":{"containerId":"Scenario 1","solveParameters":{"oaas.logAttachmentName":"log.txt","oaas.logTailEnabled":"true"}},"jobDetails":{"id":"841d919d-e55b-49c8-ac48-ffd2a1ee81d7","createdAt":1648649992948,"startedAt":1648649995670,"endedAt":1648649998243,"submittedAt":1648649992948,"details":{"KPI.Nb Fix Used":"37.0","KPI.Nb Temp Used":"14.0","KPI.Total Cost":"4540.0","MODEL_DETAIL_BOOLEAN_VARS":"0","MODEL_DETAIL_CONSTRAINTS":"588","MODEL_DETAIL_CONTINUOUS_VARS":"0","MODEL_DETAIL_INTEGER_VARS":"774","MODEL_DETAIL_KPIS":"[\"Total Cost\", \"Nb Fix Used\", \"Nb Temp Used\"]","MODEL_DETAIL_NONZEROS":"6234","MODEL_DETAIL_OBJECTIVE_SENSE":"minimize","MODEL_DETAIL_TYPE":"MILP","PROGRESS_BEST_OBJECTIVE":"4540.0","PROGRESS_BEST_OBJECTIVE.history":"[[1648649997.17, 4540.0]]","PROGRESS_CURRENT_OBJECTIVE":"4540.0","PROGRESS_CURRENT_OBJECTIVE.history":"[[1648649997.17, 4540.0]]","PROGRESS_GAP":"0.0","PROGRESS_GAP.history":"[[1648649997.17, 0.0]]","STAT.cplex.modelType":"MILP","STAT.cplex.size.booleanVariables":"0","STAT.cplex.size.constraints":"588","STAT.cplex.size.continousVariables":"0","STAT.cplex.size.integerVariables":"774","STAT.cplex.size.linearConstraints":"588","STAT.cplex.size.quadraticConstraints":"0","STAT.cplex.size.variables":"774","STAT.job.coresCount":"1","STAT.job.inputsReadMs":"752","STAT.job.memoryPeakKB":"113256","STAT.job.modelProcessingMs":"762","STAT.job.outputsWriteMs":"852"},"executionStatus":"PROCESSED","solveStatus":"OPTIMAL_SOLUTION","logTail":["[2022-03-30T14:19:56Z, WARNING] Support for Python 3.9 is now enabled with pandas 1.3 libraries.","[2022-03-30T14:19:57Z, INFO] WARNING: Number of workers has been reduced to 1 to comply with platform limitations.","[2022-03-30T14:19:57Z, INFO] Version identifier: 20.1.0.1 | 2021-12-07 | 9dfdf6686","[2022-03-30T14:19:57Z, INFO] CPXPARAM_Read_DataCheck                          1","[2022-03-30T14:19:57Z, INFO] CPXPARAM_Threads                                 1","[2022-03-30T14:19:57Z, INFO] Legacy callback                                  i","[2022-03-30T14:19:57Z, INFO] Tried aggregator 2 times.","[2022-03-30T14:19:57Z, INFO] MIP Presolve eliminated 188 rows and 72 columns.","[2022-03-30T14:19:57Z, INFO] Aggregator did 267 substitutions.","[2022-03-30T14:19:57Z, INFO] Reduced MIP has 133 rows, 316 columns, and 3801 nonzeros.","[2022-03-30T14:19:57Z, INFO] Reduced MIP has 0 binaries, 316 generals, 0 SOSs, and 0 indicators.","[2022-03-30T14:19:57Z, INFO] Presolve time = 0.01 sec. (4.07 ticks)","[2022-03-30T14:19:57Z, INFO] Found incumbent of value 4840.000000 after 0.01 sec. (9.07 ticks)","[2022-03-30T14:19:57Z, INFO] Tried aggregator 1 time.","[2022-03-30T14:19:57Z, INFO] Detecting symmetries...","[2022-03-30T14:19:57Z, INFO] Reduced MIP has 133 rows, 316 columns, and 3801 nonzeros.","[2022-03-30T14:19:57Z, INFO] Reduced MIP has 0 binaries, 316 generals, 0 SOSs, and 0 indicators.","[2022-03-30T14:19:57Z, INFO] Presolve time = 0.00 sec. (1.52 ticks)","[2022-03-30T14:19:57Z, INFO] MIP emphasis: balance optimality and feasibility.","[2022-03-30T14:19:57Z, INFO] MIP search method: dynamic search.","[2022-03-30T14:19:57Z, INFO] Parallel mode: none, using 1 thread.","[2022-03-30T14:19:57Z, INFO] Root relaxation solution time = 0.00 sec. (0.69 ticks)","[2022-03-30T14:19:57Z, INFO] ","[2022-03-30T14:19:57Z, INFO]         Nodes                                         Cuts/","[2022-03-30T14:19:57Z, INFO]    Node  Left     Objective  IInf  Best Integer    Best Bound    ItCnt     Gap","[2022-03-30T14:19:57Z, INFO] ","[2022-03-30T14:19:57Z, INFO] *     0+    0                         4840.0000     1000.0000            79.34%","[2022-03-30T14:19:57Z, INFO] *     0     0      integral     0     4540.0000     4540.0000       61    0.00%","[2022-03-30T14:19:57Z, INFO] Elapsed time = 0.02 sec. (11.84 ticks, tree = 0.00 MB, solutions = 2)","[2022-03-30T14:19:57Z, INFO] ","[2022-03-30T14:19:57Z, INFO] Root node processing (before b&c):","[2022-03-30T14:19:57Z, INFO]   Real time             =    0.02 sec. (11.87 ticks)","[2022-03-30T14:19:57Z, INFO] Sequential b&c:","[2022-03-30T14:19:57Z, INFO]   Real time             =    0.00 sec. (0.00 ticks)","[2022-03-30T14:19:57Z, INFO]                           ------------","[2022-03-30T14:19:57Z, INFO] Total (root+branch&cut) =    0.02 sec. (11.87 ticks)","[2022-03-30T14:19:57Z, INFO]   Feasible 4540.0","[2022-03-30T14:19:57Z, INFO] starts.csv","[2022-03-30T14:19:57Z, INFO] works.csv","[2022-03-30T14:19:57Z, INFO] nr.csv"]},"runtimeDetails":{"state":"STARTED"},"taskSetupMillis":7135,"taskSolveMillis":7244,"taskTearDownMillis":1,"jobSpaceId":"d1c259fb-9c7d-49f8-9b30-9bf356a48bc8","jobId":"841d919d-e55b-49c8-ac48-ffd2a1ee81d7","ping":1648649986164}