{"qualifiers":[{"name":"modelType","value":"cognitive"}],"parentId":"PortfolioAllocation","description":"Created by DSXPersistence","category":"scenario","readOnly":false,"creator":"stephane.michel@fr.ibm.com","createdAt":1532939334108,"usage":{"lastModificationTime":1532939961548,"lastModifier":"stephane.michel@fr.ibm.com"},"dataUsagePerCategory":{"input":{"lastModificationTime":1532939336420,"lastModifier":"stephane.michel@fr.ibm.com"},"CO_ASSET_SESSION":{"lastModificationTime":1532939337518,"lastModifier":"stephane.michel@fr.ibm.com"},"output":{"lastModificationTime":1532939961548,"lastModifier":"stephane.michel@fr.ibm.com"},"model":{"lastModificationTime":1532939958262,"lastModifier":"stephane.michel@fr.ibm.com"},"CO_ASSET":{"lastModificationTime":1532939961357,"lastModifier":"stephane.michel@fr.ibm.com"}},"state":"available","tables":[{"tableType":{"columns":[{"key":"wealth prct","dataType":"Number"},{"key":"rho","dataType":"Number"},{"key":"budget","dataType":"Number"}]},"name":"param","category":"input","numberOfRows":1,"creator":"stephane.michel@fr.ibm.com","createdAt":1532939335079,"lastUpdater":"stephane.michel@fr.ibm.com","updatedAt":1532939335079,"path":"param.csv"},{"tableType":{"columns":[{"key":"id","dataType":"String"},{"key":"expected return","dataType":"Number"},{"key":"recommendation","dataType":"String"},{"key":"country","dataType":"String"},{"key":"industry","dataType":"String"},{"key":"index","dataType":"Number"},{"key":"stock price","dataType":"Number"},{"key":"expected return amount","dataType":"Number"}]},"name":"investment","category":"input","numberOfRows":20,"creator":"stephane.michel@fr.ibm.com","createdAt":1532939335820,"lastUpdater":"stephane.michel@fr.ibm.com","updatedAt":1532939335820,"path":"investment.csv"},{"tableType":{"columns":[{"key":"investment_1","dataType":"String"},{"key":"investment_2","dataType":"String"},{"key":"value","dataType":"Number"}]},"name":"covariance","category":"input","numberOfRows":400,"creator":"stephane.michel@fr.ibm.com","createdAt":1532939336420,"lastUpdater":"stephane.michel@fr.ibm.com","updatedAt":1532939336420,"path":"covariance.csv"},{"tableType":{"columns":[{"key":"Name","dataType":"String"},{"key":"Value","dataType":"Number"},{"key":"Scale factor","dataType":"Number"},{"key":"Scaled weighted value","dataType":"Number"}]},"name":"kpis","category":"output","numberOfRows":1,"creator":"stephane.michel@fr.ibm.com","createdAt":1532939960509,"lastUpdater":"stephane.michel@fr.ibm.com","updatedAt":1532939961496,"path":"kpis.csv"},{"tableType":{"columns":[{"key":"id_of_Investment","dataType":"String"},{"key":"allocationVar","dataType":"Number"},{"key":"selectionVar","dataType":"Number"},{"key":"integerSubAllocationVar","dataType":"Number"}]},"name":"list_of_Investment_solution","category":"output","numberOfRows":20,"creator":"stephane.michel@fr.ibm.com","createdAt":1532939960554,"lastUpdater":"stephane.michel@fr.ibm.com","updatedAt":1532939960554,"path":"list_of_Investment_solution.csv"},{"tableType":{"columns":[{"key":"investment id","dataType":"String"},{"key":"value","dataType":"Number"},{"key":"investment expected return","dataType":"Number"},{"key":"investment expected return amount","dataType":"Number"},{"key":"investment index","dataType":"Number"},{"key":"investment stock price","dataType":"Number"},{"key":"investment maxValueAllocation","dataType":"String"},{"key":"investment minValueAllocationForAssignment","dataType":"String"},{"key":"investment country","dataType":"String"},{"key":"investment industry","dataType":"String"},{"key":"investment recommendation","dataType":"String"},{"key":"total expected return of allocated investments over all allocations","dataType":"Number"}]},"name":"investment_allocation_report","category":"output","numberOfRows":20,"creator":"stephane.michel@fr.ibm.com","createdAt":1532939961414,"lastUpdater":"stephane.michel@fr.ibm.com","updatedAt":1532939961414,"path":"investment_allocation_report.csv"},{"tableType":{"columns":[{"key":"investment id","dataType":"String"},{"key":"value","dataType":"Number"},{"key":"investment expected return","dataType":"Number"},{"key":"investment expected return amount","dataType":"Number"},{"key":"investment index","dataType":"Number"},{"key":"investment stock price","dataType":"Number"},{"key":"investment maxValueAllocation","dataType":"String"},{"key":"investment minValueAllocationForAssignment","dataType":"String"},{"key":"investment country","dataType":"String"},{"key":"investment industry","dataType":"String"},{"key":"investment recommendation","dataType":"String"}]},"name":"investment_pieces_report","category":"output","numberOfRows":20,"creator":"stephane.michel@fr.ibm.com","createdAt":1532939961453,"lastUpdater":"stephane.michel@fr.ibm.com","updatedAt":1532939961453,"path":"investment_pieces_report.csv"},{"tableType":{"columns":[{"key":"investment id","dataType":"String"},{"key":"investment expected return","dataType":"Number"},{"key":"investment expected return amount","dataType":"Number"},{"key":"investment index","dataType":"Number"},{"key":"investment stock price","dataType":"Number"},{"key":"investment maxValueAllocation","dataType":"String"},{"key":"investment minValueAllocationForAssignment","dataType":"String"},{"key":"investment country","dataType":"String"},{"key":"investment industry","dataType":"String"},{"key":"investment recommendation","dataType":"String"}]},"name":"investment_selection_report","category":"output","numberOfRows":6,"creator":"stephane.michel@fr.ibm.com","createdAt":1532939961548,"lastUpdater":"stephane.michel@fr.ibm.com","updatedAt":1532939961548,"path":"investment_selection_report.csv"}],"assets":[{"name":"CO_SESSION.json","category":"CO_ASSET_SESSION","creator":"stephane.michel@fr.ibm.com","createdAt":1532939337518,"lastUpdater":"stephane.michel@fr.ibm.com","updatedAt":1532939337518,"contentType":"application/json; charset=utf-8","path":"CO_SESSION.json"},{"name":"model.py","category":"model","creator":"stephane.michel@fr.ibm.com","createdAt":1532939958262,"lastUpdater":"stephane.michel@fr.ibm.com","updatedAt":1532939958262,"contentType":"application/json; charset=utf-8","path":"model.py"},{"name":"log.txt","category":"output","creator":"stephane.michel@fr.ibm.com","createdAt":1532939960443,"lastUpdater":"stephane.michel@fr.ibm.com","updatedAt":1532939960443,"path":"log.txt"},{"name":"CO_SOLUTION_JSON.json","category":"CO_ASSET","creator":"stephane.michel@fr.ibm.com","createdAt":1532939961256,"lastUpdater":"stephane.michel@fr.ibm.com","updatedAt":1532939961256,"contentType":"application/json; charset=utf-8","path":"CO_SOLUTION_JSON.json"},{"name":"CO_SOLUTION_TEXT.json","category":"CO_ASSET","creator":"stephane.michel@fr.ibm.com","createdAt":1532939961357,"lastUpdater":"stephane.michel@fr.ibm.com","updatedAt":1532939961357,"contentType":"application/json; charset=utf-8","path":"CO_SOLUTION_TEXT.json"}]}