{"creationTime":1690880531416,"lastModificationTime":1690880547501,"state":"TERMINATED","solveConfig":{"containerId":"scenario 1","solveParameters":{"oaas.logAttachmentName":"log.txt","oaas.logTailEnabled":"true"},"setupWebHook":{"verb":"GET","url":"https://internal.api.dataplatform.test.cloud.ibm.com/v1/cognitive/solve/preprocess/scenario%201?projectId=234d5525-b0c4-41e7-b340-d72389121295&parentId=MarketingCampaignAssignment","expectedStatus":200,"headers":{}},"tearDownWebHook":{"verb":"GET","url":"https://internal.api.dataplatform.test.cloud.ibm.com/v1/cognitive/solve/postprocess/scenario%201?projectId=234d5525-b0c4-41e7-b340-d72389121295&parentId=MarketingCampaignAssignment","expectedStatus":200,"headers":{}}},"jobDetails":{"id":"22c281cd-4c7d-47d2-a1e0-0ec30cec67b5","createdAt":1690880537884,"startedAt":1690880538481,"endedAt":1690880540317,"submittedAt":1690880537884,"details":{"KPI.overall quality or value of Customer-Campaign assignments according to Candidates":"745.0","KPI.the number of Customer-Campaign assignments":"9.0","MODEL_DETAIL_BOOLEAN_VARS":"27","MODEL_DETAIL_CONSTRAINTS":"12","MODEL_DETAIL_CONTINUOUS_VARS":"0","MODEL_DETAIL_INTEGER_VARS":"0","MODEL_DETAIL_KPIS":"[\"the number of Customer-Campaign assignments\", \"overall quality or value of Customer-Campaign assignments according to Candidates\"]","MODEL_DETAIL_NONZEROS":"54","MODEL_DETAIL_OBJECTIVE_SENSE":"maximize","MODEL_DETAIL_TYPE":"MILP","PROGRESS_BEST_OBJECTIVE":"12064.0","PROGRESS_BEST_OBJECTIVE.history":"[[1690880539.47, 12064.0]]","PROGRESS_CURRENT_OBJECTIVE":"12064.0","PROGRESS_CURRENT_OBJECTIVE.history":"[[1690880539.47, 12064.0]]","PROGRESS_GAP":"0.0","PROGRESS_GAP.history":"[[1690880539.47, 0.0]]","STAT.cplex.modelType":"MILP","STAT.cplex.size.booleanVariables":"27","STAT.cplex.size.constraints":"12","STAT.cplex.size.continousVariables":"0","STAT.cplex.size.integerVariables":"0","STAT.cplex.size.linearConstraints":"12","STAT.cplex.size.quadraticConstraints":"0","STAT.cplex.size.variables":"27","STAT.job.coresCount":"1","STAT.job.inputsReadMs":"491","STAT.job.memoryPeakKB":"114020","STAT.job.modelProcessingMs":"408","STAT.job.outputsWriteMs":"544"},"executionStatus":"PROCESSED","solveStatus":"OPTIMAL_SOLUTION","logTail":["[2023-08-01T09:02:19.457Z, INFO] * running wado model","[2023-08-01T09:02:19.501Z, INFO] WARNING: Number of workers has been reduced to 1 to comply with platform limitations.","[2023-08-01T09:02:19.503Z, INFO] Version identifier: 22.1.1.0 | 2023-06-15 | d64d5bd77","[2023-08-01T09:02:19.504Z, INFO] CPXPARAM_Read_DataCheck                          1","[2023-08-01T09:02:19.506Z, INFO] CPXPARAM_Threads                                 1","[2023-08-01T09:02:19.507Z, INFO] CPXPARAM_TimeLimit                               120","[2023-08-01T09:02:19.508Z, INFO] Legacy callback                                  i","[2023-08-01T09:02:19.520Z, INFO] Found incumbent of value 0.000000 after 0.00 sec. (0.00 ticks)","[2023-08-01T09:02:19.521Z, INFO] Tried aggregator 1 time.","[2023-08-01T09:02:19.523Z, INFO] Reduced MIP has 12 rows, 27 columns, and 54 nonzeros.","[2023-08-01T09:02:19.524Z, INFO] Reduced MIP has 27 binaries, 0 generals, 0 SOSs, and 0 indicators.","[2023-08-01T09:02:19.525Z, INFO] Presolve time = 0.00 sec. (0.03 ticks)","[2023-08-01T09:02:19.539Z, INFO] Probing time = 0.00 sec. (0.01 ticks)","[2023-08-01T09:02:19.540Z, INFO] Tried aggregator 1 time.","[2023-08-01T09:02:19.541Z, INFO] Detecting symmetries...","[2023-08-01T09:02:19.542Z, INFO] Reduced MIP has 12 rows, 27 columns, and 54 nonzeros.","[2023-08-01T09:02:19.544Z, INFO] Reduced MIP has 27 binaries, 0 generals, 0 SOSs, and 0 indicators.","[2023-08-01T09:02:19.545Z, INFO] Presolve time = 0.00 sec. (0.04 ticks)","[2023-08-01T09:02:19.546Z, INFO] Probing time = 0.00 sec. (0.01 ticks)","[2023-08-01T09:02:19.547Z, INFO] Clique table members: 9.","[2023-08-01T09:02:19.548Z, INFO] MIP emphasis: balance optimality and feasibility.","[2023-08-01T09:02:19.559Z, INFO] MIP search method: dynamic search.","[2023-08-01T09:02:19.560Z, INFO] Parallel mode: none, using 1 thread.","[2023-08-01T09:02:19.561Z, INFO] Root relaxation solution time = 0.00 sec. (0.03 ticks)","[2023-08-01T09:02:19.562Z, INFO] ","[2023-08-01T09:02:19.563Z, INFO]         Nodes                                         Cuts/","[2023-08-01T09:02:19.564Z, INFO]    Node  Left     Objective  IInf  Best Integer    Best Bound    ItCnt     Gap","[2023-08-01T09:02:19.565Z, INFO] ","[2023-08-01T09:02:19.566Z, INFO] *     0+    0                            0.0000    32032.0000              --- ","[2023-08-01T09:02:19.567Z, INFO] *     0     0      integral     0    12064.0000    12064.0000       12    0.00%","[2023-08-01T09:02:19.578Z, INFO] Elapsed time = 0.00 sec. (0.15 ticks, tree = 0.00 MB, solutions = 2)","[2023-08-01T09:02:19.579Z, INFO] ","[2023-08-01T09:02:19.580Z, INFO] Root node processing (before b&c):","[2023-08-01T09:02:19.581Z, INFO]   Real time             =    0.00 sec. (0.15 ticks)","[2023-08-01T09:02:19.582Z, INFO] Sequential b&c:","[2023-08-01T09:02:19.583Z, INFO]   Real time             =    0.00 sec. (0.00 ticks)","[2023-08-01T09:02:19.584Z, INFO]                           ------------","[2023-08-01T09:02:19.585Z, INFO] Total (root+branch&cut) =    0.00 sec. (0.15 ticks)","[2023-08-01T09:02:19.689Z, INFO] Solve status: JobSolveStatus.OPTIMAL_SOLUTION","[2023-08-01T09:02:19.690Z, INFO] * model docplex_model1 solved with objective = 12064.000","[2023-08-01T09:02:19.690Z, INFO] *  KPI: the number of Customer-Campaign assignments                                       = 9.000","[2023-08-01T09:02:19.691Z, INFO] *  KPI: overall quality or value of Customer-Campaign assignments according to Candidates = 745.000","[2023-08-01T09:02:19.691Z, INFO] model solve done in 0.023061037063598633 secs","[2023-08-01T09:02:19.692Z, INFO] solution export done in 0.006072521209716797 secs","[2023-08-01T09:02:19.698Z, INFO] AssignedCampaigns.csv"]},"taskSetupMillis":6397,"taskSolveMillis":5428,"taskTearDownMillis":1497,"jobSpaceId":"97b8836e-1fbc-4af4-9adb-e5ae5fa3f705","jobDeploymentId":"43431b39-aece-4a78-b162-ac87539c2119","jobId":"22c281cd-4c7d-47d2-a1e0-0ec30cec67b5","ping":1690880531552}