market,month,product,market inventory decision,market Region,month Next,month Quarter,month Index,product Type,product Price Level,product Maturity
Argentina,Feb-17,200S,43.0,Americas,Mar-17,2007Q1,2,Street,Entry Level,Phase-Out
Argentina,Feb-17,300S,0.0,Americas,Mar-17,2007Q1,2,Street,Mid-Range,Phase-Out
Argentina,Jan-17,200S,21.0,Americas,Feb-17,2007Q1,1,Street,Entry Level,Phase-Out
Argentina,Jan-17,300S,15.0,Americas,Feb-17,2007Q1,1,Street,Mid-Range,Phase-Out
Argentina,Mar-17,200S,0.0,Americas,,2007Q1,3,Street,Entry Level,Phase-Out
Argentina,Mar-17,300S,0.0,Americas,,2007Q1,3,Street,Mid-Range,Phase-Out
Brazil,Feb-17,200S,0.0,Americas,Mar-17,2007Q1,2,Street,Entry Level,Phase-Out
Brazil,Feb-17,300S,2.0,Americas,Mar-17,2007Q1,2,Street,Mid-Range,Phase-Out
Brazil,Jan-17,200S,30.0,Americas,Feb-17,2007Q1,1,Street,Entry Level,Phase-Out
Brazil,Jan-17,300S,21.0,Americas,Feb-17,2007Q1,1,Street,Mid-Range,Phase-Out
Brazil,Mar-17,200S,0.0,Americas,,2007Q1,3,Street,Entry Level,Phase-Out
Brazil,Mar-17,300S,0.0,Americas,,2007Q1,3,Street,Mid-Range,Phase-Out
Canada,Feb-17,200S,0.0,Americas,Mar-17,2007Q1,2,Street,Entry Level,Phase-Out
Canada,Feb-17,300S,2.0,Americas,Mar-17,2007Q1,2,Street,Mid-Range,Phase-Out
Canada,Jan-17,200S,31.0,Americas,Feb-17,2007Q1,1,Street,Entry Level,Phase-Out
Canada,Jan-17,300S,7.0,Americas,Feb-17,2007Q1,1,Street,Mid-Range,Phase-Out
Canada,Mar-17,200S,0.0,Americas,,2007Q1,3,Street,Entry Level,Phase-Out
Canada,Mar-17,300S,0.0,Americas,,2007Q1,3,Street,Mid-Range,Phase-Out
China,Feb-17,200S,0.0,APAC,Mar-17,2007Q1,2,Street,Entry Level,Phase-Out
China,Feb-17,300S,0.0,APAC,Mar-17,2007Q1,2,Street,Mid-Range,Phase-Out
China,Jan-17,200S,29.0,APAC,Feb-17,2007Q1,1,Street,Entry Level,Phase-Out
China,Jan-17,300S,11.0,APAC,Feb-17,2007Q1,1,Street,Mid-Range,Phase-Out
China,Mar-17,200S,0.0,APAC,,2007Q1,3,Street,Entry Level,Phase-Out
China,Mar-17,300S,0.0,APAC,,2007Q1,3,Street,Mid-Range,Phase-Out
France,Feb-17,200S,0.0,EMEA,Mar-17,2007Q1,2,Street,Entry Level,Phase-Out
France,Feb-17,300S,0.0,EMEA,Mar-17,2007Q1,2,Street,Mid-Range,Phase-Out
France,Jan-17,200S,28.0,EMEA,Feb-17,2007Q1,1,Street,Entry Level,Phase-Out
France,Jan-17,300S,36.0,EMEA,Feb-17,2007Q1,1,Street,Mid-Range,Phase-Out
France,Mar-17,200S,0.0,EMEA,,2007Q1,3,Street,Entry Level,Phase-Out
France,Mar-17,300S,0.0,EMEA,,2007Q1,3,Street,Mid-Range,Phase-Out
Germany,Feb-17,200S,0.0,EMEA,Mar-17,2007Q1,2,Street,Entry Level,Phase-Out
Germany,Feb-17,300S,0.0,EMEA,Mar-17,2007Q1,2,Street,Mid-Range,Phase-Out
Germany,Jan-17,200S,7.0,EMEA,Feb-17,2007Q1,1,Street,Entry Level,Phase-Out
Germany,Jan-17,300S,12.0,EMEA,Feb-17,2007Q1,1,Street,Mid-Range,Phase-Out
Germany,Mar-17,200S,0.0,EMEA,,2007Q1,3,Street,Entry Level,Phase-Out
Germany,Mar-17,300S,0.0,EMEA,,2007Q1,3,Street,Mid-Range,Phase-Out
Italy,Feb-17,200S,0.0,EMEA,Mar-17,2007Q1,2,Street,Entry Level,Phase-Out
Italy,Feb-17,300S,8.0,EMEA,Mar-17,2007Q1,2,Street,Mid-Range,Phase-Out
Italy,Jan-17,200S,11.0,EMEA,Feb-17,2007Q1,1,Street,Entry Level,Phase-Out
Italy,Jan-17,300S,2.0,EMEA,Feb-17,2007Q1,1,Street,Mid-Range,Phase-Out
Italy,Mar-17,200S,0.0,EMEA,,2007Q1,3,Street,Entry Level,Phase-Out
Italy,Mar-17,300S,0.0,EMEA,,2007Q1,3,Street,Mid-Range,Phase-Out
Japan,Feb-17,200S,0.0,APAC,Mar-17,2007Q1,2,Street,Entry Level,Phase-Out
Japan,Feb-17,300S,0.0,APAC,Mar-17,2007Q1,2,Street,Mid-Range,Phase-Out
Japan,Jan-17,200S,21.0,APAC,Feb-17,2007Q1,1,Street,Entry Level,Phase-Out
Japan,Jan-17,300S,4.0,APAC,Feb-17,2007Q1,1,Street,Mid-Range,Phase-Out
Japan,Mar-17,200S,0.0,APAC,,2007Q1,3,Street,Entry Level,Phase-Out
Japan,Mar-17,300S,0.0,APAC,,2007Q1,3,Street,Mid-Range,Phase-Out
Spain,Feb-17,200S,29.0,EMEA,Mar-17,2007Q1,2,Street,Entry Level,Phase-Out
Spain,Feb-17,300S,0.0,EMEA,Mar-17,2007Q1,2,Street,Mid-Range,Phase-Out
Spain,Jan-17,200S,23.0,EMEA,Feb-17,2007Q1,1,Street,Entry Level,Phase-Out
Spain,Jan-17,300S,7.0,EMEA,Feb-17,2007Q1,1,Street,Mid-Range,Phase-Out
Spain,Mar-17,200S,0.0,EMEA,,2007Q1,3,Street,Entry Level,Phase-Out
Spain,Mar-17,300S,0.0,EMEA,,2007Q1,3,Street,Mid-Range,Phase-Out
UK,Feb-17,200S,2.0,EMEA,Mar-17,2007Q1,2,Street,Entry Level,Phase-Out
UK,Feb-17,300S,0.0,EMEA,Mar-17,2007Q1,2,Street,Mid-Range,Phase-Out
UK,Jan-17,200S,24.0,EMEA,Feb-17,2007Q1,1,Street,Entry Level,Phase-Out
UK,Jan-17,300S,9.0,EMEA,Feb-17,2007Q1,1,Street,Mid-Range,Phase-Out
UK,Mar-17,200S,0.0,EMEA,,2007Q1,3,Street,Entry Level,Phase-Out
UK,Mar-17,300S,0.0,EMEA,,2007Q1,3,Street,Mid-Range,Phase-Out
US,Feb-17,200S,0.0,Americas,Mar-17,2007Q1,2,Street,Entry Level,Phase-Out
US,Feb-17,300S,24.0,Americas,Mar-17,2007Q1,2,Street,Mid-Range,Phase-Out
US,Jan-17,200S,27.0,Americas,Feb-17,2007Q1,1,Street,Entry Level,Phase-Out
US,Jan-17,300S,9.0,Americas,Feb-17,2007Q1,1,Street,Mid-Range,Phase-Out
US,Mar-17,200S,0.0,Americas,,2007Q1,3,Street,Entry Level,Phase-Out
US,Mar-17,300S,0.0,Americas,,2007Q1,3,Street,Mid-Range,Phase-Out
