{"creationTime":1651064059256,"lastModificationTime":1651064059256,"state":"TERMINATED","solveConfig":{"containerId":"Scenario 1","solveParameters":{},"setupWebHook":{"verb":"GET","url":"https://internal-nginx-svc:12443/v1/cognitive/solve/preprocess/Scenario%201?projectId=0e14ce68-22dd-40e6-b646-df3586b97c0e&parentId=SupplyDemandPlanning","expectedStatus":200,"headers":{}},"tearDownWebHook":{"verb":"GET","url":"https://internal-nginx-svc:12443/v1/cognitive/solve/postprocess/Scenario%201?projectId=0e14ce68-22dd-40e6-b646-df3586b97c0e&parentId=SupplyDemandPlanning","expectedStatus":200,"headers":{}}},"jobDetails":{"id":"b0a0aafe-92c1-4602-af51-5319795e2c16","createdAt":1648644796781,"startedAt":1648644825989,"endedAt":1648644829146,"submittedAt":1648644796781,"details":{"KPI.market sales":"3452.0","KPI.overall production cost based on plant_product_cost":"323091.5","KPI.sales profit based on marginal_profit":"2644191.0","KPI.total inventory at markets":"495.0","MODEL_DETAIL_BOOLEAN_VARS":"0","MODEL_DETAIL_CONSTRAINTS":"1828","MODEL_DETAIL_CONTINUOUS_VARS":"678","MODEL_DETAIL_INTEGER_VARS":"0","MODEL_DETAIL_KPIS":"[\"sales profit based on marginal_profit\", \"overall production cost based on plant_product_cost\", \"market sales\", \"total inventory at markets\"]","MODEL_DETAIL_NONZEROS":"3838","MODEL_DETAIL_OBJECTIVE_SENSE":"minimize","MODEL_DETAIL_TYPE":"LP","PROGRESS_CURRENT_OBJECTIVE":"-37184904.0","PROGRESS_CURRENT_OBJECTIVE.history":"[[1648644828.18, -37184904.0]]","STAT.cplex.modelType":"LP","STAT.cplex.size.booleanVariables":"0","STAT.cplex.size.constraints":"1828","STAT.cplex.size.continousVariables":"678","STAT.cplex.size.integerVariables":"0","STAT.cplex.size.linearConstraints":"1828","STAT.cplex.size.quadraticConstraints":"0","STAT.cplex.size.variables":"678","STAT.job.coresCount":"1","STAT.job.inputsReadMs":"1082","STAT.job.memoryPeakKB":"116084","STAT.job.modelProcessingMs":"1080","STAT.job.outputsWriteMs":"642"},"executionStatus":"PROCESSED","solveStatus":"OPTIMAL_SOLUTION","logTail":["[2022-03-30T12:53:47Z, WARNING] Support for Python 3.9 is now enabled with pandas 1.3 libraries.","[2022-03-30T12:53:47Z, INFO] * building wado model","[2022-03-30T12:53:48Z, INFO] model building done in 0.5349905490875244 secs","[2022-03-30T12:53:48Z, INFO] * running wado model","[2022-03-30T12:53:48Z, INFO] Warning: Model: \"docplex_model1\" is not a MIP problem, progress listeners are disabled","[2022-03-30T12:53:48Z, INFO] WARNING: Number of workers has been reduced to 1 to comply with platform limitations.","[2022-03-30T12:53:48Z, INFO] Version identifier: 20.1.0.1 | 2021-12-07 | 9dfdf6686","[2022-03-30T12:53:48Z, INFO] CPXPARAM_Read_DataCheck                          1","[2022-03-30T12:53:48Z, INFO] CPXPARAM_Threads                                 1","[2022-03-30T12:53:48Z, INFO] CPXPARAM_TimeLimit                               120","[2022-03-30T12:53:48Z, INFO] Tried aggregator 1 time.","[2022-03-30T12:53:48Z, INFO] LP Presolve eliminated 1660 rows and 64 columns.","[2022-03-30T12:53:48Z, INFO] Reduced LP has 168 rows, 614 columns, and 1540 nonzeros.","[2022-03-30T12:53:48Z, INFO] Presolve time = 0.00 sec. (1.05 ticks)","[2022-03-30T12:53:48Z, INFO] Initializing dual steep norms . . .","[2022-03-30T12:53:48Z, INFO] ","[2022-03-30T12:53:48Z, INFO] Iteration log . . .","[2022-03-30T12:53:48Z, INFO] Iteration:     1   Dual objective     =     -42344336.000000","[2022-03-30T12:53:48Z, INFO] Iteration:    62   Dual objective     =     -37186392.000000","[2022-03-30T12:53:48Z, INFO] Solve status: JobSolveStatus.OPTIMAL_SOLUTION","[2022-03-30T12:53:48Z, INFO] * model docplex_model1 solved with objective = -37184904.000","[2022-03-30T12:53:48Z, INFO] *  KPI: sales profit based on marginal_profit               = 2644191.000","[2022-03-30T12:53:48Z, INFO] *  KPI: overall production cost based on plant_product_cost = 323091.500","[2022-03-30T12:53:48Z, INFO] *  KPI: market sales                                        = 3452.000","[2022-03-30T12:53:48Z, INFO] *  KPI: total inventory at markets                          = 495.000","[2022-03-30T12:53:48Z, INFO] model solve done in 0.06550407409667969 secs","[2022-03-30T12:53:48Z, INFO] solution export done in 0.13683438301086426 secs","[2022-03-30T12:53:48Z, INFO] delivery.csv","[2022-03-30T12:53:48Z, INFO] marketInventory.csv","[2022-03-30T12:53:48Z, INFO] production.csv","[2022-03-30T12:53:48Z, INFO] plantInventory.csv","[2022-03-30T12:53:48Z, INFO] executedSales.csv"]},"runtimeDetails":{"state":"STARTED"},"taskSetupMillis":4779,"taskSolveMillis":34747,"taskTearDownMillis":6228,"jobSpaceId":"5f6efc9a-f726-4409-b93e-446a080a3f16","jobDeploymentId":"c75fb0f2-821a-4c90-9b35-8182f0f75428","jobId":"b0a0aafe-92c1-4602-af51-5319795e2c16","ping":1648644822080}