{"id":"166e0982-1520-4236-a0a4-f03ef90a2cf6","version":"0.8.0","name":"Dashboard","locked":false,"filter":"","activePage":0,"pages":[{"id":"3142539b-fe83-4d9c-a208-a8fc48b888b9","name":"Simple Assignment","filter":"","widgets":{"c5b84282-3750-49f3-b9e6-514a6d8c7b4e":{"name":"","type":"Gantt","props":{"container":"","data":["Employee","AssignedShifts"],"spec":{"dateFormat":"yyyy-MM-dd HH:mm:ss","resources":{"data":"Employee","name":"name","id":"name"},"activities":{"data":"AssignedShifts","name":"Shift","id":"Shift","start":"Shift start date","end":"Shift end date"},"reservations":{"data":"AssignedShifts","activity":"Shift","resource":"Employee"}},"search":""},"changeGanttState":true}},"layouts":{"SM":[{"i":"c5b84282-3750-49f3-b9e6-514a6d8c7b4e","x":0,"y":0,"w":1,"h":3,"moved":false,"static":false}],"MD":[{"i":"c5b84282-3750-49f3-b9e6-514a6d8c7b4e","x":0,"y":0,"w":3,"h":3,"moved":false,"static":false}],"LG":[{"w":6,"h":6,"x":0,"y":0,"i":"c5b84282-3750-49f3-b9e6-514a6d8c7b4e","moved":false,"static":false}]}},{"id":"353b0794-1ad1-4a9e-afcd-20f7a4f7a4af","name":"Assignment with OnCallDuties","filter":"","widgets":{"c5b84282-3750-49f3-b9e6-514a6d8c7b4e":{"name":"","type":"Gantt","props":{"container":"","data":["Employee","AssignedShifts"],"spec":{"dateFormat":"yyyy-MM-dd HH:mm:ss","resources":{"data":"Employee","name":"name","id":"name"},"activities":{"data":"AssignedShifts","name":"Shift","id":"Shift","start":"Shift Start date","end":"Shift End date"},"reservations":{"data":"AssignedShifts","activity":"Shift","resource":"Employee"}},"search":""},"changeGanttState":false},"399682f0-b9c9-45e0-b6ac-78668a4f8667":{"name":"","type":"Chart","props":{"container":"","data":"OnCallDuty","spec":{"mark":"bar","encoding":{"x":{"field":"Day index","type":"nominal"},"y":{"field":"Employee","type":"nominal"},"color":{"field":"Employee","type":"nominal"},"text":{"field":"Day","type":"nominal"}},"config":{"overlay":{"line":true},"scale":{"useUnaggregatedDomain":true}},"width":100,"height":600},"search":""}}},"layouts":{"SM":[{"i":"c5b84282-3750-49f3-b9e6-514a6d8c7b4e","x":0,"y":0,"w":1,"h":3,"moved":false,"static":false},{"i":"399682f0-b9c9-45e0-b6ac-78668a4f8667","x":0,"y":3,"w":1,"h":2,"moved":false,"static":false}],"MD":[{"w":3,"h":3,"x":0,"y":0,"i":"c5b84282-3750-49f3-b9e6-514a6d8c7b4e","moved":false,"static":false},{"w":1,"h":6,"x":0,"y":3,"i":"399682f0-b9c9-45e0-b6ac-78668a4f8667","moved":false,"static":false}],"LG":[{"w":6,"h":5,"x":0,"y":0,"i":"c5b84282-3750-49f3-b9e6-514a6d8c7b4e","moved":false,"static":false},{"w":2,"h":6,"x":0,"y":5,"i":"399682f0-b9c9-45e0-b6ac-78668a4f8667","moved":false,"static":false}]}}],"breakpoints":[{"name":"SM","width":0,"columns":1},{"name":"MD","width":480,"columns":3},{"name":"LG","width":960,"columns":6}],"rowHeight":120,"extensions":[]}