{"CPLEXSolution": {"version": "1.0", "header": {"problemName": "docplex_model1", "objectiveValue": "12064.0", "solved_by": "cplex_local"}, "variables": [{"index": "0", "name": null, "value": "1.0"}, {"index": "5", "name": null, "value": "1.0"}, {"index": "6", "name": null, "value": "1.0"}, {"index": "11", "name": null, "value": "1.0"}, {"index": "13", "name": null, "value": "1.0"}, {"index": "16", "name": null, "value": "1.0"}, {"index": "20", "name": null, "value": "1.0"}, {"index": "22", "name": null, "value": "1.0"}, {"index": "24", "name": null, "value": "1.0"}], "linearConstraints": [{"name": "_L_EXPR_1", "index": 0}, {"name": "_L_EXPR_2", "index": 1}, {"name": "_L_EXPR_3", "index": 2}, {"name": "_L_EXPR_4", "index": 3}, {"name": "_L_EXPR_5", "index": 4}, {"name": "_L_EXPR_6", "index": 5}, {"name": "_L_EXPR_7", "index": 6}, {"name": "_L_EXPR_8", "index": 7}, {"name": "_L_EXPR_9", "index": 8}, {"name": "_L_EXPR_10", "index": 9}, {"name": "_L_EXPR_11", "index": 10}, {"name": "_L_EXPR_12", "index": 11}]}}