{"creationTime":1651045461454,"lastModificationTime":1651045472861,"state":"TERMINATED","solveConfig":{"containerId":"scenario 4","solveParameters":{"oaas.logAttachmentName":"log.txt","oaas.logTailEnabled":"true"},"setupWebHook":{"verb":"GET","url":"https://api.dataplatform.cloud.ibm.com/v1/cognitive/solve/preprocess/scenario%204?projectId=d25f1f0d-0115-473b-a5ef-527c4bc8048f&parentId=MarketingCampaignAssignment","expectedStatus":200,"headers":{}},"tearDownWebHook":{"verb":"GET","url":"https://api.dataplatform.cloud.ibm.com/v1/cognitive/solve/postprocess/scenario%204?projectId=d25f1f0d-0115-473b-a5ef-527c4bc8048f&parentId=MarketingCampaignAssignment","expectedStatus":200,"headers":{}}},"jobDetails":{"id":"1793e83b-e7b0-4ac6-99f9-e7bad5f389cb","createdAt":1651045464409,"startedAt":1651045464895,"endedAt":1651045468363,"submittedAt":1651045464409,"details":{"KPI.overall quality or value of Customer-Campaign assignments according to Candidates":"715.0","KPI.the number of Customer-Campaign assignments":"9.0","MODEL_DETAIL_BOOLEAN_VARS":"27","MODEL_DETAIL_CONSTRAINTS":"15","MODEL_DETAIL_CONTINUOUS_VARS":"0","MODEL_DETAIL_INTEGER_VARS":"0","MODEL_DETAIL_KPIS":"[\"the number of Customer-Campaign assignments\", \"overall quality or value of Customer-Campaign assignments according to Candidates\"]","MODEL_DETAIL_NONZEROS":"57","MODEL_DETAIL_OBJECTIVE_SENSE":"maximize","MODEL_DETAIL_TYPE":"MILP","PROGRESS_BEST_OBJECTIVE":"11584.0","PROGRESS_BEST_OBJECTIVE.history":"[[1651045467.15, 11584.0]]","PROGRESS_CURRENT_OBJECTIVE":"11584.0","PROGRESS_CURRENT_OBJECTIVE.history":"[[1651045467.15, 11584.0]]","PROGRESS_GAP":"0.0","PROGRESS_GAP.history":"[[1651045467.15, 0.0]]","STAT.cplex.modelType":"MILP","STAT.cplex.size.booleanVariables":"27","STAT.cplex.size.constraints":"15","STAT.cplex.size.continousVariables":"0","STAT.cplex.size.integerVariables":"0","STAT.cplex.size.linearConstraints":"15","STAT.cplex.size.quadraticConstraints":"0","STAT.cplex.size.variables":"27","STAT.job.coresCount":"1","STAT.job.inputsReadMs":"1581","STAT.job.memoryPeakKB":"110180","STAT.job.modelProcessingMs":"704","STAT.job.outputsWriteMs":"1024"},"executionStatus":"PROCESSED","solveStatus":"OPTIMAL_SOLUTION","logTail":["[2022-04-27T07:44:27Z, INFO] WARNING: Number of workers has been reduced to 1 to comply with platform limitations.","[2022-04-27T07:44:27Z, INFO] Version identifier: 20.1.0.1 | 2021-12-07 | 9dfdf6686","[2022-04-27T07:44:27Z, INFO] CPXPARAM_Read_DataCheck                          1","[2022-04-27T07:44:27Z, INFO] CPXPARAM_Threads                                 1","[2022-04-27T07:44:27Z, INFO] CPXPARAM_TimeLimit                               120","[2022-04-27T07:44:27Z, INFO] Legacy callback                                  i","[2022-04-27T07:44:27Z, INFO] Tried aggregator 1 time.","[2022-04-27T07:44:27Z, INFO] MIP Presolve eliminated 4 rows and 5 columns.","[2022-04-27T07:44:27Z, INFO] Reduced MIP has 11 rows, 22 columns, and 44 nonzeros.","[2022-04-27T07:44:27Z, INFO] Reduced MIP has 22 binaries, 0 generals, 0 SOSs, and 0 indicators.","[2022-04-27T07:44:27Z, INFO] Presolve time = 0.00 sec. (0.03 ticks)","[2022-04-27T07:44:27Z, INFO] Found incumbent of value 1616.000000 after 0.01 sec. (0.04 ticks)","[2022-04-27T07:44:27Z, INFO] Probing time = 0.00 sec. (0.01 ticks)","[2022-04-27T07:44:27Z, INFO] Tried aggregator 1 time.","[2022-04-27T07:44:27Z, INFO] Detecting symmetries...","[2022-04-27T07:44:27Z, INFO] Reduced MIP has 11 rows, 22 columns, and 44 nonzeros.","[2022-04-27T07:44:27Z, INFO] Reduced MIP has 22 binaries, 0 generals, 0 SOSs, and 0 indicators.","[2022-04-27T07:44:27Z, INFO] Presolve time = 0.00 sec. (0.03 ticks)","[2022-04-27T07:44:27Z, INFO] Probing time = 0.00 sec. (0.01 ticks)","[2022-04-27T07:44:27Z, INFO] Clique table members: 8.","[2022-04-27T07:44:27Z, INFO] MIP emphasis: balance optimality and feasibility.","[2022-04-27T07:44:27Z, INFO] MIP search method: dynamic search.","[2022-04-27T07:44:27Z, INFO] Parallel mode: none, using 1 thread.","[2022-04-27T07:44:27Z, INFO] Root relaxation solution time = 0.00 sec. (0.02 ticks)","[2022-04-27T07:44:27Z, INFO] ","[2022-04-27T07:44:27Z, INFO]         Nodes                                         Cuts/","[2022-04-27T07:44:27Z, INFO]    Node  Left     Objective  IInf  Best Integer    Best Bound    ItCnt     Gap","[2022-04-27T07:44:27Z, INFO] ","[2022-04-27T07:44:27Z, INFO] *     0+    0                         1616.0000    26128.0000              --- ","[2022-04-27T07:44:27Z, INFO] *     0     0      integral     0    11584.0000    11584.0000        9    0.00%","[2022-04-27T07:44:27Z, INFO] Elapsed time = 0.01 sec. (0.13 ticks, tree = 0.00 MB, solutions = 2)","[2022-04-27T07:44:27Z, INFO] ","[2022-04-27T07:44:27Z, INFO] Root node processing (before b&c):","[2022-04-27T07:44:27Z, INFO]   Real time             =    0.01 sec. (0.13 ticks)","[2022-04-27T07:44:27Z, INFO] Sequential b&c:","[2022-04-27T07:44:27Z, INFO]   Real time             =    0.00 sec. (0.00 ticks)","[2022-04-27T07:44:27Z, INFO]                           ------------","[2022-04-27T07:44:27Z, INFO] Total (root+branch&cut) =    0.01 sec. (0.13 ticks)","[2022-04-27T07:44:27Z, INFO] Solve status: JobSolveStatus.OPTIMAL_SOLUTION","[2022-04-27T07:44:27Z, INFO] * model docplex_model1 solved with objective = 11584.000","[2022-04-27T07:44:27Z, INFO] *  KPI: the number of Customer-Campaign assignments                                       = 9.000","[2022-04-27T07:44:27Z, INFO] *  KPI: overall quality or value of Customer-Campaign assignments according to Candidates = 715.000","[2022-04-27T07:44:27Z, INFO] model solve done in 0.03399324417114258 secs","[2022-04-27T07:44:27Z, INFO] solution export done in 0.03440093994140625 secs","[2022-04-27T07:44:27Z, INFO] AssignedCampaigns.csv"]},"runtimeDetails":{"state":"STARTED"},"taskSetupMillis":2703,"taskSolveMillis":4282,"taskTearDownMillis":3574,"jobSpaceId":"6d902298-59e9-4647-88fa-075fbff492fc","jobDeploymentId":"2d0e2fb9-de0e-46cf-a63e-d09e3a2174c2","jobId":"1793e83b-e7b0-4ac6-99f9-e7bad5f389cb","ping":1651045461747}