{"creationTime":1645198784860,"lastModificationTime":1645198797111,"state":"TERMINATED","solveConfig":{"containerId":"scenario 4","solveParameters":{"oaas.logAttachmentName":"log.txt","oaas.logTailEnabled":"true"},"setupWebHook":{"verb":"GET","url":"https://api.dataplatform.test.cloud.ibm.com/v1/cognitive/solve/preprocess/scenario%204?projectId=e752dffb-5e36-4918-8790-d07f8046816a&parentId=MarketingCampaignAssignment","expectedStatus":200,"headers":{}},"tearDownWebHook":{"verb":"GET","url":"https://api.dataplatform.test.cloud.ibm.com/v1/cognitive/solve/postprocess/scenario%204?projectId=e752dffb-5e36-4918-8790-d07f8046816a&parentId=MarketingCampaignAssignment","expectedStatus":200,"headers":{}}},"jobDetails":{"id":"7cc7bbad-086b-4fb2-9f7b-17bf0306552d","createdAt":1645198788871,"startedAt":1645198789350,"endedAt":1645198791090,"submittedAt":1645198788871,"details":{"KPI.overall quality or value of Customer-Campaign assignments according to Candidates":"715.0","KPI.the number of Customer-Campaign assignments":"9.0","MODEL_DETAIL_BOOLEAN_VARS":"27","MODEL_DETAIL_CONSTRAINTS":"15","MODEL_DETAIL_CONTINUOUS_VARS":"0","MODEL_DETAIL_INTEGER_VARS":"0","MODEL_DETAIL_KPIS":"[\"the number of Customer-Campaign assignments\", \"overall quality or value of Customer-Campaign assignments according to Candidates\"]","MODEL_DETAIL_NONZEROS":"57","MODEL_DETAIL_OBJECTIVE_SENSE":"maximize","MODEL_DETAIL_TYPE":"MILP","PROGRESS_BEST_OBJECTIVE":"11584.0","PROGRESS_BEST_OBJECTIVE.history":"[[1645198790.12, 11584.0]]","PROGRESS_CURRENT_OBJECTIVE":"11584.0","PROGRESS_CURRENT_OBJECTIVE.history":"[[1645198790.12, 11584.0]]","PROGRESS_GAP":"0.0","PROGRESS_GAP.history":"[[1645198790.12, 0.0]]","STAT.cplex.modelType":"MILP","STAT.cplex.size.booleanVariables":"27","STAT.cplex.size.constraints":"15","STAT.cplex.size.continousVariables":"0","STAT.cplex.size.integerVariables":"0","STAT.cplex.size.linearConstraints":"15","STAT.cplex.size.quadraticConstraints":"0","STAT.cplex.size.variables":"27","STAT.job.coresCount":"1","STAT.job.inputsReadMs":"241","STAT.job.memoryPeakKB":"96524","STAT.job.modelProcessingMs":"520","STAT.job.outputsWriteMs":"857"},"executionStatus":"PROCESSED","solveStatus":"OPTIMAL_SOLUTION","logTail":["[2022-02-18T15:39:50Z, INFO] WARNING: Number of workers has been reduced to 1 to comply with platform limitations.","[2022-02-18T15:39:50Z, INFO] Version identifier: 20.1.0.1 | 2021-12-07 | 9dfdf6686","[2022-02-18T15:39:50Z, INFO] CPXPARAM_Read_DataCheck                          1","[2022-02-18T15:39:50Z, INFO] CPXPARAM_Threads                                 1","[2022-02-18T15:39:50Z, INFO] CPXPARAM_TimeLimit                               120","[2022-02-18T15:39:50Z, INFO] Legacy callback                                  i","[2022-02-18T15:39:50Z, INFO] Tried aggregator 1 time.","[2022-02-18T15:39:50Z, INFO] MIP Presolve eliminated 4 rows and 5 columns.","[2022-02-18T15:39:50Z, INFO] Reduced MIP has 11 rows, 22 columns, and 44 nonzeros.","[2022-02-18T15:39:50Z, INFO] Reduced MIP has 22 binaries, 0 generals, 0 SOSs, and 0 indicators.","[2022-02-18T15:39:50Z, INFO] Presolve time = 0.00 sec. (0.03 ticks)","[2022-02-18T15:39:50Z, INFO] Found incumbent of value 1616.000000 after 0.00 sec. (0.04 ticks)","[2022-02-18T15:39:50Z, INFO] Probing time = 0.00 sec. (0.01 ticks)","[2022-02-18T15:39:50Z, INFO] Tried aggregator 1 time.","[2022-02-18T15:39:50Z, INFO] Detecting symmetries...","[2022-02-18T15:39:50Z, INFO] Reduced MIP has 11 rows, 22 columns, and 44 nonzeros.","[2022-02-18T15:39:50Z, INFO] Reduced MIP has 22 binaries, 0 generals, 0 SOSs, and 0 indicators.","[2022-02-18T15:39:50Z, INFO] Presolve time = 0.00 sec. (0.03 ticks)","[2022-02-18T15:39:50Z, INFO] Probing time = 0.00 sec. (0.01 ticks)","[2022-02-18T15:39:50Z, INFO] Clique table members: 8.","[2022-02-18T15:39:50Z, INFO] MIP emphasis: balance optimality and feasibility.","[2022-02-18T15:39:50Z, INFO] MIP search method: dynamic search.","[2022-02-18T15:39:50Z, INFO] Parallel mode: none, using 1 thread.","[2022-02-18T15:39:50Z, INFO] Root relaxation solution time = 0.00 sec. (0.02 ticks)","[2022-02-18T15:39:50Z, INFO] ","[2022-02-18T15:39:50Z, INFO]         Nodes                                         Cuts/","[2022-02-18T15:39:50Z, INFO]    Node  Left     Objective  IInf  Best Integer    Best Bound    ItCnt     Gap","[2022-02-18T15:39:50Z, INFO] ","[2022-02-18T15:39:50Z, INFO] *     0+    0                         1616.0000    26128.0000              --- ","[2022-02-18T15:39:50Z, INFO] *     0     0      integral     0    11584.0000    11584.0000        9    0.00%","[2022-02-18T15:39:50Z, INFO] Elapsed time = 0.00 sec. (0.13 ticks, tree = 0.00 MB, solutions = 2)","[2022-02-18T15:39:50Z, INFO] ","[2022-02-18T15:39:50Z, INFO] Root node processing (before b&c):","[2022-02-18T15:39:50Z, INFO]   Real time             =    0.00 sec. (0.13 ticks)","[2022-02-18T15:39:50Z, INFO] Sequential b&c:","[2022-02-18T15:39:50Z, INFO]   Real time             =    0.00 sec. (0.00 ticks)","[2022-02-18T15:39:50Z, INFO]                           ------------","[2022-02-18T15:39:50Z, INFO] Total (root+branch&cut) =    0.00 sec. (0.13 ticks)","[2022-02-18T15:39:50Z, INFO] Solve status: JobSolveStatus.OPTIMAL_SOLUTION","[2022-02-18T15:39:50Z, INFO] * model docplex_model1 solved with objective = 11584.000","[2022-02-18T15:39:50Z, INFO] *  KPI: the number of Customer-Campaign assignments                                       = 9.000","[2022-02-18T15:39:50Z, INFO] *  KPI: overall quality or value of Customer-Campaign assignments according to Candidates = 715.000","[2022-02-18T15:39:50Z, INFO] model solve done in 0.017582416534423828 secs","[2022-02-18T15:39:50Z, INFO] solution export done in 0.011610984802246094 secs","[2022-02-18T15:39:50Z, INFO] AssignedCampaigns.csv"]},"runtimeDetails":{"state":"STARTED"},"taskSetupMillis":3873,"taskSolveMillis":4316,"taskTearDownMillis":3279,"jobSpaceId":"c765df71-66f6-497c-afac-f8a3ee8f12d4","jobDeploymentId":"394d139d-80fa-4a49-af52-7a02849e1af0","jobId":"7cc7bbad-086b-4fb2-9f7b-17bf0306552d","ping":1645198785059}