{"creationTime":1622217352315,"lastModificationTime":1622217372971,"state":"TERMINATED","solveConfig":{"containerId":"scenario 4","solveParameters":{"oaas.logAttachmentName":"log.txt","oaas.logTailEnabled":"true"},"setupWebHook":{"verb":"GET","url":"https://api.dataplatform.cloud.ibm.com/v1/cognitive/solve/preprocess/scenario%204?projectId=5bd7da6b-09da-4521-be71-3c7a69f90b61&parentId=MarketingCampaignAssignment","expectedStatus":200,"headers":{}},"tearDownWebHook":{"verb":"GET","url":"https://api.dataplatform.cloud.ibm.com/v1/cognitive/solve/postprocess/scenario%204?projectId=5bd7da6b-09da-4521-be71-3c7a69f90b61&parentId=MarketingCampaignAssignment","expectedStatus":200,"headers":{}}},"jobDetails":{"id":"a899cdc0-f7de-4b17-8229-bb33ba497293","createdAt":1622217359395,"startedAt":1622217360763,"endedAt":1622217364495,"submittedAt":1622217359395,"details":{"KPI.overall quality or value of Customer-Campaign assignments according to Candidates":"715.0","KPI.the number of Customer-Campaign assignments":"9.0","MODEL_DETAIL_BOOLEAN_VARS":"27","MODEL_DETAIL_CONSTRAINTS":"15","MODEL_DETAIL_CONTINUOUS_VARS":"0","MODEL_DETAIL_INTEGER_VARS":"0","MODEL_DETAIL_KPIS":"[\"the number of Customer-Campaign assignments\", \"overall quality or value of Customer-Campaign assignments according to Candidates\"]","MODEL_DETAIL_NONZEROS":"57","MODEL_DETAIL_OBJECTIVE_SENSE":"maximize","MODEL_DETAIL_TYPE":"MILP","PROGRESS_BEST_OBJECTIVE":"11584.0","PROGRESS_BEST_OBJECTIVE.history":"[[1622217363.42, 11584.0]]","PROGRESS_CURRENT_OBJECTIVE":"11584.0","PROGRESS_CURRENT_OBJECTIVE.history":"[[1622217363.42, 11584.0]]","PROGRESS_GAP":"0.0","PROGRESS_GAP.history":"[[1622217363.42, 0.0]]","STAT.cplex.modelType":"MILP","STAT.cplex.size.booleanVariables":"27","STAT.cplex.size.constraints":"15","STAT.cplex.size.continousVariables":"0","STAT.cplex.size.integerVariables":"0","STAT.cplex.size.linearConstraints":"15","STAT.cplex.size.quadraticConstraints":"0","STAT.cplex.size.variables":"27","STAT.job.coresCount":"1","STAT.job.inputsReadMs":"2389","STAT.job.memoryPeakKB":"91444","STAT.job.modelProcessingMs":"291","STAT.job.outputsWriteMs":"953"},"executionStatus":"PROCESSED","solveStatus":"OPTIMAL_SOLUTION","logTail":["[2021-05-28T15:56:03Z, INFO] WARNING: Number of workers has been reduced to 1 to comply with platform limitations.","[2021-05-28T15:56:03Z, INFO] Version identifier: 20.1.0.0 | 2020-11-10 | 9bedb6d68","[2021-05-28T15:56:03Z, INFO] CPXPARAM_Read_DataCheck                          1","[2021-05-28T15:56:03Z, INFO] CPXPARAM_Threads                                 1","[2021-05-28T15:56:03Z, INFO] CPXPARAM_TimeLimit                               120","[2021-05-28T15:56:03Z, INFO] Legacy callback                                  i","[2021-05-28T15:56:03Z, INFO] Tried aggregator 1 time.","[2021-05-28T15:56:03Z, INFO] MIP Presolve eliminated 4 rows and 5 columns.","[2021-05-28T15:56:03Z, INFO] Reduced MIP has 11 rows, 22 columns, and 44 nonzeros.","[2021-05-28T15:56:03Z, INFO] Reduced MIP has 22 binaries, 0 generals, 0 SOSs, and 0 indicators.","[2021-05-28T15:56:03Z, INFO] Presolve time = 0.00 sec. (0.03 ticks)","[2021-05-28T15:56:03Z, INFO] Found incumbent of value 1616.000000 after 0.00 sec. (0.04 ticks)","[2021-05-28T15:56:03Z, INFO] Probing time = 0.00 sec. (0.01 ticks)","[2021-05-28T15:56:03Z, INFO] Tried aggregator 1 time.","[2021-05-28T15:56:03Z, INFO] Detecting symmetries...","[2021-05-28T15:56:03Z, INFO] Reduced MIP has 11 rows, 22 columns, and 44 nonzeros.","[2021-05-28T15:56:03Z, INFO] Reduced MIP has 22 binaries, 0 generals, 0 SOSs, and 0 indicators.","[2021-05-28T15:56:03Z, INFO] Presolve time = 0.00 sec. (0.03 ticks)","[2021-05-28T15:56:03Z, INFO] Probing time = 0.00 sec. (0.01 ticks)","[2021-05-28T15:56:03Z, INFO] Clique table members: 8.","[2021-05-28T15:56:03Z, INFO] MIP emphasis: balance optimality and feasibility.","[2021-05-28T15:56:03Z, INFO] MIP search method: dynamic search.","[2021-05-28T15:56:03Z, INFO] Parallel mode: none, using 1 thread.","[2021-05-28T15:56:03Z, INFO] Root relaxation solution time = 0.00 sec. (0.02 ticks)","[2021-05-28T15:56:03Z, INFO] ","[2021-05-28T15:56:03Z, INFO]         Nodes                                         Cuts/","[2021-05-28T15:56:03Z, INFO]    Node  Left     Objective  IInf  Best Integer    Best Bound    ItCnt     Gap","[2021-05-28T15:56:03Z, INFO] ","[2021-05-28T15:56:03Z, INFO] *     0+    0                         1616.0000    26128.0000              --- ","[2021-05-28T15:56:03Z, INFO] *     0     0      integral     0    11584.0000    11584.0000        9    0.00%","[2021-05-28T15:56:03Z, INFO] Elapsed time = 0.00 sec. (0.13 ticks, tree = 0.00 MB, solutions = 2)","[2021-05-28T15:56:03Z, INFO] ","[2021-05-28T15:56:03Z, INFO] Root node processing (before b&amp;c):","[2021-05-28T15:56:03Z, INFO]   Real time             =    0.00 sec. (0.13 ticks)","[2021-05-28T15:56:03Z, INFO] Sequential b&amp;c:","[2021-05-28T15:56:03Z, INFO]   Real time             =    0.00 sec. (0.00 ticks)","[2021-05-28T15:56:03Z, INFO]                           ------------","[2021-05-28T15:56:03Z, INFO] Total (root+branch&amp;cut) =    0.00 sec. (0.13 ticks)","[2021-05-28T15:56:03Z, INFO] Solve status: JobSolveStatus.OPTIMAL_SOLUTION","[2021-05-28T15:56:03Z, INFO] * model docplex_model1 solved with objective = 11584.000","[2021-05-28T15:56:03Z, INFO] *  KPI: the number of Customer-Campaign assignments                                       = 9.000","[2021-05-28T15:56:03Z, INFO] *  KPI: overall quality or value of Customer-Campaign assignments according to Candidates = 715.000","[2021-05-28T15:56:03Z, INFO] model solve done in 0.023040771484375 secs","[2021-05-28T15:56:03Z, INFO] solution export done in 0.024523019790649414 secs","[2021-05-28T15:56:03Z, INFO] AssignedCampaigns.csv"]},"runtimeDetails":{"state":"STARTED"},"taskSetupMillis":6358,"taskSolveMillis":7886,"taskTearDownMillis":4534,"jobSpaceId":"cf8149be-2496-4afc-b3cc-e5aea64024d2","jobId":"a899cdc0-f7de-4b17-8229-bb33ba497293","ping":1622217353164}