{"name":"EnvironmentAndExtension","description":"","spaceId":"3d14a570-f6e3-4665-bd9b-5b4b94d83c31","environments":[{"name":"py_env_with_extension","model":{"model_type":"docplex","model_version":"22.1","python_version":"3.10"},"default_environment":false,"id":"fd8b9ed7-2982-41e7-84dc-928f024f88a6","extension":{"extension_id":"57439d4c-1488-4f80-904c-dff09fb64520"},"deployment":{"hardware_spec_name":"S","hardware_spec_nodes":1}}],"extensions":[{"name":"py_extension","id":"57439d4c-1488-4f80-904c-dff09fb64520","container_name":"b94de591-14b7-4572-a385-9b23187077a3"}]}