{"parentId":"BridgeScheduling","category":"dashboard","creator":"achabrier@es.ibm.com","createdAt":1513672618061,"usage":{"lastModificationTime":1521531393666,"lastModifier":"stephane.michel@fr.ibm.com"},"dataUsagePerCategory":{"":{"lastModificationTime":1521531393666,"lastModifier":"stephane.michel@fr.ibm.com"}},"state":"available","assets":[{"name":"dashboard.json","creator":"achabrier@es.ibm.com","createdAt":1513672619993,"lastUpdater":"stephane.michel@fr.ibm.com","updatedAt":1521531393666,"contentType":"application/json","path":"dashboard.json"}]}