{"settingsTopics":["cTopicOther"],"vocabularyDefinitions":[{"isVocabulary":true,"statId":"cMaximizeGoalSelect","@class":"prescriptive.model.impl.StatementDetailI","verbalizationWithAnnotation":"The scale of this objective is {\"element\": \"cScaledGoal.scaleFactorExpr\", \"variable\": \"1:0\", \"textEdit\": \"true\", \"selectable\": \"true\",\"choices\":[{\"value\":{\"@class\":\"semantic.numeric.NumericLiteral$Integer\",\"value\":1}, \"verb\":\"1\"}],\"value\": \"1\"}","isConstraint":false,"propId":"cScaledGoal.scaleFactorExpr","expr":{"@class":"semantic.numeric.NumericLiteral$Integer","value":1},"id":"cMaximizeGoalSelect.scaleFactorExpr","verbalization":"The scale of this objective is 1"},{"@class":"prescriptive.model.impl.UnmappedPropertyDefinition","invCard":"C1_N","verbalizationWithAnnotation":"Column {\"element\": \"cPropertyDefinition.property\", \"variable\": \"1:0\", \"textEdit\": \"false\", \"selectable\": \"false\",\"choices\":[{\"value\":{\"@class\":\"semantic.path.impl.PathI\",\"pathElements\":[{\"@class\":\"semantic.path.impl.PathConceptI\",\"concept\":{\"@class\":\"semantic.model.impl.BusinessConceptI\",\"id\":\"Candidates\"}},{\"@class\":\"semantic.path.impl.PathPropertyI\",\"property\":{\"@class\":\"semantic.model.impl.ObjectPropertyI\",\"domain\":\"Candidates\",\"id\":\"Candidates.Customer\"}}]}, \"verb\":\"Customer\"}],\"value\": \"Customer\"} in table {\"element\": \"cPropertyDefinition.owner\", \"variable\": \"2:0\", \"textEdit\": \"false\", \"selectable\": \"false\",\"choices\":[{\"value\":{\"@class\":\"semantic.path.impl.TbdPathFilter\"}, \"verb\":\"<Add a condition>\"}, {\"value\":{\"@class\":\"semantic.path.impl.PathI\",\"pathElements\":[{\"@class\":\"semantic.path.impl.PathConceptI\",\"concept\":{\"@class\":\"semantic.model.impl.BusinessConceptI\",\"id\":\"Candidates\"}}]}, \"verb\":\"Candidates\"}],\"value\": \"Candidates\"} refers to table {\"element\": \"cPropertyDefinition.objectType\", \"variable\": \"3:0\", \"textEdit\": \"true\", \"selectable\": \"true\",\"choices\":[{\"value\":{\"@class\":\"semantic.model.impl.EditableSemanticTypeI\",\"type\":{\"@class\":\"semantic.model.impl.BusinessConceptI\",\"id\":\"Customer\"}}, \"verb\":\"Customer\"}, {\"value\":{\"@class\":\"semantic.path.impl.PathI\",\"pathElements\":[{\"@class\":\"semantic.path.impl.PathConceptI\",\"concept\":{\"@class\":\"semantic.model.impl.BusinessConceptI\",\"id\":\"Campaign\"}}],\"annotations\":[\"java.util.LinkedList\",[{\"@class\":\"semantic.path.impl.SimpleAnnotation\",\"typeName\":\"EDIT\",\"identifiableName\":\"cUnmappedPropertyDefinition\",\"value\":\"true\"},{\"@class\":\"semantic.path.impl.SimpleAnnotation\",\"typeName\":\"VAR\",\"identifiableName\":\"cPropertyDefinition.objectType\",\"value\":\"3:0\"}]]}, \"verb\":\"Campaigns\"}, {\"value\":{\"@class\":\"semantic.path.impl.PathI\",\"pathElements\":[{\"@class\":\"semantic.path.impl.PathConceptI\",\"concept\":{\"@class\":\"semantic.model.impl.BusinessConceptI\",\"id\":\"Candidates\"}}],\"annotations\":[\"java.util.LinkedList\",[{\"@class\":\"semantic.path.impl.SimpleAnnotation\",\"typeName\":\"EDIT\",\"identifiableName\":\"cUnmappedPropertyDefinition\",\"value\":\"true\"},{\"@class\":\"semantic.path.impl.SimpleAnnotation\",\"typeName\":\"VAR\",\"identifiableName\":\"cPropertyDefinition.objectType\",\"value\":\"3:0\"}]]}, \"verb\":\"Candidates\"}, {\"value\":{\"@class\":\"semantic.path.impl.PathI\",\"pathElements\":[{\"@class\":\"semantic.path.impl.PathConceptI\",\"concept\":{\"@class\":\"semantic.model.impl.BusinessConceptI\",\"id\":\"Customer\"}}],\"annotations\":[\"java.util.LinkedList\",[{\"@class\":\"semantic.path.impl.SimpleAnnotation\",\"typeName\":\"EDIT\",\"identifiableName\":\"cUnmappedPropertyDefinition\",\"value\":\"true\"},{\"@class\":\"semantic.path.impl.SimpleAnnotation\",\"typeName\":\"VAR\",\"identifiableName\":\"cPropertyDefinition.objectType\",\"value\":\"3:0\"}]]}, \"verb\":\"Customers\"}],\"value\": \"Customer\"}","verbalizationShortWithAnnotation":"Column {\"element\": \"cPropertyDefinition.property\", \"variable\": \"1:0\", \"textEdit\": \"false\", \"selectable\": \"false\",\"choices\":[{\"value\":{\"@class\":\"semantic.path.impl.PathI\",\"pathElements\":[{\"@class\":\"semantic.path.impl.PathConceptI\",\"concept\":{\"@class\":\"semantic.model.impl.BusinessConceptI\",\"id\":\"Candidates\"}},{\"@class\":\"semantic.path.impl.PathPropertyI\",\"property\":{\"@class\":\"semantic.model.impl.ObjectPropertyI\",\"domain\":\"Candidates\",\"id\":\"Candidates.Customer\"}}]}, \"verb\":\"Customer\"}],\"value\": \"Customer\"} refers to table {\"element\": \"cPropertyDefinition.objectType\", \"variable\": \"2:0\", \"textEdit\": \"false\", \"selectable\": \"false\",\"choices\":[{\"value\":{\"@class\":\"semantic.model.impl.EditableSemanticTypeI\",\"type\":{\"@class\":\"semantic.model.impl.BusinessConceptI\",\"id\":\"Customer\"}}, \"verb\":\"Customer\"}],\"value\": \"Customer\"}","userDefined":false,"isKey":false,"label":"Customer","type":"__pmc__Customer","isVocabulary":true,"isConstraint":false,"modelProperty":"Candidates.Customer","id":"Candidates.Customer","modelConcept":"Candidates","verbalization":"Column Customer in table Candidates refers to table Customer","propClass":"semantic.model.impl.ObjectPropertyI","card":"C1_1"},{"@class":"prescriptive.model.impl.UnmappedPropertyDefinition","invCard":"C1_N","verbalizationWithAnnotation":"Column {\"element\": \"cPropertyDefinition.property\", \"variable\": \"1:0\", \"textEdit\": \"false\", \"selectable\": \"false\",\"choices\":[{\"value\":{\"@class\":\"semantic.path.impl.PathI\",\"pathElements\":[{\"@class\":\"semantic.path.impl.PathConceptI\",\"concept\":{\"@class\":\"semantic.model.impl.BusinessConceptI\",\"id\":\"Candidates\"}},{\"@class\":\"semantic.path.impl.PathPropertyI\",\"property\":{\"@class\":\"semantic.model.impl.ObjectPropertyI\",\"domain\":\"Candidates\",\"id\":\"Candidates.Campaign\"}}]}, \"verb\":\"Campaign\"}],\"value\": \"Campaign\"} in table {\"element\": \"cPropertyDefinition.owner\", \"variable\": \"2:0\", \"textEdit\": \"false\", \"selectable\": \"false\",\"choices\":[{\"value\":{\"@class\":\"semantic.path.impl.TbdPathFilter\"}, \"verb\":\"<Add a condition>\"}, {\"value\":{\"@class\":\"semantic.path.impl.PathI\",\"pathElements\":[{\"@class\":\"semantic.path.impl.PathConceptI\",\"concept\":{\"@class\":\"semantic.model.impl.BusinessConceptI\",\"id\":\"Candidates\"}}]}, \"verb\":\"Candidates\"}],\"value\": \"Candidates\"} refers to table {\"element\": \"cPropertyDefinition.objectType\", \"variable\": \"3:0\", \"textEdit\": \"true\", \"selectable\": \"true\",\"choices\":[{\"value\":{\"@class\":\"semantic.model.impl.EditableSemanticTypeI\",\"type\":{\"@class\":\"semantic.model.impl.BusinessConceptI\",\"id\":\"Campaign\"}}, \"verb\":\"Campaign\"}, {\"value\":{\"@class\":\"semantic.path.impl.PathI\",\"pathElements\":[{\"@class\":\"semantic.path.impl.PathConceptI\",\"concept\":{\"@class\":\"semantic.model.impl.BusinessConceptI\",\"id\":\"Campaign\"}}],\"annotations\":[\"java.util.LinkedList\",[{\"@class\":\"semantic.path.impl.SimpleAnnotation\",\"typeName\":\"EDIT\",\"identifiableName\":\"cUnmappedPropertyDefinition\",\"value\":\"true\"},{\"@class\":\"semantic.path.impl.SimpleAnnotation\",\"typeName\":\"VAR\",\"identifiableName\":\"cPropertyDefinition.objectType\",\"value\":\"3:0\"}]]}, \"verb\":\"Campaigns\"}, {\"value\":{\"@class\":\"semantic.path.impl.PathI\",\"pathElements\":[{\"@class\":\"semantic.path.impl.PathConceptI\",\"concept\":{\"@class\":\"semantic.model.impl.BusinessConceptI\",\"id\":\"Candidates\"}}],\"annotations\":[\"java.util.LinkedList\",[{\"@class\":\"semantic.path.impl.SimpleAnnotation\",\"typeName\":\"EDIT\",\"identifiableName\":\"cUnmappedPropertyDefinition\",\"value\":\"true\"},{\"@class\":\"semantic.path.impl.SimpleAnnotation\",\"typeName\":\"VAR\",\"identifiableName\":\"cPropertyDefinition.objectType\",\"value\":\"3:0\"}]]}, \"verb\":\"Candidates\"}, {\"value\":{\"@class\":\"semantic.path.impl.PathI\",\"pathElements\":[{\"@class\":\"semantic.path.impl.PathConceptI\",\"concept\":{\"@class\":\"semantic.model.impl.BusinessConceptI\",\"id\":\"Customer\"}}],\"annotations\":[\"java.util.LinkedList\",[{\"@class\":\"semantic.path.impl.SimpleAnnotation\",\"typeName\":\"EDIT\",\"identifiableName\":\"cUnmappedPropertyDefinition\",\"value\":\"true\"},{\"@class\":\"semantic.path.impl.SimpleAnnotation\",\"typeName\":\"VAR\",\"identifiableName\":\"cPropertyDefinition.objectType\",\"value\":\"3:0\"}]]}, \"verb\":\"Customers\"}],\"value\": \"Campaign\"}","verbalizationShortWithAnnotation":"Column {\"element\": \"cPropertyDefinition.property\", \"variable\": \"1:0\", \"textEdit\": \"false\", \"selectable\": \"false\",\"choices\":[{\"value\":{\"@class\":\"semantic.path.impl.PathI\",\"pathElements\":[{\"@class\":\"semantic.path.impl.PathConceptI\",\"concept\":{\"@class\":\"semantic.model.impl.BusinessConceptI\",\"id\":\"Candidates\"}},{\"@class\":\"semantic.path.impl.PathPropertyI\",\"property\":{\"@class\":\"semantic.model.impl.ObjectPropertyI\",\"domain\":\"Candidates\",\"id\":\"Candidates.Campaign\"}}]}, \"verb\":\"Campaign\"}],\"value\": \"Campaign\"} refers to table {\"element\": \"cPropertyDefinition.objectType\", \"variable\": \"2:0\", \"textEdit\": \"false\", \"selectable\": \"false\",\"choices\":[{\"value\":{\"@class\":\"semantic.model.impl.EditableSemanticTypeI\",\"type\":{\"@class\":\"semantic.model.impl.BusinessConceptI\",\"id\":\"Campaign\"}}, \"verb\":\"Campaign\"}],\"value\": \"Campaign\"}","userDefined":false,"isKey":false,"label":"Campaign","type":"__pmc__Campaign","isVocabulary":true,"isConstraint":false,"modelProperty":"Candidates.Campaign","id":"Candidates.Campaign","modelConcept":"Candidates","verbalization":"Column Campaign in table Candidates refers to table Campaign","propClass":"semantic.model.impl.ObjectPropertyI","card":"C1_1"},{"@class":"prescriptive.model.impl.UnmappedPropertyDefinition","verbalizationWithAnnotation":"Column {\"element\": \"cPropertyDefinition.property\", \"variable\": \"1:0\", \"textEdit\": \"false\", \"selectable\": \"false\",\"choices\":[{\"value\":{\"@class\":\"semantic.path.impl.PathI\",\"pathElements\":[{\"@class\":\"semantic.path.impl.PathConceptI\",\"concept\":{\"@class\":\"semantic.model.impl.BusinessConceptI\",\"id\":\"Candidates\"}},{\"@class\":\"semantic.path.impl.PathPropertyI\",\"property\":{\"@class\":\"semantic.model.impl.DataPropertyI\",\"domain\":\"Candidates\",\"id\":\"Candidates.expected value\"}}]}, \"verb\":\"expected value\"}],\"value\": \"expected value\"} in table {\"element\": \"cPropertyDefinition.owner\", \"variable\": \"2:0\", \"textEdit\": \"false\", \"selectable\": \"false\",\"choices\":[{\"value\":{\"@class\":\"semantic.path.impl.TbdPathFilter\"}, \"verb\":\"<Add a condition>\"}, {\"value\":{\"@class\":\"semantic.path.impl.PathI\",\"pathElements\":[{\"@class\":\"semantic.path.impl.PathConceptI\",\"concept\":{\"@class\":\"semantic.model.impl.BusinessConceptI\",\"id\":\"Candidates\"}}]}, \"verb\":\"Candidates\"}],\"value\": \"Candidates\"} is {\"element\": \"cPropertyDefinition.semanticDatatype\", \"variable\": \"3:0\", \"textEdit\": \"true\", \"selectable\": \"true\",\"choices\":[{\"value\":{\"@class\":\"semantic.model.impl.EditableSemanticTypeI\",\"type\":{\"@class\":\"semantic.model.SemanticType\",\"id\":\"numeric\"}}, \"verb\":\"numeric\"}],\"value\": \"numeric\"}","verbalizationShortWithAnnotation":"Column {\"element\": \"cPropertyDefinition.property\", \"variable\": \"1:0\", \"textEdit\": \"false\", \"selectable\": \"false\",\"choices\":[{\"value\":{\"@class\":\"semantic.path.impl.PathI\",\"pathElements\":[{\"@class\":\"semantic.path.impl.PathConceptI\",\"concept\":{\"@class\":\"semantic.model.impl.BusinessConceptI\",\"id\":\"Candidates\"}},{\"@class\":\"semantic.path.impl.PathPropertyI\",\"property\":{\"@class\":\"semantic.model.impl.DataPropertyI\",\"domain\":\"Candidates\",\"id\":\"Candidates.expected value\"}}]}, \"verb\":\"expected value\"}],\"value\": \"expected value\"} is {\"element\": \"cPropertyDefinition.semanticDatatype\", \"variable\": \"2:0\", \"textEdit\": \"true\", \"selectable\": \"true\",\"choices\":[{\"value\":{\"@class\":\"semantic.model.impl.EditableSemanticTypeI\",\"type\":{\"@class\":\"semantic.model.SemanticType\",\"id\":\"numeric\"}}, \"verb\":\"numeric\"}],\"value\": \"numeric\"}","userDefined":false,"isKey":false,"label":"expected value","type":"__sdt__numeric","isVocabulary":true,"isConstraint":false,"modelProperty":"Candidates.expected value","id":"Candidates.expected value","modelConcept":"Candidates","verbalization":"Column expected value in table Candidates is numeric","propClass":"semantic.model.impl.DataPropertyI","card":"C1_1"},{"@class":"prescriptive.model.impl.UnmappedPropertyDefinition","verbalizationWithAnnotation":"Column {\"element\": \"cPropertyDefinition.property\", \"variable\": \"1:0\", \"textEdit\": \"false\", \"selectable\": \"false\",\"choices\":[{\"value\":{\"@class\":\"semantic.path.impl.PathI\",\"pathElements\":[{\"@class\":\"semantic.path.impl.PathConceptI\",\"concept\":{\"@class\":\"semantic.model.impl.BusinessConceptI\",\"id\":\"Campaign\"}},{\"@class\":\"semantic.path.impl.PathPropertyI\",\"property\":{\"@class\":\"semantic.model.impl.DataPropertyI\",\"domain\":\"Campaign\",\"id\":\"Campaign.id\"}}]}, \"verb\":\"id\"}],\"value\": \"id\"} in table {\"element\": \"cPropertyDefinition.owner\", \"variable\": \"2:0\", \"textEdit\": \"false\", \"selectable\": \"false\",\"choices\":[{\"value\":{\"@class\":\"semantic.path.impl.TbdPathFilter\"}, \"verb\":\"<Add a condition>\"}, {\"value\":{\"@class\":\"semantic.path.impl.PathI\",\"pathElements\":[{\"@class\":\"semantic.path.impl.PathConceptI\",\"concept\":{\"@class\":\"semantic.model.impl.BusinessConceptI\",\"id\":\"Campaign\"}}]}, \"verb\":\"Campaign\"}],\"value\": \"Campaign\"} is {\"element\": \"cPropertyDefinition.semanticDatatype\", \"variable\": \"3:0\", \"textEdit\": \"true\", \"selectable\": \"true\",\"choices\":[{\"value\":{\"@class\":\"semantic.model.impl.EditableSemanticTypeI\",\"type\":{\"@class\":\"semantic.model.SemanticType\",\"id\":\"unclassified\"}}, \"verb\":\"text\"}],\"value\": \"text\"} (primary key)","verbalizationShortWithAnnotation":"Column {\"element\": \"cPropertyDefinition.property\", \"variable\": \"1:0\", \"textEdit\": \"false\", \"selectable\": \"false\",\"choices\":[{\"value\":{\"@class\":\"semantic.path.impl.PathI\",\"pathElements\":[{\"@class\":\"semantic.path.impl.PathConceptI\",\"concept\":{\"@class\":\"semantic.model.impl.BusinessConceptI\",\"id\":\"Campaign\"}},{\"@class\":\"semantic.path.impl.PathPropertyI\",\"property\":{\"@class\":\"semantic.model.impl.DataPropertyI\",\"domain\":\"Campaign\",\"id\":\"Campaign.id\"}}]}, \"verb\":\"id\"}],\"value\": \"id\"} is {\"element\": \"cPropertyDefinition.semanticDatatype\", \"variable\": \"2:0\", \"textEdit\": \"true\", \"selectable\": \"true\",\"choices\":[{\"value\":{\"@class\":\"semantic.model.impl.EditableSemanticTypeI\",\"type\":{\"@class\":\"semantic.model.SemanticType\",\"id\":\"unclassified\"}}, \"verb\":\"text\"}],\"value\": \"text\"} (primary key)","userDefined":false,"isKey":true,"label":"id","type":"__sdt__unclassified","isVocabulary":true,"isConstraint":false,"modelProperty":"Campaign.id","id":"Campaign.id","modelConcept":"Campaign","verbalization":"Column id in table Campaign is text (primary key)","propClass":"semantic.model.impl.DataPropertyI","card":"C1_1"},{"@class":"prescriptive.model.impl.UnmappedPropertyDefinition","verbalizationWithAnnotation":"Column {\"element\": \"cPropertyDefinition.property\", \"variable\": \"1:0\", \"textEdit\": \"false\", \"selectable\": \"false\",\"choices\":[{\"value\":{\"@class\":\"semantic.path.impl.PathI\",\"pathElements\":[{\"@class\":\"semantic.path.impl.PathConceptI\",\"concept\":{\"@class\":\"semantic.model.impl.BusinessConceptI\",\"id\":\"Campaign\"}},{\"@class\":\"semantic.path.impl.PathPropertyI\",\"property\":{\"@class\":\"semantic.model.impl.DataPropertyI\",\"domain\":\"Campaign\",\"id\":\"Campaign.max customers\"}}]}, \"verb\":\"max customers\"}],\"value\": \"max customers\"} in table {\"element\": \"cPropertyDefinition.owner\", \"variable\": \"2:0\", \"textEdit\": \"false\", \"selectable\": \"false\",\"choices\":[{\"value\":{\"@class\":\"semantic.path.impl.TbdPathFilter\"}, \"verb\":\"<Add a condition>\"}, {\"value\":{\"@class\":\"semantic.path.impl.PathI\",\"pathElements\":[{\"@class\":\"semantic.path.impl.PathConceptI\",\"concept\":{\"@class\":\"semantic.model.impl.BusinessConceptI\",\"id\":\"Campaign\"}}]}, \"verb\":\"Campaign\"}],\"value\": \"Campaign\"} is {\"element\": \"cPropertyDefinition.semanticDatatype\", \"variable\": \"3:0\", \"textEdit\": \"true\", \"selectable\": \"true\",\"choices\":[{\"value\":{\"@class\":\"semantic.model.impl.EditableSemanticTypeI\",\"type\":{\"@class\":\"semantic.model.SemanticType\",\"id\":\"numeric\"}}, \"verb\":\"numeric\"}],\"value\": \"numeric\"}","verbalizationShortWithAnnotation":"Column {\"element\": \"cPropertyDefinition.property\", \"variable\": \"1:0\", \"textEdit\": \"false\", \"selectable\": \"false\",\"choices\":[{\"value\":{\"@class\":\"semantic.path.impl.PathI\",\"pathElements\":[{\"@class\":\"semantic.path.impl.PathConceptI\",\"concept\":{\"@class\":\"semantic.model.impl.BusinessConceptI\",\"id\":\"Campaign\"}},{\"@class\":\"semantic.path.impl.PathPropertyI\",\"property\":{\"@class\":\"semantic.model.impl.DataPropertyI\",\"domain\":\"Campaign\",\"id\":\"Campaign.max customers\"}}]}, \"verb\":\"max customers\"}],\"value\": \"max customers\"} is {\"element\": \"cPropertyDefinition.semanticDatatype\", \"variable\": \"2:0\", \"textEdit\": \"true\", \"selectable\": \"true\",\"choices\":[{\"value\":{\"@class\":\"semantic.model.impl.EditableSemanticTypeI\",\"type\":{\"@class\":\"semantic.model.SemanticType\",\"id\":\"numeric\"}}, \"verb\":\"numeric\"}],\"value\": \"numeric\"}","userDefined":false,"isKey":false,"label":"max customers","type":"__sdt__numeric","isVocabulary":true,"isConstraint":false,"modelProperty":"Campaign.max customers","id":"Campaign.max customers","modelConcept":"Campaign","verbalization":"Column max customers in table Campaign is numeric","propClass":"semantic.model.impl.DataPropertyI","card":"C1_1"},{"@class":"prescriptive.model.impl.UnmappedPropertyDefinition","verbalizationWithAnnotation":"Column {\"element\": \"cPropertyDefinition.property\", \"variable\": \"1:0\", \"textEdit\": \"false\", \"selectable\": \"false\",\"choices\":[{\"value\":{\"@class\":\"semantic.path.impl.PathI\",\"pathElements\":[{\"@class\":\"semantic.path.impl.PathConceptI\",\"concept\":{\"@class\":\"semantic.model.impl.BusinessConceptI\",\"id\":\"Customer\"}},{\"@class\":\"semantic.path.impl.PathPropertyI\",\"property\":{\"@class\":\"semantic.model.impl.DataPropertyI\",\"domain\":\"Customer\",\"id\":\"Customer.id\"}}]}, \"verb\":\"id\"}],\"value\": \"id\"} in table {\"element\": \"cPropertyDefinition.owner\", \"variable\": \"2:0\", \"textEdit\": \"false\", \"selectable\": \"false\",\"choices\":[{\"value\":{\"@class\":\"semantic.path.impl.TbdPathFilter\"}, \"verb\":\"<Add a condition>\"}, {\"value\":{\"@class\":\"semantic.path.impl.PathI\",\"pathElements\":[{\"@class\":\"semantic.path.impl.PathConceptI\",\"concept\":{\"@class\":\"semantic.model.impl.BusinessConceptI\",\"id\":\"Customer\"}}]}, \"verb\":\"Customer\"}],\"value\": \"Customer\"} is {\"element\": \"cPropertyDefinition.semanticDatatype\", \"variable\": \"3:0\", \"textEdit\": \"true\", \"selectable\": \"true\",\"choices\":[{\"value\":{\"@class\":\"semantic.model.impl.EditableSemanticTypeI\",\"type\":{\"@class\":\"semantic.model.SemanticType\",\"id\":\"unclassified\"}}, \"verb\":\"text\"}],\"value\": \"text\"} (primary key)","verbalizationShortWithAnnotation":"Column {\"element\": \"cPropertyDefinition.property\", \"variable\": \"1:0\", \"textEdit\": \"false\", \"selectable\": \"false\",\"choices\":[{\"value\":{\"@class\":\"semantic.path.impl.PathI\",\"pathElements\":[{\"@class\":\"semantic.path.impl.PathConceptI\",\"concept\":{\"@class\":\"semantic.model.impl.BusinessConceptI\",\"id\":\"Customer\"}},{\"@class\":\"semantic.path.impl.PathPropertyI\",\"property\":{\"@class\":\"semantic.model.impl.DataPropertyI\",\"domain\":\"Customer\",\"id\":\"Customer.id\"}}]}, \"verb\":\"id\"}],\"value\": \"id\"} is {\"element\": \"cPropertyDefinition.semanticDatatype\", \"variable\": \"2:0\", \"textEdit\": \"true\", \"selectable\": \"true\",\"choices\":[{\"value\":{\"@class\":\"semantic.model.impl.EditableSemanticTypeI\",\"type\":{\"@class\":\"semantic.model.SemanticType\",\"id\":\"unclassified\"}}, \"verb\":\"text\"}],\"value\": \"text\"} (primary key)","userDefined":false,"isKey":true,"label":"id","type":"__sdt__unclassified","isVocabulary":true,"isConstraint":false,"modelProperty":"Customer.id","id":"Customer.id","modelConcept":"Customer","verbalization":"Column id in table Customer is text (primary key)","propClass":"semantic.model.impl.DataPropertyI","card":"C1_1"},{"@class":"prescriptive.model.impl.UnmappedPropertyDefinition","verbalizationWithAnnotation":"Column {\"element\": \"cPropertyDefinition.property\", \"variable\": \"1:0\", \"textEdit\": \"false\", \"selectable\": \"false\",\"choices\":[{\"value\":{\"@class\":\"semantic.path.impl.PathI\",\"pathElements\":[{\"@class\":\"semantic.path.impl.PathConceptI\",\"concept\":{\"@class\":\"semantic.model.impl.BusinessConceptI\",\"id\":\"Customer\"}},{\"@class\":\"semantic.path.impl.PathPropertyI\",\"property\":{\"@class\":\"semantic.model.impl.DataPropertyI\",\"domain\":\"Customer\",\"id\":\"Customer.age\"}}]}, \"verb\":\"age\"}],\"value\": \"age\"} in table {\"element\": \"cPropertyDefinition.owner\", \"variable\": \"2:0\", \"textEdit\": \"false\", \"selectable\": \"false\",\"choices\":[{\"value\":{\"@class\":\"semantic.path.impl.TbdPathFilter\"}, \"verb\":\"<Add a condition>\"}, {\"value\":{\"@class\":\"semantic.path.impl.PathI\",\"pathElements\":[{\"@class\":\"semantic.path.impl.PathConceptI\",\"concept\":{\"@class\":\"semantic.model.impl.BusinessConceptI\",\"id\":\"Customer\"}}]}, \"verb\":\"Customer\"}],\"value\": \"Customer\"} is {\"element\": \"cPropertyDefinition.semanticDatatype\", \"variable\": \"3:0\", \"textEdit\": \"true\", \"selectable\": \"true\",\"choices\":[{\"value\":{\"@class\":\"semantic.model.impl.EditableSemanticTypeI\",\"type\":{\"@class\":\"semantic.model.SemanticType\",\"id\":\"numeric\"}}, \"verb\":\"numeric\"}],\"value\": \"numeric\"}","verbalizationShortWithAnnotation":"Column {\"element\": \"cPropertyDefinition.property\", \"variable\": \"1:0\", \"textEdit\": \"false\", \"selectable\": \"false\",\"choices\":[{\"value\":{\"@class\":\"semantic.path.impl.PathI\",\"pathElements\":[{\"@class\":\"semantic.path.impl.PathConceptI\",\"concept\":{\"@class\":\"semantic.model.impl.BusinessConceptI\",\"id\":\"Customer\"}},{\"@class\":\"semantic.path.impl.PathPropertyI\",\"property\":{\"@class\":\"semantic.model.impl.DataPropertyI\",\"domain\":\"Customer\",\"id\":\"Customer.age\"}}]}, \"verb\":\"age\"}],\"value\": \"age\"} is {\"element\": \"cPropertyDefinition.semanticDatatype\", \"variable\": \"2:0\", \"textEdit\": \"true\", \"selectable\": \"true\",\"choices\":[{\"value\":{\"@class\":\"semantic.model.impl.EditableSemanticTypeI\",\"type\":{\"@class\":\"semantic.model.SemanticType\",\"id\":\"numeric\"}}, \"verb\":\"numeric\"}],\"value\": \"numeric\"}","userDefined":false,"isKey":false,"label":"age","type":"__sdt__numeric","isVocabulary":true,"isConstraint":false,"modelProperty":"Customer.age","id":"Customer.age","modelConcept":"Customer","verbalization":"Column age in table Customer is numeric","propClass":"semantic.model.impl.DataPropertyI","card":"C1_1"}],"kpisTopics":[],"suggestedStatementsTopics":["cSelectGoalTopic","cSelectFilterTopic","cTopicOther"],"canAcceptError":false,"lastModificationTime":1557233864540,"inError":false,"conceptDefinitions":[{"domainConcept":"cItem","isVocabulary":true,"isMatrix":false,"associatedDefinitions":["Candidates.Campaign","Candidates.Customer","Candidates.expected value"],"@class":"prescriptive.model.impl.ConceptDefinitionI","verbalizationWithAnnotation":"Table {\"element\": \"cConceptDefinition.modelConcept\", \"variable\": \"1:0\", \"textEdit\": \"false\", \"selectable\": \"false\",\"choices\":[{\"value\":{\"@class\":\"semantic.path.impl.TbdPathFilter\"}, \"verb\":\"<Add a condition>\"}, {\"value\":{\"@class\":\"semantic.path.impl.PathI\",\"pathElements\":[{\"@class\":\"semantic.path.impl.PathConceptI\",\"concept\":{\"@class\":\"semantic.model.impl.BusinessConceptI\",\"id\":\"Candidates\"}}]}, \"verb\":\"Candidates\"}],\"value\": \"Candidates\"} represents concept {\"element\": \"cMappedConceptDefinition.domainConcept\", \"variable\": \"2:0\", \"textEdit\": \"false\", \"selectable\": \"false\",\"choices\":[{\"value\":{\"@class\":\"semantic.path.impl.TbdPathFilter\"}, \"verb\":\"<Add a condition>\"}, {\"value\":{\"@class\":\"semantic.path.impl.PathI\",\"pathElements\":[{\"@class\":\"semantic.path.impl.PathConceptI\",\"concept\":{\"@class\":\"semantic.model.impl.BusinessConceptI\",\"id\":\"cItem\"}}]}, \"verb\":\"candidates\"}],\"value\": \"candidates\"} of domain Select","isConstraint":false,"userDefined":true,"id":"__definition__Candidates.as.cItem","modelConcept":"Candidates","verbalization":"Table Candidates represents concept candidates of domain Select","table":"Candidates"},{"domainConcept":null,"isVocabulary":true,"isMatrix":false,"associatedDefinitions":["Campaign.id","Campaign.max customers"],"@class":"prescriptive.model.impl.ConceptDefinitionI","verbalizationWithAnnotation":"Table {\"element\": \"cConceptDefinition.modelConcept\", \"variable\": \"1:0\", \"textEdit\": \"false\", \"selectable\": \"false\",\"choices\":[{\"value\":{\"@class\":\"semantic.path.impl.TbdPathFilter\"}, \"verb\":\"<Add a condition>\"}, {\"value\":{\"@class\":\"semantic.path.impl.PathI\",\"pathElements\":[{\"@class\":\"semantic.path.impl.PathConceptI\",\"concept\":{\"@class\":\"semantic.model.impl.BusinessConceptI\",\"id\":\"Campaign\"}}]}, \"verb\":\"Campaign\"}],\"value\": \"Campaign\"}","isConstraint":false,"userDefined":false,"id":"__definition__Campaign","modelConcept":"Campaign","verbalization":"Table Campaign","table":"Campaign"},{"domainConcept":null,"isVocabulary":true,"isMatrix":false,"associatedDefinitions":["Customer.age","Customer.id"],"@class":"prescriptive.model.impl.ConceptDefinitionI","verbalizationWithAnnotation":"Table {\"element\": \"cConceptDefinition.modelConcept\", \"variable\": \"1:0\", \"textEdit\": \"false\", \"selectable\": \"false\",\"choices\":[{\"value\":{\"@class\":\"semantic.path.impl.TbdPathFilter\"}, \"verb\":\"<Add a condition>\"}, {\"value\":{\"@class\":\"semantic.path.impl.PathI\",\"pathElements\":[{\"@class\":\"semantic.path.impl.PathConceptI\",\"concept\":{\"@class\":\"semantic.model.impl.BusinessConceptI\",\"id\":\"Customer\"}}]}, \"verb\":\"Customer\"}],\"value\": \"Customer\"}","isConstraint":false,"userDefined":false,"id":"__definition__Customer","modelConcept":"Customer","verbalization":"Table Customer","table":"Customer"}],"updates":[],"constraints":[{"template":{"@class":"prescriptive.model.impl.ConstraintTemplateI","id":"cBasicSelectionLimitMax"},"canBeRelaxed":true,"canBeDeleted":true,"@class":"prescriptive.model.impl.ConstraintTemplateInstanceI","verbalizationWithAnnotation":"The number of {\"element\": \"cBasicSelectionLimitMax.selection\", \"variable\": \"1:0\", \"textEdit\": \"true\", \"selectable\": \"true\",\"choices\":[{\"value\":{\"@class\":\"semantic.path.impl.TbdPathFilter\"}, \"verb\":\"<Add a condition>\"}, {\"value\":{\"@class\":\"semantic.path.impl.PathI\",\"pathElements\":[{\"@class\":\"semantic.path.impl.PathConceptI\",\"concept\":{\"@class\":\"decision.impl.DecisionConceptI\",\"id\":\"cSelection[Candidates]\"}}]}, \"verb\":\"Candidates selections\"}],\"value\": \"Candidates selections\"}  {\"element\": \"cRelationalConstraint.relationalOperator\", \"variable\": \"2:0\", \"textEdit\": \"false\", \"selectable\": \"true\",\"choices\":[{\"value\":{\"@class\":\"semantic.numeric.impl.RelationalOperatorI\",\"value\":\"LESS_OR_EQUAL\"}, \"verb\":\"is less than or equal to\"}, {\"value\":{\"@class\":\"semantic.numeric.impl.RelationalOperatorI\",\"annotations\":[\"java.util.LinkedList\",[{\"@class\":\"semantic.path.impl.SimpleAnnotation\",\"typeName\":\"VAR\",\"identifiableName\":\"cRelationalConstraint.relationalOperator\",\"value\":\"2:0\"}]],\"value\":\"LESS_THAN\"}, \"verb\":\"is less than\"}, {\"value\":{\"@class\":\"semantic.numeric.impl.RelationalOperatorI\",\"annotations\":[\"java.util.LinkedList\",[{\"@class\":\"semantic.path.impl.SimpleAnnotation\",\"typeName\":\"VAR\",\"identifiableName\":\"cRelationalConstraint.relationalOperator\",\"value\":\"2:0\"}]],\"value\":\"EQUAL\"}, \"verb\":\"is equal to\"}, {\"value\":{\"@class\":\"semantic.numeric.impl.RelationalOperatorI\",\"annotations\":[\"java.util.LinkedList\",[{\"@class\":\"semantic.path.impl.SimpleAnnotation\",\"typeName\":\"VAR\",\"identifiableName\":\"cRelationalConstraint.relationalOperator\",\"value\":\"2:0\"}]],\"value\":\"GREATER_OR_EQUAL\"}, \"verb\":\"is greater than or equal to\"}, {\"value\":{\"@class\":\"semantic.numeric.impl.RelationalOperatorI\",\"annotations\":[\"java.util.LinkedList\",[{\"@class\":\"semantic.path.impl.SimpleAnnotation\",\"typeName\":\"VAR\",\"identifiableName\":\"cRelationalConstraint.relationalOperator\",\"value\":\"2:0\"}]],\"value\":\"GREATER_THAN\"}, \"verb\":\"is greater than\"}, {\"value\":{\"@class\":\"semantic.numeric.impl.RelationalOperatorI\",\"annotations\":[\"java.util.LinkedList\",[{\"@class\":\"semantic.path.impl.SimpleAnnotation\",\"typeName\":\"VAR\",\"identifiableName\":\"cRelationalConstraint.relationalOperator\",\"value\":\"2:0\"}]],\"value\":\"DIFFERENT\"}, \"verb\":\"is different from\"}],\"value\": \"is less than or equal to\"} {\"element\": \"cRelationalConstraint.rightNumeric\", \"variable\": \"3:0\", \"textEdit\": \"true\", \"selectable\": \"true\",\"choices\":[{\"value\":{\"@class\":\"semantic.numeric.NumericLiteral$Integer\",\"value\":5}, \"verb\":\"5\"}],\"value\": \"5\"}","topics":["cSelectionTopic"],"concept":{"@class":"prescriptive.model.impl.ConstraintTemplateI","id":"cBasicSelectionLimitMax"},"query":null,"description":"Define a maximum limit for the number of selections.","label":"cBasicSelectionLimitMax","previous-relaxed":false,"elicitedBindings":["java.util.ArrayList",[{"@class":"prescriptive.model.impl.PropertyBindingI","bindingExpr":{"@class":"semantic.path.impl.PathI","pathElements":[{"@class":"semantic.path.impl.PathConceptI","concept":{"@class":"decision.impl.DecisionConceptI","id":"cSelection[Candidates]"}}]},"property":{"@class":"semantic.model.impl.ObjectPropertyI","domain":"cBasicSelectionLimitMax","id":"cBasicSelectionLimitMax.selection"}},{"@class":"prescriptive.model.impl.PropertyBindingI","bindingExpr":{"@class":"semantic.numeric.impl.RelationalOperatorI","value":"LESS_OR_EQUAL"},"property":{"@class":"semantic.model.impl.ObjectPropertyI","domain":"cRelationalConstraint","id":"cRelationalConstraint.relationalOperator"}},{"@class":"prescriptive.model.impl.PropertyBindingI","bindingExpr":{"@class":"semantic.numeric.NumericLiteral$Integer","value":5},"property":{"@class":"semantic.model.impl.ObjectPropertyI","domain":"cRelationalConstraint","id":"cRelationalConstraint.rightNumeric"}}]],"relaxed":false,"associatedConcepts":["Candidates","cSelection[Candidates]"],"verbalizationExplicit":"The number of selection  is less than or equal to 5","isConstraint":true,"isSetting":false,"id":"cBasicSelectionLimitMax","verbalization":"The number of Candidates selections  is less than or equal to 5","uniqueId":"a49822d7-d9d9-49e4-81dd-29938be3e1a6","associatedProperties":["cSelection[Candidates].Candidates"],"canBeDuplicated":true},{"template":{"@class":"prescriptive.model.impl.ConstraintTemplateI","id":"cBasicSelectionLimitMin"},"canBeRelaxed":true,"canBeDeleted":true,"@class":"prescriptive.model.impl.ConstraintTemplateInstanceI","verbalizationWithAnnotation":"The number of {\"element\": \"cBasicSelectionLimitMin.selection\", \"variable\": \"1:0\", \"textEdit\": \"true\", \"selectable\": \"true\",\"choices\":[{\"value\":{\"@class\":\"semantic.path.impl.TbdPathFilter\"}, \"verb\":\"<Add a condition>\"}, {\"value\":{\"@class\":\"semantic.path.impl.PathI\",\"pathElements\":[{\"@class\":\"semantic.path.impl.PathConceptI\",\"concept\":{\"@class\":\"decision.impl.DecisionConceptI\",\"id\":\"cSelection[Candidates]\"}}]}, \"verb\":\"Candidates selections\"}],\"value\": \"Candidates selections\"}  {\"element\": \"cRelationalConstraint.relationalOperator\", \"variable\": \"2:0\", \"textEdit\": \"false\", \"selectable\": \"true\",\"choices\":[{\"value\":{\"@class\":\"semantic.numeric.impl.RelationalOperatorI\",\"annotations\":[\"java.util.LinkedList\",[{\"@class\":\"semantic.path.impl.SimpleAnnotation\",\"typeName\":\"VAR\",\"identifiableName\":\"cRelationalConstraint.relationalOperator\",\"value\":\"2:0\"}]],\"value\":\"GREATER_OR_EQUAL\"}, \"verb\":\"is greater than or equal to\"}, {\"value\":{\"@class\":\"semantic.numeric.impl.RelationalOperatorI\",\"annotations\":[\"java.util.LinkedList\",[{\"@class\":\"semantic.path.impl.SimpleAnnotation\",\"typeName\":\"VAR\",\"identifiableName\":\"cRelationalConstraint.relationalOperator\",\"value\":\"2:0\"}]],\"value\":\"LESS_THAN\"}, \"verb\":\"is less than\"}, {\"value\":{\"@class\":\"semantic.numeric.impl.RelationalOperatorI\",\"annotations\":[\"java.util.LinkedList\",[{\"@class\":\"semantic.path.impl.SimpleAnnotation\",\"typeName\":\"VAR\",\"identifiableName\":\"cRelationalConstraint.relationalOperator\",\"value\":\"2:0\"}]],\"value\":\"LESS_OR_EQUAL\"}, \"verb\":\"is less than or equal to\"}, {\"value\":{\"@class\":\"semantic.numeric.impl.RelationalOperatorI\",\"annotations\":[\"java.util.LinkedList\",[{\"@class\":\"semantic.path.impl.SimpleAnnotation\",\"typeName\":\"VAR\",\"identifiableName\":\"cRelationalConstraint.relationalOperator\",\"value\":\"2:0\"}]],\"value\":\"EQUAL\"}, \"verb\":\"is equal to\"}, {\"value\":{\"@class\":\"semantic.numeric.impl.RelationalOperatorI\",\"annotations\":[\"java.util.LinkedList\",[{\"@class\":\"semantic.path.impl.SimpleAnnotation\",\"typeName\":\"VAR\",\"identifiableName\":\"cRelationalConstraint.relationalOperator\",\"value\":\"2:0\"}]],\"value\":\"GREATER_THAN\"}, \"verb\":\"is greater than\"}, {\"value\":{\"@class\":\"semantic.numeric.impl.RelationalOperatorI\",\"annotations\":[\"java.util.LinkedList\",[{\"@class\":\"semantic.path.impl.SimpleAnnotation\",\"typeName\":\"VAR\",\"identifiableName\":\"cRelationalConstraint.relationalOperator\",\"value\":\"2:0\"}]],\"value\":\"DIFFERENT\"}, \"verb\":\"is different from\"}],\"value\": \"is greater than or equal to\"} {\"element\": \"cRelationalConstraint.rightNumeric\", \"variable\": \"3:0\", \"textEdit\": \"true\", \"selectable\": \"true\",\"choices\":[{\"value\":{\"@class\":\"semantic.numeric.NumericLiteral$Integer\",\"value\":1}, \"verb\":\"1\"}],\"value\": \"1\"}","topics":["cSelectionTopic"],"concept":{"@class":"prescriptive.model.impl.ConstraintTemplateI","id":"cBasicSelectionLimitMin"},"query":null,"description":"Define a minimum limit for the number of selections.","label":"cBasicSelectionLimitMin","previous-relaxed":false,"elicitedBindings":["java.util.ArrayList",[{"@class":"prescriptive.model.impl.PropertyBindingI","bindingExpr":{"@class":"semantic.path.impl.PathI","pathElements":[{"@class":"semantic.path.impl.PathConceptI","concept":{"@class":"decision.impl.DecisionConceptI","id":"cSelection[Candidates]"}}]},"property":{"@class":"semantic.model.impl.ObjectPropertyI","domain":"cBasicSelectionLimitMin","id":"cBasicSelectionLimitMin.selection"}},{"@class":"prescriptive.model.impl.PropertyBindingI","bindingExpr":{"@class":"semantic.numeric.impl.RelationalOperatorI","annotations":["java.util.LinkedList",[{"@class":"semantic.path.impl.SimpleAnnotation","typeName":"VAR","identifiableName":"cRelationalConstraint.relationalOperator","value":"2:0"}]],"value":"GREATER_OR_EQUAL"},"property":{"@class":"semantic.model.impl.ObjectPropertyI","domain":"cRelationalConstraint","id":"cRelationalConstraint.relationalOperator"}},{"@class":"prescriptive.model.impl.PropertyBindingI","bindingExpr":{"@class":"semantic.numeric.NumericLiteral$Integer","value":1},"property":{"@class":"semantic.model.impl.ObjectPropertyI","domain":"cRelationalConstraint","id":"cRelationalConstraint.rightNumeric"}}]],"relaxed":false,"associatedConcepts":["Candidates","cSelection[Candidates]"],"verbalizationExplicit":"The number of selection  is greater than or equal to 1","isConstraint":true,"isSetting":false,"id":"cBasicSelectionLimitMin","verbalization":"The number of Candidates selections  is greater than or equal to 1","uniqueId":"7be343e4-04bf-43dd-a710-46198ea38102","associatedProperties":["cSelection[Candidates].Candidates"],"canBeDuplicated":true},{"template":{"@class":"prescriptive.model.impl.ConstraintTemplateI","id":"cIterativeRelationalConstraint"},"canBeRelaxed":true,"canBeDeleted":true,"@class":"prescriptive.model.impl.ConstraintTemplateInstanceI","verbalizationWithAnnotation":"For each {\"element\": \"cIterativeRelationalConstraint.iterativeConcept\", \"variable\": \"1:0\", \"textEdit\": \"true\", \"selectable\": \"true\",\"choices\":[{\"value\":{\"@class\":\"semantic.path.impl.TbdPathFilter\"}, \"verb\":\"<Add a condition>\"}, {\"value\":{\"@class\":\"semantic.path.impl.PathI\",\"pathElements\":[{\"@class\":\"semantic.path.impl.PathConceptI\",\"concept\":{\"@class\":\"semantic.model.impl.BusinessConceptI\",\"id\":\"Campaign\"}}]}, \"verb\":\"Campaign\"}, {\"value\":{\"@class\":\"semantic.path.impl.PathI\",\"pathElements\":[{\"@class\":\"semantic.path.impl.PathConceptI\",\"concept\":{\"@class\":\"semantic.model.impl.BusinessConceptI\",\"id\":\"Candidates\"}}],\"annotations\":[\"java.util.LinkedList\",[{\"@class\":\"semantic.path.impl.SimpleAnnotation\",\"typeName\":\"SINGULAR\",\"identifiableName\":\"cIterativeRelationalConstraint\",\"value\":\"true\"},{\"@class\":\"semantic.path.impl.SimpleAnnotation\",\"typeName\":\"VAR\",\"identifiableName\":\"cIterativeRelationalConstraint.iterativeConcept\",\"value\":\"1:0\"}]]}, \"verb\":\"Candidates\"}, {\"value\":{\"@class\":\"semantic.path.impl.PathI\",\"pathElements\":[{\"@class\":\"semantic.path.impl.PathConceptI\",\"concept\":{\"@class\":\"semantic.model.impl.BusinessConceptI\",\"id\":\"Customer\"}}],\"annotations\":[\"java.util.LinkedList\",[{\"@class\":\"semantic.path.impl.SimpleAnnotation\",\"typeName\":\"SINGULAR\",\"identifiableName\":\"cIterativeRelationalConstraint\",\"value\":\"true\"},{\"@class\":\"semantic.path.impl.SimpleAnnotation\",\"typeName\":\"VAR\",\"identifiableName\":\"cIterativeRelationalConstraint.iterativeConcept\",\"value\":\"1:0\"}]]}, \"verb\":\"Customer\"}],\"value\": \"Campaign\"}, {\"element\": \"cRelationalConstraint.leftNumeric\", \"variable\": \"2:0\", \"textEdit\": \"true\", \"selectable\": \"true\",\"choices\":[{\"value\":{\"@class\":\"semantic.path.impl.TbdPathFilter\"}, \"verb\":\"<Add a condition>\"}, {\"value\":{\"uniqueValues\":true,\"path\":{\"@class\":\"semantic.path.impl.PathI\",\"pathElements\":[{\"@class\":\"semantic.path.impl.PathConceptI\",\"concept\":{\"@class\":\"semantic.model.impl.BusinessConceptI\",\"id\":\"Campaign\"}},{\"@class\":\"semantic.path.impl.PathInversePropertyI\",\"property\":{\"@class\":\"semantic.model.impl.ObjectPropertyI\",\"domain\":\"Candidates\",\"id\":\"Candidates.Campaign\"}},{\"@class\":\"semantic.path.impl.PathInversePropertyI\",\"property\":{\"@class\":\"semantic.model.impl.ObjectPropertyI\",\"domain\":\"cSelection[Candidates]\",\"id\":\"cSelection[Candidates].Candidates\"}}]},\"@class\":\"prescriptive.model.impl.DecisionPath\"}, \"verb\":\"number of selections of Candidates\"}],\"value\": \"number of selections of Candidates\"} {\"element\": \"cRelationalConstraint.relationalOperator\", \"variable\": \"3:0\", \"textEdit\": \"false\", \"selectable\": \"true\",\"choices\":[{\"value\":{\"@class\":\"semantic.numeric.impl.RelationalOperatorI\",\"value\":\"LESS_OR_EQUAL\"}, \"verb\":\"is less than or equal to\"}, {\"value\":{\"@class\":\"semantic.numeric.impl.RelationalOperatorI\",\"annotations\":[\"java.util.LinkedList\",[{\"@class\":\"semantic.path.impl.SimpleAnnotation\",\"typeName\":\"VAR\",\"identifiableName\":\"cRelationalConstraint.relationalOperator\",\"value\":\"3:0\"}]],\"value\":\"LESS_THAN\"}, \"verb\":\"is less than\"}, {\"value\":{\"@class\":\"semantic.numeric.impl.RelationalOperatorI\",\"annotations\":[\"java.util.LinkedList\",[{\"@class\":\"semantic.path.impl.SimpleAnnotation\",\"typeName\":\"VAR\",\"identifiableName\":\"cRelationalConstraint.relationalOperator\",\"value\":\"3:0\"}]],\"value\":\"EQUAL\"}, \"verb\":\"is equal to\"}, {\"value\":{\"@class\":\"semantic.numeric.impl.RelationalOperatorI\",\"annotations\":[\"java.util.LinkedList\",[{\"@class\":\"semantic.path.impl.SimpleAnnotation\",\"typeName\":\"VAR\",\"identifiableName\":\"cRelationalConstraint.relationalOperator\",\"value\":\"3:0\"}]],\"value\":\"GREATER_OR_EQUAL\"}, \"verb\":\"is greater than or equal to\"}, {\"value\":{\"@class\":\"semantic.numeric.impl.RelationalOperatorI\",\"annotations\":[\"java.util.LinkedList\",[{\"@class\":\"semantic.path.impl.SimpleAnnotation\",\"typeName\":\"VAR\",\"identifiableName\":\"cRelationalConstraint.relationalOperator\",\"value\":\"3:0\"}]],\"value\":\"GREATER_THAN\"}, \"verb\":\"is greater than\"}, {\"value\":{\"@class\":\"semantic.numeric.impl.RelationalOperatorI\",\"annotations\":[\"java.util.LinkedList\",[{\"@class\":\"semantic.path.impl.SimpleAnnotation\",\"typeName\":\"VAR\",\"identifiableName\":\"cRelationalConstraint.relationalOperator\",\"value\":\"3:0\"}]],\"value\":\"DIFFERENT\"}, \"verb\":\"is different from\"}],\"value\": \"is less than or equal to\"} {\"element\": \"cRelationalConstraint.rightNumeric\", \"variable\": \"4:0\", \"textEdit\": \"true\", \"selectable\": \"true\",\"choices\":[{\"value\":{\"@class\":\"semantic.numeric.impl.NumericPathI\",\"pathElements\":[{\"@class\":\"semantic.path.impl.PathConceptI\",\"concept\":{\"@class\":\"semantic.model.impl.BusinessConceptI\",\"id\":\"Campaign\"}},{\"@class\":\"semantic.path.impl.PathPropertyI\",\"property\":{\"@class\":\"semantic.model.impl.DataPropertyI\",\"domain\":\"Campaign\",\"id\":\"Campaign.max customers\"}}],\"functor\":{\"@class\":\"semantic.numeric.impl.NumericAggregatorI\",\"value\":\"SUM\"}}, \"verb\":\"max customers\"}],\"value\": \"max customers\"}","topics":["cTopicOther"],"concept":{"@class":"prescriptive.model.impl.ConstraintTemplateI","id":"cIterativeRelationalConstraint"},"query":"For each  Campaign,  number of selections of Candidates is less than or equal to max customers","description":"Iterative linear constraint comparing two numerical expressions.","label":"cIterativeRelationalConstraint","previous-relaxed":false,"elicitedBindings":["java.util.ArrayList",[{"@class":"prescriptive.model.impl.PropertyBindingI","bindingExpr":{"@class":"semantic.path.impl.PathI","pathElements":[{"@class":"semantic.path.impl.PathConceptI","concept":{"@class":"semantic.model.impl.BusinessConceptI","id":"Campaign"}}]},"property":{"@class":"semantic.model.impl.ObjectPropertyI","domain":"cIterativeRelationalConstraint","id":"cIterativeRelationalConstraint.iterativeConcept"}},{"@class":"prescriptive.model.impl.PropertyBindingI","bindingExpr":{"uniqueValues":true,"path":{"@class":"semantic.path.impl.PathI","pathElements":[{"@class":"semantic.path.impl.PathConceptI","concept":{"@class":"semantic.model.impl.BusinessConceptI","id":"Campaign"}},{"@class":"semantic.path.impl.PathInversePropertyI","property":{"@class":"semantic.model.impl.ObjectPropertyI","domain":"Candidates","id":"Candidates.Campaign"}},{"@class":"semantic.path.impl.PathInversePropertyI","property":{"@class":"semantic.model.impl.ObjectPropertyI","domain":"cSelection[Candidates]","id":"cSelection[Candidates].Candidates"}}]},"@class":"prescriptive.model.impl.DecisionPath"},"property":{"@class":"semantic.model.impl.ObjectPropertyI","domain":"cRelationalConstraint","id":"cRelationalConstraint.leftNumeric"}},{"@class":"prescriptive.model.impl.PropertyBindingI","bindingExpr":{"@class":"semantic.numeric.impl.RelationalOperatorI","value":"LESS_OR_EQUAL"},"property":{"@class":"semantic.model.impl.ObjectPropertyI","domain":"cRelationalConstraint","id":"cRelationalConstraint.relationalOperator"}},{"@class":"prescriptive.model.impl.PropertyBindingI","bindingExpr":{"@class":"semantic.numeric.impl.NumericPathI","pathElements":[{"@class":"semantic.path.impl.PathConceptI","concept":{"@class":"semantic.model.impl.BusinessConceptI","id":"Campaign"}},{"@class":"semantic.path.impl.PathPropertyI","property":{"@class":"semantic.model.impl.DataPropertyI","domain":"Campaign","id":"Campaign.max customers"}}],"functor":{"@class":"semantic.numeric.impl.NumericAggregatorI","value":"SUM"}},"property":{"@class":"semantic.model.impl.ObjectPropertyI","domain":"cRelationalConstraint","id":"cRelationalConstraint.rightNumeric"}}]],"relaxed":false,"associatedConcepts":["Candidates","Campaign","cSelection[Candidates]"],"verbalizationExplicit":"For each Campaign, number of selection of Candidates of Campaign is less than or equal to max customers of Campaign","isConstraint":true,"isSetting":false,"id":"cIterativeRelationalConstraint","verbalization":"For each Campaign, number of selections of Candidates is less than or equal to max customers","uniqueId":"324835c2-ad30-4708-8b06-fa1c442625a8","associatedProperties":["Candidates.Campaign","Campaign.max customers","cSelection[Candidates].Candidates"],"canBeDuplicated":true},{"template":{"@class":"prescriptive.model.impl.ConstraintTemplateI","id":"cIterativeRelationalConstraint"},"canBeRelaxed":true,"canBeDeleted":true,"@class":"prescriptive.model.impl.ConstraintTemplateInstanceI","verbalizationWithAnnotation":"For each {\"element\": \"cIterativeRelationalConstraint.iterativeConcept\", \"variable\": \"1:0\", \"textEdit\": \"true\", \"selectable\": \"true\",\"choices\":[{\"value\":{\"@class\":\"semantic.path.impl.TbdPathFilter\"}, \"verb\":\"<Add a condition>\"}, {\"value\":{\"@class\":\"semantic.path.impl.PathI\",\"pathElements\":[{\"@class\":\"semantic.path.impl.PathConceptI\",\"concept\":{\"@class\":\"semantic.model.impl.BusinessConceptI\",\"id\":\"Customer\"}}]}, \"verb\":\"Customer\"}, {\"value\":{\"@class\":\"semantic.path.impl.PathI\",\"pathElements\":[{\"@class\":\"semantic.path.impl.PathConceptI\",\"concept\":{\"@class\":\"semantic.model.impl.BusinessConceptI\",\"id\":\"Campaign\"}}],\"annotations\":[\"java.util.LinkedList\",[{\"@class\":\"semantic.path.impl.SimpleAnnotation\",\"typeName\":\"SINGULAR\",\"identifiableName\":\"cIterativeRelationalConstraint\",\"value\":\"true\"},{\"@class\":\"semantic.path.impl.SimpleAnnotation\",\"typeName\":\"VAR\",\"identifiableName\":\"cIterativeRelationalConstraint.iterativeConcept\",\"value\":\"1:0\"}]]}, \"verb\":\"Campaign\"}, {\"value\":{\"@class\":\"semantic.path.impl.PathI\",\"pathElements\":[{\"@class\":\"semantic.path.impl.PathConceptI\",\"concept\":{\"@class\":\"semantic.model.impl.BusinessConceptI\",\"id\":\"Candidates\"}}],\"annotations\":[\"java.util.LinkedList\",[{\"@class\":\"semantic.path.impl.SimpleAnnotation\",\"typeName\":\"SINGULAR\",\"identifiableName\":\"cIterativeRelationalConstraint\",\"value\":\"true\"},{\"@class\":\"semantic.path.impl.SimpleAnnotation\",\"typeName\":\"VAR\",\"identifiableName\":\"cIterativeRelationalConstraint.iterativeConcept\",\"value\":\"1:0\"}]]}, \"verb\":\"Candidates\"}],\"value\": \"Customer\"}, {\"element\": \"cRelationalConstraint.leftNumeric\", \"variable\": \"2:0\", \"textEdit\": \"true\", \"selectable\": \"true\",\"choices\":[{\"value\":{\"@class\":\"semantic.path.impl.TbdPathFilter\"}, \"verb\":\"<Add a condition>\"}, {\"value\":{\"uniqueValues\":true,\"path\":{\"@class\":\"semantic.path.impl.PathI\",\"pathElements\":[{\"@class\":\"semantic.path.impl.PathConceptI\",\"concept\":{\"@class\":\"semantic.model.impl.BusinessConceptI\",\"id\":\"Customer\"}},{\"@class\":\"semantic.path.impl.PathInversePropertyI\",\"property\":{\"@class\":\"semantic.model.impl.ObjectPropertyI\",\"domain\":\"Candidates\",\"id\":\"Candidates.Customer\"}},{\"@class\":\"semantic.path.impl.PathInversePropertyI\",\"property\":{\"@class\":\"semantic.model.impl.ObjectPropertyI\",\"domain\":\"cSelection[Candidates]\",\"id\":\"cSelection[Candidates].Candidates\"}}]},\"@class\":\"prescriptive.model.impl.DecisionPath\"}, \"verb\":\"number of selections of Candidates\"}],\"value\": \"number of selections of Candidates\"} {\"element\": \"cRelationalConstraint.relationalOperator\", \"variable\": \"3:0\", \"textEdit\": \"false\", \"selectable\": \"true\",\"choices\":[{\"value\":{\"@class\":\"semantic.numeric.impl.RelationalOperatorI\",\"value\":\"LESS_OR_EQUAL\"}, \"verb\":\"is less than or equal to\"}, {\"value\":{\"@class\":\"semantic.numeric.impl.RelationalOperatorI\",\"annotations\":[\"java.util.LinkedList\",[{\"@class\":\"semantic.path.impl.SimpleAnnotation\",\"typeName\":\"VAR\",\"identifiableName\":\"cRelationalConstraint.relationalOperator\",\"value\":\"3:0\"}]],\"value\":\"LESS_THAN\"}, \"verb\":\"is less than\"}, {\"value\":{\"@class\":\"semantic.numeric.impl.RelationalOperatorI\",\"annotations\":[\"java.util.LinkedList\",[{\"@class\":\"semantic.path.impl.SimpleAnnotation\",\"typeName\":\"VAR\",\"identifiableName\":\"cRelationalConstraint.relationalOperator\",\"value\":\"3:0\"}]],\"value\":\"EQUAL\"}, \"verb\":\"is equal to\"}, {\"value\":{\"@class\":\"semantic.numeric.impl.RelationalOperatorI\",\"annotations\":[\"java.util.LinkedList\",[{\"@class\":\"semantic.path.impl.SimpleAnnotation\",\"typeName\":\"VAR\",\"identifiableName\":\"cRelationalConstraint.relationalOperator\",\"value\":\"3:0\"}]],\"value\":\"GREATER_OR_EQUAL\"}, \"verb\":\"is greater than or equal to\"}, {\"value\":{\"@class\":\"semantic.numeric.impl.RelationalOperatorI\",\"annotations\":[\"java.util.LinkedList\",[{\"@class\":\"semantic.path.impl.SimpleAnnotation\",\"typeName\":\"VAR\",\"identifiableName\":\"cRelationalConstraint.relationalOperator\",\"value\":\"3:0\"}]],\"value\":\"GREATER_THAN\"}, \"verb\":\"is greater than\"}, {\"value\":{\"@class\":\"semantic.numeric.impl.RelationalOperatorI\",\"annotations\":[\"java.util.LinkedList\",[{\"@class\":\"semantic.path.impl.SimpleAnnotation\",\"typeName\":\"VAR\",\"identifiableName\":\"cRelationalConstraint.relationalOperator\",\"value\":\"3:0\"}]],\"value\":\"DIFFERENT\"}, \"verb\":\"is different from\"}],\"value\": \"is less than or equal to\"} {\"element\": \"cRelationalConstraint.rightNumeric\", \"variable\": \"4:0\", \"textEdit\": \"true\", \"selectable\": \"true\",\"choices\":[{\"value\":{\"@class\":\"semantic.numeric.NumericLiteral$Double\",\"value\":1.0}, \"verb\":\"1\"}],\"value\": \"1\"}","topics":["cTopicOther"],"concept":{"@class":"prescriptive.model.impl.ConstraintTemplateI","id":"cIterativeRelationalConstraint"},"query":"For each  Customer,  number of selections of Candidates is less than or equal to 1","description":"Iterative linear constraint comparing two numerical expressions.","label":"cIterativeRelationalConstraint","previous-relaxed":false,"elicitedBindings":["java.util.ArrayList",[{"@class":"prescriptive.model.impl.PropertyBindingI","bindingExpr":{"@class":"semantic.path.impl.PathI","pathElements":[{"@class":"semantic.path.impl.PathConceptI","concept":{"@class":"semantic.model.impl.BusinessConceptI","id":"Customer"}}]},"property":{"@class":"semantic.model.impl.ObjectPropertyI","domain":"cIterativeRelationalConstraint","id":"cIterativeRelationalConstraint.iterativeConcept"}},{"@class":"prescriptive.model.impl.PropertyBindingI","bindingExpr":{"uniqueValues":true,"path":{"@class":"semantic.path.impl.PathI","pathElements":[{"@class":"semantic.path.impl.PathConceptI","concept":{"@class":"semantic.model.impl.BusinessConceptI","id":"Customer"}},{"@class":"semantic.path.impl.PathInversePropertyI","property":{"@class":"semantic.model.impl.ObjectPropertyI","domain":"Candidates","id":"Candidates.Customer"}},{"@class":"semantic.path.impl.PathInversePropertyI","property":{"@class":"semantic.model.impl.ObjectPropertyI","domain":"cSelection[Candidates]","id":"cSelection[Candidates].Candidates"}}]},"@class":"prescriptive.model.impl.DecisionPath"},"property":{"@class":"semantic.model.impl.ObjectPropertyI","domain":"cRelationalConstraint","id":"cRelationalConstraint.leftNumeric"}},{"@class":"prescriptive.model.impl.PropertyBindingI","bindingExpr":{"@class":"semantic.numeric.impl.RelationalOperatorI","value":"LESS_OR_EQUAL"},"property":{"@class":"semantic.model.impl.ObjectPropertyI","domain":"cRelationalConstraint","id":"cRelationalConstraint.relationalOperator"}},{"@class":"prescriptive.model.impl.PropertyBindingI","bindingExpr":{"@class":"semantic.numeric.NumericLiteral$Double","value":1.0},"property":{"@class":"semantic.model.impl.ObjectPropertyI","domain":"cRelationalConstraint","id":"cRelationalConstraint.rightNumeric"}}]],"relaxed":false,"associatedConcepts":["Candidates","Customer","cSelection[Candidates]"],"verbalizationExplicit":"For each Customer, number of selection of Candidates of Customer is less than or equal to 1","isConstraint":true,"isSetting":false,"id":"cIterativeRelationalConstraint","verbalization":"For each Customer, number of selections of Candidates is less than or equal to 1","uniqueId":"3318f190-65b2-402b-87e5-9f6ee1175429","associatedProperties":["Candidates.Customer","cSelection[Candidates].Candidates"],"canBeDuplicated":true},{"template":{"@class":"prescriptive.model.impl.ConstraintTemplateI","id":"cGlobalRelationalConstraint"},"canBeRelaxed":true,"canBeDeleted":true,"@class":"prescriptive.model.impl.ConstraintTemplateInstanceI","verbalizationWithAnnotation":"{\"element\": \"cRelationalConstraint.leftNumeric\", \"variable\": \"1:0\", \"textEdit\": \"true\", \"selectable\": \"true\",\"choices\":[{\"value\":{\"@class\":\"semantic.path.impl.TbdPathFilter\"}, \"verb\":\"<Add a condition>\"}, {\"value\":{\"uniqueValues\":true,\"path\":{\"@class\":\"semantic.path.impl.PathI\",\"pathElements\":[{\"@class\":\"semantic.path.impl.PathConceptI\",\"concept\":{\"@class\":\"decision.impl.DecisionConceptI\",\"id\":\"cSelection[Candidates]\"}},{\"path\":{\"path\":{\"@class\":\"semantic.path.impl.PathI\",\"pathElements\":[{\"@class\":\"semantic.path.impl.PathConceptI\",\"concept\":{\"@class\":\"decision.impl.DecisionConceptI\",\"id\":\"cSelection[Candidates]\"}},{\"@class\":\"semantic.path.impl.PathPropertyI\",\"property\":{\"@class\":\"semantic.model.impl.ObjectPropertyI\",\"domain\":\"cSelection[Candidates]\",\"id\":\"cSelection[Candidates].Candidates\"}},{\"@class\":\"semantic.path.impl.PathPropertyI\",\"property\":{\"@class\":\"semantic.model.impl.ObjectPropertyI\",\"domain\":\"Candidates\",\"id\":\"Candidates.Customer\"}}]},\"@class\":\"semantic.category.impl.CategoryPathI\"},\"@class\":\"semantic.category.impl.PathCategoryFilterI\",\"test\":{\"@class\":\"semantic.category.impl.PredefinedCategoryTestI\",\"value\":\"IS\"},\"value\":{\"individualIds\":[\"java.util.TreeSet\",[{\"@class\":\"semantic.model.impl.IndividualIdI\",\"concept\":\"Customer\",\"id\":\"Customer 1\"}]],\"@class\":\"semantic.category.impl.CategoryIndividualsI\"}},{\"path\":{\"path\":{\"@class\":\"semantic.path.impl.PathI\",\"pathElements\":[{\"@class\":\"semantic.path.impl.PathConceptI\",\"concept\":{\"@class\":\"decision.impl.DecisionConceptI\",\"id\":\"cSelection[Candidates]\"}},{\"@class\":\"semantic.path.impl.PathPropertyI\",\"property\":{\"@class\":\"semantic.model.impl.ObjectPropertyI\",\"domain\":\"cSelection[Candidates]\",\"id\":\"cSelection[Candidates].Candidates\"}},{\"@class\":\"semantic.path.impl.PathPropertyI\",\"property\":{\"@class\":\"semantic.model.impl.ObjectPropertyI\",\"domain\":\"Candidates\",\"id\":\"Candidates.Campaign\"}}]},\"@class\":\"semantic.category.impl.CategoryPathI\"},\"@class\":\"semantic.category.impl.PathCategoryFilterI\",\"test\":{\"@class\":\"semantic.category.impl.PredefinedCategoryTestI\",\"value\":\"IS\"},\"value\":{\"individualIds\":[\"java.util.TreeSet\",[{\"@class\":\"semantic.model.impl.IndividualIdI\",\"concept\":\"Campaign\",\"id\":\"Home\"}]],\"@class\":\"semantic.category.impl.CategoryIndividualsI\"}}]},\"@class\":\"prescriptive.model.impl.DecisionPath\"}, \"verb\":\"number of Candidates selections\"}],\"value\": \"number of Candidates selections\"} where {\"element\": \"cRelationalConstraint.leftNumeric\", \"variable\": \"0:1\", \"textEdit\": \"true\", \"selectable\": \"true\",\"choices\":[{\"value\":{\"@class\":\"semantic.path.impl.TbdPathFilter\"}, \"verb\":\"<Add a condition>\"}, {\"value\":{\"@class\":\"prescriptive.model.edit.TbrmPathFilter\",\"filterNum\":1}, \"verb\":\"<Remove condition>\"}, {\"value\":{\"path\":{\"path\":{\"@class\":\"semantic.path.impl.PathI\",\"pathElements\":[{\"@class\":\"semantic.path.impl.PathConceptI\",\"concept\":{\"@class\":\"decision.impl.DecisionConceptI\",\"id\":\"cSelection[Candidates]\"}},{\"@class\":\"semantic.path.impl.PathPropertyI\",\"property\":{\"@class\":\"semantic.model.impl.ObjectPropertyI\",\"domain\":\"cSelection[Candidates]\",\"id\":\"cSelection[Candidates].Candidates\"}},{\"@class\":\"semantic.path.impl.PathPropertyI\",\"property\":{\"@class\":\"semantic.model.impl.ObjectPropertyI\",\"domain\":\"Candidates\",\"id\":\"Candidates.Customer\"}}]},\"@class\":\"semantic.category.impl.CategoryPathI\"},\"@class\":\"semantic.category.impl.PathCategoryFilterI\",\"test\":{\"@class\":\"semantic.category.impl.PredefinedCategoryTestI\",\"value\":\"IS\"},\"value\":{\"individualIds\":[\"java.util.TreeSet\",[{\"@class\":\"semantic.model.impl.IndividualIdI\",\"concept\":\"Customer\",\"id\":\"Customer 1\"}]],\"@class\":\"semantic.category.impl.CategoryIndividualsI\"}}, \"verb\":\"Customer of selected Candidates is Customer 1\"}],\"value\": \"Customer of selected Candidates is Customer 1\"}  and where  {\"element\": \"cRelationalConstraint.leftNumeric\", \"variable\": \"0:2\", \"textEdit\": \"true\", \"selectable\": \"true\",\"choices\":[{\"value\":{\"@class\":\"semantic.path.impl.TbdPathFilter\"}, \"verb\":\"<Add a condition>\"}, {\"value\":{\"@class\":\"prescriptive.model.edit.TbrmPathFilter\",\"filterNum\":2}, \"verb\":\"<Remove condition>\"}, {\"value\":{\"path\":{\"path\":{\"@class\":\"semantic.path.impl.PathI\",\"pathElements\":[{\"@class\":\"semantic.path.impl.PathConceptI\",\"concept\":{\"@class\":\"decision.impl.DecisionConceptI\",\"id\":\"cSelection[Candidates]\"}},{\"@class\":\"semantic.path.impl.PathPropertyI\",\"property\":{\"@class\":\"semantic.model.impl.ObjectPropertyI\",\"domain\":\"cSelection[Candidates]\",\"id\":\"cSelection[Candidates].Candidates\"}},{\"@class\":\"semantic.path.impl.PathPropertyI\",\"property\":{\"@class\":\"semantic.model.impl.ObjectPropertyI\",\"domain\":\"Candidates\",\"id\":\"Candidates.Campaign\"}}]},\"@class\":\"semantic.category.impl.CategoryPathI\"},\"@class\":\"semantic.category.impl.PathCategoryFilterI\",\"test\":{\"@class\":\"semantic.category.impl.PredefinedCategoryTestI\",\"value\":\"IS\"},\"value\":{\"individualIds\":[\"java.util.TreeSet\",[{\"@class\":\"semantic.model.impl.IndividualIdI\",\"concept\":\"Campaign\",\"id\":\"Home\"}]],\"@class\":\"semantic.category.impl.CategoryIndividualsI\"}}, \"verb\":\"Campaign of selected Candidates is Home\"}],\"value\": \"Campaign of selected Candidates is Home\"} {\"element\": \"cRelationalConstraint.relationalOperator\", \"variable\": \"2:0\", \"textEdit\": \"false\", \"selectable\": \"true\",\"choices\":[{\"value\":{\"@class\":\"semantic.numeric.impl.RelationalOperatorI\",\"value\":\"EQUAL\"}, \"verb\":\"is equal to\"}, {\"value\":{\"@class\":\"semantic.numeric.impl.RelationalOperatorI\",\"annotations\":[\"java.util.LinkedList\",[{\"@class\":\"semantic.path.impl.SimpleAnnotation\",\"typeName\":\"VAR\",\"identifiableName\":\"cRelationalConstraint.relationalOperator\",\"value\":\"2:0\"}]],\"value\":\"LESS_THAN\"}, \"verb\":\"is less than\"}, {\"value\":{\"@class\":\"semantic.numeric.impl.RelationalOperatorI\",\"annotations\":[\"java.util.LinkedList\",[{\"@class\":\"semantic.path.impl.SimpleAnnotation\",\"typeName\":\"VAR\",\"identifiableName\":\"cRelationalConstraint.relationalOperator\",\"value\":\"2:0\"}]],\"value\":\"LESS_OR_EQUAL\"}, \"verb\":\"is less than or equal to\"}, {\"value\":{\"@class\":\"semantic.numeric.impl.RelationalOperatorI\",\"annotations\":[\"java.util.LinkedList\",[{\"@class\":\"semantic.path.impl.SimpleAnnotation\",\"typeName\":\"VAR\",\"identifiableName\":\"cRelationalConstraint.relationalOperator\",\"value\":\"2:0\"}]],\"value\":\"GREATER_OR_EQUAL\"}, \"verb\":\"is greater than or equal to\"}, {\"value\":{\"@class\":\"semantic.numeric.impl.RelationalOperatorI\",\"annotations\":[\"java.util.LinkedList\",[{\"@class\":\"semantic.path.impl.SimpleAnnotation\",\"typeName\":\"VAR\",\"identifiableName\":\"cRelationalConstraint.relationalOperator\",\"value\":\"2:0\"}]],\"value\":\"GREATER_THAN\"}, \"verb\":\"is greater than\"}, {\"value\":{\"@class\":\"semantic.numeric.impl.RelationalOperatorI\",\"annotations\":[\"java.util.LinkedList\",[{\"@class\":\"semantic.path.impl.SimpleAnnotation\",\"typeName\":\"VAR\",\"identifiableName\":\"cRelationalConstraint.relationalOperator\",\"value\":\"2:0\"}]],\"value\":\"DIFFERENT\"}, \"verb\":\"is different from\"}],\"value\": \"is equal to\"} {\"element\": \"cRelationalConstraint.rightNumeric\", \"variable\": \"3:0\", \"textEdit\": \"true\", \"selectable\": \"true\",\"choices\":[{\"value\":{\"@class\":\"semantic.numeric.NumericLiteral$Double\",\"value\":1.0}, \"verb\":\"1\"}],\"value\": \"1\"}","topics":["cTopicOther"],"concept":{"@class":"prescriptive.model.impl.ConstraintTemplateI","id":"cGlobalRelationalConstraint"},"query":"number of selections is equal to 1","description":"Global linear constraint comparing two numerical expressions.","label":"cGlobalRelationalConstraint","previous-relaxed":false,"elicitedBindings":["java.util.ArrayList",[{"@class":"prescriptive.model.impl.PropertyBindingI","bindingExpr":{"uniqueValues":true,"path":{"@class":"semantic.path.impl.PathI","pathElements":[{"@class":"semantic.path.impl.PathConceptI","concept":{"@class":"decision.impl.DecisionConceptI","id":"cSelection[Candidates]"}},{"path":{"path":{"@class":"semantic.path.impl.PathI","pathElements":[{"@class":"semantic.path.impl.PathConceptI","concept":{"@class":"decision.impl.DecisionConceptI","id":"cSelection[Candidates]"}},{"@class":"semantic.path.impl.PathPropertyI","property":{"@class":"semantic.model.impl.ObjectPropertyI","domain":"cSelection[Candidates]","id":"cSelection[Candidates].Candidates"}},{"@class":"semantic.path.impl.PathPropertyI","property":{"@class":"semantic.model.impl.ObjectPropertyI","domain":"Candidates","id":"Candidates.Customer"}}]},"@class":"semantic.category.impl.CategoryPathI"},"@class":"semantic.category.impl.PathCategoryFilterI","test":{"@class":"semantic.category.impl.PredefinedCategoryTestI","value":"IS"},"value":{"individualIds":["java.util.TreeSet",[{"@class":"semantic.model.impl.IndividualIdI","concept":"Customer","id":"Customer 1"}]],"@class":"semantic.category.impl.CategoryIndividualsI"}},{"path":{"path":{"@class":"semantic.path.impl.PathI","pathElements":[{"@class":"semantic.path.impl.PathConceptI","concept":{"@class":"decision.impl.DecisionConceptI","id":"cSelection[Candidates]"}},{"@class":"semantic.path.impl.PathPropertyI","property":{"@class":"semantic.model.impl.ObjectPropertyI","domain":"cSelection[Candidates]","id":"cSelection[Candidates].Candidates"}},{"@class":"semantic.path.impl.PathPropertyI","property":{"@class":"semantic.model.impl.ObjectPropertyI","domain":"Candidates","id":"Candidates.Customer"}}]},"@class":"semantic.category.impl.CategoryPathI"},"@class":"semantic.category.impl.PathCategoryFilterI","test":{"@class":"semantic.category.impl.PredefinedCategoryTestI","value":"IS"},"value":{"individualIds":["java.util.TreeSet",[{"@class":"semantic.model.impl.IndividualIdI","concept":"Customer","id":"Customer 1"}]],"@class":"semantic.category.impl.CategoryIndividualsI"}},{"path":{"path":{"@class":"semantic.path.impl.PathI","pathElements":[{"@class":"semantic.path.impl.PathConceptI","concept":{"@class":"decision.impl.DecisionConceptI","id":"cSelection[Candidates]"}},{"@class":"semantic.path.impl.PathPropertyI","property":{"@class":"semantic.model.impl.ObjectPropertyI","domain":"cSelection[Candidates]","id":"cSelection[Candidates].Candidates"}},{"@class":"semantic.path.impl.PathPropertyI","property":{"@class":"semantic.model.impl.ObjectPropertyI","domain":"Candidates","id":"Candidates.Campaign"}}]},"@class":"semantic.category.impl.CategoryPathI"},"@class":"semantic.category.impl.PathCategoryFilterI","test":{"@class":"semantic.category.impl.PredefinedCategoryTestI","value":"IS"},"value":{"individualIds":["java.util.TreeSet",[{"@class":"semantic.model.impl.IndividualIdI","concept":"Campaign","id":"Home"}]],"@class":"semantic.category.impl.CategoryIndividualsI"}}]},"@class":"prescriptive.model.impl.DecisionPath"},"property":{"@class":"semantic.model.impl.ObjectPropertyI","domain":"cRelationalConstraint","id":"cRelationalConstraint.leftNumeric"}},{"@class":"prescriptive.model.impl.PropertyBindingI","bindingExpr":{"@class":"semantic.numeric.impl.RelationalOperatorI","value":"EQUAL"},"property":{"@class":"semantic.model.impl.ObjectPropertyI","domain":"cRelationalConstraint","id":"cRelationalConstraint.relationalOperator"}},{"@class":"prescriptive.model.impl.PropertyBindingI","bindingExpr":{"@class":"semantic.numeric.NumericLiteral$Double","value":1.0},"property":{"@class":"semantic.model.impl.ObjectPropertyI","domain":"cRelationalConstraint","id":"cRelationalConstraint.rightNumeric"}}]],"relaxed":false,"associatedConcepts":["Candidates","Campaign","Customer","cSelection[Candidates]"],"verbalizationExplicit":"Ensure that number of selection where Customer of Candidates of selection is Customer : Customer 1 and where Campaign of Candidates of selection is Campaign : Home is equal to 1","isConstraint":true,"isSetting":false,"id":"cGlobalRelationalConstraint","verbalization":"number of Candidates selections where Customer of selected Candidates is Customer 1 and where Campaign of selected Candidates is Home,  is equal to 1","uniqueId":"7148b2e7-6033-42e0-ac7c-45f4ff46c62d","associatedProperties":["Candidates.Campaign","Candidates.Customer","cSelection[Candidates].Candidates"],"canBeDuplicated":true}],"internalLastModificationTimeFlag":true,"scenarioCreator":"IBMid-270006YQEG","allTopics":[{"verbalizationExplicit":"Filtering","id":"cSelectFilterTopic","verbalization":"Filtering"},{"verbalizationExplicit":"Objectives","id":"cSelectGoalTopic","verbalization":"Objectives"},{"verbalizationExplicit":"Others","isOthers":true,"id":"cTopicOther","verbalization":"Others"}],"lastModificationDate":"2019\/05\/07 12:57:44","scenarioCreatedAt":1557222639000,"toVerbalize":false,"datasetId":"scenario 4 selection","goalsTopics":["cSelectGoalTopic"],"isReadyToRun":true,"showGuidedTour":false,"suggestedStatements":[{"template":{"@class":"prescriptive.model.impl.GoalTemplateI","id":"cMaximizeSelections"},"canBeRelaxed":true,"canBeDeleted":true,"@class":"prescriptive.model.impl.GoalTemplateInstanceI","verbalizationWithAnnotation":"Maximize the number of {\"element\": \"cMaximizeSelections.selection\", \"variable\": \"1:0\", \"textEdit\": \"true\", \"selectable\": \"true\",\"choices\":[{\"value\":{\"@class\":\"semantic.path.impl.TbdPathFilter\"}, \"verb\":\"<Add a condition>\"}, {\"value\":{\"@class\":\"semantic.path.impl.PathI\",\"pathElements\":[{\"@class\":\"semantic.path.impl.PathConceptI\",\"concept\":{\"@class\":\"decision.impl.DecisionConceptI\",\"id\":\"cSelection[Candidates]\"}}]}, \"verb\":\"Candidates selections\"}],\"value\": \"Candidates selections\"}","topics":["cSelectGoalTopic"],"concept":{"@class":"prescriptive.model.impl.GoalTemplateI","id":"cMaximizeSelections"},"query":null,"description":"Maximize the number of selections made.","label":"cMaximizeSelections","previous-relaxed":false,"elicitedBindings":["java.util.ArrayList",[{"@class":"prescriptive.model.impl.PropertyBindingI","bindingExpr":{"@class":"semantic.path.impl.PathI","pathElements":[{"@class":"semantic.path.impl.PathConceptI","concept":{"@class":"decision.impl.DecisionConceptI","id":"cSelection[Candidates]"}}]},"property":{"@class":"semantic.model.impl.ObjectPropertyI","domain":"cMaximizeSelections","id":"cMaximizeSelections.selection"}},{"@class":"prescriptive.model.impl.PropertyBindingI","bindingExpr":{"@class":"semantic.numeric.NumericLiteral$Integer","value":1},"property":{"@class":"semantic.model.impl.ObjectPropertyI","domain":"cScaledGoal","id":"cScaledGoal.scaleFactorExpr"}}]],"relaxed":false,"associatedConcepts":[],"verbalizationExplicit":"Maximize the number of selection","isConstraint":false,"isSetting":false,"id":"cMaximizeSelections","verbalization":"Maximize the number of Candidates selections","uniqueId":"701c1032-af40-4508-aab0-299b80ce68a5","associatedProperties":[],"canBeDuplicated":true},{"template":{"@class":"prescriptive.model.impl.ConstraintTemplateI","id":"cNoAssignmentForItem"},"canBeRelaxed":true,"canBeDeleted":true,"@class":"prescriptive.model.impl.ConstraintTemplateInstanceI","verbalizationWithAnnotation":"No selection of Candidates","topics":["cSelectFilterTopic"],"concept":{"@class":"prescriptive.model.impl.ConstraintTemplateI","id":"cNoAssignmentForItem"},"query":null,"description":"Force no selection of items (with an optional condition).","label":"cNoAssignmentForItem","previous-relaxed":false,"elicitedBindings":["java.util.ArrayList",[{"@class":"prescriptive.model.impl.PropertyBindingI","bindingExpr":{"@class":"semantic.path.impl.PathI","pathElements":[{"@class":"semantic.path.impl.PathConceptI","concept":{"@class":"decision.impl.DecisionConceptI","id":"cSelection[Candidates]"}}]},"property":{"@class":"semantic.model.impl.ObjectPropertyI","domain":"cNoAssignmentForItem","id":"cNoAssignmentForItem.selection"}}]],"relaxed":false,"associatedConcepts":[],"verbalizationExplicit":"No selection of Candidates","isConstraint":true,"isSetting":false,"id":"cNoAssignmentForItem","verbalization":"No selection of Candidates","uniqueId":"2852292b-93e3-4503-b149-d29cdb1f7211","associatedProperties":[],"canBeDuplicated":true},{"template":{"@class":"prescriptive.model.impl.ConstraintTemplateI","id":"cGroupSelectionConstraint"},"canBeRelaxed":true,"canBeDeleted":true,"@class":"prescriptive.model.impl.ConstraintTemplateInstanceI","verbalizationWithAnnotation":"A {\"element\": \"cGroupSelectionConstraint.itemSelection\", \"variable\": \"1:0\", \"textEdit\": \"true\", \"selectable\": \"true\",\"choices\":[{\"value\":{\"@class\":\"semantic.path.impl.TbdPathFilter\"}, \"verb\":\"<Add a condition>\"}, {\"value\":{\"@class\":\"semantic.path.impl.PathI\",\"pathElements\":[{\"@class\":\"semantic.path.impl.PathConceptI\",\"concept\":{\"@class\":\"decision.impl.DecisionConceptI\",\"id\":\"cSelection[Candidates]\"}}]}, \"verb\":\"Candidates selection\"}],\"value\": \"Candidates selection\"} implies the selection of all other Candidates with the same {\"element\": \"cGroupSelectionConstraint.itemGroup\", \"variable\": \"2:0\", \"textEdit\": \"true\", \"selectable\": \"true\",\"choices\":[{\"value\":\"__TOBEMAPPED__\", \"verb\":\"Candidates group\"}],\"value\": \"Candidates group\"}","topics":["cTopicOther"],"concept":{"@class":"prescriptive.model.impl.ConstraintTemplateI","id":"cGroupSelectionConstraint"},"query":null,"description":"An item can be selected only if all items associated to its group are selected.","label":"cGroupSelectionConstraint","previous-relaxed":false,"elicitedBindings":["java.util.ArrayList",[{"@class":"prescriptive.model.impl.PropertyBindingI","bindingExpr":{"@class":"semantic.path.impl.PathI","pathElements":[{"@class":"semantic.path.impl.PathConceptI","concept":{"@class":"decision.impl.DecisionConceptI","id":"cSelection[Candidates]"}}]},"property":{"@class":"semantic.model.impl.ObjectPropertyI","domain":"cGroupSelectionConstraint","id":"cGroupSelectionConstraint.itemSelection"}},{"@class":"prescriptive.model.impl.PropertyBindingI","bindingExpr":{"@class":"semantic.path.impl.TbdPath","definedProperty":{"@class":"semantic.model.impl.ObjectPropertyI","domain":"cGroupSelectionConstraint","id":"cGroupSelectionConstraint.itemGroup"},"definedConcept":{"@class":"prescriptive.model.impl.ConstraintTemplateI","id":"cGroupSelectionConstraint"}},"property":{"@class":"semantic.model.impl.ObjectPropertyI","domain":"cGroupSelectionConstraint","id":"cGroupSelectionConstraint.itemGroup"}}]],"relaxed":false,"associatedConcepts":[],"verbalizationExplicit":"A selection implies the selection of all other Candidates with the same Candidates group","isConstraint":true,"isSetting":false,"id":"cGroupSelectionConstraint","verbalization":"A Candidates selection implies the selection of all other Candidates with the same Candidates group","uniqueId":"8a1cb5f0-122a-4719-ac9e-797bd363006b","associatedProperties":[],"canBeDuplicated":true},{"template":{"@class":"prescriptive.model.impl.ConstraintTemplateI","id":"cGlobalRelationalConstraint"},"canBeRelaxed":true,"canBeDeleted":true,"@class":"prescriptive.model.impl.ConstraintTemplateInstanceI","verbalizationWithAnnotation":"{\"element\": \"cRelationalConstraint.leftNumeric\", \"variable\": \"1:0\", \"textEdit\": \"true\", \"selectable\": \"true\",\"choices\":[{\"value\":\"__TOBEMAPPED__\", \"verb\":\"an expression\"}],\"value\": \"an expression\"} {\"element\": \"cRelationalConstraint.relationalOperator\", \"variable\": \"2:0\", \"textEdit\": \"false\", \"selectable\": \"true\",\"choices\":[{\"value\":{\"@class\":\"semantic.numeric.impl.RelationalOperatorI\",\"value\":\"LESS_THAN\"}, \"verb\":\"is less than\"}],\"value\": \"is less than\"} {\"element\": \"cRelationalConstraint.rightNumeric\", \"variable\": \"3:0\", \"textEdit\": \"true\", \"selectable\": \"true\",\"choices\":[{\"value\":\"__TOBEMAPPED__\", \"verb\":\"an expression\"}],\"value\": \"an expression\"}","topics":["cTopicOther"],"concept":{"@class":"prescriptive.model.impl.ConstraintTemplateI","id":"cGlobalRelationalConstraint"},"query":null,"description":"Global linear constraint comparing two numerical expressions.","label":"cGlobalRelationalConstraint","previous-relaxed":false,"elicitedBindings":["java.util.ArrayList",[{"@class":"prescriptive.model.impl.PropertyBindingI","bindingExpr":{"@class":"prescriptive.model.impl.TbdNumericExpr","definedProperty":{"@class":"semantic.model.impl.ObjectPropertyI","domain":"cRelationalConstraint","id":"cRelationalConstraint.leftNumeric"},"definedConcept":{"@class":"prescriptive.model.impl.ConstraintTemplateI","id":"cGlobalRelationalConstraint"},"semanticDatatypeId":"numeric"},"property":{"@class":"semantic.model.impl.ObjectPropertyI","domain":"cRelationalConstraint","id":"cRelationalConstraint.leftNumeric"}},{"@class":"prescriptive.model.impl.PropertyBindingI","bindingExpr":{"@class":"semantic.numeric.impl.RelationalOperatorI","value":"LESS_THAN"},"property":{"@class":"semantic.model.impl.ObjectPropertyI","domain":"cRelationalConstraint","id":"cRelationalConstraint.relationalOperator"}},{"@class":"prescriptive.model.impl.PropertyBindingI","bindingExpr":{"@class":"prescriptive.model.impl.TbdNumericExpr","definedProperty":{"@class":"semantic.model.impl.ObjectPropertyI","domain":"cRelationalConstraint","id":"cRelationalConstraint.rightNumeric"},"definedConcept":{"@class":"prescriptive.model.impl.ConstraintTemplateI","id":"cGlobalRelationalConstraint"},"semanticDatatypeId":"numeric"},"property":{"@class":"semantic.model.impl.ObjectPropertyI","domain":"cRelationalConstraint","id":"cRelationalConstraint.rightNumeric"}}]],"relaxed":false,"associatedConcepts":[],"verbalizationExplicit":"Ensure that an expression is less than an expression","isConstraint":true,"isSetting":false,"id":"cGlobalRelationalConstraint","verbalization":"an expression is less than an expression","uniqueId":"bfbfd65e-5395-4353-8594-4880e84d3d14","associatedProperties":[],"canBeDuplicated":true},{"template":{"@class":"prescriptive.model.impl.GoalTemplateI","id":"cMaximizeGoalSelect"},"canBeRelaxed":true,"canBeDeleted":true,"@class":"prescriptive.model.impl.GoalTemplateInstanceI","verbalizationWithAnnotation":"Maximize {\"element\": \"cSingleCriterionGoal.numericExpr\", \"variable\": \"1:0\", \"textEdit\": \"true\", \"selectable\": \"true\",\"choices\":[{\"value\":\"__TOBEMAPPED__\", \"verb\":\"an expression\"}],\"value\": \"an expression\"}","topics":["cSelectGoalTopic"],"concept":{"@class":"prescriptive.model.impl.GoalTemplateI","id":"cMaximizeGoalSelect"},"query":null,"description":"Maximize this numerical expression. Define your own expression to be maximized.","label":"cMaximizeGoalSelect","previous-relaxed":false,"elicitedBindings":["java.util.ArrayList",[{"@class":"prescriptive.model.impl.PropertyBindingI","bindingExpr":{"@class":"prescriptive.model.impl.TbdNumericExpr","definedProperty":{"@class":"semantic.model.impl.ObjectPropertyI","domain":"cSingleCriterionGoal","id":"cSingleCriterionGoal.numericExpr"},"definedConcept":{"@class":"prescriptive.model.impl.GoalTemplateI","id":"cMaximizeGoalSelect"},"semanticDatatypeId":"numeric"},"property":{"@class":"semantic.model.impl.ObjectPropertyI","domain":"cSingleCriterionGoal","id":"cSingleCriterionGoal.numericExpr"}},{"@class":"prescriptive.model.impl.PropertyBindingI","bindingExpr":{"@class":"semantic.numeric.NumericLiteral$Integer","value":1},"property":{"@class":"semantic.model.impl.ObjectPropertyI","domain":"cScaledGoal","id":"cScaledGoal.scaleFactorExpr"}}]],"relaxed":false,"associatedConcepts":[],"verbalizationExplicit":"Maximize an expression","isConstraint":false,"isSetting":false,"id":"cMaximizeGoalSelect","verbalization":"Maximize an expression","uniqueId":"7af96247-23a3-4fe1-9e15-b58c4f1bd0a1","associatedProperties":[],"canBeDuplicated":true},{"template":{"@class":"prescriptive.model.impl.GoalTemplateI","id":"cMinimizeGoalSelect"},"canBeRelaxed":true,"canBeDeleted":true,"@class":"prescriptive.model.impl.GoalTemplateInstanceI","verbalizationWithAnnotation":"Minimize {\"element\": \"cSingleCriterionGoal.numericExpr\", \"variable\": \"1:0\", \"textEdit\": \"true\", \"selectable\": \"true\",\"choices\":[{\"value\":\"__TOBEMAPPED__\", \"verb\":\"an expression\"}],\"value\": \"an expression\"}","topics":["cSelectGoalTopic"],"concept":{"@class":"prescriptive.model.impl.GoalTemplateI","id":"cMinimizeGoalSelect"},"query":null,"description":"Minimize this numerical expression. Define your own expression to be minimized.","label":"cMinimizeGoalSelect","previous-relaxed":false,"elicitedBindings":["java.util.ArrayList",[{"@class":"prescriptive.model.impl.PropertyBindingI","bindingExpr":{"@class":"prescriptive.model.impl.TbdNumericExpr","definedProperty":{"@class":"semantic.model.impl.ObjectPropertyI","domain":"cSingleCriterionGoal","id":"cSingleCriterionGoal.numericExpr"},"definedConcept":{"@class":"prescriptive.model.impl.GoalTemplateI","id":"cMinimizeGoalSelect"},"semanticDatatypeId":"numeric"},"property":{"@class":"semantic.model.impl.ObjectPropertyI","domain":"cSingleCriterionGoal","id":"cSingleCriterionGoal.numericExpr"}},{"@class":"prescriptive.model.impl.PropertyBindingI","bindingExpr":{"@class":"semantic.numeric.NumericLiteral$Integer","value":1},"property":{"@class":"semantic.model.impl.ObjectPropertyI","domain":"cScaledGoal","id":"cScaledGoal.scaleFactorExpr"}}]],"relaxed":false,"associatedConcepts":[],"verbalizationExplicit":"Minimize an expression","isConstraint":false,"isSetting":false,"id":"cMinimizeGoalSelect","verbalization":"Minimize an expression","uniqueId":"2422f252-606c-40a8-a9e1-bcc254e6d6a5","associatedProperties":[],"canBeDuplicated":true}],"guidedRuleTopics":["Allocation","Filtering","Objectives","Selection","constraint","goal","objectives"],"updatedOptimModels":null,"isShowingCategories":false,"domainVersion":"1.2","editors":"florence.varignier@fr.ibm.com","inAlert":false,"vocabularyDefinitionsTopics":[],"goals":[{"template":{"@class":"prescriptive.model.impl.GoalTemplateI","id":"cMaximizeGoalSelect"},"verbalizationWithAnnotation":"Maximize {\"element\": \"cSingleCriterionGoal.numericExpr\", \"variable\": \"1:0\", \"textEdit\": \"true\", \"selectable\": \"true\",\"choices\":[{\"value\":{\"@class\":\"semantic.path.impl.TbdPathFilter\"}, \"verb\":\"<Add a condition>\"}, {\"value\":{\"@class\":\"semantic.numeric.impl.NumericPathI\",\"pathElements\":[{\"@class\":\"semantic.path.impl.PathConceptI\",\"concept\":{\"@class\":\"decision.impl.DecisionConceptI\",\"id\":\"cSelection[Candidates]\"}},{\"@class\":\"semantic.path.impl.PathPropertyI\",\"property\":{\"@class\":\"semantic.model.impl.ObjectPropertyI\",\"domain\":\"cSelection[Candidates]\",\"id\":\"cSelection[Candidates].Candidates\"}},{\"@class\":\"semantic.path.impl.PathPropertyI\",\"property\":{\"@class\":\"semantic.model.impl.DataPropertyI\",\"domain\":\"Candidates\",\"id\":\"Candidates.expected value\"}}],\"functor\":{\"@class\":\"semantic.numeric.impl.NumericAggregatorI\",\"value\":\"SUM\"}}, \"verb\":\"total expected value of Candidates over all selections\"}],\"value\": \"total expected value of Candidates over all selections\"}","concept":{"@class":"prescriptive.model.impl.GoalTemplateI","id":"cMaximizeGoalSelect"},"description":"Maximize this numerical expression. Define your own expression to be maximized.","previous-relaxed":false,"relaxed":false,"verbalizationExplicit":"Maximize total expected value of Candidates of selection","isSetting":false,"id":"cMaximizeGoalSelect","verbalization":"Maximize total expected value of Candidates over all selections","canBeRelaxed":true,"canBeDeleted":true,"associatedDefinitions":["cMaximizeGoalSelect.scaleFactorExpr"],"@class":"prescriptive.model.impl.GoalTemplateInstanceI","topics":["cSelectGoalTopic"],"query":"Maximize total expected value of Candidates over all selections","weight":5.0,"label":"cMaximizeGoalSelect","elicitedBindings":["java.util.ArrayList",[{"@class":"prescriptive.model.impl.PropertyBindingI","bindingExpr":{"@class":"semantic.numeric.impl.NumericPathI","pathElements":[{"@class":"semantic.path.impl.PathConceptI","concept":{"@class":"decision.impl.DecisionConceptI","id":"cSelection[Candidates]"}},{"@class":"semantic.path.impl.PathPropertyI","property":{"@class":"semantic.model.impl.ObjectPropertyI","domain":"cSelection[Candidates]","id":"cSelection[Candidates].Candidates"}},{"@class":"semantic.path.impl.PathPropertyI","property":{"@class":"semantic.model.impl.DataPropertyI","domain":"Candidates","id":"Candidates.expected value"}}],"functor":{"@class":"semantic.numeric.impl.NumericAggregatorI","value":"SUM"}},"property":{"@class":"semantic.model.impl.ObjectPropertyI","domain":"cSingleCriterionGoal","id":"cSingleCriterionGoal.numericExpr"}},{"@class":"prescriptive.model.impl.PropertyBindingI","bindingExpr":{"@class":"semantic.numeric.NumericLiteral$Integer","value":1},"property":{"@class":"semantic.model.impl.ObjectPropertyI","domain":"cScaledGoal","id":"cScaledGoal.scaleFactorExpr"}}]],"associatedConcepts":["Candidates","cSelection[Candidates]"],"isConstraint":false,"previous-weight":5.0,"uniqueId":"0380d8f3-51da-411c-a466-7f0ac326486d","associatedProperties":["Candidates.expected value","cSelection[Candidates].Candidates"],"canBeDuplicated":true}],"settings":[{"template":{"@class":"prescriptive.model.impl.SettingTemplateI","id":"cCustomDateFormatSetting"},"canBeRelaxed":false,"canBeDeleted":false,"@class":"prescriptive.model.impl.SettingTemplateInstanceI","verbalizationWithAnnotation":"Custom date\/time format is {\"element\": \"cCustomDateFormatSetting.customDateFormat\", \"variable\": \"1:0\", \"textEdit\": \"true\", \"selectable\": \"true\",\"choices\":[{\"value\":{\"@class\":\"semantic.path.impl.StringLiteral\",\"value\":\"yyyy\\\/MM\\\/dd HH:mm:ss\"}, \"verb\":\"yyyy\\\/MM\\\/dd HH:mm:ss\"}],\"value\": \"yyyy\\\/MM\\\/dd HH:mm:ss\"} (see Java SimpleDateFormat for details)","topics":["cTopicOther"],"concept":{"@class":"prescriptive.model.impl.SettingTemplateI","id":"cCustomDateFormatSetting"},"query":null,"description":"Add a custom date\/timestamp format","label":"cCustomDateFormatSetting","previous-relaxed":false,"elicitedBindings":["java.util.ArrayList",[{"@class":"prescriptive.model.impl.PropertyBindingI","bindingExpr":{"@class":"semantic.path.impl.StringLiteral","value":"yyyy\/MM\/dd HH:mm:ss"},"property":{"@class":"semantic.model.impl.DataPropertyI","domain":"cCustomDateFormatSetting","id":"cCustomDateFormatSetting.customDateFormat"}}]],"relaxed":false,"associatedConcepts":[],"verbalizationExplicit":"Custom date\/time format is yyyy\/MM\/dd HH:mm:ss (see Java SimpleDateFormat for details)","isConstraint":false,"isSetting":true,"id":"cCustomDateFormatSetting","verbalization":"Custom date\/time format is yyyy\/MM\/dd HH:mm:ss (see Java SimpleDateFormat for details)","uniqueId":"12f0a863-a9ee-4eca-a2b6-9cf34329b363","associatedProperties":[],"canBeDuplicated":false},{"template":{"@class":"prescriptive.model.impl.SettingTemplateI","id":"cDefaultDurationSetting"},"canBeRelaxed":false,"canBeDeleted":false,"@class":"prescriptive.model.impl.SettingTemplateInstanceI","verbalizationWithAnnotation":"Default duration unit is {\"element\": \"cDefaultDurationSetting.defaultDurationUnit\", \"variable\": \"1:0\", \"textEdit\": \"false\", \"selectable\": \"true\",\"choices\":[{\"value\":{\"@class\":\"semantic.model.impl.DurationUnitI\",\"value\":\"DAYS\"}, \"verb\":\"days\"}, {\"value\":{\"@class\":\"semantic.model.impl.DurationUnitI\",\"annotations\":[\"java.util.LinkedList\",[{\"@class\":\"semantic.path.impl.SimpleAnnotation\",\"typeName\":\"VAR\",\"identifiableName\":\"cDefaultDurationSetting.defaultDurationUnit\",\"value\":\"1:0\"}]],\"value\":\"DEFAULT_DURATION_UNIT\"}, \"verb\":\"default duration unit\"}, {\"value\":{\"@class\":\"semantic.model.impl.DurationUnitI\",\"annotations\":[\"java.util.LinkedList\",[{\"@class\":\"semantic.path.impl.SimpleAnnotation\",\"typeName\":\"VAR\",\"identifiableName\":\"cDefaultDurationSetting.defaultDurationUnit\",\"value\":\"1:0\"}]],\"value\":\"SECONDS\"}, \"verb\":\"seconds\"}, {\"value\":{\"@class\":\"semantic.model.impl.DurationUnitI\",\"annotations\":[\"java.util.LinkedList\",[{\"@class\":\"semantic.path.impl.SimpleAnnotation\",\"typeName\":\"VAR\",\"identifiableName\":\"cDefaultDurationSetting.defaultDurationUnit\",\"value\":\"1:0\"}]],\"value\":\"MINUTES\"}, \"verb\":\"minutes\"}, {\"value\":{\"@class\":\"semantic.model.impl.DurationUnitI\",\"annotations\":[\"java.util.LinkedList\",[{\"@class\":\"semantic.path.impl.SimpleAnnotation\",\"typeName\":\"VAR\",\"identifiableName\":\"cDefaultDurationSetting.defaultDurationUnit\",\"value\":\"1:0\"}]],\"value\":\"HOURS\"}, \"verb\":\"hours\"}, {\"value\":{\"@class\":\"semantic.model.impl.DurationUnitI\",\"annotations\":[\"java.util.LinkedList\",[{\"@class\":\"semantic.path.impl.SimpleAnnotation\",\"typeName\":\"VAR\",\"identifiableName\":\"cDefaultDurationSetting.defaultDurationUnit\",\"value\":\"1:0\"}]],\"value\":\"WEEKS\"}, \"verb\":\"weeks\"}],\"value\": \"days\"}","topics":["cTopicOther"],"concept":{"@class":"prescriptive.model.impl.SettingTemplateI","id":"cDefaultDurationSetting"},"query":null,"description":"Add default duration unit","label":"cDefaultDurationSetting","previous-relaxed":false,"elicitedBindings":["java.util.ArrayList",[{"@class":"prescriptive.model.impl.PropertyBindingI","bindingExpr":{"@class":"semantic.model.impl.DurationUnitI","value":"DAYS"},"property":{"@class":"semantic.model.impl.ObjectPropertyI","domain":"cDefaultDurationSetting","id":"cDefaultDurationSetting.defaultDurationUnit"}}]],"relaxed":false,"associatedConcepts":[],"verbalizationExplicit":"Default duration unit is days","isConstraint":false,"isSetting":true,"id":"cDefaultDurationSetting","verbalization":"Default duration unit is days","uniqueId":"5eeaa3b4-e3bb-41d4-9f24-52e38daa6738","associatedProperties":[],"canBeDuplicated":false},{"template":{"@class":"prescriptive.model.impl.SettingTemplateI","id":"cTimeLimitSetting"},"canBeRelaxed":false,"canBeDeleted":false,"@class":"prescriptive.model.impl.SettingTemplateInstanceI","verbalizationWithAnnotation":"Maximum time spent to solve the problem is {\"element\": \"cTimeLimitSetting.timeLimit\", \"variable\": \"1:0\", \"textEdit\": \"true\", \"selectable\": \"true\",\"choices\":[{\"value\":{\"@class\":\"semantic.numeric.NumericLiteral$Integer\",\"value\":120}, \"verb\":\"120\"}],\"value\": \"120\"} seconds","topics":["cTopicOther"],"concept":{"@class":"prescriptive.model.impl.SettingTemplateI","id":"cTimeLimitSetting"},"query":null,"description":"Add time limit for optimization run","label":"cTimeLimitSetting","previous-relaxed":false,"elicitedBindings":["java.util.ArrayList",[{"@class":"prescriptive.model.impl.PropertyBindingI","bindingExpr":{"@class":"semantic.numeric.NumericLiteral$Integer","value":120},"property":{"@class":"semantic.model.impl.ObjectPropertyI","domain":"cTimeLimitSetting","id":"cTimeLimitSetting.timeLimit"}}]],"relaxed":false,"associatedConcepts":[],"verbalizationExplicit":"Maximum time spent to solve the problem is 120 seconds","isConstraint":false,"isSetting":true,"id":"cTimeLimitSetting","verbalization":"Maximum time spent to solve the problem is 120 seconds","uniqueId":"2feb9c6b-4d06-4c1b-a52a-01c28992f163","associatedProperties":[],"canBeDuplicated":false},{"template":{"@class":"prescriptive.model.impl.SettingTemplateI","id":"cNumericPrecisionSetting"},"canBeRelaxed":false,"canBeDeleted":false,"@class":"prescriptive.model.impl.SettingTemplateInstanceI","verbalizationWithAnnotation":"Numeric precision is {\"element\": \"cNumericPrecisionSetting.precision\", \"variable\": \"1:0\", \"textEdit\": \"true\", \"selectable\": \"true\",\"choices\":[{\"value\":{\"@class\":\"semantic.numeric.NumericLiteral$Integer\",\"value\":2}, \"verb\":\"2\"}],\"value\": \"2\"} digit(s)","topics":["cTopicOther"],"concept":{"@class":"prescriptive.model.impl.SettingTemplateI","id":"cNumericPrecisionSetting"},"query":null,"description":"Set numeric precision for double in solutions","label":"cNumericPrecisionSetting","previous-relaxed":false,"elicitedBindings":["java.util.ArrayList",[{"@class":"prescriptive.model.impl.PropertyBindingI","bindingExpr":{"@class":"semantic.numeric.NumericLiteral$Integer","value":2},"property":{"@class":"semantic.model.impl.ObjectPropertyI","domain":"cNumericPrecisionSetting","id":"cNumericPrecisionSetting.precision"}}]],"relaxed":false,"associatedConcepts":[],"verbalizationExplicit":"Numeric precision is 2 digit(s)","isConstraint":false,"isSetting":true,"id":"cNumericPrecisionSetting","verbalization":"Numeric precision is 2 digit(s)","uniqueId":"39a8b1d4-3003-4b91-a149-9a7d7025a8ba","associatedProperties":[],"canBeDuplicated":false},{"template":{"@class":"prescriptive.model.impl.SettingTemplateI","id":"cUseExplicitVerbalizationSetting"},"canBeRelaxed":false,"canBeDeleted":false,"@class":"prescriptive.model.impl.SettingTemplateInstanceI","verbalizationWithAnnotation":"Use detailed verbalization for data path in rules: {\"element\": \"cUseExplicitVerbalizationSetting.useExplicit\", \"variable\": \"1:0\", \"textEdit\": \"true\", \"selectable\": \"true\",\"choices\":[{\"value\":{\"unit\":null,\"@class\":\"semantic.numeric.NumericLiteral$Boolean\",\"value\":false}, \"verb\":\"false\"}, {\"value\":{\"unit\":null,\"@class\":\"semantic.numeric.NumericLiteral$Boolean\",\"annotations\":[\"java.util.LinkedList\",[{\"@class\":\"semantic.path.impl.SimpleAnnotation\",\"typeName\":\"VAR\",\"identifiableName\":\"cUseExplicitVerbalizationSetting.useExplicit\",\"value\":\"1:0\"}]],\"value\":true}, \"verb\":\"true\"}],\"value\": \"false\"}","topics":["cTopicOther"],"concept":{"@class":"prescriptive.model.impl.SettingTemplateI","id":"cUseExplicitVerbalizationSetting"},"query":null,"description":"Use explicit Verbalization","label":"cUseExplicitVerbalizationSetting","previous-relaxed":false,"elicitedBindings":["java.util.ArrayList",[{"@class":"prescriptive.model.impl.PropertyBindingI","bindingExpr":{"unit":null,"@class":"semantic.numeric.NumericLiteral$Boolean","value":false},"property":{"@class":"semantic.model.impl.DataPropertyI","domain":"cUseExplicitVerbalizationSetting","id":"cUseExplicitVerbalizationSetting.useExplicit"}}]],"relaxed":false,"associatedConcepts":[],"verbalizationExplicit":"Use detailed verbalization for data path in rules: false","isConstraint":false,"isSetting":true,"id":"cUseExplicitVerbalizationSetting","verbalization":"Use detailed verbalization for data path in rules: false","uniqueId":"535ca5c9-b850-4ff7-b79e-a0599c53f255","associatedProperties":[],"canBeDuplicated":false}],"isEditableIntent":true,"sessionKey":"b69fed74-bb96-4d08-bbbd-c9dbf7464ac7\/MarketingCampaignAssignment\/scenario 4 selection-florence.varignier@fr.ibm.com","constraintsTopics":["cSelectionTopic","cTopicOther"],"sessionName":"scenario 4 selection","statementQuery":"","intent":"{\"template\":{\"@class\":\"prescriptive.model.impl.IntentTemplateI\",\"id\":\"cSelectQuestion\"},\"verbalizationExplicitWithAnnotation\":\"Select {\\\"element\\\": \\\"cSelectQuestion.item\\\", \\\"variable\\\": \\\"1:0\\\", \\\"textEdit\\\": \\\"true\\\", \\\"selectable\\\": \\\"true\\\",\\\"choices\\\":[{\\\"value\\\":{\\\"@class\\\":\\\"semantic.path.impl.TbdPathFilter\\\"}, \\\"verb\\\":\\\"<Add a condition>\\\"}, {\\\"value\\\":{\\\"@class\\\":\\\"semantic.path.impl.PathI\\\",\\\"pathElements\\\":[{\\\"@class\\\":\\\"semantic.path.impl.PathConceptI\\\",\\\"concept\\\":{\\\"@class\\\":\\\"semantic.model.impl.BusinessConceptI\\\",\\\"id\\\":\\\"Candidates\\\"}}]}, \\\"verb\\\":\\\"Candidates\\\"}],\\\"value\\\": \\\"Candidates\\\"}\",\"@class\":\"prescriptive.model.impl.IntentTemplateInstanceI\",\"verbalizationWithAnnotation\":\"Select {\\\"element\\\": \\\"cSelectQuestion.item\\\", \\\"variable\\\": \\\"1:0\\\", \\\"textEdit\\\": \\\"true\\\", \\\"selectable\\\": \\\"true\\\",\\\"choices\\\":[{\\\"value\\\":{\\\"@class\\\":\\\"semantic.path.impl.TbdPathFilter\\\"}, \\\"verb\\\":\\\"<Add a condition>\\\"}, {\\\"value\\\":{\\\"@class\\\":\\\"semantic.path.impl.PathI\\\",\\\"pathElements\\\":[{\\\"@class\\\":\\\"semantic.path.impl.PathConceptI\\\",\\\"concept\\\":{\\\"@class\\\":\\\"semantic.model.impl.BusinessConceptI\\\",\\\"id\\\":\\\"Candidates\\\"}}]}, \\\"verb\\\":\\\"Candidates\\\"}, {\\\"value\\\":{\\\"@class\\\":\\\"semantic.path.impl.PathI\\\",\\\"pathElements\\\":[{\\\"@class\\\":\\\"semantic.path.impl.PathConceptI\\\",\\\"concept\\\":{\\\"@class\\\":\\\"semantic.model.impl.BusinessConceptI\\\",\\\"id\\\":\\\"Campaign\\\"}}],\\\"annotations\\\":[\\\"java.util.LinkedList\\\",[{\\\"@class\\\":\\\"semantic.path.impl.SimpleAnnotation\\\",\\\"typeName\\\":\\\"SINGULAR\\\",\\\"identifiableName\\\":\\\"cSelectQuestion\\\",\\\"value\\\":\\\"false\\\"},{\\\"@class\\\":\\\"semantic.path.impl.SimpleAnnotation\\\",\\\"typeName\\\":\\\"VAR\\\",\\\"identifiableName\\\":\\\"cSelectQuestion.item\\\",\\\"value\\\":\\\"1:0\\\"}]]}, \\\"verb\\\":\\\"Campaigns\\\"}, {\\\"value\\\":{\\\"@class\\\":\\\"semantic.path.impl.PathI\\\",\\\"pathElements\\\":[{\\\"@class\\\":\\\"semantic.path.impl.PathConceptI\\\",\\\"concept\\\":{\\\"@class\\\":\\\"semantic.model.impl.BusinessConceptI\\\",\\\"id\\\":\\\"Customer\\\"}}],\\\"annotations\\\":[\\\"java.util.LinkedList\\\",[{\\\"@class\\\":\\\"semantic.path.impl.SimpleAnnotation\\\",\\\"typeName\\\":\\\"SINGULAR\\\",\\\"identifiableName\\\":\\\"cSelectQuestion\\\",\\\"value\\\":\\\"false\\\"},{\\\"@class\\\":\\\"semantic.path.impl.SimpleAnnotation\\\",\\\"typeName\\\":\\\"VAR\\\",\\\"identifiableName\\\":\\\"cSelectQuestion.item\\\",\\\"value\\\":\\\"1:0\\\"}]]}, \\\"verb\\\":\\\"Customers\\\"}],\\\"value\\\": \\\"Candidates\\\"}\",\"concept\":{\"@class\":\"prescriptive.model.impl.IntentTemplateI\",\"id\":\"cSelectQuestion\"},\"query\":null,\"description\":\"For example, with this option, if you have a list of financial products, the solution will decide the best quantity to allocate to each selected product.\\n\\nWithout this option, the solution will just select the best financial products.\",\"label\":\"cSelectQuestion\",\"elicitedBindings\":[\"java.util.ArrayList\",[{\"@class\":\"prescriptive.model.impl.PropertyBindingI\",\"bindingExpr\":{\"@class\":\"semantic.path.impl.PathI\",\"pathElements\":[{\"@class\":\"semantic.path.impl.PathConceptI\",\"concept\":{\"@class\":\"semantic.model.impl.BusinessConceptI\",\"id\":\"Candidates\"}}]},\"property\":{\"@class\":\"semantic.model.impl.ObjectPropertyI\",\"domain\":\"cSelectQuestion\",\"id\":\"cSelectQuestion.item\"}}]],\"relaxed\":false,\"verbalizationExplicit\":\"Select Candidates\",\"domain\":\"Select\",\"id\":\"cSelectQuestion\",\"verbalization\":\"Select Candidates\",\"uniqueId\":\"c4ca4238-a0b9-3382-8dcc-509a6f75849b\"}","defaultDurationUnit":"days","timeLimit":-1,"alerts":[],"lastVerbalizationTime":1557233864540,"allTopics_flat":[{"verbalizationExplicit":"Objectives","id":"cSelectGoalTopic","verbalization":"Objectives"},{"verbalizationExplicit":"Filtering","id":"cSelectFilterTopic","verbalization":"Filtering"},{"verbalizationExplicit":"Others","isOthers":true,"id":"cTopicOther","verbalization":"Others"}],"scenarioUSER":"florence.varignier@fr.ibm.com","build":"1.0-ws_cloud-b90","domainName":"Select","domain":"Select","customDateFormat":"yyyy\/MM\/dd HH:mm:ss","user":"florence.varignier@fr.ibm.com","kpis":[]}