{"creationTime":1651064027039,"lastModificationTime":1651064027039,"state":"TERMINATED","solveConfig":{"containerId":"ScenarioWithLPFile","solveParameters":{}},"jobDetails":{"id":"4505aaab-11c4-4006-a379-36f09ee7867e","createdAt":1648644823466,"startedAt":1648644923675,"endedAt":1648644926615,"submittedAt":1648644823466,"details":{"MODEL_DETAIL_BOOLEAN_VARS":"0","MODEL_DETAIL_CONSTRAINTS":"2","MODEL_DETAIL_CONTINUOUS_VARS":"0","MODEL_DETAIL_INTEGER_VARS":"2","MODEL_DETAIL_KPIS":"[]","MODEL_DETAIL_NONZEROS":"3","MODEL_DETAIL_OBJECTIVE_SENSE":"minimize","MODEL_DETAIL_TYPE":"MILP","PROGRESS_BEST_OBJECTIVE":"100.0","PROGRESS_BEST_OBJECTIVE.history":"[[1648644926.06, 100.0]]","PROGRESS_CURRENT_OBJECTIVE":"100.0","PROGRESS_CURRENT_OBJECTIVE.history":"[[1648644926.06, 100.0]]","PROGRESS_GAP":"0.0","PROGRESS_GAP.history":"[[1648644926.06, 0.0]]","STAT.cplex.modelType":"MILP","STAT.cplex.size.booleanVariables":"0","STAT.cplex.size.constraints":"2","STAT.cplex.size.continousVariables":"0","STAT.cplex.size.integerVariables":"2","STAT.cplex.size.linearConstraints":"2","STAT.cplex.size.quadraticConstraints":"0","STAT.cplex.size.variables":"2","STAT.job.coresCount":"1","STAT.job.inputsReadMs":"1486","STAT.job.memoryPeakKB":"109804","STAT.job.modelProcessingMs":"663","STAT.job.outputsWriteMs":"290"},"executionStatus":"PROCESSED","solveStatus":"OPTIMAL_SOLUTION","logTail":["[2022-03-30T12:55:25Z, WARNING] Support for Python 3.9 is now enabled with pandas 1.3 libraries.","[2022-03-30T12:55:26Z, INFO] Model: diet1","[2022-03-30T12:55:26Z, INFO]  - number of variables: 2","[2022-03-30T12:55:26Z, INFO]    - binary=0, integer=2, continuous=0","[2022-03-30T12:55:26Z, INFO]  - number of constraints: 2","[2022-03-30T12:55:26Z, INFO]    - linear=2","[2022-03-30T12:55:26Z, INFO]  - parameters: defaults","[2022-03-30T12:55:26Z, INFO]  - objective: minimize","[2022-03-30T12:55:26Z, INFO]  - problem type is: MILP","[2022-03-30T12:55:26Z, INFO] WARNING: Number of workers has been reduced to 1 to comply with platform limitations.","[2022-03-30T12:55:26Z, INFO] Version identifier: 20.1.0.1 | 2021-12-07 | 9dfdf6686","[2022-03-30T12:55:26Z, INFO] CPXPARAM_Read_DataCheck                          1","[2022-03-30T12:55:26Z, INFO] CPXPARAM_Threads                                 1","[2022-03-30T12:55:26Z, INFO] Legacy callback                                  i","[2022-03-30T12:55:26Z, INFO] 1 of 1 MIP starts provided solutions.","[2022-03-30T12:55:26Z, INFO] MIP start 'm1' defined initial solution with objective 100.0000.","[2022-03-30T12:55:26Z, INFO] Tried aggregator 1 time.","[2022-03-30T12:55:26Z, INFO] MIP Presolve eliminated 2 rows and 2 columns.","[2022-03-30T12:55:26Z, INFO] All rows and columns eliminated.","[2022-03-30T12:55:26Z, INFO] Presolve time = 0.00 sec. (0.00 ticks)","[2022-03-30T12:55:26Z, INFO] ","[2022-03-30T12:55:26Z, INFO] Root node processing (before b&c):","[2022-03-30T12:55:26Z, INFO]   Real time             =    0.00 sec. (0.00 ticks)","[2022-03-30T12:55:26Z, INFO] Sequential b&c:","[2022-03-30T12:55:26Z, INFO]   Real time             =    0.00 sec. (0.00 ticks)","[2022-03-30T12:55:26Z, INFO]                           ------------","[2022-03-30T12:55:26Z, INFO] Total (root+branch&cut) =    0.00 sec. (0.00 ticks)","[2022-03-30T12:55:26Z, INFO] status: integer optimal solution","[2022-03-30T12:55:26Z, INFO] obj val: 100.0","[2022-03-30T12:55:26Z, INFO] solution.csv"]},"runtimeDetails":{"state":"STARTED"},"taskSetupMillis":2525,"taskSolveMillis":104355,"taskTearDownMillis":4,"jobSpaceId":"5f6efc9a-f726-4409-b93e-446a080a3f16","jobDeploymentId":"54465a5b-c801-4918-8bf7-554393900d2c","jobId":"4505aaab-11c4-4006-a379-36f09ee7867e","ping":1648644911029}