{"creationTime":1668694531346,"lastModificationTime":1668694531346,"state":"TERMINATED","solveConfig":{"containerId":"SimpleAssignment","solveParameters":{},"setupWebHook":{"verb":"GET","url":"https://internal-nginx-svc:12443/v1/cognitive/solve/preprocess/SimpleAssignment?projectId=2d9f49f3-db79-489f-bb2c-22fdf71c51e3&parentId=ShiftAssignment","expectedStatus":200,"headers":{}},"tearDownWebHook":{"verb":"GET","url":"https://internal-nginx-svc:12443/v1/cognitive/solve/postprocess/SimpleAssignment?projectId=2d9f49f3-db79-489f-bb2c-22fdf71c51e3&parentId=ShiftAssignment","expectedStatus":200,"headers":{}}},"jobDetails":{"id":"54de37b0-3ea3-4255-be39-c41374a9f21d","createdAt":1667489148811,"startedAt":1667489149392,"endedAt":1667489150615,"submittedAt":1667489148811,"details":{"KPI.the number of Employee-Shift assignments":"130.0","MODEL_DETAIL_BOOLEAN_VARS":"1664","MODEL_DETAIL_CONSTRAINTS":"246","MODEL_DETAIL_CONTINUOUS_VARS":"0","MODEL_DETAIL_INTEGER_VARS":"0","MODEL_DETAIL_KPIS":"[\"the number of Employee-Shift assignments\"]","MODEL_DETAIL_NONZEROS":"4517","MODEL_DETAIL_OBJECTIVE_SENSE":"maximize","MODEL_DETAIL_TYPE":"MILP","PROGRESS_BEST_OBJECTIVE":"97630.0","PROGRESS_BEST_OBJECTIVE.history":"[[1667489150.03, 97630.0]]","PROGRESS_CURRENT_OBJECTIVE":"97630.0","PROGRESS_CURRENT_OBJECTIVE.history":"[[1667489150.03, 97630.0]]","PROGRESS_GAP":"0.0","PROGRESS_GAP.history":"[[1667489150.03, 0.0]]","STAT.cplex.modelType":"MILP","STAT.cplex.size.booleanVariables":"1664","STAT.cplex.size.constraints":"246","STAT.cplex.size.continousVariables":"0","STAT.cplex.size.integerVariables":"0","STAT.cplex.size.linearConstraints":"246","STAT.cplex.size.quadraticConstraints":"0","STAT.cplex.size.variables":"1664","STAT.job.coresCount":"1","STAT.job.inputsReadMs":"326","STAT.job.memoryPeakKB":"108336","STAT.job.modelProcessingMs":"325","STAT.job.outputsWriteMs":"420"},"executionStatus":"PROCESSED","solveStatus":"OPTIMAL_SOLUTION","logTail":["[2022-11-03T15:25:50Z, INFO] Legacy callback                                  i","[2022-11-03T15:25:50Z, INFO] Found incumbent of value 0.000000 after 0.00 sec. (0.04 ticks)","[2022-11-03T15:25:50Z, INFO] Tried aggregator 1 time.","[2022-11-03T15:25:50Z, INFO] MIP Presolve eliminated 92 rows and 1086 columns.","[2022-11-03T15:25:50Z, INFO] Reduced MIP has 154 rows, 578 columns, and 1156 nonzeros.","[2022-11-03T15:25:50Z, INFO] Reduced MIP has 578 binaries, 0 generals, 0 SOSs, and 0 indicators.","[2022-11-03T15:25:50Z, INFO] Presolve time = 0.00 sec. (1.51 ticks)","[2022-11-03T15:25:50Z, INFO] Probing time = 0.00 sec. (0.25 ticks)","[2022-11-03T15:25:50Z, INFO] Tried aggregator 1 time.","[2022-11-03T15:25:50Z, INFO] MIP Presolve eliminated 122 rows and 449 columns.","[2022-11-03T15:25:50Z, INFO] Reduced MIP has 32 rows, 129 columns, and 258 nonzeros.","[2022-11-03T15:25:50Z, INFO] Reduced MIP has 129 binaries, 0 generals, 0 SOSs, and 0 indicators.","[2022-11-03T15:25:50Z, INFO] Presolve time = 0.00 sec. (0.34 ticks)","[2022-11-03T15:25:50Z, INFO] Probing time = 0.00 sec. (0.06 ticks)","[2022-11-03T15:25:50Z, INFO] Tried aggregator 1 time.","[2022-11-03T15:25:50Z, INFO] Detecting symmetries...","[2022-11-03T15:25:50Z, INFO] Reduced MIP has 32 rows, 129 columns, and 258 nonzeros.","[2022-11-03T15:25:50Z, INFO] Reduced MIP has 129 binaries, 0 generals, 0 SOSs, and 0 indicators.","[2022-11-03T15:25:50Z, INFO] Presolve time = 0.00 sec. (0.27 ticks)","[2022-11-03T15:25:50Z, INFO] Probing time = 0.00 sec. (0.06 ticks)","[2022-11-03T15:25:50Z, INFO] Clique table members: 24.","[2022-11-03T15:25:50Z, INFO] MIP emphasis: balance optimality and feasibility.","[2022-11-03T15:25:50Z, INFO] MIP search method: dynamic search.","[2022-11-03T15:25:50Z, INFO] Parallel mode: none, using 1 thread.","[2022-11-03T15:25:50Z, INFO] Root relaxation solution time = 0.00 sec. (0.17 ticks)","[2022-11-03T15:25:50Z, INFO] ","[2022-11-03T15:25:50Z, INFO]         Nodes                                         Cuts/","[2022-11-03T15:25:50Z, INFO]    Node  Left     Objective  IInf  Best Integer    Best Bound    ItCnt     Gap","[2022-11-03T15:25:50Z, INFO] ","[2022-11-03T15:25:50Z, INFO] *     0+    0                        79606.0000   176485.0000           121.70%","[2022-11-03T15:25:50Z, INFO] *     0     0      integral     0    97630.0000    97630.0000       64    0.00%","[2022-11-03T15:25:50Z, INFO] Elapsed time = 0.01 sec. (8.80 ticks, tree = 0.00 MB, solutions = 3)","[2022-11-03T15:25:50Z, INFO] ","[2022-11-03T15:25:50Z, INFO] Root node processing (before b&c):","[2022-11-03T15:25:50Z, INFO]   Real time             =    0.01 sec. (8.88 ticks)","[2022-11-03T15:25:50Z, INFO] Sequential b&c:","[2022-11-03T15:25:50Z, INFO]   Real time             =    0.00 sec. (0.00 ticks)","[2022-11-03T15:25:50Z, INFO]                           ------------","[2022-11-03T15:25:50Z, INFO] Total (root+branch&cut) =    0.01 sec. (8.88 ticks)","[2022-11-03T15:25:50Z, INFO] Solve status: JobSolveStatus.OPTIMAL_SOLUTION","[2022-11-03T15:25:50Z, INFO] * model docplex_model1 solved with objective = 97630.000","[2022-11-03T15:25:50Z, INFO] *  KPI: the number of Employee-Shift assignments = 130.000","[2022-11-03T15:25:50Z, INFO] model solve done in 0.03297615051269531 secs","[2022-11-03T15:25:50Z, INFO] solution export done in 0.029716968536376953 secs","[2022-11-03T15:25:50Z, INFO] AssignedShifts.csv"]},"runtimeDetails":{"state":"STARTED"},"taskSetupMillis":3709,"taskSolveMillis":2068,"taskTearDownMillis":2426,"jobSpaceId":"af4f2169-d2ef-4dfc-b31e-a0bd083e7c99","jobDeploymentId":"373b40bc-59a7-4e0f-bee4-1bdb1fa53dcb","jobId":"54de37b0-3ea3-4255-be39-c41374a9f21d","ping":1667489145113}