{"creationTime":1687855987010,"lastModificationTime":1687855994587,"state":"TERMINATED","solveConfig":{"containerId":"Copy 01","solveParameters":{"oaas.logAttachmentName":"log.txt","oaas.logTailEnabled":"true"}},"jobDetails":{"id":"1397bf92-e51f-4705-aab4-03bb93e6b800","createdAt":1687855988678,"startedAt":1687855989051,"endedAt":1687855992775,"submittedAt":1687855988678,"details":{"KPI.Nb Fix Used":"36.0","KPI.Nb Temp Used":"9.0","KPI.Total Cost":"4140.0","MODEL_DETAIL_BOOLEAN_VARS":"0","MODEL_DETAIL_CONSTRAINTS":"588","MODEL_DETAIL_CONTINUOUS_VARS":"0","MODEL_DETAIL_INTEGER_VARS":"774","MODEL_DETAIL_KPIS":"[\"Total Cost\", \"Nb Fix Used\", \"Nb Temp Used\"]","MODEL_DETAIL_NONZEROS":"6234","MODEL_DETAIL_OBJECTIVE_SENSE":"minimize","MODEL_DETAIL_TYPE":"MILP","PROGRESS_BEST_OBJECTIVE":"4140.0","PROGRESS_BEST_OBJECTIVE.history":"[[1687855992.07, 4140.0]]","PROGRESS_CURRENT_OBJECTIVE":"4140.0","PROGRESS_CURRENT_OBJECTIVE.history":"[[1687855992.07, 4140.0]]","PROGRESS_GAP":"0.0","PROGRESS_GAP.history":"[[1687855992.07, 0.0]]","STAT.cplex.modelType":"MILP","STAT.cplex.size.booleanVariables":"0","STAT.cplex.size.constraints":"588","STAT.cplex.size.continousVariables":"0","STAT.cplex.size.integerVariables":"774","STAT.cplex.size.linearConstraints":"588","STAT.cplex.size.quadraticConstraints":"0","STAT.cplex.size.variables":"774","STAT.job.coresCount":"1","STAT.job.inputsReadMs":"2800","STAT.job.memoryPeakKB":"115024","STAT.job.modelProcessingMs":"194","STAT.job.outputsWriteMs":"546"},"executionStatus":"PROCESSED","solveStatus":"OPTIMAL_SOLUTION","logTail":["[2023-06-27T08:53:11.867Z, WARNING] Python 3.10 is used as default with pandas 1.4.3 libraries.","[2023-06-27T08:53:11.897Z, INFO] {'resources.csv': {'id': 'str'}}","[2023-06-27T08:53:12.068Z, INFO] WARNING: Number of workers has been reduced to 1 to comply with platform limitations.","[2023-06-27T08:53:12.069Z, INFO] Version identifier: 22.1.1.0 | 2023-06-15 | d64d5bd77","[2023-06-27T08:53:12.070Z, INFO] CPXPARAM_Read_DataCheck                          1","[2023-06-27T08:53:12.071Z, INFO] CPXPARAM_Threads                                 1","[2023-06-27T08:53:12.072Z, INFO] Legacy callback                                  i","[2023-06-27T08:53:12.072Z, INFO] Tried aggregator 2 times.","[2023-06-27T08:53:12.074Z, INFO] MIP Presolve eliminated 215 rows and 90 columns.","[2023-06-27T08:53:12.074Z, INFO] Aggregator did 249 substitutions.","[2023-06-27T08:53:12.075Z, INFO] Reduced MIP has 124 rows, 298 columns, and 3481 nonzeros.","[2023-06-27T08:53:12.078Z, INFO] Reduced MIP has 0 binaries, 298 generals, 0 SOSs, and 0 indicators.","[2023-06-27T08:53:12.078Z, INFO] Presolve time = 0.00 sec. (3.91 ticks)","[2023-06-27T08:53:12.079Z, INFO] Found incumbent of value 4600.000000 after 0.01 sec. (8.45 ticks)","[2023-06-27T08:53:12.080Z, INFO] Tried aggregator 1 time.","[2023-06-27T08:53:12.081Z, INFO] Detecting symmetries...","[2023-06-27T08:53:12.081Z, INFO] Reduced MIP has 124 rows, 298 columns, and 3481 nonzeros.","[2023-06-27T08:53:12.082Z, INFO] Reduced MIP has 0 binaries, 298 generals, 0 SOSs, and 0 indicators.","[2023-06-27T08:53:12.082Z, INFO] Presolve time = 0.00 sec. (1.41 ticks)","[2023-06-27T08:53:12.083Z, INFO] MIP emphasis: balance optimality and feasibility.","[2023-06-27T08:53:12.084Z, INFO] MIP search method: dynamic search.","[2023-06-27T08:53:12.084Z, INFO] Parallel mode: none, using 1 thread.","[2023-06-27T08:53:12.085Z, INFO] Root relaxation solution time = 0.00 sec. (0.71 ticks)","[2023-06-27T08:53:12.086Z, INFO] ","[2023-06-27T08:53:12.086Z, INFO]         Nodes                                         Cuts/","[2023-06-27T08:53:12.087Z, INFO]    Node  Left     Objective  IInf  Best Integer    Best Bound    ItCnt     Gap","[2023-06-27T08:53:12.088Z, INFO] ","[2023-06-27T08:53:12.089Z, INFO] *     0+    0                         4600.0000     1000.0000            78.26%","[2023-06-27T08:53:12.089Z, INFO] *     0     0      integral     0     4140.0000     4140.0000       56    0.00%","[2023-06-27T08:53:12.090Z, INFO] Elapsed time = 0.01 sec. (11.11 ticks, tree = 0.00 MB, solutions = 2)","[2023-06-27T08:53:12.090Z, INFO] ","[2023-06-27T08:53:12.091Z, INFO] Root node processing (before b&c):","[2023-06-27T08:53:12.092Z, INFO]   Real time             =    0.01 sec. (11.13 ticks)","[2023-06-27T08:53:12.092Z, INFO] Sequential b&c:","[2023-06-27T08:53:12.093Z, INFO]   Real time             =    0.00 sec. (0.00 ticks)","[2023-06-27T08:53:12.094Z, INFO]                           ------------","[2023-06-27T08:53:12.094Z, INFO] Total (root+branch&cut) =    0.01 sec. (11.13 ticks)","[2023-06-27T08:53:12.102Z, INFO]   Feasible 4140.0","[2023-06-27T08:53:12.119Z, INFO] starts.csv","[2023-06-27T08:53:12.121Z, INFO] works.csv","[2023-06-27T08:53:12.123Z, INFO] nr.csv"]},"runtimeDetails":{"state":"STARTED"},"taskSetupMillis":1572,"taskSolveMillis":5095,"taskTearDownMillis":1,"jobSpaceId":"3d14a570-f6e3-4665-bd9b-5b4b94d83c31","jobDeploymentId":"e90c7283-076f-4f75-ab8d-ba1127e65252","jobId":"1397bf92-e51f-4705-aab4-03bb93e6b800","ping":1687855987117}