{"creationTime":1521531443035,"jobUri":"http:\/\/dods-processor-server-1521447110072-svc.ibmdsxuser-1023.svc.cluster.local\/dd-execution\/api\/v1\/solve\/job.653a7cf3-d7e1-45de-879e-ccec7577d580","lastModificationTime":1521531449852,"taskTearDownMillis":0,"ganttAvailable":true,"taskSetupMillis":330,"state":"TERMINATED","jobDetails":{"executionStatus":"PROCESSED","startedAt":1521531443501,"logTail":["[2018-03-20T07:37:23Z, INFO] * building wado model","[2018-03-20T07:37:23Z, INFO] model building done in 0.102613925934 secs","[2018-03-20T07:37:23Z, INFO] * running wado model","[2018-03-20T07:37:23Z, INFO] WARNING: Number of workers has been reduced to 1 to comply with platform limitations.","[2018-03-20T07:37:23Z, INFO] stream:7:4: Warning: Reading file created by CP Optimizer version 12.7.0.0 into CP Optimizer version 12.8.0.0.","[2018-03-20T07:37:23Z, INFO] stream:7:4: Warning: Making reader backward compatible with version 12.7.0.0.","[2018-03-20T07:37:23Z, INFO]  ! ----------------------------------------------------------------------------","[2018-03-20T07:37:23Z, INFO]  ! Minimization problem - 44 variables, 70 constraints","[2018-03-20T07:37:23Z, INFO]  ! TimeLimit            = 120","[2018-03-20T07:37:23Z, INFO]  ! Workers              = 1","[2018-03-20T07:37:23Z, INFO]  ! Initial process time : 0.00s (0.00s extraction + 0.00s propagation)","[2018-03-20T07:37:23Z, INFO]  !  . Log search space  : 187.6 (before), 187.6 (after)","[2018-03-20T07:37:23Z, INFO]  !  . Memory usage      : 641.9 kB (before), 641.9 kB (after)","[2018-03-20T07:37:23Z, INFO]  ! Using sequential search.","[2018-03-20T07:37:23Z, INFO]  ! ----------------------------------------------------------------------------","[2018-03-20T07:37:23Z, INFO]  !          Best Branches  Non-fixed            Branch decision","[2018-03-20T07:37:23Z, INFO]                         0         44                 -","[2018-03-20T07:37:23Z, INFO]  + New bound is 90","[2018-03-20T07:37:23Z, INFO]  ! Using temporal relaxation.","[2018-03-20T07:37:23Z, INFO]  *            90       11  0.00s               (gap is 1.6e-14%)","[2018-03-20T07:37:23Z, INFO] Objective values: (90,)","[2018-03-20T07:37:23Z, INFO] time to complete all Activities","[2018-03-20T07:37:23Z, INFO] -->","[2018-03-20T07:37:23Z, INFO] 90","[2018-03-20T07:37:23Z, INFO] solution export done in 0.0158360004425 secs","[2018-03-20T07:37:23Z, INFO]  ! ----------------------------------------------------------------------------","[2018-03-20T07:37:23Z, INFO]  ! Search completed, 1 solution found.","[2018-03-20T07:37:23Z, INFO]  ! Best objective         : 90 (optimal - effective tol. is 0.009)","[2018-03-20T07:37:23Z, INFO]  ! Best bound             : 90","[2018-03-20T07:37:23Z, INFO]  ! Number of branches     : 13","[2018-03-20T07:37:23Z, INFO]  ! Number of fails        : 12","[2018-03-20T07:37:23Z, INFO]  ! Total memory usage     : 1.0 MB (1.0 MB CP Optimizer + 0.1 MB Concert)","[2018-03-20T07:37:23Z, INFO]  ! Time spent in solve    : 0.00s (0.00s engine + 0.00s extraction)","[2018-03-20T07:37:23Z, INFO]  ! Search speed (br. \/ s) : 1300.0","[2018-03-20T07:37:23Z, INFO]  ! ----------------------------------------------------------------------------","[2018-03-20T07:37:23Z, INFO] solve + export of all intermediate solutions done in 0.0703098773956 secs"],"createdAt":1521531443290,"applicationVersionUsed":"1.0-R1-b4176","solveStatus":"OPTIMAL_SOLUTION","endReportedAt":1521531444385,"endedAt":1521531444336,"details":{"MODEL_DETAIL_TYPE":"CPO Scheduling","MODEL_DETAIL_SEQUENCE_VARS":"3","MODEL_DETAIL_INTEGER_VARS":"1","KPI.time to complete all Activities":null,"MODEL_DETAIL_KPIS":"[\"time to complete all Activities\"]","MODEL_DETAIL_CONSTRAINTS":"70","PROGRESS_CURRENT_OBJECTIVE":"90","MODEL_DETAIL_INTERVAL_VARS":"40"},"id":"job.653a7cf3-d7e1-45de-879e-ccec7577d580","systemDetails":{"worker.process.cpu.set":null,"worker.heap.max":"524288","worker.process.max.memory":"524288","worker.data.read.bytes":"23671","worker.data.write.duration":"202","worker.processing.duration":"748","worker.process.peak.swap":"0","worker.cores.default":"1","worker.log.write.duration":"5","worker.process.processing.duration":"266","worker.data.read.duration":"35","worker.jms.write.chars":"10208","worker.log.write.chars":"1018","worker.data.write.bytes":"3775","worker.cores.total":"16","worker.heap.used":"134381","worker.process.peak.memory":"0","worker.setup.duration":"64","worker.jms.write.duration":"35"},"submittedAt":1521531443290,"updatedAt":1521531444336},"runtimeDetails":{"state":"STARTED"},"retry":0,"taskSolveMillis":1046,"cplex_state":"TERMINATED"}