{"creationTime":1531827762738,"lastModificationTime":1531827773712,"state":"TERMINATED","solveConfig":{"containerId":"Scenario 1","solveParameters":{"oaas.logAttachmentName":"log.txt","oaas.logTailEnabled":"true"}},"jobDetails":{"id":"job.4698d043-e842-45bd-9318-1c60e514f03b","createdAt":1531827764950,"startedAt":1531827765297,"endedAt":1531827769426,"endReportedAt":1531827769451,"submittedAt":1531827764950,"updatedAt":1531827769426,"applicationVersionUsed":"1.0-master_ce-b154","details":{"MODEL_DETAIL_KPIS":"[\"time to complete all Activities\"]","MODEL_DETAIL_CONSTRAINTS":"70","MODEL_DETAIL_INTEGER_VARS":"1","PROGRESS_CURRENT_OBJECTIVE.history":"[[1531827766.91, \"90\"]]","MODEL_DETAIL_TYPE":"CPO Scheduling","MODEL_DETAIL_SEQUENCE_VARS":"3","PROGRESS_CURRENT_OBJECTIVE":"90","MODEL_DETAIL_INTERVAL_VARS":"40"},"systemDetails":{"worker.process.max.memory":"524288","worker.cores.total":"4","worker.cores.default":"1","worker.heap.max":"524288","worker.data.read.bytes":"24527","worker.data.write.duration":"2101","worker.processing.duration":"4060","worker.process.peak.swap":"0","worker.log.write.duration":"13","worker.process.processing.duration":"1257","worker.data.read.duration":"325","worker.jms.write.chars":"20996","worker.log.write.chars":"1327","worker.data.write.bytes":"3701","worker.heap.used":"128944","worker.process.peak.memory":"55336","worker.setup.duration":"85","worker.jms.write.duration":"95"},"executionStatus":"PROCESSED","solveStatus":"OPTIMAL_SOLUTION","logTail":["[2018-07-17T11:42:46Z, INFO] * building wado model","[2018-07-17T11:42:46Z, INFO] model building done in 0.176800012589 secs","[2018-07-17T11:42:46Z, INFO] * running wado model","[2018-07-17T11:42:46Z, INFO] WARNING: Number of workers has been reduced to 1 to comply with platform limitations.","[2018-07-17T11:42:46Z, INFO] stream:8:4: Warning: Reading file created by CP Optimizer version 12.7.0.0 into CP Optimizer version 12.8.0.0.","[2018-07-17T11:42:46Z, INFO] stream:8:4: Warning: Making reader backward compatible with version 12.7.0.0.","[2018-07-17T11:42:46Z, INFO]  ! ----------------------------------------------------------------------------","[2018-07-17T11:42:46Z, INFO]  ! Minimization problem - 44 variables, 70 constraints","[2018-07-17T11:42:46Z, INFO]  ! TimeLimit            = 120","[2018-07-17T11:42:46Z, INFO]  ! Workers              = 1","[2018-07-17T11:42:46Z, INFO]  ! Initial process time : 0.00s (0.00s extraction + 0.00s propagation)","[2018-07-17T11:42:46Z, INFO]  !  . Log search space  : 187.6 (before), 187.6 (after)","[2018-07-17T11:42:46Z, INFO]  !  . Memory usage      : 641.9 kB (before), 641.9 kB (after)","[2018-07-17T11:42:46Z, INFO]  ! Using sequential search.","[2018-07-17T11:42:46Z, INFO]  ! ----------------------------------------------------------------------------","[2018-07-17T11:42:46Z, INFO]  !          Best Branches  Non-fixed            Branch decision","[2018-07-17T11:42:46Z, INFO]                         0         44                 -","[2018-07-17T11:42:46Z, INFO]  + New bound is 90","[2018-07-17T11:42:46Z, INFO]  ! Using temporal relaxation.","[2018-07-17T11:42:46Z, INFO]  *            90       11  0.00s               (gap is 1.6e-14%)","[2018-07-17T11:42:46Z, INFO] Objective values: (90,)","[2018-07-17T11:42:46Z, INFO] time to complete all Activities","[2018-07-17T11:42:46Z, INFO] -->","[2018-07-17T11:42:46Z, INFO] 90","[2018-07-17T11:42:46Z, INFO] solution export done in 0.026750087738 secs","[2018-07-17T11:42:46Z, INFO]  ! ----------------------------------------------------------------------------","[2018-07-17T11:42:46Z, INFO]  ! Search completed, 1 solution found.","[2018-07-17T11:42:46Z, INFO]  ! Best objective         : 90 (optimal - effective tol. is 0.009)","[2018-07-17T11:42:46Z, INFO]  ! Best bound             : 90","[2018-07-17T11:42:46Z, INFO]  ! Number of branches     : 13","[2018-07-17T11:42:46Z, INFO]  ! Number of fails        : 12","[2018-07-17T11:42:46Z, INFO]  ! Total memory usage     : 1.0 MB (1.0 MB CP Optimizer + 0.1 MB Concert)","[2018-07-17T11:42:46Z, INFO]  ! Time spent in solve    : 0.00s (0.00s engine + 0.00s extraction)","[2018-07-17T11:42:46Z, INFO]  ! Search speed (br. / s) : 1300.0","[2018-07-17T11:42:46Z, INFO]  ! ----------------------------------------------------------------------------","[2018-07-17T11:42:46Z, INFO] solve + export of all intermediate solutions done in 0.114053010941 secs"]},"runtimeDetails":{"state":"STARTED"},"taskSetupMillis":1817,"taskSolveMillis":4206,"taskTearDownMillis":2535,"ping":0}