{"creationTime":1651064025184,"lastModificationTime":1651064025184,"state":"TERMINATED","solveConfig":{"containerId":"scenario 4 selection","solveParameters":{"oaas.logAttachmentName":"log.txt","oaas.logTailEnabled":"true"},"setupWebHook":{"verb":"GET","url":"https://internal-nginx-svc:12443/v1/cognitive/solve/preprocess/scenario%204%20selection?projectId=0e14ce68-22dd-40e6-b646-df3586b97c0e&parentId=MarketingCampaignAssignment","expectedStatus":200,"headers":{}},"tearDownWebHook":{"verb":"GET","url":"https://internal-nginx-svc:12443/v1/cognitive/solve/postprocess/scenario%204%20selection?projectId=0e14ce68-22dd-40e6-b646-df3586b97c0e&parentId=MarketingCampaignAssignment","expectedStatus":200,"headers":{}}},"jobDetails":{"id":"4283c0e8-d0ad-4e6c-a144-9874279fcbb5","createdAt":1648645508161,"startedAt":1648646078717,"endedAt":1648646081001,"submittedAt":1648645508161,"details":{"KPI.total expected value of Candidates over all selections":"445.0","MODEL_DETAIL_BOOLEAN_VARS":"27","MODEL_DETAIL_CONSTRAINTS":"15","MODEL_DETAIL_CONTINUOUS_VARS":"0","MODEL_DETAIL_INTEGER_VARS":"0","MODEL_DETAIL_KPIS":"[\"total expected value of Candidates over all selections\"]","MODEL_DETAIL_NONZEROS":"109","MODEL_DETAIL_OBJECTIVE_SENSE":"maximize","MODEL_DETAIL_TYPE":"MILP","PROGRESS_BEST_OBJECTIVE":"445.0","PROGRESS_BEST_OBJECTIVE.history":"[[1648646080.6, 445.0]]","PROGRESS_CURRENT_OBJECTIVE":"445.0","PROGRESS_CURRENT_OBJECTIVE.history":"[[1648646080.6, 445.0]]","PROGRESS_GAP":"0.0","PROGRESS_GAP.history":"[[1648646080.6, 0.0]]","STAT.cplex.modelType":"MILP","STAT.cplex.size.booleanVariables":"27","STAT.cplex.size.constraints":"15","STAT.cplex.size.continousVariables":"0","STAT.cplex.size.integerVariables":"0","STAT.cplex.size.linearConstraints":"15","STAT.cplex.size.quadraticConstraints":"0","STAT.cplex.size.variables":"27","STAT.job.coresCount":"1","STAT.job.inputsReadMs":"1294","STAT.job.memoryPeakKB":"109100","STAT.job.modelProcessingMs":"441","STAT.job.outputsWriteMs":"235"},"executionStatus":"PROCESSED","solveStatus":"OPTIMAL_SOLUTION","logTail":["[2022-03-30T13:14:40Z, INFO] WARNING: Number of workers has been reduced to 1 to comply with platform limitations.","[2022-03-30T13:14:40Z, INFO] Version identifier: 20.1.0.1 | 2021-12-07 | 9dfdf6686","[2022-03-30T13:14:40Z, INFO] CPXPARAM_Read_DataCheck                          1","[2022-03-30T13:14:40Z, INFO] CPXPARAM_Threads                                 1","[2022-03-30T13:14:40Z, INFO] CPXPARAM_TimeLimit                               120","[2022-03-30T13:14:40Z, INFO] Legacy callback                                  i","[2022-03-30T13:14:40Z, INFO] Found incumbent of value 100.000000 after 0.00 sec. (0.00 ticks)","[2022-03-30T13:14:40Z, INFO] Tried aggregator 1 time.","[2022-03-30T13:14:40Z, INFO] MIP Presolve eliminated 3 rows and 3 columns.","[2022-03-30T13:14:40Z, INFO] Reduced MIP has 12 rows, 24 columns, and 72 nonzeros.","[2022-03-30T13:14:40Z, INFO] Reduced MIP has 24 binaries, 0 generals, 0 SOSs, and 0 indicators.","[2022-03-30T13:14:40Z, INFO] Presolve time = 0.00 sec. (0.05 ticks)","[2022-03-30T13:14:40Z, INFO] Probing time = 0.00 sec. (0.01 ticks)","[2022-03-30T13:14:40Z, INFO] Tried aggregator 1 time.","[2022-03-30T13:14:40Z, INFO] Detecting symmetries...","[2022-03-30T13:14:40Z, INFO] Reduced MIP has 12 rows, 24 columns, and 72 nonzeros.","[2022-03-30T13:14:40Z, INFO] Reduced MIP has 24 binaries, 0 generals, 0 SOSs, and 0 indicators.","[2022-03-30T13:14:40Z, INFO] Presolve time = 0.00 sec. (0.05 ticks)","[2022-03-30T13:14:40Z, INFO] Probing time = 0.00 sec. (0.01 ticks)","[2022-03-30T13:14:40Z, INFO] Clique table members: 8.","[2022-03-30T13:14:40Z, INFO] MIP emphasis: balance optimality and feasibility.","[2022-03-30T13:14:40Z, INFO] MIP search method: dynamic search.","[2022-03-30T13:14:40Z, INFO] Parallel mode: none, using 1 thread.","[2022-03-30T13:14:40Z, INFO] Root relaxation solution time = 0.00 sec. (0.02 ticks)","[2022-03-30T13:14:40Z, INFO] ","[2022-03-30T13:14:40Z, INFO]         Nodes                                         Cuts/","[2022-03-30T13:14:40Z, INFO]    Node  Left     Objective  IInf  Best Integer    Best Bound    ItCnt     Gap","[2022-03-30T13:14:40Z, INFO] ","[2022-03-30T13:14:40Z, INFO] *     0+    0                          100.0000     1765.0000              --- ","[2022-03-30T13:14:40Z, INFO] *     0     0      integral     0      445.0000      445.0000        3    0.00%","[2022-03-30T13:14:40Z, INFO] Elapsed time = 0.00 sec. (0.18 ticks, tree = 0.00 MB, solutions = 2)","[2022-03-30T13:14:40Z, INFO] ","[2022-03-30T13:14:40Z, INFO] Root node processing (before b&c):","[2022-03-30T13:14:40Z, INFO]   Real time             =    0.00 sec. (0.18 ticks)","[2022-03-30T13:14:40Z, INFO] Sequential b&c:","[2022-03-30T13:14:40Z, INFO]   Real time             =    0.00 sec. (0.00 ticks)","[2022-03-30T13:14:40Z, INFO]                           ------------","[2022-03-30T13:14:40Z, INFO] Total (root+branch&cut) =    0.00 sec. (0.18 ticks)","[2022-03-30T13:14:40Z, INFO] Solve status: JobSolveStatus.OPTIMAL_SOLUTION","[2022-03-30T13:14:40Z, INFO] * model docplex_model1 solved with objective = 445.000","[2022-03-30T13:14:40Z, INFO] *  KPI: total expected value of Candidates over all selections = 445.000","[2022-03-30T13:14:40Z, INFO] model solve done in 0.01833033561706543 secs","[2022-03-30T13:14:40Z, INFO] solution export done in 0.008508443832397461 secs","[2022-03-30T13:14:40Z, INFO] SelectedCandidates.csv","[2022-03-30T13:14:40Z, INFO] NotSelectedCandidates.csv"]},"runtimeDetails":{"state":"STARTED"},"taskSetupMillis":1974,"taskSolveMillis":574170,"taskTearDownMillis":2710,"jobSpaceId":"5f6efc9a-f726-4409-b93e-446a080a3f16","jobDeploymentId":"6cd79da5-6a38-498a-8f1f-448152e6fcbc","jobId":"4283c0e8-d0ad-4e6c-a144-9874279fcbb5","ping":1648646076199}