{"goalObjectives":[{"weight":1.0,"weightedValue":90.0,"value":90.0,"verbalization":"Minimize time to complete all Activities","scaledWeight":1.0}],"decisions_sorted_columns":{"Subcontractor_to_Activity_assignment_solution":["Activity","Subcontractor Name","Subcontractor to Activity assignment","Activity start","Activity start Date","Activity duration","Activity end","Activity end Date","selected Activity","unperformed Activity","Next","Sequence index","Activity Duration in days"]},"decisions_schema":{"Subcontractor_to_Activity_assignment_solution":[{"domainConcepts":"cTask","semantic":"cSchedulingAssignment[Activity, Subcontractor],Activity","level":1,"isKPI":false,"concept":"Activity","isKey":true,"isDecision":false,"id":"Activity","type":"STRING"},{"domainConcepts":"cUnaryResource","semantic":"cSchedulingAssignment[Activity, Subcontractor],Subcontractor","level":1,"isKPI":false,"concept":"Subcontractor","isKey":true,"isDecision":false,"id":"Subcontractor Name","type":"STRING"},{"domainConcepts":"cSchedulingAssignment","semantic":"task.assign","level":9,"isKPI":false,"concept":"cSchedulingAssignment[Activity, Subcontractor]","isKey":false,"isDecision":true,"id":"Subcontractor to Activity assignment","type":"NUMBER"},{"domainConcepts":"cSchedulingAssignment","semantic":"task.start","level":10,"isKPI":false,"concept":"Activity","isKey":false,"isDecision":true,"id":"Activity start","type":"NUMBER"},{"domainConcepts":"cSchedulingAssignment","semantic":"task.start","level":10,"isKPI":false,"concept":"Activity","isKey":false,"isDecision":true,"id":"Activity start Date","type":"DateTime"},{"domainConcepts":"cSchedulingAssignment","semantic":"task.duration","level":11,"isKPI":false,"concept":"Activity","isKey":false,"isDecision":true,"id":"Activity duration","type":"NUMBER"},{"domainConcepts":"cSchedulingAssignment","semantic":"task.end","level":12,"isKPI":false,"concept":"Activity","isKey":false,"isDecision":true,"id":"Activity end","type":"NUMBER"},{"domainConcepts":"cSchedulingAssignment","semantic":"task.end","level":12,"isKPI":false,"concept":"Activity","isKey":false,"isDecision":true,"id":"Activity end Date","type":"DateTime"},{"domainConcepts":"cSchedulingAssignment","semantic":"task.presence","level":20,"isKPI":false,"concept":"Activity","isKey":false,"isDecision":true,"id":"selected Activity","type":"NUMBER"},{"domainConcepts":"cSchedulingAssignment","semantic":"task.absence","level":20,"isKPI":false,"concept":"Activity","isKey":false,"isDecision":true,"id":"unperformed Activity","type":"NUMBER"},{"domainConcepts":"cSchedulingAssignment","semantic":"sequence.nextTask","level":20,"isKPI":true,"concept":"cSchedulingAssignment[Activity, Subcontractor]","isKey":false,"isDecision":false,"id":"Next","type":"INTEGER"},{"domainConcepts":"cSchedulingAssignment","semantic":"sequence.index","level":20,"isKPI":true,"concept":"cSchedulingAssignment[Activity, Subcontractor]","isKey":false,"isDecision":false,"id":"Sequence index","type":"INTEGER"},{"domainConcepts":"cTask","semantic":"cSchedulingAssignment[Activity, Subcontractor],Activity","level":2,"isKPI":false,"concept":"Activity","isKey":false,"isDecision":false,"id":"Activity Duration in days","type":"NUMBER"}]},"decisions":{"Subcontractor_to_Activity_assignment_solution":[{"Activity start":"2020\/06\/08 00:00:00","selected Activity":1,"Activity end":"2020\/07\/13 00:00:00","unperformed Activity":0,"Activity end Date":"2020-07-13 00:00:00","Activity":"masonry","Subcontractor Name":"Joe","Activity start Date":"2020-06-08 00:00:00","Next":"Activity:ceiling","Sequence index":"1.0","Activity Duration in days":35,"Subcontractor to Activity assignment":1,"Activity duration":35.0},{"Activity start":"2020\/07\/13 00:00:00","selected Activity":1,"Activity end":"2020\/07\/28 00:00:00","unperformed Activity":0,"Activity end Date":"2020-07-28 00:00:00","Activity":"carpentry","Subcontractor Name":"Jim","Activity start Date":"2020-07-13 00:00:00","Next":"Activity:painting","Sequence index":"1.0","Activity Duration in days":15,"Subcontractor to Activity assignment":1,"Activity duration":15.0},{"Activity start":"2020\/07\/13 00:00:00","selected Activity":1,"Activity end":"2020\/07\/28 00:00:00","unperformed Activity":0,"Activity end Date":"2020-07-28 00:00:00","Activity":"ceiling","Subcontractor Name":"Joe","Activity start Date":"2020-07-13 00:00:00","Next":"Activity:roofing","Sequence index":"2.0","Activity Duration in days":15,"Subcontractor to Activity assignment":1,"Activity duration":15.0},{"Subcontractor Name":"Jack","Activity start":"2020\/07\/13 00:00:00","selected Activity":1,"Activity start Date":"2020-07-13 00:00:00","Activity end":"2020\/08\/22 00:00:00","unperformed Activity":0,"Activity end Date":"2020-08-22 00:00:00","Activity":"plumbing","Sequence index":"1.0","Activity Duration in days":40,"Subcontractor to Activity assignment":1,"Activity duration":40.0},{"Activity start":"2020\/07\/28 00:00:00","selected Activity":1,"Activity end":"2020\/08\/02 00:00:00","unperformed Activity":0,"Activity end Date":"2020-08-02 00:00:00","Activity":"roofing","Subcontractor Name":"Joe","Activity start Date":"2020-07-28 00:00:00","Next":"Activity:windows","Sequence index":"3.0","Activity Duration in days":5,"Subcontractor to Activity assignment":1,"Activity duration":5.0},{"Activity start":"2020\/07\/28 00:00:00","selected Activity":1,"Activity end":"2020\/08\/07 00:00:00","unperformed Activity":0,"Activity end Date":"2020-08-07 00:00:00","Activity":"painting","Subcontractor Name":"Jim","Activity start Date":"2020-07-28 00:00:00","Next":"Activity:garden","Sequence index":"2.0","Activity Duration in days":10,"Subcontractor to Activity assignment":1,"Activity duration":10.0},{"Activity start":"2020\/08\/02 00:00:00","selected Activity":1,"Activity end":"2020\/08\/07 00:00:00","unperformed Activity":0,"Activity end Date":"2020-08-07 00:00:00","Activity":"windows","Subcontractor Name":"Joe","Activity start Date":"2020-08-02 00:00:00","Next":"Activity:facade","Sequence index":"4.0","Activity Duration in days":5,"Subcontractor to Activity assignment":1,"Activity duration":5.0},{"Subcontractor Name":"Jim","Activity start":"2020\/08\/22 00:00:00","selected Activity":1,"Activity start Date":"2020-08-22 00:00:00","Activity end":"2020\/08\/27 00:00:00","unperformed Activity":0,"Activity end Date":"2020-08-27 00:00:00","Activity":"garden","Sequence index":"3.0","Activity Duration in days":5,"Subcontractor to Activity assignment":1,"Activity duration":5.0},{"Activity start":"2020\/08\/22 00:00:00","selected Activity":1,"Activity end":"2020\/09\/01 00:00:00","unperformed Activity":0,"Activity end Date":"2020-09-01 00:00:00","Activity":"facade","Subcontractor Name":"Joe","Activity start Date":"2020-08-22 00:00:00","Next":"Activity:moving","Sequence index":"5.0","Activity Duration in days":10,"Subcontractor to Activity assignment":1,"Activity duration":10.0},{"Subcontractor Name":"Joe","Activity start":"2020\/09\/01 00:00:00","selected Activity":1,"Activity start Date":"2020-09-01 00:00:00","Activity end":"2020\/09\/06 00:00:00","unperformed Activity":0,"Activity end Date":"2020-09-06 00:00:00","Activity":"moving","Sequence index":"6.0","Activity Duration in days":5,"Subcontractor to Activity assignment":1,"Activity duration":5.0}]}}