{"categories":{"output":{"assets":{"NotScheduledActivities.csv":{"type":"Table"},"stats.csv":{"type":"Table"},"kpis.csv":{"type":"Table"},"log.txt":{"type":"Asset"},"ScheduledActivities.csv":{"type":"Table"}}},"input":{"assets":{"Activity.csv":{"type":"Table"},"Expertise.csv":{"type":"Table"},"Subcontractor.csv":{"type":"Table"}}},"model":{"assets":{"model.py":{"type":"Asset"}}},"dashboard-file":{"assets":{"dashboard.json":{"type":"Asset"}}},"CO_ASSET_SESSION":{"assets":{"CO_SESSION.json":{"type":"Asset"}}},"CO_ASSET":{"assets":{"CO_SOLUTION_TEXT.json":{"type":"Asset"},"CO_CHART_SUGGESTION_JSON.json":{"type":"Asset"},"solveParameters.json":{"type":"Asset"},"CO_SOLUTION_JSON.json":{"type":"Asset"},"CO_DATASET.json":{"type":"Asset"}}}},"modelType":"cognitive","category":"scenario"}