{"creationTime":1645198524567,"lastModificationTime":1645198558344,"state":"TERMINATED","solveConfig":{"containerId":"Scenario 1","solveParameters":{"oaas.logAttachmentName":"log.txt","oaas.logTailEnabled":"true"},"setupWebHook":{"verb":"GET","url":"https://api.dataplatform.test.cloud.ibm.com/v1/cognitive/solve/preprocess/Scenario%201?projectId=e752dffb-5e36-4918-8790-d07f8046816a&parentId=HouseConstructionScheduling","expectedStatus":200,"headers":{}},"tearDownWebHook":{"verb":"GET","url":"https://api.dataplatform.test.cloud.ibm.com/v1/cognitive/solve/postprocess/Scenario%201?projectId=e752dffb-5e36-4918-8790-d07f8046816a&parentId=HouseConstructionScheduling","expectedStatus":200,"headers":{}}},"jobDetails":{"id":"44b0d986-346d-4fe4-97f7-932fe286e55a","createdAt":1645198527919,"startedAt":1645198547964,"endedAt":1645198551610,"submittedAt":1645198527919,"details":{"KPI.time to complete all Activities":"90","MODEL_DETAIL_CONSTRAINTS":"68","MODEL_DETAIL_INTEGER_VARS":"0","MODEL_DETAIL_INTERVAL_VARS":"40","MODEL_DETAIL_KPIS":"[\"time to complete all Activities\"]","MODEL_DETAIL_OBJECTIVE_SENSE":"minimize","MODEL_DETAIL_SEQUENCE_VARS":"3","MODEL_DETAIL_TYPE":"CPO Scheduling","PROGRESS_BEST_BOUND":"90","PROGRESS_BEST_OBJECTIVE":"90","PROGRESS_BEST_OBJECTIVE.history":"[[1645198549.26, \"90\"], [1645198549.3, \"90\"]]","PROGRESS_CURRENT_OBJECTIVE":"90.00000000000001","PROGRESS_CURRENT_OBJECTIVE.history":"[[1645198549.26, \"90\"], [1645198549.3, \"90.00000000000001\"]]","PROGRESS_GAP":"1.57898e-16","PROGRESS_GAP.history":"[[1645198549.26, \"1.57898e-16\"], [1645198549.3, \"1.57898e-16\"]]","STAT.cpo.modelType":"CPO","STAT.cpo.size.constraints":"68","STAT.cpo.size.integerVariables":"0","STAT.cpo.size.intervalVariables":"40","STAT.cpo.size.sequenceVariables":"3","STAT.cpo.size.variables":"43","STAT.cpo.solve.memoryUsage":"1039370","STAT.cpo.solve.numberOfBranches":"13","STAT.cpo.solve.time":"0.01","STAT.job.coresCount":"1","STAT.job.inputsReadMs":"807","STAT.job.memoryPeakKB":"91912","STAT.job.modelProcessingMs":"369","STAT.job.outputsWriteMs":"2232"},"executionStatus":"PROCESSED","solveStatus":"OPTIMAL_SOLUTION","logTail":["[2022-02-18T15:35:48Z, WARNING] Support for Python 3.8 is now enabled with pandas 1.2.4 libraries.","[2022-02-18T15:35:49Z, INFO] * building wado model","[2022-02-18T15:35:49Z, INFO] model building done in 0.03446698188781738 secs","[2022-02-18T15:35:49Z, INFO] * running wado model","[2022-02-18T15:35:49Z, INFO] WARNING: Number of workers has been reduced to 1 to comply with platform limitations.","[2022-02-18T15:35:49Z, INFO]  ! --------------------------------------------------- CP Optimizer 20.1.0.1 --","[2022-02-18T15:35:49Z, INFO]  ! Minimization problem - 43 variables, 68 constraints","[2022-02-18T15:35:49Z, INFO]  ! Presolve      : 10 extractables eliminated","[2022-02-18T15:35:49Z, INFO]  ! TimeLimit            = 120","[2022-02-18T15:35:49Z, INFO]  ! Workers              = 1","[2022-02-18T15:35:49Z, INFO]  ! Initial process time : 0.01s (0.01s extraction + 0.00s propagation)","[2022-02-18T15:35:49Z, INFO]  !  . Log search space  : 148.1 (before), 148.1 (after)","[2022-02-18T15:35:49Z, INFO]  !  . Memory usage      : 543.9 kB (before), 543.9 kB (after)","[2022-02-18T15:35:49Z, INFO]  ! Using sequential search.","[2022-02-18T15:35:49Z, INFO]  ! ----------------------------------------------------------------------------","[2022-02-18T15:35:49Z, INFO]  !          Best Branches  Non-fixed            Branch decision","[2022-02-18T15:35:49Z, INFO]                         0         43                 -","[2022-02-18T15:35:49Z, INFO]  + New bound is 90","[2022-02-18T15:35:49Z, INFO]  *      90.00000       11  0.01s               (gap is 0.00%)","[2022-02-18T15:35:49Z, INFO]  I time to complete all Activities: 90","[2022-02-18T15:35:49Z, INFO] Objective values: (90,)","[2022-02-18T15:35:49Z, INFO] time to complete all Activities --> 90","[2022-02-18T15:35:49Z, INFO] solution export done in 0.039530277252197266 secs","[2022-02-18T15:35:49Z, INFO]  ! ----------------------------------------------------------------------------","[2022-02-18T15:35:49Z, INFO]  ! Search completed, 1 solution found.","[2022-02-18T15:35:49Z, INFO]  ! Best objective         : 90.00000 (optimal - effective tol. is 0.009)","[2022-02-18T15:35:49Z, INFO]  ! Best bound             : 90","[2022-02-18T15:35:49Z, INFO]  ! time to complete all Activities: 90","[2022-02-18T15:35:49Z, INFO]  ! ----------------------------------------------------------------------------","[2022-02-18T15:35:49Z, INFO]  ! Number of branches     : 13","[2022-02-18T15:35:49Z, INFO]  ! Number of fails        : 12","[2022-02-18T15:35:49Z, INFO]  ! Total memory usage     : 1.1 MB (1.0 MB CP Optimizer + 0.1 MB Concert)","[2022-02-18T15:35:49Z, INFO]  ! Time spent in solve    : 0.01s (0.00s engine + 0.01s extraction)","[2022-02-18T15:35:49Z, INFO]  ! Search speed (br. / s) : 1300.0","[2022-02-18T15:35:49Z, INFO]  ! ----------------------------------------------------------------------------","[2022-02-18T15:35:49Z, INFO] solve + export of all intermediate solutions done in 0.0708622932434082 secs","[2022-02-18T15:35:49Z, INFO] ScheduledActivities.csv","[2022-02-18T15:35:49Z, INFO] NotScheduledActivities.csv"]},"runtimeDetails":{"state":"STARTED"},"taskSetupMillis":3136,"taskSolveMillis":24609,"taskTearDownMillis":5201,"jobSpaceId":"c765df71-66f6-497c-afac-f8a3ee8f12d4","jobDeploymentId":"ada34a2f-c162-430b-8a4d-765d4d1f0748","jobId":"44b0d986-346d-4fe4-97f7-932fe286e55a","ping":1645198555124}