{"creationTime":1631872344319,"lastModificationTime":1631872371663,"state":"TERMINATED","solveConfig":{"containerId":"Scenario 1","solveParameters":{"oaas.logAttachmentName":"log.txt","oaas.docplex.python":"3.8","oaas.logTailEnabled":"true"},"setupWebHook":{"verb":"GET","url":"https://api.dataplatform.test.cloud.ibm.com/v1/cognitive/solve/preprocess/Scenario%201?projectId=70bbbef1-6895-44ef-8d90-70201f1f4f3a&parentId=HouseConstructionScheduling","expectedStatus":200,"headers":{}},"tearDownWebHook":{"verb":"GET","url":"https://api.dataplatform.test.cloud.ibm.com/v1/cognitive/solve/postprocess/Scenario%201?projectId=70bbbef1-6895-44ef-8d90-70201f1f4f3a&parentId=HouseConstructionScheduling","expectedStatus":200,"headers":{}}},"jobDetails":{"id":"c43c4d8d-97bc-4f12-985e-e6ca9b11ef10","createdAt":1631872353013,"startedAt":1631872362565,"endedAt":1631872364773,"submittedAt":1631872353013,"details":{"KPI.time to complete all Activities":"90","MODEL_DETAIL_CONSTRAINTS":"68","MODEL_DETAIL_INTEGER_VARS":"0","MODEL_DETAIL_INTERVAL_VARS":"40","MODEL_DETAIL_KPIS":"[\"time to complete all Activities\"]","MODEL_DETAIL_OBJECTIVE_SENSE":"minimize","MODEL_DETAIL_SEQUENCE_VARS":"3","MODEL_DETAIL_TYPE":"CPO Scheduling","PROGRESS_BEST_BOUND":"90","PROGRESS_BEST_OBJECTIVE":"90","PROGRESS_BEST_OBJECTIVE.history":"[[1631872363.48, \"90\"]]","PROGRESS_CURRENT_OBJECTIVE":"90","PROGRESS_CURRENT_OBJECTIVE.history":"[[1631872363.48, \"90\"]]","PROGRESS_GAP":"1.57898e-16","PROGRESS_GAP.history":"[[1631872363.48, \"1.57898e-16\"]]","STAT.cpo.modelType":"CPO","STAT.cpo.size.constraints":"68","STAT.cpo.size.integerVariables":"0","STAT.cpo.size.intervalVariables":"40","STAT.cpo.size.sequenceVariables":"3","STAT.cpo.size.variables":"43","STAT.cpo.solve.memoryUsage":"1006765","STAT.cpo.solve.numberOfBranches":"11","STAT.cpo.solve.time":"0.01","STAT.job.coresCount":"1","STAT.job.inputsReadMs":"329","STAT.job.memoryPeakKB":"110760","STAT.job.modelProcessingMs":"646","STAT.job.outputsWriteMs":"1100"},"executionStatus":"PROCESSED","solveStatus":"OPTIMAL_SOLUTION","logTail":["[2021-09-17T09:52:42Z, WARNING] Support for Python 3.8 is now enabled with pandas 1.0.5 libraries.","[2021-09-17T09:52:43Z, INFO] * building wado model","[2021-09-17T09:52:43Z, INFO] model building done in 0.06429910659790039 secs","[2021-09-17T09:52:43Z, INFO] * running wado model","[2021-09-17T09:52:43Z, INFO] WARNING: Number of workers has been reduced to 1 to comply with platform limitations.","[2021-09-17T09:52:43Z, INFO]  ! --------------------------------------------------- CP Optimizer 20.1.0.0 --","[2021-09-17T09:52:43Z, INFO]  ! Minimization problem - 43 variables, 68 constraints","[2021-09-17T09:52:43Z, INFO]  ! Presolve      : 10 extractables eliminated","[2021-09-17T09:52:43Z, INFO]  ! TimeLimit            = 120","[2021-09-17T09:52:43Z, INFO]  ! Workers              = 1","[2021-09-17T09:52:43Z, INFO]  ! Initial process time : 0.02s (0.00s extraction + 0.02s propagation)","[2021-09-17T09:52:43Z, INFO]  !  . Log search space  : 148.1 (before), 148.1 (after)","[2021-09-17T09:52:43Z, INFO]  !  . Memory usage      : 543.8 kB (before), 543.8 kB (after)","[2021-09-17T09:52:43Z, INFO]  ! Using sequential search.","[2021-09-17T09:52:43Z, INFO]  ! ----------------------------------------------------------------------------","[2021-09-17T09:52:43Z, INFO]  !          Best Branches  Non-fixed            Branch decision","[2021-09-17T09:52:43Z, INFO]                         0         43                 -","[2021-09-17T09:52:43Z, INFO]  + New bound is 90","[2021-09-17T09:52:43Z, INFO]  *      90.00000       11  0.02s               (gap is 0.00%)","[2021-09-17T09:52:43Z, INFO]  I time to complete all Activities: 90","[2021-09-17T09:52:43Z, INFO] Objective values: (90,)","[2021-09-17T09:52:43Z, INFO] time to complete all Activities --> 90","[2021-09-17T09:52:43Z, INFO] solution export done in 0.06825828552246094 secs","[2021-09-17T09:52:43Z, INFO]  ! ----------------------------------------------------------------------------","[2021-09-17T09:52:43Z, INFO]  ! Search completed, 1 solution found.","[2021-09-17T09:52:43Z, INFO]  ! Best objective         : 90.00000 (optimal - effective tol. is 0.009)","[2021-09-17T09:52:43Z, INFO]  ! Best bound             : 90","[2021-09-17T09:52:43Z, INFO]  ! time to complete all Activities: 90","[2021-09-17T09:52:43Z, INFO]  ! ----------------------------------------------------------------------------","[2021-09-17T09:52:43Z, INFO]  ! Number of branches     : 13","[2021-09-17T09:52:43Z, INFO]  ! Number of fails        : 12","[2021-09-17T09:52:43Z, INFO]  ! Total memory usage     : 1.1 MB (1.0 MB CP Optimizer + 0.1 MB Concert)","[2021-09-17T09:52:43Z, INFO]  ! Time spent in solve    : 0.02s (0.02s engine + 0.00s extraction)","[2021-09-17T09:52:43Z, INFO]  ! Search speed (br. / s) : 1300.0","[2021-09-17T09:52:43Z, INFO]  ! ----------------------------------------------------------------------------","[2021-09-17T09:52:43Z, INFO] solve + export of all intermediate solutions done in 0.11417174339294434 secs","[2021-09-17T09:52:43Z, INFO] ScheduledActivities.csv","[2021-09-17T09:52:43Z, INFO] NotScheduledActivities.csv"]},"runtimeDetails":{"state":"STARTED"},"taskSetupMillis":7234,"taskSolveMillis":12575,"taskTearDownMillis":4920,"jobSpaceId":"d9bda584-cf9f-4f9b-8b9e-61ec05932519","jobId":"c43c4d8d-97bc-4f12-985e-e6ca9b11ef10","ping":1631872345826}