{"creationTime":1622215272673,"lastModificationTime":1622215292149,"state":"TERMINATED","solveConfig":{"containerId":"Scenario 1","solveParameters":{"oaas.logAttachmentName":"log.txt","oaas.logTailEnabled":"true"},"setupWebHook":{"verb":"GET","url":"https://api.dataplatform.cloud.ibm.com/v1/cognitive/solve/preprocess/Scenario%201?projectId=5bd7da6b-09da-4521-be71-3c7a69f90b61&parentId=HouseConstructionScheduling","expectedStatus":200,"headers":{}},"tearDownWebHook":{"verb":"GET","url":"https://api.dataplatform.cloud.ibm.com/v1/cognitive/solve/postprocess/Scenario%201?projectId=5bd7da6b-09da-4521-be71-3c7a69f90b61&parentId=HouseConstructionScheduling","expectedStatus":200,"headers":{}}},"jobDetails":{"id":"6d7639b1-b2dc-4ade-92bd-a5e5f50104c4","createdAt":1622215281449,"startedAt":1622215282813,"endedAt":1622215284877,"submittedAt":1622215281449,"details":{"KPI.time to complete all Activities":"90","MODEL_DETAIL_CONSTRAINTS":"70","MODEL_DETAIL_INTEGER_VARS":"1","MODEL_DETAIL_INTERVAL_VARS":"40","MODEL_DETAIL_KPIS":"[\"time to complete all Activities\"]","MODEL_DETAIL_OBJECTIVE_SENSE":"minimize","MODEL_DETAIL_SEQUENCE_VARS":"3","MODEL_DETAIL_TYPE":"CPO Scheduling","PROGRESS_BEST_BOUND":"90","PROGRESS_BEST_OBJECTIVE":"90","PROGRESS_BEST_OBJECTIVE.history":"[[1622215283.59, \"90\"], [1622215283.66, \"90\"]]","PROGRESS_CURRENT_OBJECTIVE":"90","PROGRESS_CURRENT_OBJECTIVE.history":"[[1622215283.59, \"90\"], [1622215283.66, \"90\"]]","PROGRESS_GAP":"0","PROGRESS_GAP.history":"[[1622215283.59, \"0\"], [1622215283.66, \"0\"]]","STAT.cpo.modelType":"CPO","STAT.cpo.size.constraints":"70","STAT.cpo.size.integerVariables":"1","STAT.cpo.size.intervalVariables":"40","STAT.cpo.size.sequenceVariables":"3","STAT.cpo.size.variables":"44","STAT.cpo.solve.memoryUsage":"1048178","STAT.cpo.solve.numberOfBranches":"13","STAT.cpo.solve.time":"0.01","STAT.job.coresCount":"1","STAT.job.inputsReadMs":"393","STAT.job.memoryPeakKB":"108816","STAT.job.modelProcessingMs":"512","STAT.job.outputsWriteMs":"1065"},"executionStatus":"PROCESSED","solveStatus":"OPTIMAL_SOLUTION","logTail":["[2021-05-28T15:21:23Z, WARNING] Support for Python 3.7 is now enabled and used as the default.","[2021-05-28T15:21:23Z, INFO] * building wado model","[2021-05-28T15:21:23Z, INFO] model building done in 0.07736682891845703 secs","[2021-05-28T15:21:23Z, INFO] * running wado model","[2021-05-28T15:21:23Z, INFO] WARNING: Number of workers has been reduced to 1 to comply with platform limitations.","[2021-05-28T15:21:23Z, INFO]  ! --------------------------------------------------- CP Optimizer 20.1.0.0 --","[2021-05-28T15:21:23Z, INFO]  ! Minimization problem - 44 variables, 70 constraints","[2021-05-28T15:21:23Z, INFO]  ! Presolve      : 10 extractables eliminated","[2021-05-28T15:21:23Z, INFO]  ! TimeLimit            = 120","[2021-05-28T15:21:23Z, INFO]  ! Workers              = 1","[2021-05-28T15:21:23Z, INFO]  ! Initial process time : 0.02s (0.00s extraction + 0.02s propagation)","[2021-05-28T15:21:23Z, INFO]  !  . Log search space  : 159.9 (before), 159.9 (after)","[2021-05-28T15:21:23Z, INFO]  !  . Memory usage      : 543.9 kB (before), 543.9 kB (after)","[2021-05-28T15:21:23Z, INFO]  ! Using sequential search.","[2021-05-28T15:21:23Z, INFO]  ! ----------------------------------------------------------------------------","[2021-05-28T15:21:23Z, INFO]  !          Best Branches  Non-fixed            Branch decision","[2021-05-28T15:21:23Z, INFO]                         0         44                 -","[2021-05-28T15:21:23Z, INFO]  + New bound is 90","[2021-05-28T15:21:23Z, INFO]  ! Using temporal relaxation.","[2021-05-28T15:21:23Z, INFO]  *            90       11  0.02s               (gap is 0.00%)","[2021-05-28T15:21:23Z, INFO]  I time to complete all Activities: 90","[2021-05-28T15:21:23Z, INFO] Objective values: (90,)","[2021-05-28T15:21:23Z, INFO] time to complete all Activities --&gt; 90","[2021-05-28T15:21:23Z, INFO] solution export done in 0.06653761863708496 secs","[2021-05-28T15:21:23Z, INFO] Objective values: (90,)","[2021-05-28T15:21:23Z, INFO] time to complete all Activities --&gt; 90","[2021-05-28T15:21:23Z, INFO] solution export done in 0.06400704383850098 secs","[2021-05-28T15:21:23Z, INFO]  ! ----------------------------------------------------------------------------","[2021-05-28T15:21:23Z, INFO]  ! Search completed, 1 solution found.","[2021-05-28T15:21:23Z, INFO]  ! Best objective         : 90 (optimal - effective tol. is 0.009)","[2021-05-28T15:21:23Z, INFO]  ! Best bound             : 90","[2021-05-28T15:21:23Z, INFO]  ! time to complete all Activities: 90","[2021-05-28T15:21:23Z, INFO]  ! ----------------------------------------------------------------------------","[2021-05-28T15:21:23Z, INFO]  ! Number of branches     : 13","[2021-05-28T15:21:23Z, INFO]  ! Number of fails        : 12","[2021-05-28T15:21:23Z, INFO]  ! Total memory usage     : 1.1 MB (1.0 MB CP Optimizer + 0.1 MB Concert)","[2021-05-28T15:21:23Z, INFO]  ! Time spent in solve    : 0.02s (0.02s engine + 0.00s extraction)","[2021-05-28T15:21:23Z, INFO]  ! Search speed (br. / s) : 1300.0","[2021-05-28T15:21:23Z, INFO]  ! ----------------------------------------------------------------------------","[2021-05-28T15:21:23Z, INFO] solve + export of all intermediate solutions done in 0.18152475357055664 secs","[2021-05-28T15:21:23Z, INFO] ScheduledActivities.csv","[2021-05-28T15:21:23Z, INFO] NotScheduledActivities.csv"]},"runtimeDetails":{"state":"STARTED"},"taskSetupMillis":8704,"taskSolveMillis":4317,"taskTearDownMillis":4711,"jobSpaceId":"cf8149be-2496-4afc-b3cc-e5aea64024d2","jobId":"6d7639b1-b2dc-4ade-92bd-a5e5f50104c4","ping":1622215273477}