{"creationTime":1651045343164,"lastModificationTime":1651045381760,"state":"TERMINATED","solveConfig":{"containerId":"Scenario 1","solveParameters":{"oaas.logAttachmentName":"log.txt","oaas.logTailEnabled":"true"},"setupWebHook":{"verb":"GET","url":"https://api.dataplatform.cloud.ibm.com/v1/cognitive/solve/preprocess/Scenario%201?projectId=d25f1f0d-0115-473b-a5ef-527c4bc8048f&parentId=HouseConstructionScheduling","expectedStatus":200,"headers":{}},"tearDownWebHook":{"verb":"GET","url":"https://api.dataplatform.cloud.ibm.com/v1/cognitive/solve/postprocess/Scenario%201?projectId=d25f1f0d-0115-473b-a5ef-527c4bc8048f&parentId=HouseConstructionScheduling","expectedStatus":200,"headers":{}}},"jobDetails":{"id":"d615b68c-dc96-471a-be94-c3d046db0c14","createdAt":1651045346079,"startedAt":1651045373807,"endedAt":1651045376882,"submittedAt":1651045346079,"details":{"KPI.time to complete all Activities":"90","MODEL_DETAIL_CONSTRAINTS":"68","MODEL_DETAIL_INTEGER_VARS":"0","MODEL_DETAIL_INTERVAL_VARS":"40","MODEL_DETAIL_KPIS":"[\"time to complete all Activities\"]","MODEL_DETAIL_OBJECTIVE_SENSE":"minimize","MODEL_DETAIL_SEQUENCE_VARS":"3","MODEL_DETAIL_TYPE":"CPO Scheduling","PROGRESS_BEST_BOUND":"90","PROGRESS_BEST_OBJECTIVE":"90","PROGRESS_BEST_OBJECTIVE.history":"[[1651045375.52, \"90\"], [1651045375.6, \"90\"]]","PROGRESS_CURRENT_OBJECTIVE":"90.00000000000001","PROGRESS_CURRENT_OBJECTIVE.history":"[[1651045375.52, \"90\"], [1651045375.6, \"90.00000000000001\"]]","PROGRESS_GAP":"1.57898e-16","PROGRESS_GAP.history":"[[1651045375.52, \"1.57898e-16\"], [1651045375.6, \"1.57898e-16\"]]","STAT.cpo.modelType":"CPO","STAT.cpo.size.constraints":"68","STAT.cpo.size.integerVariables":"0","STAT.cpo.size.intervalVariables":"40","STAT.cpo.size.sequenceVariables":"3","STAT.cpo.size.variables":"43","STAT.cpo.solve.memoryUsage":"1039370","STAT.cpo.solve.numberOfBranches":"13","STAT.cpo.solve.time":"0","STAT.job.coresCount":"1","STAT.job.inputsReadMs":"1106","STAT.job.memoryPeakKB":"119324","STAT.job.modelProcessingMs":"514","STAT.job.outputsWriteMs":"1166"},"executionStatus":"PROCESSED","solveStatus":"OPTIMAL_SOLUTION","logTail":["[2022-04-27T07:42:54Z, WARNING] Support for Python 3.9 is now enabled with pandas 1.3 libraries.","[2022-04-27T07:42:55Z, INFO] * building wado model","[2022-04-27T07:42:55Z, INFO] model building done in 0.04461932182312012 secs","[2022-04-27T07:42:55Z, INFO] * running wado model","[2022-04-27T07:42:55Z, INFO] WARNING: Number of workers has been reduced to 1 to comply with platform limitations.","[2022-04-27T07:42:55Z, INFO]  ! --------------------------------------------------- CP Optimizer 20.1.0.1 --","[2022-04-27T07:42:55Z, INFO]  ! Minimization problem - 43 variables, 68 constraints","[2022-04-27T07:42:55Z, INFO]  ! Presolve      : 10 extractables eliminated","[2022-04-27T07:42:55Z, INFO]  ! TimeLimit            = 120","[2022-04-27T07:42:55Z, INFO]  ! Workers              = 1","[2022-04-27T07:42:55Z, INFO]  ! Initial process time : 0.00s (0.00s extraction + 0.00s propagation)","[2022-04-27T07:42:55Z, INFO]  !  . Log search space  : 148.1 (before), 148.1 (after)","[2022-04-27T07:42:55Z, INFO]  !  . Memory usage      : 543.9 kB (before), 543.9 kB (after)","[2022-04-27T07:42:55Z, INFO]  ! Using sequential search.","[2022-04-27T07:42:55Z, INFO]  ! ----------------------------------------------------------------------------","[2022-04-27T07:42:55Z, INFO]  !          Best Branches  Non-fixed            Branch decision","[2022-04-27T07:42:55Z, INFO]                         0         43                 -","[2022-04-27T07:42:55Z, INFO]  + New bound is 90","[2022-04-27T07:42:55Z, INFO]  *      90.00000       11  0.00s               (gap is 0.00%)","[2022-04-27T07:42:55Z, INFO]  I time to complete all Activities: 90","[2022-04-27T07:42:55Z, INFO] Objective values: (90,)","[2022-04-27T07:42:55Z, INFO] time to complete all Activities --> 90","[2022-04-27T07:42:55Z, INFO] solution export done in 0.06944704055786133 secs","[2022-04-27T07:42:55Z, INFO]  ! ----------------------------------------------------------------------------","[2022-04-27T07:42:55Z, INFO]  ! Search completed, 1 solution found.","[2022-04-27T07:42:55Z, INFO]  ! Best objective         : 90.00000 (optimal - effective tol. is 0.009)","[2022-04-27T07:42:55Z, INFO]  ! Best bound             : 90","[2022-04-27T07:42:55Z, INFO]  ! time to complete all Activities: 90","[2022-04-27T07:42:55Z, INFO]  ! ----------------------------------------------------------------------------","[2022-04-27T07:42:55Z, INFO]  ! Number of branches     : 13","[2022-04-27T07:42:55Z, INFO]  ! Number of fails        : 12","[2022-04-27T07:42:55Z, INFO]  ! Total memory usage     : 1.1 MB (1.0 MB CP Optimizer + 0.1 MB Concert)","[2022-04-27T07:42:55Z, INFO]  ! Time spent in solve    : 0.00s (0.00s engine + 0.00s extraction)","[2022-04-27T07:42:55Z, INFO]  ! Search speed (br. / s) : 1300.0","[2022-04-27T07:42:55Z, INFO]  ! ----------------------------------------------------------------------------","[2022-04-27T07:42:55Z, INFO] solve + export of all intermediate solutions done in 0.11248564720153809 secs","[2022-04-27T07:42:55Z, INFO] ScheduledActivities.csv","[2022-04-27T07:42:55Z, INFO] NotScheduledActivities.csv"]},"runtimeDetails":{"state":"STARTED"},"taskSetupMillis":2722,"taskSolveMillis":32274,"taskTearDownMillis":2883,"jobSpaceId":"6d902298-59e9-4647-88fa-075fbff492fc","jobDeploymentId":"37c0815b-c51d-4a61-b91d-4a5289d09b4f","jobId":"d615b68c-dc96-471a-be94-c3d046db0c14","ping":1651045373388}