id_of_Activity,id_of_Subcontractor,Subcontractor to Activity assignment,Activity start,Activity start Date,Activity duration,Activity end,Activity end Date,selected Activity,unperformed Activity,Next,Sequence index,Activity Duration in days
carpentry,Jim,1,35.0,2020-07-13 00:00:00,15.0,50.0,2020-07-28 00:00:00,1,0,painting,1.0,15.0
ceiling,Joe,1,35.0,2020-07-13 00:00:00,15.0,50.0,2020-07-28 00:00:00,1,0,roofing,2.0,15.0
facade,Joe,1,75.0,2020-08-22 00:00:00,10.0,85.0,2020-09-01 00:00:00,1,0,moving,5.0,10.0
garden,Jim,1,75.0,2020-08-22 00:00:00,5.0,80.0,2020-08-27 00:00:00,1,0,,3.0,5.0
masonry,Joe,1,0.0,2020-06-08 00:00:00,35.0,35.0,2020-07-13 00:00:00,1,0,ceiling,1.0,35.0
moving,Joe,1,85.0,2020-09-01 00:00:00,5.0,90.0,2020-09-06 00:00:00,1,0,,6.0,5.0
painting,Jim,1,50.0,2020-07-28 00:00:00,10.0,60.0,2020-08-07 00:00:00,1,0,garden,2.0,10.0
plumbing,Jack,1,35.0,2020-07-13 00:00:00,40.0,75.0,2020-08-22 00:00:00,1,0,,1.0,40.0
roofing,Joe,1,50.0,2020-07-28 00:00:00,5.0,55.0,2020-08-02 00:00:00,1,0,windows,3.0,5.0
windows,Joe,1,55.0,2020-08-02 00:00:00,5.0,60.0,2020-08-07 00:00:00,1,0,facade,4.0,5.0
