{"creationTime":1611830032095,"lastModificationTime":1611830032095,"state":"TERMINATED","solveConfig":{"containerId":"Copy 03","solveParameters":{"oaas.logAttachmentName":"log.txt","oaas.logTailEnabled":"true"}},"jobDetails":{"id":"b2ecbe6e-8366-4236-9285-aaf3afe74572","createdAt":1600789907613,"startedAt":1600789908327,"endedAt":1600789911889,"submittedAt":1600789907613,"details":{"KPI.Nb Fix Used":"38.0","KPI.Nb Temp Used":"5.0","KPI.Total Cost":"4100.0","MODEL_DETAIL_BOOLEAN_VARS":"0","MODEL_DETAIL_CONSTRAINTS":"588","MODEL_DETAIL_CONTINUOUS_VARS":"0","MODEL_DETAIL_INTEGER_VARS":"774","MODEL_DETAIL_KPIS":"[\"Total Cost\", \"Nb Fix Used\", \"Nb Temp Used\"]","MODEL_DETAIL_NONZEROS":"6234","MODEL_DETAIL_OBJECTIVE_SENSE":"minimize","MODEL_DETAIL_TYPE":"MILP","PROGRESS_BEST_OBJECTIVE":"4100.0","PROGRESS_BEST_OBJECTIVE.history":"[[1600789910.24, 4100.0]]","PROGRESS_CURRENT_OBJECTIVE":"4100.0","PROGRESS_CURRENT_OBJECTIVE.history":"[[1600789910.24, 4100.0]]","PROGRESS_GAP":"0.0","PROGRESS_GAP.history":"[[1600789910.24, 0.0]]","STAT.cplex.modelType":"MILP","STAT.cplex.size.booleanVariables":"0","STAT.cplex.size.constraints":"588","STAT.cplex.size.continousVariables":"0","STAT.cplex.size.integerVariables":"774","STAT.cplex.size.linearConstraints":"588","STAT.cplex.size.quadraticConstraints":"0","STAT.cplex.size.variables":"774"},"executionStatus":"PROCESSED","solveStatus":"OPTIMAL_SOLUTION","logTail":["[2020-09-22T15:51:50Z, INFO] WARNING: Number of workers has been reduced to 1 to comply with platform limitations.","[2020-09-22T15:51:50Z, INFO] Version identifier: 12.10.0.0 | 2020-01-09 | 0d94640","[2020-09-22T15:51:50Z, INFO] CPXPARAM_Read_DataCheck                          1","[2020-09-22T15:51:50Z, INFO] CPXPARAM_Threads                                 1","[2020-09-22T15:51:50Z, INFO] CPXPARAM_RandomSeed                              201903125","[2020-09-22T15:51:50Z, INFO] Tried aggregator 2 times.","[2020-09-22T15:51:50Z, INFO] MIP Presolve eliminated 197 rows and 86 columns.","[2020-09-22T15:51:50Z, INFO] Aggregator did 261 substitutions.","[2020-09-22T15:51:50Z, INFO] Reduced MIP has 130 rows, 302 columns, and 3725 nonzeros.","[2020-09-22T15:51:50Z, INFO] Reduced MIP has 0 binaries, 302 generals, 0 SOSs, and 0 indicators.","[2020-09-22T15:51:50Z, INFO] Presolve time = 0.01 sec. (3.96 ticks)","[2020-09-22T15:51:50Z, INFO] Found incumbent of value 4600.000000 after 0.01 sec. (8.55 ticks)","[2020-09-22T15:51:50Z, INFO] Tried aggregator 1 time.","[2020-09-22T15:51:50Z, INFO] Detecting symmetries...","[2020-09-22T15:51:50Z, INFO] Reduced MIP has 130 rows, 302 columns, and 3725 nonzeros.","[2020-09-22T15:51:50Z, INFO] Reduced MIP has 0 binaries, 302 generals, 0 SOSs, and 0 indicators.","[2020-09-22T15:51:50Z, INFO] Presolve time = 0.00 sec. (1.49 ticks)","[2020-09-22T15:51:50Z, INFO] MIP emphasis: balance optimality and feasibility.","[2020-09-22T15:51:50Z, INFO] MIP search method: dynamic search.","[2020-09-22T15:51:50Z, INFO] Parallel mode: none, using 1 thread.","[2020-09-22T15:51:50Z, INFO] Root relaxation solution time = 0.00 sec. (0.61 ticks)","[2020-09-22T15:51:50Z, INFO] ","[2020-09-22T15:51:50Z, INFO]         Nodes                                         Cuts/","[2020-09-22T15:51:50Z, INFO]    Node  Left     Objective  IInf  Best Integer    Best Bound    ItCnt     Gap","[2020-09-22T15:51:50Z, INFO] *     0+    0                         4600.0000     1000.0000            78.26%","[2020-09-22T15:51:50Z, INFO] *     0     0      integral     0     4100.0000     4100.0000       43    0.00%","[2020-09-22T15:51:50Z, INFO] Elapsed time = 0.01 sec. (11.26 ticks, tree = 0.00 MB, solutions = 2)","[2020-09-22T15:51:50Z, INFO] ","[2020-09-22T15:51:50Z, INFO] Root node processing (before b&c):","[2020-09-22T15:51:50Z, INFO]   Real time             =    0.01 sec. (11.29 ticks)","[2020-09-22T15:51:50Z, INFO] Sequential b&c:","[2020-09-22T15:51:50Z, INFO]   Real time             =    0.00 sec. (0.00 ticks)","[2020-09-22T15:51:50Z, INFO]                           ------------","[2020-09-22T15:51:50Z, INFO] Total (root+branch&cut) =    0.01 sec. (11.29 ticks)","[2020-09-22T15:51:50Z, INFO]   Feasible 4100.0","[2020-09-22T15:51:50Z, INFO] starts.csv","[2020-09-22T15:51:50Z, INFO] works.csv","[2020-09-22T15:51:50Z, INFO] nr.csv"]},"runtimeDetails":{"state":"STARTED"},"taskSetupMillis":6065,"taskSolveMillis":4044,"taskTearDownMillis":1,"jobSpaceId":"8244b7aa-de54-4cf1-bd1f-bc80bb9f48cc","jobId":"b2ecbe6e-8366-4236-9285-aaf3afe74572","transactionId":"683941f2-4b3f-4900-988f-da6221090ce5","ping":1600789902197,"taskUserId":"florence.varignier@fr.ibm.com"}