{"goalObjectives":[{"weight":1.0,"weightedValue":90.0,"value":90.0,"verbalization":"Minimize time to complete all Activities","scaledWeight":1.0}],"decisions_sorted_columns":{"Subcontractor to Activity assignments":["Activity","Subcontractor Name","Activity Duration in days","Activity start","Activity duration","Activity end","Next","Sequence index","predecessors Activity"]},"decisions_schema":{"Subcontractor to Activity assignments":[{"domainConcepts":"cTask","semantic":"assignment,cSchedulingAssignment[Activity, Subcontractor],Activity","level":1,"isKPI":false,"concept":"Activity","isKey":false,"isDecision":false,"id":"Activity Duration in days","type":"NUMBER"},{"domainConcepts":"cTask","semantic":"assignment,cSchedulingAssignment[Activity, Subcontractor],Activity","level":1,"isKPI":false,"concept":"Activity","isKey":true,"isDecision":false,"id":"Activity","type":"STRING"},{"domainConcepts":"cUnaryResource","semantic":"assignment,cSchedulingAssignment[Activity, Subcontractor],Subcontractor","level":1,"isKPI":false,"concept":"Subcontractor","isKey":true,"isDecision":false,"id":"Subcontractor Name","type":"STRING"},{"domainConcepts":"cTaskStart","semantic":"task.start","level":10,"isKPI":false,"concept":"cTaskStart[Activity]","isKey":false,"isDecision":true,"id":"Activity start","type":"FLOAT"},{"domainConcepts":"cTaskDuration","semantic":"task.duration","level":11,"isKPI":false,"concept":"cTaskDuration[Activity]","isKey":false,"isDecision":true,"id":"Activity duration","type":"FLOAT"},{"domainConcepts":"cTaskEnd","semantic":"task.end","level":12,"isKPI":false,"concept":"cTaskEnd[Activity]","isKey":false,"isDecision":true,"id":"Activity end","type":"FLOAT"},{"domainConcepts":"cSchedulingAssignment","semantic":"sequence.nextTask","level":20,"isKPI":false,"concept":"cSchedulingAssignment[Activity, Subcontractor]","isKey":false,"isDecision":true,"id":"Next","type":"FLOAT"},{"domainConcepts":"cSchedulingAssignment","semantic":"sequence.index","level":20,"isKPI":false,"concept":"cSchedulingAssignment[Activity, Subcontractor]","isKey":false,"isDecision":true,"id":"Sequence index","type":"FLOAT"},{"domainConcepts":"cTask","semantic":"task.predecessors","level":20,"isKPI":false,"concept":"Activity","isKey":false,"isDecision":false,"id":"predecessors Activity","type":"STRING"}]},"decisions":{"Subcontractor to Activity assignments":[{"Subcontractor Name":"Joe","Activity start":"2018\/01\/03 00:00:00","Activity end":"2018\/02\/07 00:00:00","Next":"Activity ceiling","predecessors Activity":"","Activity":"masonry","Sequence index":"1","Activity Duration in days":35,"Activity duration":35.0},{"Subcontractor Name":"Joe","Activity start":"2018\/02\/07 00:00:00","Activity end":"2018\/02\/22 00:00:00","Next":"Activity roofing","predecessors Activity":"masonry","Activity":"ceiling","Sequence index":"2","Activity Duration in days":15,"Activity duration":15.0},{"Subcontractor Name":"Jim","Activity start":"2018\/02\/07 00:00:00","Activity end":"2018\/02\/22 00:00:00","Next":"Activity painting","predecessors Activity":"masonry","Activity":"carpentry","Sequence index":"1","Activity Duration in days":15,"Activity duration":15.0},{"Subcontractor Name":"Jack","Activity start":"2018\/02\/07 00:00:00","Activity end":"2018\/03\/19 00:00:00","predecessors Activity":"masonry","Activity":"plumbing","Sequence index":"1","Activity Duration in days":40,"Activity duration":40.0},{"Subcontractor Name":"Joe","Activity start":"2018\/02\/22 00:00:00","Activity end":"2018\/02\/27 00:00:00","Next":"Activity windows","predecessors Activity":"carpentry","Activity":"roofing","Sequence index":"3","Activity Duration in days":5,"Activity duration":5.0},{"Subcontractor Name":"Jim","Activity start":"2018\/02\/22 00:00:00","Activity end":"2018\/03\/04 00:00:00","Next":"Activity garden","predecessors Activity":"ceiling","Activity":"painting","Sequence index":"2","Activity Duration in days":10,"Activity duration":10.0},{"Subcontractor Name":"Joe","Activity start":"2018\/02\/27 00:00:00","Activity end":"2018\/03\/04 00:00:00","Next":"Activity facade","predecessors Activity":"roofing","Activity":"windows","Sequence index":"4","Activity Duration in days":5,"Activity duration":5.0},{"Subcontractor Name":"Jim","Activity start":"2018\/03\/19 00:00:00","Activity end":"2018\/03\/24 00:00:00","predecessors Activity":"roofing, plumbing","Activity":"garden","Sequence index":"3","Activity Duration in days":5,"Activity duration":5.0},{"Subcontractor Name":"Joe","Activity start":"2018\/03\/19 00:00:00","Activity end":"2018\/03\/29 00:00:00","Next":"Activity moving","predecessors Activity":"roofing, plumbing","Activity":"facade","Sequence index":"5","Activity Duration in days":10,"Activity duration":10.0},{"Subcontractor Name":"Joe","Activity start":"2018\/03\/29 00:00:00","Activity end":"2018\/04\/03 00:00:00","predecessors Activity":"facade, painting, windows, garden","Activity":"moving","Sequence index":"6","Activity Duration in days":5,"Activity duration":5.0}]}}