{"creationTime":1632302599998,"lastModificationTime":1632302599998,"state":"TERMINATED","solveConfig":{"containerId":"Scenario 1","solveParameters":{"oaas.logAttachmentName":"log.txt","oaas.logTailEnabled":"true","oaas.docplex.python":"3.8"}},"jobDetails":{"id":"523d5ecb-79d6-4c07-b195-6a6156105961","createdAt":1632301630856,"startedAt":1632301655847,"endedAt":1632301659033,"submittedAt":1632301630856,"details":{"KPI.Nb Fix Used":"37.0","KPI.Nb Temp Used":"14.0","KPI.Total Cost":"4540.0","MODEL_DETAIL_BOOLEAN_VARS":"0","MODEL_DETAIL_CONSTRAINTS":"588","MODEL_DETAIL_CONTINUOUS_VARS":"0","MODEL_DETAIL_INTEGER_VARS":"774","MODEL_DETAIL_KPIS":"[\"Total Cost\", \"Nb Fix Used\", \"Nb Temp Used\"]","MODEL_DETAIL_NONZEROS":"6234","MODEL_DETAIL_OBJECTIVE_SENSE":"minimize","MODEL_DETAIL_TYPE":"MILP","PROGRESS_BEST_OBJECTIVE":"4540.0","PROGRESS_BEST_OBJECTIVE.history":"[[1632301657.74, 4540.0]]","PROGRESS_CURRENT_OBJECTIVE":"4540.0","PROGRESS_CURRENT_OBJECTIVE.history":"[[1632301657.74, 4540.0]]","PROGRESS_GAP":"0.0","PROGRESS_GAP.history":"[[1632301657.74, 0.0]]","STAT.cplex.modelType":"MILP","STAT.cplex.size.booleanVariables":"0","STAT.cplex.size.constraints":"588","STAT.cplex.size.continousVariables":"0","STAT.cplex.size.integerVariables":"774","STAT.cplex.size.linearConstraints":"588","STAT.cplex.size.quadraticConstraints":"0","STAT.cplex.size.variables":"774","STAT.job.coresCount":"1","STAT.job.inputsReadMs":"930","STAT.job.memoryPeakKB":"101284","STAT.job.modelProcessingMs":"810","STAT.job.outputsWriteMs":"1076"},"executionStatus":"PROCESSED","solveStatus":"OPTIMAL_SOLUTION","logTail":["[2021-09-22T09:07:36Z, WARNING] Support for Python 3.8 is now enabled with pandas 1.0.5 libraries.","[2021-09-22T09:07:37Z, INFO] WARNING: Number of workers has been reduced to 1 to comply with platform limitations.","[2021-09-22T09:07:37Z, INFO] Version identifier: 20.1.0.0 | 2020-11-10 | 9bedb6d68","[2021-09-22T09:07:37Z, INFO] CPXPARAM_Read_DataCheck                          1","[2021-09-22T09:07:37Z, INFO] CPXPARAM_Threads                                 1","[2021-09-22T09:07:37Z, INFO] Legacy callback                                  i","[2021-09-22T09:07:37Z, INFO] Tried aggregator 2 times.","[2021-09-22T09:07:37Z, INFO] MIP Presolve eliminated 188 rows and 72 columns.","[2021-09-22T09:07:37Z, INFO] Aggregator did 267 substitutions.","[2021-09-22T09:07:37Z, INFO] Reduced MIP has 133 rows, 316 columns, and 3801 nonzeros.","[2021-09-22T09:07:37Z, INFO] Reduced MIP has 0 binaries, 316 generals, 0 SOSs, and 0 indicators.","[2021-09-22T09:07:37Z, INFO] Presolve time = 0.01 sec. (4.07 ticks)","[2021-09-22T09:07:37Z, INFO] Found incumbent of value 4840.000000 after 0.02 sec. (9.07 ticks)","[2021-09-22T09:07:37Z, INFO] Tried aggregator 1 time.","[2021-09-22T09:07:37Z, INFO] Detecting symmetries...","[2021-09-22T09:07:37Z, INFO] Reduced MIP has 133 rows, 316 columns, and 3801 nonzeros.","[2021-09-22T09:07:37Z, INFO] Reduced MIP has 0 binaries, 316 generals, 0 SOSs, and 0 indicators.","[2021-09-22T09:07:37Z, INFO] Presolve time = 0.00 sec. (1.52 ticks)","[2021-09-22T09:07:37Z, INFO] MIP emphasis: balance optimality and feasibility.","[2021-09-22T09:07:37Z, INFO] MIP search method: dynamic search.","[2021-09-22T09:07:37Z, INFO] Parallel mode: none, using 1 thread.","[2021-09-22T09:07:37Z, INFO] Root relaxation solution time = 0.00 sec. (0.69 ticks)","[2021-09-22T09:07:37Z, INFO] ","[2021-09-22T09:07:37Z, INFO]         Nodes                                         Cuts/","[2021-09-22T09:07:37Z, INFO]    Node  Left     Objective  IInf  Best Integer    Best Bound    ItCnt     Gap","[2021-09-22T09:07:37Z, INFO] ","[2021-09-22T09:07:37Z, INFO] *     0+    0                         4840.0000     1000.0000            79.34%","[2021-09-22T09:07:37Z, INFO] *     0     0      integral     0     4540.0000     4540.0000       61    0.00%","[2021-09-22T09:07:37Z, INFO] Elapsed time = 0.03 sec. (11.84 ticks, tree = 0.00 MB, solutions = 2)","[2021-09-22T09:07:37Z, INFO] ","[2021-09-22T09:07:37Z, INFO] Root node processing (before b&c):","[2021-09-22T09:07:37Z, INFO]   Real time             =    0.03 sec. (11.87 ticks)","[2021-09-22T09:07:37Z, INFO] Sequential b&c:","[2021-09-22T09:07:37Z, INFO]   Real time             =    0.00 sec. (0.00 ticks)","[2021-09-22T09:07:37Z, INFO]                           ------------","[2021-09-22T09:07:37Z, INFO] Total (root+branch&cut) =    0.03 sec. (11.87 ticks)","[2021-09-22T09:07:37Z, INFO]   Feasible 4540.0","[2021-09-22T09:07:37Z, INFO] starts.csv","[2021-09-22T09:07:37Z, INFO] works.csv","[2021-09-22T09:07:37Z, INFO] nr.csv"]},"runtimeDetails":{"state":"STARTED"},"taskSetupMillis":5363,"taskSolveMillis":29598,"taskTearDownMillis":0,"jobSpaceId":"9b62ca9c-414d-4327-b3f9-1d4e9f0515cb","jobId":"523d5ecb-79d6-4c07-b195-6a6156105961","ping":1632301656033}