{"creationTime":1622215188359,"lastModificationTime":1622215204880,"state":"TERMINATED","solveConfig":{"containerId":"Scenario 1","solveParameters":{"oaas.logAttachmentName":"log.txt","oaas.logTailEnabled":"true"}},"jobDetails":{"id":"f22182fe-a351-4552-933f-26f0422fd05b","createdAt":1622215194489,"startedAt":1622215197759,"endedAt":1622215203095,"submittedAt":1622215194489,"details":{"KPI.Nb Fix Used":"37.0","KPI.Nb Temp Used":"14.0","KPI.Total Cost":"4540.0","MODEL_DETAIL_BOOLEAN_VARS":"0","MODEL_DETAIL_CONSTRAINTS":"588","MODEL_DETAIL_CONTINUOUS_VARS":"0","MODEL_DETAIL_INTEGER_VARS":"774","MODEL_DETAIL_KPIS":"[\"Total Cost\", \"Nb Fix Used\", \"Nb Temp Used\"]","MODEL_DETAIL_NONZEROS":"6234","MODEL_DETAIL_OBJECTIVE_SENSE":"minimize","MODEL_DETAIL_TYPE":"MILP","PROGRESS_BEST_OBJECTIVE":"4540.0","PROGRESS_BEST_OBJECTIVE.history":"[[1622215201.43, 4540.0]]","PROGRESS_CURRENT_OBJECTIVE":"4540.0","PROGRESS_CURRENT_OBJECTIVE.history":"[[1622215201.43, 4540.0]]","PROGRESS_GAP":"0.0","PROGRESS_GAP.history":"[[1622215201.43, 0.0]]","STAT.cplex.modelType":"MILP","STAT.cplex.size.booleanVariables":"0","STAT.cplex.size.constraints":"588","STAT.cplex.size.continousVariables":"0","STAT.cplex.size.integerVariables":"774","STAT.cplex.size.linearConstraints":"588","STAT.cplex.size.quadraticConstraints":"0","STAT.cplex.size.variables":"774","STAT.job.coresCount":"1","STAT.job.inputsReadMs":"3209","STAT.job.memoryPeakKB":"97544","STAT.job.modelProcessingMs":"487","STAT.job.outputsWriteMs":"1538"},"executionStatus":"PROCESSED","solveStatus":"OPTIMAL_SOLUTION","logTail":["[2021-05-28T15:20:00Z, WARNING] Support for Python 3.7 is now enabled and used as the default.","[2021-05-28T15:20:01Z, INFO] WARNING: Number of workers has been reduced to 1 to comply with platform limitations.","[2021-05-28T15:20:01Z, INFO] Version identifier: 20.1.0.0 | 2020-11-10 | 9bedb6d68","[2021-05-28T15:20:01Z, INFO] CPXPARAM_Read_DataCheck                          1","[2021-05-28T15:20:01Z, INFO] CPXPARAM_Threads                                 1","[2021-05-28T15:20:01Z, INFO] Legacy callback                                  i","[2021-05-28T15:20:01Z, INFO] Tried aggregator 2 times.","[2021-05-28T15:20:01Z, INFO] MIP Presolve eliminated 188 rows and 72 columns.","[2021-05-28T15:20:01Z, INFO] Aggregator did 267 substitutions.","[2021-05-28T15:20:01Z, INFO] Reduced MIP has 133 rows, 316 columns, and 3801 nonzeros.","[2021-05-28T15:20:01Z, INFO] Reduced MIP has 0 binaries, 316 generals, 0 SOSs, and 0 indicators.","[2021-05-28T15:20:01Z, INFO] Presolve time = 0.01 sec. (4.07 ticks)","[2021-05-28T15:20:01Z, INFO] Found incumbent of value 4840.000000 after 0.02 sec. (9.07 ticks)","[2021-05-28T15:20:01Z, INFO] Tried aggregator 1 time.","[2021-05-28T15:20:01Z, INFO] Detecting symmetries...","[2021-05-28T15:20:01Z, INFO] Reduced MIP has 133 rows, 316 columns, and 3801 nonzeros.","[2021-05-28T15:20:01Z, INFO] Reduced MIP has 0 binaries, 316 generals, 0 SOSs, and 0 indicators.","[2021-05-28T15:20:01Z, INFO] Presolve time = 0.00 sec. (1.52 ticks)","[2021-05-28T15:20:01Z, INFO] MIP emphasis: balance optimality and feasibility.","[2021-05-28T15:20:01Z, INFO] MIP search method: dynamic search.","[2021-05-28T15:20:01Z, INFO] Parallel mode: none, using 1 thread.","[2021-05-28T15:20:01Z, INFO] Root relaxation solution time = 0.00 sec. (0.69 ticks)","[2021-05-28T15:20:01Z, INFO] ","[2021-05-28T15:20:01Z, INFO]         Nodes                                         Cuts/","[2021-05-28T15:20:01Z, INFO]    Node  Left     Objective  IInf  Best Integer    Best Bound    ItCnt     Gap","[2021-05-28T15:20:01Z, INFO] ","[2021-05-28T15:20:01Z, INFO] *     0+    0                         4840.0000     1000.0000            79.34%","[2021-05-28T15:20:01Z, INFO] *     0     0      integral     0     4540.0000     4540.0000       61    0.00%","[2021-05-28T15:20:01Z, INFO] Elapsed time = 0.02 sec. (11.84 ticks, tree = 0.00 MB, solutions = 2)","[2021-05-28T15:20:01Z, INFO] ","[2021-05-28T15:20:01Z, INFO] Root node processing (before b&amp;c):","[2021-05-28T15:20:01Z, INFO]   Real time             =    0.02 sec. (11.87 ticks)","[2021-05-28T15:20:01Z, INFO] Sequential b&amp;c:","[2021-05-28T15:20:01Z, INFO]   Real time             =    0.00 sec. (0.00 ticks)","[2021-05-28T15:20:01Z, INFO]                           ------------","[2021-05-28T15:20:01Z, INFO] Total (root+branch&amp;cut) =    0.02 sec. (11.87 ticks)","[2021-05-28T15:20:01Z, INFO]   Feasible 4540.0","[2021-05-28T15:20:01Z, INFO] starts.csv","[2021-05-28T15:20:01Z, INFO] works.csv","[2021-05-28T15:20:01Z, INFO] nr.csv"]},"runtimeDetails":{"state":"STARTED"},"taskSetupMillis":5930,"taskSolveMillis":8823,"taskTearDownMillis":0,"jobSpaceId":"cf8149be-2496-4afc-b3cc-e5aea64024d2","jobId":"f22182fe-a351-4552-933f-26f0422fd05b","ping":1622215189132}