{"creationTime":1645198557706,"lastModificationTime":1645198594477,"state":"TERMINATED","solveConfig":{"containerId":"Scenario 1","solveParameters":{"oaas.logAttachmentName":"log.txt","oaas.logTailEnabled":"true"}},"jobDetails":{"id":"2375eea3-f8c2-4fc7-b96e-b1d4c59b53ba","createdAt":1645198565445,"startedAt":1645198589428,"endedAt":1645198592261,"submittedAt":1645198565445,"details":{"KPI.Nb Fix Used":"37.0","KPI.Nb Temp Used":"14.0","KPI.Total Cost":"4540.0","MODEL_DETAIL_BOOLEAN_VARS":"0","MODEL_DETAIL_CONSTRAINTS":"588","MODEL_DETAIL_CONTINUOUS_VARS":"0","MODEL_DETAIL_INTEGER_VARS":"774","MODEL_DETAIL_KPIS":"[\"Total Cost\", \"Nb Fix Used\", \"Nb Temp Used\"]","MODEL_DETAIL_NONZEROS":"6234","MODEL_DETAIL_OBJECTIVE_SENSE":"minimize","MODEL_DETAIL_TYPE":"MILP","PROGRESS_BEST_OBJECTIVE":"4540.0","PROGRESS_BEST_OBJECTIVE.history":"[[1645198590.88, 4540.0]]","PROGRESS_CURRENT_OBJECTIVE":"4540.0","PROGRESS_CURRENT_OBJECTIVE.history":"[[1645198590.88, 4540.0]]","PROGRESS_GAP":"0.0","PROGRESS_GAP.history":"[[1645198590.88, 0.0]]","STAT.cplex.modelType":"MILP","STAT.cplex.size.booleanVariables":"0","STAT.cplex.size.constraints":"588","STAT.cplex.size.continousVariables":"0","STAT.cplex.size.integerVariables":"774","STAT.cplex.size.linearConstraints":"588","STAT.cplex.size.quadraticConstraints":"0","STAT.cplex.size.variables":"774","STAT.job.coresCount":"1","STAT.job.inputsReadMs":"752","STAT.job.memoryPeakKB":"102996","STAT.job.modelProcessingMs":"553","STAT.job.outputsWriteMs":"1231"},"executionStatus":"PROCESSED","solveStatus":"OPTIMAL_SOLUTION","logTail":["[2022-02-18T15:36:30Z, WARNING] Support for Python 3.8 is now enabled with pandas 1.2.4 libraries.","[2022-02-18T15:36:30Z, INFO] WARNING: Number of workers has been reduced to 1 to comply with platform limitations.","[2022-02-18T15:36:30Z, INFO] Version identifier: 20.1.0.1 | 2021-12-07 | 9dfdf6686","[2022-02-18T15:36:30Z, INFO] CPXPARAM_Read_DataCheck                          1","[2022-02-18T15:36:30Z, INFO] CPXPARAM_Threads                                 1","[2022-02-18T15:36:30Z, INFO] Legacy callback                                  i","[2022-02-18T15:36:30Z, INFO] Tried aggregator 2 times.","[2022-02-18T15:36:30Z, INFO] MIP Presolve eliminated 188 rows and 72 columns.","[2022-02-18T15:36:30Z, INFO] Aggregator did 267 substitutions.","[2022-02-18T15:36:30Z, INFO] Reduced MIP has 133 rows, 316 columns, and 3801 nonzeros.","[2022-02-18T15:36:30Z, INFO] Reduced MIP has 0 binaries, 316 generals, 0 SOSs, and 0 indicators.","[2022-02-18T15:36:30Z, INFO] Presolve time = 0.01 sec. (4.07 ticks)","[2022-02-18T15:36:30Z, INFO] Found incumbent of value 4840.000000 after 0.01 sec. (9.07 ticks)","[2022-02-18T15:36:30Z, INFO] Tried aggregator 1 time.","[2022-02-18T15:36:30Z, INFO] Detecting symmetries...","[2022-02-18T15:36:30Z, INFO] Reduced MIP has 133 rows, 316 columns, and 3801 nonzeros.","[2022-02-18T15:36:30Z, INFO] Reduced MIP has 0 binaries, 316 generals, 0 SOSs, and 0 indicators.","[2022-02-18T15:36:30Z, INFO] Presolve time = 0.00 sec. (1.52 ticks)","[2022-02-18T15:36:30Z, INFO] MIP emphasis: balance optimality and feasibility.","[2022-02-18T15:36:30Z, INFO] MIP search method: dynamic search.","[2022-02-18T15:36:30Z, INFO] Parallel mode: none, using 1 thread.","[2022-02-18T15:36:30Z, INFO] Root relaxation solution time = 0.00 sec. (0.69 ticks)","[2022-02-18T15:36:30Z, INFO] ","[2022-02-18T15:36:30Z, INFO]         Nodes                                         Cuts/","[2022-02-18T15:36:30Z, INFO]    Node  Left     Objective  IInf  Best Integer    Best Bound    ItCnt     Gap","[2022-02-18T15:36:30Z, INFO] ","[2022-02-18T15:36:30Z, INFO] *     0+    0                         4840.0000     1000.0000            79.34%","[2022-02-18T15:36:30Z, INFO] *     0     0      integral     0     4540.0000     4540.0000       61    0.00%","[2022-02-18T15:36:30Z, INFO] Elapsed time = 0.02 sec. (11.84 ticks, tree = 0.00 MB, solutions = 2)","[2022-02-18T15:36:30Z, INFO] ","[2022-02-18T15:36:30Z, INFO] Root node processing (before b&c):","[2022-02-18T15:36:30Z, INFO]   Real time             =    0.02 sec. (11.87 ticks)","[2022-02-18T15:36:30Z, INFO] Sequential b&c:","[2022-02-18T15:36:30Z, INFO]   Real time             =    0.00 sec. (0.00 ticks)","[2022-02-18T15:36:30Z, INFO]                           ------------","[2022-02-18T15:36:30Z, INFO] Total (root+branch&cut) =    0.02 sec. (11.87 ticks)","[2022-02-18T15:36:30Z, INFO]   Feasible 4540.0","[2022-02-18T15:36:30Z, INFO] starts.csv","[2022-02-18T15:36:30Z, INFO] works.csv","[2022-02-18T15:36:30Z, INFO] nr.csv"]},"runtimeDetails":{"state":"STARTED"},"taskSetupMillis":7601,"taskSolveMillis":28383,"taskTearDownMillis":1,"jobSpaceId":"c765df71-66f6-497c-afac-f8a3ee8f12d4","jobDeploymentId":"b6839822-3047-4216-a4ca-de79cb90189e","jobId":"2375eea3-f8c2-4fc7-b96e-b1d4c59b53ba","ping":1645198588123}