{"creationTime":1632303084228,"lastModificationTime":1632303092495,"state":"TERMINATED","solveConfig":{"containerId":"Copy 05","solveParameters":{"oaas.logAttachmentName":"log.txt","oaas.logTailEnabled":"true","oaas.docplex.python":"3.8"}},"jobDetails":{"id":"9df1db4a-047d-4066-824e-b1a0d58ec9d0","createdAt":1632303087063,"startedAt":1632303087808,"endedAt":1632303090469,"submittedAt":1632303087063,"details":{"KPI.Nb Fix Used":"40.0","KPI.Nb Temp Used":"23.0","KPI.Total Cost":"5380.0","MODEL_DETAIL_BOOLEAN_VARS":"0","MODEL_DETAIL_CONSTRAINTS":"588","MODEL_DETAIL_CONTINUOUS_VARS":"0","MODEL_DETAIL_INTEGER_VARS":"774","MODEL_DETAIL_KPIS":"[\"Total Cost\", \"Nb Fix Used\", \"Nb Temp Used\"]","MODEL_DETAIL_NONZEROS":"6234","MODEL_DETAIL_OBJECTIVE_SENSE":"minimize","MODEL_DETAIL_TYPE":"MILP","PROGRESS_BEST_OBJECTIVE":"5380.0","PROGRESS_BEST_OBJECTIVE.history":"[[1632303089.23, 5380.0]]","PROGRESS_CURRENT_OBJECTIVE":"5380.0","PROGRESS_CURRENT_OBJECTIVE.history":"[[1632303089.23, 5380.0]]","PROGRESS_GAP":"0.0","PROGRESS_GAP.history":"[[1632303089.23, 0.0]]","STAT.cplex.modelType":"MILP","STAT.cplex.size.booleanVariables":"0","STAT.cplex.size.constraints":"588","STAT.cplex.size.continousVariables":"0","STAT.cplex.size.integerVariables":"774","STAT.cplex.size.linearConstraints":"588","STAT.cplex.size.quadraticConstraints":"0","STAT.cplex.size.variables":"774","STAT.job.coresCount":"1","STAT.job.inputsReadMs":"602","STAT.job.memoryPeakKB":"101644","STAT.job.modelProcessingMs":"832","STAT.job.outputsWriteMs":"1094"},"executionStatus":"PROCESSED","solveStatus":"OPTIMAL_SOLUTION","logTail":["[2021-09-22T09:31:28Z, WARNING] Support for Python 3.8 is now enabled with pandas 1.0.5 libraries.","[2021-09-22T09:31:29Z, INFO] WARNING: Number of workers has been reduced to 1 to comply with platform limitations.","[2021-09-22T09:31:29Z, INFO] Version identifier: 20.1.0.0 | 2020-11-10 | 9bedb6d68","[2021-09-22T09:31:29Z, INFO] CPXPARAM_Read_DataCheck                          1","[2021-09-22T09:31:29Z, INFO] CPXPARAM_Threads                                 1","[2021-09-22T09:31:29Z, INFO] Legacy callback                                  i","[2021-09-22T09:31:29Z, INFO] Tried aggregator 2 times.","[2021-09-22T09:31:29Z, INFO] MIP Presolve eliminated 185 rows and 80 columns.","[2021-09-22T09:31:29Z, INFO] Aggregator did 269 substitutions.","[2021-09-22T09:31:29Z, INFO] Reduced MIP has 134 rows, 308 columns, and 3884 nonzeros.","[2021-09-22T09:31:29Z, INFO] Reduced MIP has 0 binaries, 308 generals, 0 SOSs, and 0 indicators.","[2021-09-22T09:31:29Z, INFO] Presolve time = 0.01 sec. (3.98 ticks)","[2021-09-22T09:31:29Z, INFO] Found incumbent of value 6160.000000 after 0.02 sec. (8.75 ticks)","[2021-09-22T09:31:29Z, INFO] Tried aggregator 1 time.","[2021-09-22T09:31:29Z, INFO] Detecting symmetries...","[2021-09-22T09:31:29Z, INFO] Reduced MIP has 134 rows, 308 columns, and 3884 nonzeros.","[2021-09-22T09:31:29Z, INFO] Reduced MIP has 0 binaries, 308 generals, 0 SOSs, and 0 indicators.","[2021-09-22T09:31:29Z, INFO] Presolve time = 0.00 sec. (1.54 ticks)","[2021-09-22T09:31:29Z, INFO] MIP emphasis: balance optimality and feasibility.","[2021-09-22T09:31:29Z, INFO] MIP search method: dynamic search.","[2021-09-22T09:31:29Z, INFO] Parallel mode: none, using 1 thread.","[2021-09-22T09:31:29Z, INFO] Root relaxation solution time = 0.00 sec. (1.02 ticks)","[2021-09-22T09:31:29Z, INFO] ","[2021-09-22T09:31:29Z, INFO]         Nodes                                         Cuts/","[2021-09-22T09:31:29Z, INFO]    Node  Left     Objective  IInf  Best Integer    Best Bound    ItCnt     Gap","[2021-09-22T09:31:29Z, INFO] ","[2021-09-22T09:31:29Z, INFO] *     0+    0                         6160.0000     1000.0000            83.77%","[2021-09-22T09:31:29Z, INFO] *     0     0      integral     0     5380.0000     5380.0000      100    0.00%","[2021-09-22T09:31:29Z, INFO] Elapsed time = 0.02 sec. (11.89 ticks, tree = 0.00 MB, solutions = 2)","[2021-09-22T09:31:29Z, INFO] ","[2021-09-22T09:31:29Z, INFO] Root node processing (before b&c):","[2021-09-22T09:31:29Z, INFO]   Real time             =    0.02 sec. (11.92 ticks)","[2021-09-22T09:31:29Z, INFO] Sequential b&c:","[2021-09-22T09:31:29Z, INFO]   Real time             =    0.00 sec. (0.00 ticks)","[2021-09-22T09:31:29Z, INFO]                           ------------","[2021-09-22T09:31:29Z, INFO] Total (root+branch&cut) =    0.02 sec. (11.92 ticks)","[2021-09-22T09:31:29Z, INFO]   Feasible 5380.0","[2021-09-22T09:31:29Z, INFO] starts.csv","[2021-09-22T09:31:29Z, INFO] works.csv","[2021-09-22T09:31:29Z, INFO] nr.csv"]},"runtimeDetails":{"state":"STARTED"},"taskSetupMillis":2386,"taskSolveMillis":4582,"taskTearDownMillis":1,"jobSpaceId":"d9bda584-cf9f-4f9b-8b9e-61ec05932519","jobId":"9df1db4a-047d-4066-824e-b1a0d58ec9d0","ping":1632303084732}