{"creationTime":1645199901612,"lastModificationTime":1645199908821,"state":"TERMINATED","solveConfig":{"containerId":"Copy 05","solveParameters":{"oaas.logAttachmentName":"log.txt","oaas.logTailEnabled":"true"}},"jobDetails":{"id":"7819db1b-da3b-4d1d-9d76-c9ee8ae46961","createdAt":1645199903541,"startedAt":1645199904419,"endedAt":1645199906221,"submittedAt":1645199903541,"details":{"KPI.Nb Fix Used":"39.0","KPI.Nb Temp Used":"9.0","KPI.Total Cost":"4440.0","MODEL_DETAIL_BOOLEAN_VARS":"0","MODEL_DETAIL_CONSTRAINTS":"588","MODEL_DETAIL_CONTINUOUS_VARS":"0","MODEL_DETAIL_INTEGER_VARS":"774","MODEL_DETAIL_KPIS":"[\"Total Cost\", \"Nb Fix Used\", \"Nb Temp Used\"]","MODEL_DETAIL_NONZEROS":"6234","MODEL_DETAIL_OBJECTIVE_SENSE":"minimize","MODEL_DETAIL_TYPE":"MILP","PROGRESS_BEST_OBJECTIVE":"4440.0","PROGRESS_BEST_OBJECTIVE.history":"[[1645199905.23, 4440.0]]","PROGRESS_CURRENT_OBJECTIVE":"4440.0","PROGRESS_CURRENT_OBJECTIVE.history":"[[1645199905.23, 4440.0]]","PROGRESS_GAP":"0.0","PROGRESS_GAP.history":"[[1645199905.23, 0.0]]","STAT.cplex.modelType":"MILP","STAT.cplex.size.booleanVariables":"0","STAT.cplex.size.constraints":"588","STAT.cplex.size.continousVariables":"0","STAT.cplex.size.integerVariables":"774","STAT.cplex.size.linearConstraints":"588","STAT.cplex.size.quadraticConstraints":"0","STAT.cplex.size.variables":"774","STAT.job.coresCount":"1","STAT.job.inputsReadMs":"230","STAT.job.memoryPeakKB":"102608","STAT.job.modelProcessingMs":"587","STAT.job.outputsWriteMs":"888"},"executionStatus":"PROCESSED","solveStatus":"OPTIMAL_SOLUTION","logTail":["[2022-02-18T15:58:24Z, WARNING] Support for Python 3.8 is now enabled with pandas 1.2.4 libraries.","[2022-02-18T15:58:25Z, INFO] WARNING: Number of workers has been reduced to 1 to comply with platform limitations.","[2022-02-18T15:58:25Z, INFO] Version identifier: 20.1.0.1 | 2021-12-07 | 9dfdf6686","[2022-02-18T15:58:25Z, INFO] CPXPARAM_Read_DataCheck                          1","[2022-02-18T15:58:25Z, INFO] CPXPARAM_Threads                                 1","[2022-02-18T15:58:25Z, INFO] Legacy callback                                  i","[2022-02-18T15:58:25Z, INFO] Tried aggregator 2 times.","[2022-02-18T15:58:25Z, INFO] MIP Presolve eliminated 209 rows and 90 columns.","[2022-02-18T15:58:25Z, INFO] Aggregator did 253 substitutions.","[2022-02-18T15:58:25Z, INFO] Reduced MIP has 126 rows, 298 columns, and 3698 nonzeros.","[2022-02-18T15:58:25Z, INFO] Reduced MIP has 0 binaries, 298 generals, 0 SOSs, and 0 indicators.","[2022-02-18T15:58:25Z, INFO] Presolve time = 0.00 sec. (3.88 ticks)","[2022-02-18T15:58:25Z, INFO] Found incumbent of value 4900.000000 after 0.01 sec. (8.56 ticks)","[2022-02-18T15:58:25Z, INFO] Tried aggregator 1 time.","[2022-02-18T15:58:25Z, INFO] Detecting symmetries...","[2022-02-18T15:58:25Z, INFO] Reduced MIP has 126 rows, 298 columns, and 3698 nonzeros.","[2022-02-18T15:58:25Z, INFO] Reduced MIP has 0 binaries, 298 generals, 0 SOSs, and 0 indicators.","[2022-02-18T15:58:25Z, INFO] Presolve time = 0.00 sec. (1.47 ticks)","[2022-02-18T15:58:25Z, INFO] MIP emphasis: balance optimality and feasibility.","[2022-02-18T15:58:25Z, INFO] MIP search method: dynamic search.","[2022-02-18T15:58:25Z, INFO] Parallel mode: none, using 1 thread.","[2022-02-18T15:58:25Z, INFO] Root relaxation solution time = 0.00 sec. (0.74 ticks)","[2022-02-18T15:58:25Z, INFO] ","[2022-02-18T15:58:25Z, INFO]         Nodes                                         Cuts/","[2022-02-18T15:58:25Z, INFO]    Node  Left     Objective  IInf  Best Integer    Best Bound    ItCnt     Gap","[2022-02-18T15:58:25Z, INFO] ","[2022-02-18T15:58:25Z, INFO] *     0+    0                         4900.0000     1000.0000            79.59%","[2022-02-18T15:58:25Z, INFO] *     0     0      integral     0     4440.0000     4440.0000       60    0.00%","[2022-02-18T15:58:25Z, INFO] Elapsed time = 0.01 sec. (11.33 ticks, tree = 0.00 MB, solutions = 2)","[2022-02-18T15:58:25Z, INFO] ","[2022-02-18T15:58:25Z, INFO] Root node processing (before b&c):","[2022-02-18T15:58:25Z, INFO]   Real time             =    0.01 sec. (11.36 ticks)","[2022-02-18T15:58:25Z, INFO] Sequential b&c:","[2022-02-18T15:58:25Z, INFO]   Real time             =    0.00 sec. (0.00 ticks)","[2022-02-18T15:58:25Z, INFO]                           ------------","[2022-02-18T15:58:25Z, INFO] Total (root+branch&cut) =    0.01 sec. (11.36 ticks)","[2022-02-18T15:58:25Z, INFO]   Feasible 4440.0","[2022-02-18T15:58:25Z, INFO] starts.csv","[2022-02-18T15:58:25Z, INFO] works.csv","[2022-02-18T15:58:25Z, INFO] nr.csv"]},"runtimeDetails":{"state":"STARTED"},"taskSetupMillis":1798,"taskSolveMillis":4567,"taskTearDownMillis":1,"jobSpaceId":"c765df71-66f6-497c-afac-f8a3ee8f12d4","jobDeploymentId":"b6839822-3047-4216-a4ca-de79cb90189e","jobId":"7819db1b-da3b-4d1d-9d76-c9ee8ae46961","ping":1645199901851}