{"CPLEXSolution": {"version": "1.0", "header": {"problemName": "planning", "objectiveValue": "5300.0", "solved_by": "cplex_local"}, "variables": [{"index": "1", "name": "start_fix_1", "value": "6.0"}, {"index": "2", "name": "start_fix_2", "value": "5.0"}, {"index": "3", "name": "start_fix_3", "value": "1.0"}, {"index": "4", "name": "start_fix_4", "value": "1.0"}, {"index": "6", "name": "start_fix_6", "value": "2.0"}, {"index": "7", "name": "start_fix_7", "value": "1.0"}, {"index": "20", "name": "start_fix_20", "value": "3.0"}, {"index": "43", "name": "start_fix_43", "value": "2.0"}, {"index": "49", "name": "start_fix_49", "value": "1.0"}, {"index": "60", "name": "start_fix_60", "value": "2.0"}, {"index": "61", "name": "start_fix_61", "value": "12.0"}, {"index": "63", "name": "start_fix_63", "value": "1.0"}, {"index": "65", "name": "start_fix_65", "value": "1.0"}, {"index": "108", "name": "start_fix_108", "value": "21.0"}, {"index": "134", "name": "start_fix_134", "value": "2.0"}, {"index": "163", "name": "start_fix_163", "value": "10.0"}, {"index": "171", "name": "start_fix_171", "value": "5.0"}, {"index": "209", "name": "start_temp_17", "value": "9.0"}, {"index": "210", "name": "start_temp_18", "value": "2.0"}, {"index": "211", "name": "start_temp_19", "value": "1.0"}, {"index": "258", "name": "start_temp_66", "value": "4.0"}, {"index": "259", "name": "start_temp_67", "value": "4.0"}, {"index": "261", "name": "start_temp_69", "value": "5.0"}, {"index": "323", "name": "start_temp_131", "value": "7.0"}, {"index": "330", "name": "start_temp_138", "value": "1.0"}, {"index": "336", "name": "start_temp_144", "value": "1.0"}, {"index": "344", "name": "start_temp_152", "value": "1.0"}, {"index": "345", "name": "start_temp_153", "value": "1.0"}, {"index": "348", "name": "start_temp_156", "value": "1.0"}, {"index": "350", "name": "start_temp_158", "value": "8.0"}, {"index": "352", "name": "start_temp_160", "value": "5.0"}, {"index": "386", "name": "work_fix_2", "value": "6.0"}, {"index": "387", "name": "work_fix_3", "value": "11.0"}, {"index": "388", "name": "work_fix_4", "value": "12.0"}, {"index": "389", "name": "work_fix_5", "value": "13.0"}, {"index": "390", "name": "work_fix_6", "value": "13.0"}, {"index": "391", "name": "work_fix_7", "value": "15.0"}, {"index": "392", "name": "work_fix_8", "value": "16.0"}, {"index": "393", "name": "work_fix_9", "value": "16.0"}, {"index": "394", "name": "work_fix_10", "value": "16.0"}, {"index": "395", "name": "work_fix_11", "value": "16.0"}, {"index": "396", "name": "work_fix_12", "value": "16.0"}, {"index": "397", "name": "work_fix_13", "value": "16.0"}, {"index": "398", "name": "work_fix_14", "value": "16.0"}, {"index": "399", "name": "work_fix_15", "value": "16.0"}, {"index": "400", "name": "work_fix_16", "value": "16.0"}, {"index": "401", "name": "work_fix_17", "value": "16.0"}, {"index": "402", "name": "work_fix_18", "value": "16.0"}, {"index": "403", "name": "work_fix_19", "value": "16.0"}, {"index": "404", "name": "work_fix_20", "value": "16.0"}, {"index": "405", "name": "work_fix_21", "value": "19.0"}, {"index": "406", "name": "work_fix_22", "value": "19.0"}, {"index": "407", "name": "work_fix_23", "value": "19.0"}, {"index": "408", "name": "work_fix_24", "value": "19.0"}, {"index": "409", "name": "work_fix_25", "value": "19.0"}, {"index": "410", "name": "work_fix_26", "value": "13.0"}, {"index": "411", "name": "work_fix_27", "value": "8.0"}, {"index": "412", "name": "work_fix_28", "value": "7.0"}, {"index": "413", "name": "work_fix_29", "value": "6.0"}, {"index": "414", "name": "work_fix_30", "value": "6.0"}, {"index": "415", "name": "work_fix_31", "value": "4.0"}, {"index": "416", "name": "work_fix_32", "value": "3.0"}, {"index": "417", "name": "work_fix_33", "value": "3.0"}, {"index": "418", "name": "work_fix_34", "value": "3.0"}, {"index": "419", "name": "work_fix_35", "value": "3.0"}, {"index": "420", "name": "work_fix_36", "value": "3.0"}, {"index": "421", "name": "work_fix_37", "value": "3.0"}, {"index": "422", "name": "work_fix_38", "value": "3.0"}, {"index": "423", "name": "work_fix_39", "value": "3.0"}, {"index": "424", "name": "work_fix_40", "value": "3.0"}, {"index": "425", "name": "work_fix_41", "value": "3.0"}, {"index": "426", "name": "work_fix_42", "value": "3.0"}, {"index": "427", "name": "work_fix_43", "value": "3.0"}, {"index": "428", "name": "work_fix_44", "value": "5.0"}, {"index": "429", "name": "work_fix_45", "value": "2.0"}, {"index": "430", "name": "work_fix_46", "value": "2.0"}, {"index": "431", "name": "work_fix_47", "value": "2.0"}, {"index": "432", "name": "work_fix_48", "value": "2.0"}, {"index": "433", "name": "work_fix_49", "value": "2.0"}, {"index": "434", "name": "work_fix_50", "value": "3.0"}, {"index": "435", "name": "work_fix_51", "value": "3.0"}, {"index": "436", "name": "work_fix_52", "value": "3.0"}, {"index": "437", "name": "work_fix_53", "value": "3.0"}, {"index": "438", "name": "work_fix_54", "value": "3.0"}, {"index": "439", "name": "work_fix_55", "value": "3.0"}, {"index": "440", "name": "work_fix_56", "value": "3.0"}, {"index": "441", "name": "work_fix_57", "value": "3.0"}, {"index": "442", "name": "work_fix_58", "value": "3.0"}, {"index": "443", "name": "work_fix_59", "value": "3.0"}, {"index": "444", "name": "work_fix_60", "value": "3.0"}, {"index": "445", "name": "work_fix_61", "value": "5.0"}, {"index": "446", "name": "work_fix_62", "value": "17.0"}, {"index": "447", "name": "work_fix_63", "value": "17.0"}, {"index": "448", "name": "work_fix_64", "value": "18.0"}, {"index": "449", "name": "work_fix_65", "value": "18.0"}, {"index": "450", "name": "work_fix_66", "value": "19.0"}, {"index": "451", "name": "work_fix_67", "value": "19.0"}, {"index": "452", "name": "work_fix_68", "value": "17.0"}, {"index": "453", "name": "work_fix_69", "value": "17.0"}, {"index": "454", "name": "work_fix_70", "value": "17.0"}, {"index": "455", "name": "work_fix_71", "value": "17.0"}, {"index": "456", "name": "work_fix_72", "value": "17.0"}, {"index": "457", "name": "work_fix_73", "value": "17.0"}, {"index": "458", "name": "work_fix_74", "value": "16.0"}, {"index": "459", "name": "work_fix_75", "value": "16.0"}, {"index": "460", "name": "work_fix_76", "value": "16.0"}, {"index": "461", "name": "work_fix_77", "value": "16.0"}, {"index": "462", "name": "work_fix_78", "value": "16.0"}, {"index": "463", "name": "work_fix_79", "value": "16.0"}, {"index": "464", "name": "work_fix_80", "value": "16.0"}, {"index": "465", "name": "work_fix_81", "value": "16.0"}, {"index": "466", "name": "work_fix_82", "value": "16.0"}, {"index": "467", "name": "work_fix_83", "value": "16.0"}, {"index": "468", "name": "work_fix_84", "value": "16.0"}, {"index": "469", "name": "work_fix_85", "value": "14.0"}, {"index": "470", "name": "work_fix_86", "value": "2.0"}, {"index": "471", "name": "work_fix_87", "value": "2.0"}, {"index": "472", "name": "work_fix_88", "value": "1.0"}, {"index": "473", "name": "work_fix_89", "value": "1.0"}, {"index": "493", "name": "work_fix_109", "value": "21.0"}, {"index": "494", "name": "work_fix_110", "value": "21.0"}, {"index": "495", "name": "work_fix_111", "value": "21.0"}, {"index": "496", "name": "work_fix_112", "value": "21.0"}, {"index": "497", "name": "work_fix_113", "value": "21.0"}, {"index": "498", "name": "work_fix_114", "value": "21.0"}, {"index": "499", "name": "work_fix_115", "value": "21.0"}, {"index": "500", "name": "work_fix_116", "value": "21.0"}, {"index": "501", "name": "work_fix_117", "value": "21.0"}, {"index": "502", "name": "work_fix_118", "value": "21.0"}, {"index": "503", "name": "work_fix_119", "value": "21.0"}, {"index": "504", "name": "work_fix_120", "value": "21.0"}, {"index": "505", "name": "work_fix_121", "value": "21.0"}, {"index": "506", "name": "work_fix_122", "value": "21.0"}, {"index": "507", "name": "work_fix_123", "value": "21.0"}, {"index": "508", "name": "work_fix_124", "value": "21.0"}, {"index": "509", "name": "work_fix_125", "value": "21.0"}, {"index": "510", "name": "work_fix_126", "value": "21.0"}, {"index": "511", "name": "work_fix_127", "value": "21.0"}, {"index": "512", "name": "work_fix_128", "value": "21.0"}, {"index": "513", "name": "work_fix_129", "value": "21.0"}, {"index": "514", "name": "work_fix_130", "value": "21.0"}, {"index": "515", "name": "work_fix_131", "value": "21.0"}, {"index": "516", "name": "work_fix_132", "value": "21.0"}, {"index": "519", "name": "work_fix_135", "value": "2.0"}, {"index": "520", "name": "work_fix_136", "value": "2.0"}, {"index": "521", "name": "work_fix_137", "value": "2.0"}, {"index": "522", "name": "work_fix_138", "value": "2.0"}, {"index": "523", "name": "work_fix_139", "value": "2.0"}, {"index": "524", "name": "work_fix_140", "value": "2.0"}, {"index": "525", "name": "work_fix_141", "value": "2.0"}, {"index": "526", "name": "work_fix_142", "value": "2.0"}, {"index": "527", "name": "work_fix_143", "value": "2.0"}, {"index": "528", "name": "work_fix_144", "value": "2.0"}, {"index": "529", "name": "work_fix_145", "value": "2.0"}, {"index": "530", "name": "work_fix_146", "value": "2.0"}, {"index": "531", "name": "work_fix_147", "value": "2.0"}, {"index": "532", "name": "work_fix_148", "value": "2.0"}, {"index": "533", "name": "work_fix_149", "value": "2.0"}, {"index": "534", "name": "work_fix_150", "value": "2.0"}, {"index": "535", "name": "work_fix_151", "value": "2.0"}, {"index": "536", "name": "work_fix_152", "value": "2.0"}, {"index": "537", "name": "work_fix_153", "value": "2.0"}, {"index": "538", "name": "work_fix_154", "value": "2.0"}, {"index": "539", "name": "work_fix_155", "value": "2.0"}, {"index": "540", "name": "work_fix_156", "value": "2.0"}, {"index": "541", "name": "work_fix_157", "value": "2.0"}, {"index": "542", "name": "work_fix_158", "value": "2.0"}, {"index": "548", "name": "work_fix_164", "value": "10.0"}, {"index": "549", "name": "work_fix_165", "value": "10.0"}, {"index": "550", "name": "work_fix_166", "value": "10.0"}, {"index": "551", "name": "work_fix_167", "value": "10.0"}, {"index": "552", "name": "work_fix_168", "value": "10.0"}, {"index": "553", "name": "work_fix_169", "value": "10.0"}, {"index": "554", "name": "work_fix_170", "value": "10.0"}, {"index": "555", "name": "work_fix_171", "value": "10.0"}, {"index": "556", "name": "work_fix_172", "value": "15.0"}, {"index": "557", "name": "work_fix_173", "value": "15.0"}, {"index": "558", "name": "work_fix_174", "value": "15.0"}, {"index": "559", "name": "work_fix_175", "value": "15.0"}, {"index": "560", "name": "work_fix_176", "value": "15.0"}, {"index": "561", "name": "work_fix_177", "value": "15.0"}, {"index": "562", "name": "work_fix_178", "value": "15.0"}, {"index": "563", "name": "work_fix_179", "value": "15.0"}, {"index": "564", "name": "work_fix_180", "value": "15.0"}, {"index": "565", "name": "work_fix_181", "value": "15.0"}, {"index": "566", "name": "work_fix_182", "value": "15.0"}, {"index": "567", "name": "work_fix_183", "value": "15.0"}, {"index": "568", "name": "work_fix_184", "value": "15.0"}, {"index": "569", "name": "work_fix_185", "value": "15.0"}, {"index": "570", "name": "work_fix_186", "value": "15.0"}, {"index": "571", "name": "work_fix_187", "value": "15.0"}, {"index": "572", "name": "work_fix_188", "value": "5.0"}, {"index": "573", "name": "work_fix_189", "value": "5.0"}, {"index": "574", "name": "work_fix_190", "value": "5.0"}, {"index": "575", "name": "work_fix_191", "value": "5.0"}, {"index": "594", "name": "work_temp_18", "value": "9.0"}, {"index": "595", "name": "work_temp_19", "value": "11.0"}, {"index": "596", "name": "work_temp_20", "value": "12.0"}, {"index": "597", "name": "work_temp_21", "value": "12.0"}, {"index": "598", "name": "work_temp_22", "value": "3.0"}, {"index": "599", "name": "work_temp_23", "value": "1.0"}, {"index": "643", "name": "work_temp_67", "value": "4.0"}, {"index": "644", "name": "work_temp_68", "value": "8.0"}, {"index": "645", "name": "work_temp_69", "value": "8.0"}, {"index": "646", "name": "work_temp_70", "value": "13.0"}, {"index": "647", "name": "work_temp_71", "value": "9.0"}, {"index": "648", "name": "work_temp_72", "value": "5.0"}, {"index": "649", "name": "work_temp_73", "value": "5.0"}, {"index": "708", "name": "work_temp_132", "value": "7.0"}, {"index": "709", "name": "work_temp_133", "value": "7.0"}, {"index": "710", "name": "work_temp_134", "value": "7.0"}, {"index": "711", "name": "work_temp_135", "value": "7.0"}, {"index": "715", "name": "work_temp_139", "value": "1.0"}, {"index": "716", "name": "work_temp_140", "value": "1.0"}, {"index": "717", "name": "work_temp_141", "value": "1.0"}, {"index": "718", "name": "work_temp_142", "value": "1.0"}, {"index": "721", "name": "work_temp_145", "value": "1.0"}, {"index": "722", "name": "work_temp_146", "value": "1.0"}, {"index": "723", "name": "work_temp_147", "value": "1.0"}, {"index": "724", "name": "work_temp_148", "value": "1.0"}, {"index": "729", "name": "work_temp_153", "value": "1.0"}, {"index": "730", "name": "work_temp_154", "value": "2.0"}, {"index": "731", "name": "work_temp_155", "value": "2.0"}, {"index": "732", "name": "work_temp_156", "value": "2.0"}, {"index": "733", "name": "work_temp_157", "value": "2.0"}, {"index": "734", "name": "work_temp_158", "value": "1.0"}, {"index": "735", "name": "work_temp_159", "value": "9.0"}, {"index": "736", "name": "work_temp_160", "value": "9.0"}, {"index": "737", "name": "work_temp_161", "value": "13.0"}, {"index": "738", "name": "work_temp_162", "value": "13.0"}, {"index": "739", "name": "work_temp_163", "value": "5.0"}, {"index": "740", "name": "work_temp_164", "value": "5.0"}, {"index": "768", "name": "nr_fix", "value": "38.0"}, {"index": "769", "name": "nr_temp", "value": "25.0"}, {"index": "770", "name": "nrd_fix_0", "value": "38.0"}, {"index": "771", "name": "nrd_fix_1", "value": "38.0"}, {"index": "772", "name": "nrd_temp_0", "value": "25.0"}, {"index": "773", "name": "nrd_temp_1", "value": "25.0"}], "linearConstraints": [{"name": null, "index": 0}, {"name": null, "index": 1}, {"name": null, "index": 2}, {"name": null, "index": 3}, {"name": null, "index": 4, "slack": -28.0}, {"name": null, "index": 5, "slack": 2.0}, {"name": null, "index": 6}, {"name": null, "index": 7}, {"name": null, "index": 8}, {"name": null, "index": 9}, {"name": null, "index": 10, "slack": -25.0}, {"name": null, "index": 11, "slack": 25.0}, {"name": null, "index": 12}, {"name": null, "index": 13}, {"name": null, "index": 14}, {"name": null, "index": 15}, {"name": null, "index": 16}, {"name": null, "index": 17}, {"name": null, "index": 18}, {"name": null, "index": 19}, {"name": null, "index": 20}, {"name": null, "index": 21}, {"name": null, "index": 22}, {"name": null, "index": 23}, {"name": null, "index": 24}, {"name": null, "index": 25}, {"name": null, "index": 26}, {"name": null, "index": 27}, {"name": null, "index": 28}, {"name": null, "index": 29}, {"name": null, "index": 30}, {"name": null, "index": 31}, {"name": null, "index": 32}, {"name": null, "index": 33}, {"name": null, "index": 34}, {"name": null, "index": 35}, {"name": null, "index": 36}, {"name": null, "index": 37}, {"name": null, "index": 38}, {"name": null, "index": 39}, {"name": null, "index": 40}, {"name": null, "index": 41}, {"name": null, "index": 42}, {"name": null, "index": 43}, {"name": null, "index": 44}, {"name": null, "index": 45}, {"name": null, "index": 46}, {"name": null, "index": 47}, {"name": null, "index": 48}, {"name": null, "index": 49}, {"name": null, "index": 50}, {"name": null, "index": 51}, {"name": null, "index": 52}, {"name": null, "index": 53}, {"name": null, "index": 54}, {"name": null, "index": 55}, {"name": null, "index": 56}, {"name": null, "index": 57}, {"name": null, "index": 58}, {"name": null, "index": 59}, {"name": null, "index": 60}, {"name": null, "index": 61}, {"name": null, "index": 62}, {"name": null, "index": 63}, {"name": null, "index": 64}, {"name": null, "index": 65}, {"name": null, "index": 66}, {"name": null, "index": 67}, {"name": null, "index": 68}, {"name": null, "index": 69}, {"name": null, "index": 70}, {"name": null, "index": 71}, {"name": null, "index": 72}, {"name": null, "index": 73}, {"name": null, "index": 74}, {"name": null, "index": 75}, {"name": null, "index": 76}, {"name": null, "index": 77}, {"name": null, "index": 78}, {"name": null, "index": 79}, {"name": null, "index": 80}, {"name": null, "index": 81}, {"name": null, "index": 82}, {"name": null, "index": 83}, {"name": null, "index": 84}, {"name": null, "index": 85}, {"name": null, "index": 86}, {"name": null, "index": 87}, {"name": null, "index": 88}, {"name": null, "index": 89}, {"name": null, "index": 90}, {"name": null, "index": 91}, {"name": null, "index": 92}, {"name": null, "index": 93}, {"name": null, "index": 94}, {"name": null, "index": 95}, {"name": null, "index": 96}, {"name": null, "index": 97}, {"name": null, "index": 98}, {"name": null, "index": 99}, {"name": null, "index": 100}, {"name": null, "index": 101}, {"name": null, "index": 102}, {"name": null, "index": 103}, {"name": null, "index": 104}, {"name": null, "index": 105}, {"name": null, "index": 106}, {"name": null, "index": 107}, {"name": null, "index": 108}, {"name": null, "index": 109}, {"name": null, "index": 110}, {"name": null, "index": 111}, {"name": null, "index": 112}, {"name": null, "index": 113}, {"name": null, "index": 114}, {"name": null, "index": 115}, {"name": null, "index": 116}, {"name": null, "index": 117}, {"name": null, "index": 118}, {"name": null, "index": 119}, {"name": null, "index": 120}, {"name": null, "index": 121}, {"name": null, "index": 122}, {"name": null, "index": 123}, {"name": null, "index": 124}, {"name": null, "index": 125}, {"name": null, "index": 126}, {"name": null, "index": 127}, {"name": null, "index": 128}, {"name": null, "index": 129}, {"name": null, "index": 130}, {"name": null, "index": 131}, {"name": null, "index": 132}, {"name": null, "index": 133}, {"name": null, "index": 134}, {"name": null, "index": 135}, {"name": null, "index": 136}, {"name": null, "index": 137}, {"name": null, "index": 138}, {"name": null, "index": 139}, {"name": null, "index": 140}, {"name": null, "index": 141}, {"name": null, "index": 142}, {"name": null, "index": 143}, {"name": null, "index": 144}, {"name": null, "index": 145}, {"name": null, "index": 146}, {"name": null, "index": 147}, {"name": null, "index": 148}, {"name": null, "index": 149}, {"name": null, "index": 150}, {"name": null, "index": 151}, {"name": null, "index": 152}, {"name": null, "index": 153}, {"name": null, "index": 154}, {"name": null, "index": 155}, {"name": null, "index": 156}, {"name": null, "index": 157}, {"name": null, "index": 158}, {"name": null, "index": 159}, {"name": null, "index": 160}, {"name": null, "index": 161}, {"name": null, "index": 162}, {"name": null, "index": 163}, {"name": null, "index": 164}, {"name": null, "index": 165}, {"name": null, "index": 166}, {"name": null, "index": 167}, {"name": null, "index": 168}, {"name": null, "index": 169}, {"name": null, "index": 170}, {"name": null, "index": 171}, {"name": null, "index": 172}, {"name": null, "index": 173}, {"name": null, "index": 174}, {"name": null, "index": 175}, {"name": null, "index": 176}, {"name": null, "index": 177}, {"name": null, "index": 178}, {"name": null, "index": 179}, {"name": null, "index": 180}, {"name": null, "index": 181}, {"name": null, "index": 182}, {"name": null, "index": 183}, {"name": null, "index": 184}, {"name": null, "index": 185}, {"name": null, "index": 186}, {"name": null, "index": 187}, {"name": null, "index": 188}, {"name": null, "index": 189}, {"name": null, "index": 190}, {"name": null, "index": 191}, {"name": null, "index": 192}, {"name": null, "index": 193}, {"name": null, "index": 194}, {"name": null, "index": 195}, {"name": null, "index": 196}, {"name": null, "index": 197}, {"name": null, "index": 198}, {"name": null, "index": 199}, {"name": null, "index": 200}, {"name": null, "index": 201}, {"name": null, "index": 202}, {"name": null, "index": 203}, {"name": null, "index": 204}, {"name": null, "index": 205}, {"name": null, "index": 206}, {"name": null, "index": 207}, {"name": null, "index": 208}, {"name": null, "index": 209}, {"name": null, "index": 210}, {"name": null, "index": 211}, {"name": null, "index": 212}, {"name": null, "index": 213}, {"name": null, "index": 214}, {"name": null, "index": 215}, {"name": null, "index": 216}, {"name": null, "index": 217}, {"name": null, "index": 218}, {"name": null, "index": 219}, {"name": null, "index": 220}, {"name": null, "index": 221}, {"name": null, "index": 222}, {"name": null, "index": 223}, {"name": null, "index": 224}, {"name": null, "index": 225}, {"name": null, "index": 226}, {"name": null, "index": 227}, {"name": null, "index": 228}, {"name": null, "index": 229}, {"name": null, "index": 230}, {"name": null, "index": 231}, {"name": null, "index": 232}, {"name": null, "index": 233}, {"name": null, "index": 234}, {"name": null, "index": 235}, {"name": null, "index": 236}, {"name": null, "index": 237}, {"name": null, "index": 238}, {"name": null, "index": 239}, {"name": null, "index": 240}, {"name": null, "index": 241}, {"name": null, "index": 242}, {"name": null, "index": 243}, {"name": null, "index": 244}, {"name": null, "index": 245}, {"name": null, "index": 246}, {"name": null, "index": 247}, {"name": null, "index": 248}, {"name": null, "index": 249}, {"name": null, "index": 250}, {"name": null, "index": 251}, {"name": null, "index": 252}, {"name": null, "index": 253}, {"name": null, "index": 254}, {"name": null, "index": 255}, {"name": null, "index": 256}, {"name": null, "index": 257}, {"name": null, "index": 258}, {"name": null, "index": 259}, {"name": null, "index": 260}, {"name": null, "index": 261}, {"name": null, "index": 262}, {"name": null, "index": 263}, {"name": null, "index": 264}, {"name": null, "index": 265}, {"name": null, "index": 266}, {"name": null, "index": 267}, {"name": null, "index": 268}, {"name": null, "index": 269}, {"name": null, "index": 270}, {"name": null, "index": 271}, {"name": null, "index": 272}, {"name": null, "index": 273}, {"name": null, "index": 274}, {"name": null, "index": 275}, {"name": null, "index": 276}, {"name": null, "index": 277}, {"name": null, "index": 278}, {"name": null, "index": 279}, {"name": null, "index": 280}, {"name": null, "index": 281}, {"name": null, "index": 282}, {"name": null, "index": 283}, {"name": null, "index": 284}, {"name": null, "index": 285}, {"name": null, "index": 286}, {"name": null, "index": 287}, {"name": null, "index": 288}, {"name": null, "index": 289}, {"name": null, "index": 290}, {"name": null, "index": 291}, {"name": null, "index": 292}, {"name": null, "index": 293}, {"name": null, "index": 294}, {"name": null, "index": 295}, {"name": null, "index": 296}, {"name": null, "index": 297}, {"name": null, "index": 298}, {"name": null, "index": 299}, {"name": null, "index": 300}, {"name": null, "index": 301}, {"name": null, "index": 302}, {"name": null, "index": 303}, {"name": null, "index": 304}, {"name": null, "index": 305}, {"name": null, "index": 306}, {"name": null, "index": 307}, {"name": null, "index": 308}, {"name": null, "index": 309}, {"name": null, "index": 310}, {"name": null, "index": 311}, {"name": null, "index": 312}, {"name": null, "index": 313}, {"name": null, "index": 314}, {"name": null, "index": 315}, {"name": null, "index": 316}, {"name": null, "index": 317}, {"name": null, "index": 318}, {"name": null, "index": 319}, {"name": null, "index": 320}, {"name": null, "index": 321}, {"name": null, "index": 322}, {"name": null, "index": 323}, {"name": null, "index": 324}, {"name": null, "index": 325}, {"name": null, "index": 326}, {"name": null, "index": 327}, {"name": null, "index": 328}, {"name": null, "index": 329}, {"name": null, "index": 330}, {"name": null, "index": 331}, {"name": null, "index": 332}, {"name": null, "index": 333}, {"name": null, "index": 334}, {"name": null, "index": 335}, {"name": null, "index": 336}, {"name": null, "index": 337}, {"name": null, "index": 338}, {"name": null, "index": 339}, {"name": null, "index": 340}, {"name": null, "index": 341}, {"name": null, "index": 342}, {"name": null, "index": 343}, {"name": null, "index": 344}, {"name": null, "index": 345}, {"name": null, "index": 346}, {"name": null, "index": 347}, {"name": null, "index": 348}, {"name": null, "index": 349}, {"name": null, "index": 350}, {"name": null, "index": 351}, {"name": null, "index": 352}, {"name": null, "index": 353}, {"name": null, "index": 354}, {"name": null, "index": 355}, {"name": null, "index": 356}, {"name": null, "index": 357}, {"name": null, "index": 358}, {"name": null, "index": 359}, {"name": null, "index": 360}, {"name": null, "index": 361}, {"name": null, "index": 362}, {"name": null, "index": 363}, {"name": null, "index": 364}, {"name": null, "index": 365}, {"name": null, "index": 366}, {"name": null, "index": 367}, {"name": null, "index": 368}, {"name": null, "index": 369}, {"name": null, "index": 370}, {"name": null, "index": 371}, {"name": null, "index": 372}, {"name": null, "index": 373}, {"name": null, "index": 374}, {"name": null, "index": 375}, {"name": null, "index": 376}, {"name": null, "index": 377}, {"name": null, "index": 378}, {"name": null, "index": 379}, {"name": null, "index": 380}, {"name": null, "index": 381}, {"name": null, "index": 382}, {"name": null, "index": 383}, {"name": null, "index": 384}, {"name": null, "index": 385}, {"name": null, "index": 386}, {"name": null, "index": 387}, {"name": null, "index": 388}, {"name": null, "index": 389}, {"name": null, "index": 390}, {"name": null, "index": 391}, {"name": null, "index": 392}, {"name": null, "index": 393}, {"name": null, "index": 394}, {"name": null, "index": 395}, {"name": null, "index": 396}, {"name": null, "index": 397}, {"name": null, "index": 398, "slack": -6.0}, {"name": null, "index": 399, "slack": -11.0}, {"name": null, "index": 400, "slack": -12.0}, {"name": null, "index": 401, "slack": -13.0}, {"name": null, "index": 402, "slack": -13.0}, {"name": null, "index": 403, "slack": -15.0}, {"name": null, "index": 404, "slack": -16.0}, {"name": null, "index": 405, "slack": -16.0}, {"name": null, "index": 406, "slack": -16.0}, {"name": null, "index": 407, "slack": -16.0}, {"name": null, "index": 408, "slack": -15.0}, {"name": null, "index": 409, "slack": -12.0}, {"name": null, "index": 410, "slack": -7.0}, {"name": null, "index": 411, "slack": -8.0}, {"name": null, "index": 412, "slack": -5.0}, {"name": null, "index": 413, "slack": -5.0}, {"name": null, "index": 414, "slack": -8.0}, {"name": null, "index": 415, "slack": -6.0}, {"name": null, "index": 416, "slack": -4.0}, {"name": null, "index": 417}, {"name": null, "index": 418}, {"name": null, "index": 419}, {"name": null, "index": 420, "slack": -8.0}, {"name": null, "index": 421}, {"name": null, "index": 422}, {"name": null, "index": 423}, {"name": null, "index": 424}, {"name": null, "index": 425, "slack": -2.0}, {"name": null, "index": 426}, {"name": null, "index": 427}, {"name": null, "index": 428, "slack": -1.0}, {"name": null, "index": 429, "slack": -2.0}, {"name": null, "index": 430, "slack": -1.0}, {"name": null, "index": 431}, {"name": null, "index": 432, "slack": -1.0}, {"name": null, "index": 433, "slack": -2.0}, {"name": null, "index": 434, "slack": -2.0}, {"name": null, "index": 435, "slack": -2.0}, {"name": null, "index": 436, "slack": -1.0}, {"name": null, "index": 437, "slack": -3.0}, {"name": null, "index": 438, "slack": -1.0}, {"name": null, "index": 439, "slack": -2.0}, {"name": null, "index": 440, "slack": -5.0}, {"name": null, "index": 441}, {"name": null, "index": 442, "slack": -1.0}, {"name": null, "index": 443, "slack": -1.0}, {"name": null, "index": 444}, {"name": null, "index": 445}, {"name": null, "index": 446, "slack": -1.0}, {"name": null, "index": 447}, {"name": null, "index": 448, "slack": -3.0}, {"name": null, "index": 449, "slack": -1.0}, {"name": null, "index": 450, "slack": -2.0}, {"name": null, "index": 451, "slack": -1.0}, {"name": null, "index": 452, "slack": -3.0}, {"name": null, "index": 453, "slack": -2.0}, {"name": null, "index": 454, "slack": -1.0}, {"name": null, "index": 455}, {"name": null, "index": 456, "slack": -2.0}, {"name": null, "index": 457}, {"name": null, "index": 458}, {"name": null, "index": 459, "slack": -9.0}, {"name": null, "index": 460}, {"name": null, "index": 461, "slack": -2.0}, {"name": null, "index": 462}, {"name": null, "index": 463, "slack": -8.0}, {"name": null, "index": 464, "slack": -3.0}, {"name": null, "index": 465}, {"name": null, "index": 466}, {"name": null, "index": 467}, {"name": null, "index": 468, "slack": -7.0}, {"name": null, "index": 469, "slack": -8.0}, {"name": null, "index": 470, "slack": -3.0}, {"name": null, "index": 471, "slack": -6.0}, {"name": null, "index": 472, "slack": -13.0}, {"name": null, "index": 473, "slack": -10.0}, {"name": null, "index": 474, "slack": -13.0}, {"name": null, "index": 475, "slack": -16.0}, {"name": null, "index": 476, "slack": -16.0}, {"name": null, "index": 477, "slack": -16.0}, {"name": null, "index": 478, "slack": -16.0}, {"name": null, "index": 479, "slack": -16.0}, {"name": null, "index": 480, "slack": -16.0}, {"name": null, "index": 481, "slack": -14.0}, {"name": null, "index": 482, "slack": -2.0}, {"name": null, "index": 483, "slack": -2.0}, {"name": null, "index": 484, "slack": -1.0}, {"name": null, "index": 485, "slack": -1.0}, {"name": null, "index": 486}, {"name": null, "index": 487}, {"name": null, "index": 488}, {"name": null, "index": 489}, {"name": null, "index": 490}, {"name": null, "index": 491}, {"name": null, "index": 492}, {"name": null, "index": 493}, {"name": null, "index": 494}, {"name": null, "index": 495}, {"name": null, "index": 496}, {"name": null, "index": 497}, {"name": null, "index": 498}, {"name": null, "index": 499}, {"name": null, "index": 500}, {"name": null, "index": 501}, {"name": null, "index": 502}, {"name": null, "index": 503}, {"name": null, "index": 504}, {"name": null, "index": 505, "slack": -21.0}, {"name": null, "index": 506, "slack": -21.0}, {"name": null, "index": 507, "slack": -21.0}, {"name": null, "index": 508, "slack": -21.0}, {"name": null, "index": 509, "slack": -21.0}, {"name": null, "index": 510, "slack": -21.0}, {"name": null, "index": 511, "slack": -18.0}, {"name": null, "index": 512, "slack": -16.0}, {"name": null, "index": 513, "slack": -18.0}, {"name": null, "index": 514, "slack": -15.0}, {"name": null, "index": 515, "slack": -9.0}, {"name": null, "index": 516, "slack": -10.0}, {"name": null, "index": 517, "slack": -7.0}, {"name": null, "index": 518, "slack": -6.0}, {"name": null, "index": 519, "slack": -12.0}, {"name": null, "index": 520, "slack": -8.0}, {"name": null, "index": 521, "slack": -11.0}, {"name": null, "index": 522, "slack": -8.0}, {"name": null, "index": 523}, {"name": null, "index": 524, "slack": -12.0}, {"name": null, "index": 525, "slack": -11.0}, {"name": null, "index": 526, "slack": -15.0}, {"name": null, "index": 527, "slack": -17.0}, {"name": null, "index": 528, "slack": -19.0}, {"name": null, "index": 529, "slack": -4.0}, {"name": null, "index": 530, "slack": -4.0}, {"name": null, "index": 531, "slack": -3.0}, {"name": null, "index": 532}, {"name": null, "index": 533}, {"name": null, "index": 534, "slack": -1.0}, {"name": null, "index": 535, "slack": -2.0}, {"name": null, "index": 536}, {"name": null, "index": 537, "slack": -3.0}, {"name": null, "index": 538}, {"name": null, "index": 539}, {"name": null, "index": 540, "slack": -1.0}, {"name": null, "index": 541, "slack": -2.0}, {"name": null, "index": 542, "slack": -2.0}, {"name": null, "index": 543, "slack": -2.0}, {"name": null, "index": 544}, {"name": null, "index": 545, "slack": -1.0}, {"name": null, "index": 546}, {"name": null, "index": 547, "slack": -1.0}, {"name": null, "index": 548, "slack": -1.0}, {"name": null, "index": 549, "slack": -2.0}, {"name": null, "index": 550, "slack": -1.0}, {"name": null, "index": 551, "slack": -2.0}, {"name": null, "index": 552}, {"name": null, "index": 553}, {"name": null, "index": 554}, {"name": null, "index": 555, "slack": -2.0}, {"name": null, "index": 556}, {"name": null, "index": 557, "slack": -4.0}, {"name": null, "index": 558}, {"name": null, "index": 559}, {"name": null, "index": 560, "slack": -1.0}, {"name": null, "index": 561}, {"name": null, "index": 562, "slack": -1.0}, {"name": null, "index": 563, "slack": -4.0}, {"name": null, "index": 564}, {"name": null, "index": 565, "slack": -4.0}, {"name": null, "index": 566, "slack": -5.0}, {"name": null, "index": 567, "slack": -7.0}, {"name": null, "index": 568, "slack": -14.0}, {"name": null, "index": 569, "slack": -15.0}, {"name": null, "index": 570, "slack": -15.0}, {"name": null, "index": 571, "slack": -15.0}, {"name": null, "index": 572, "slack": -15.0}, {"name": null, "index": 573, "slack": -15.0}, {"name": null, "index": 574, "slack": -15.0}, {"name": null, "index": 575, "slack": -15.0}, {"name": null, "index": 576, "slack": -15.0}, {"name": null, "index": 577, "slack": -15.0}, {"name": null, "index": 578, "slack": -15.0}, {"name": null, "index": 579, "slack": -15.0}, {"name": null, "index": 580, "slack": -15.0}, {"name": null, "index": 581, "slack": -15.0}, {"name": null, "index": 582, "slack": -15.0}, {"name": null, "index": 583, "slack": -15.0}, {"name": null, "index": 584, "slack": -5.0}, {"name": null, "index": 585, "slack": -5.0}, {"name": null, "index": 586, "slack": -5.0}, {"name": null, "index": 587, "slack": -5.0}]}}