{"creationTime":1651064057659,"lastModificationTime":1651064057659,"state":"TERMINATED","solveConfig":{"containerId":"Copy 04","solveParameters":{"oaas.logAttachmentName":"log.txt","oaas.logTailEnabled":"true"}},"jobDetails":{"id":"0096532a-499b-4da5-b90d-8fd6c48ac128","createdAt":1648646376251,"startedAt":1648646377187,"endedAt":1648646378230,"submittedAt":1648646376251,"details":{"KPI.Nb Fix Used":"38.0","KPI.Nb Temp Used":"25.0","KPI.Total Cost":"5300.0","MODEL_DETAIL_BOOLEAN_VARS":"0","MODEL_DETAIL_CONSTRAINTS":"588","MODEL_DETAIL_CONTINUOUS_VARS":"0","MODEL_DETAIL_INTEGER_VARS":"774","MODEL_DETAIL_KPIS":"[\"Total Cost\", \"Nb Fix Used\", \"Nb Temp Used\"]","MODEL_DETAIL_NONZEROS":"6234","MODEL_DETAIL_OBJECTIVE_SENSE":"minimize","MODEL_DETAIL_TYPE":"MILP","PROGRESS_BEST_OBJECTIVE":"5300.0","PROGRESS_BEST_OBJECTIVE.history":"[[1648646377.71, 5300.0]]","PROGRESS_CURRENT_OBJECTIVE":"5300.0","PROGRESS_CURRENT_OBJECTIVE.history":"[[1648646377.71, 5300.0]]","PROGRESS_GAP":"0.0","PROGRESS_GAP.history":"[[1648646377.71, 0.0]]","STAT.cplex.modelType":"MILP","STAT.cplex.size.booleanVariables":"0","STAT.cplex.size.constraints":"588","STAT.cplex.size.continousVariables":"0","STAT.cplex.size.integerVariables":"774","STAT.cplex.size.linearConstraints":"588","STAT.cplex.size.quadraticConstraints":"0","STAT.cplex.size.variables":"774","STAT.job.coresCount":"1","STAT.job.inputsReadMs":"176","STAT.job.memoryPeakKB":"108016","STAT.job.modelProcessingMs":"331","STAT.job.outputsWriteMs":"369"},"executionStatus":"PROCESSED","solveStatus":"OPTIMAL_SOLUTION","logTail":["[2022-03-30T13:19:37Z, WARNING] Support for Python 3.9 is now enabled with pandas 1.3 libraries.","[2022-03-30T13:19:37Z, INFO] WARNING: Number of workers has been reduced to 1 to comply with platform limitations.","[2022-03-30T13:19:37Z, INFO] Version identifier: 20.1.0.1 | 2021-12-07 | 9dfdf6686","[2022-03-30T13:19:37Z, INFO] CPXPARAM_Read_DataCheck                          1","[2022-03-30T13:19:37Z, INFO] CPXPARAM_Threads                                 1","[2022-03-30T13:19:37Z, INFO] Legacy callback                                  i","[2022-03-30T13:19:37Z, INFO] Tried aggregator 2 times.","[2022-03-30T13:19:37Z, INFO] MIP Presolve eliminated 215 rows and 98 columns.","[2022-03-30T13:19:37Z, INFO] Aggregator did 249 substitutions.","[2022-03-30T13:19:37Z, INFO] Reduced MIP has 124 rows, 290 columns, and 3549 nonzeros.","[2022-03-30T13:19:37Z, INFO] Reduced MIP has 0 binaries, 290 generals, 0 SOSs, and 0 indicators.","[2022-03-30T13:19:37Z, INFO] Presolve time = 0.00 sec. (3.87 ticks)","[2022-03-30T13:19:37Z, INFO] Found incumbent of value 6000.000000 after 0.01 sec. (8.60 ticks)","[2022-03-30T13:19:37Z, INFO] Tried aggregator 1 time.","[2022-03-30T13:19:37Z, INFO] Detecting symmetries...","[2022-03-30T13:19:37Z, INFO] Reduced MIP has 124 rows, 290 columns, and 3549 nonzeros.","[2022-03-30T13:19:37Z, INFO] Reduced MIP has 0 binaries, 290 generals, 0 SOSs, and 0 indicators.","[2022-03-30T13:19:37Z, INFO] Presolve time = 0.00 sec. (1.42 ticks)","[2022-03-30T13:19:37Z, INFO] MIP emphasis: balance optimality and feasibility.","[2022-03-30T13:19:37Z, INFO] MIP search method: dynamic search.","[2022-03-30T13:19:37Z, INFO] Parallel mode: none, using 1 thread.","[2022-03-30T13:19:37Z, INFO] Root relaxation solution time = 0.00 sec. (0.63 ticks)","[2022-03-30T13:19:37Z, INFO] ","[2022-03-30T13:19:37Z, INFO]         Nodes                                         Cuts/","[2022-03-30T13:19:37Z, INFO]    Node  Left     Objective  IInf  Best Integer    Best Bound    ItCnt     Gap","[2022-03-30T13:19:37Z, INFO] ","[2022-03-30T13:19:37Z, INFO] *     0+    0                         6000.0000     1000.0000            83.33%","[2022-03-30T13:19:37Z, INFO] *     0     0      integral     0     5300.0000     5300.0000       53    0.00%","[2022-03-30T13:19:37Z, INFO] Elapsed time = 0.01 sec. (11.19 ticks, tree = 0.00 MB, solutions = 2)","[2022-03-30T13:19:37Z, INFO] ","[2022-03-30T13:19:37Z, INFO] Root node processing (before b&c):","[2022-03-30T13:19:37Z, INFO]   Real time             =    0.01 sec. (11.22 ticks)","[2022-03-30T13:19:37Z, INFO] Sequential b&c:","[2022-03-30T13:19:37Z, INFO]   Real time             =    0.00 sec. (0.00 ticks)","[2022-03-30T13:19:37Z, INFO]                           ------------","[2022-03-30T13:19:37Z, INFO] Total (root+branch&cut) =    0.01 sec. (11.22 ticks)","[2022-03-30T13:19:37Z, INFO]   Feasible 5300.0","[2022-03-30T13:19:37Z, INFO] starts.csv","[2022-03-30T13:19:37Z, INFO] works.csv","[2022-03-30T13:19:37Z, INFO] nr.csv"]},"runtimeDetails":{"state":"STARTED"},"taskSetupMillis":2066,"taskSolveMillis":2203,"taskTearDownMillis":1,"jobSpaceId":"5f6efc9a-f726-4409-b93e-446a080a3f16","jobDeploymentId":"4132be29-62fa-4660-a8f4-0068450a489e","jobId":"0096532a-499b-4da5-b90d-8fd6c48ac128","ping":1648646374215}