{"creationTime":1527263705987,"lastModificationTime":1527263932331,"state":"TERMINATED","solveConfig":{"containerId":"Scenario 1","solveParameters":{"oaas.logAttachmentName":"log.txt","oaas.logTailEnabled":"true"}},"jobDetails":{"id":"job.2fc00e24-79f9-4bdc-8d50-e1be85b71e62","createdAt":1527263775653,"startedAt":1527263928866,"endedAt":1527263931989,"endReportedAt":1527263932029,"submittedAt":1527263775653,"updatedAt":1527263931989,"applicationVersionUsed":"1.0-release_to_dsxl_ce-b3","details":{"MODEL_DETAIL_BOOLEAN_VARS":"0","MODEL_DETAIL_CONSTRAINTS":"1740","MODEL_DETAIL_CONTINUOUS_VARS":"0","MODEL_DETAIL_KPIS":"[\"Total Cost\", \"Nb Fix Used\", \"Nb Temp Used\"]","MODEL_DETAIL_INTEGER_VARS":"2310","MODEL_DETAIL_TYPE":"MILP","MODEL_DETAIL_NONZEROS":"53146"},"systemDetails":{"worker.process.max.memory":"524288","worker.cores.total":"8","worker.cores.default":"1","worker.heap.max":"524288","worker.data.read.bytes":"12047","worker.data.write.duration":"119","worker.processing.duration":"2991","worker.process.peak.swap":"0","worker.log.write.duration":"9","worker.process.processing.duration":"2393","worker.data.read.duration":"114","worker.jms.write.chars":"17110","worker.log.write.chars":"1805","worker.data.write.bytes":"918","worker.heap.used":"113224","worker.process.peak.memory":"98376","worker.setup.duration":"96","worker.jms.write.duration":"108"},"executionStatus":"INTERRUPTED","interruptionStatus":"ENGINE_LIMIT","solveStatus":"UNKNOWN","logTail":["[2018-05-25T15:58:51Z, INFO] WARNING: Number of workers has been reduced to 1 to comply with platform limitations.","[2018-05-25T15:58:51Z, INFO] CPLEX Error  1016: Promotional version. Problem size limits exceeded.","[2018-05-25T15:58:51Z, INFO] CPLEX Error  1217: No solution exists.","[2018-05-25T15:58:51Z, INFO] CPLEX Error  1217: No solution exists.","[2018-05-25T15:58:51Z, SEVERE] InterpreterError :   File \"model.py\", line 92, in <module>\n    if mdl.solve():\n  File \"/opt/ibm/lib/docplex/docplex/mp/model.py\", line 3436, in solve\n    return self._solve_local(context, force_clean_before_solve)\n  File \"/opt/ibm/lib/docplex/docplex/mp/model.py\", line 3563, in _solve_local\n    raise docpx_e\nDOcplexLimitsExceeded: **** Promotional version. Problem size limits exceeded, CPLEX code=1016\n\nTraceback (most recent call last):\n  File \"/python_container/job/main.py\", line 120, in <module>\n    raise InterpreterError(imsg)\n"]},"runtimeDetails":{"state":"STARTED"},"taskSetupMillis":70414,"taskSolveMillis":155557,"taskTearDownMillis":2,"jobId":"job.2fc00e24-79f9-4bdc-8d50-e1be85b71e62","transactionId":"f72571f0-0f10-42ad-bf18-57c86fe3c9e0","dataContainerId":"a143fa7d-daa8-4394-842e-3189600df0e4","ping":0}