{"creationTime":1521538440247,"jobUri":"http:\/\/dods-processor-server-1521447110072-svc.ibmdsxuser-1023.svc.cluster.local\/dd-execution\/api\/v1\/solve\/job.f17ca4a8-c537-4110-a05a-44f2151f1d0e","lastModificationTime":1521538481301,"taskTearDownMillis":1,"ganttAvailable":false,"taskSetupMillis":196,"state":"TERMINATED","jobDetails":{"executionStatus":"PROCESSED","startedAt":1521538440565,"logTail":["[2018-03-20T09:34:01Z, INFO] * building wado model","[2018-03-20T09:34:01Z, INFO] model building done in 0.0991399288177 secs","[2018-03-20T09:34:01Z, INFO] * running wado model","[2018-03-20T09:34:01Z, INFO] WARNING: Number of workers has been reduced to 1 to comply with platform limitations.","[2018-03-20T09:34:01Z, INFO] CPXPARAM_TimeLimit                               120","[2018-03-20T09:34:01Z, INFO] CPXPARAM_Read_DataCheck                          1","[2018-03-20T09:34:01Z, INFO] CPXPARAM_Threads                                 1","[2018-03-20T09:34:01Z, INFO] Found incumbent of value 0.000000 after 0.00 sec. (0.00 ticks)","[2018-03-20T09:34:01Z, INFO] Tried aggregator 1 time.","[2018-03-20T09:34:01Z, INFO] Reduced MIP has 12 rows, 27 columns, and 54 nonzeros.","[2018-03-20T09:34:01Z, INFO] Reduced MIP has 27 binaries, 0 generals, 0 SOSs, and 0 indicators.","[2018-03-20T09:34:01Z, INFO] Presolve time = 0.00 sec. (0.03 ticks)","[2018-03-20T09:34:01Z, INFO] Probing time = 0.00 sec. (0.01 ticks)","[2018-03-20T09:34:01Z, INFO] Tried aggregator 1 time.","[2018-03-20T09:34:01Z, INFO] Reduced MIP has 12 rows, 27 columns, and 54 nonzeros.","[2018-03-20T09:34:01Z, INFO] Reduced MIP has 27 binaries, 0 generals, 0 SOSs, and 0 indicators.","[2018-03-20T09:34:01Z, INFO] Presolve time = 0.00 sec. (0.04 ticks)","[2018-03-20T09:34:01Z, INFO] Probing time = 0.00 sec. (0.01 ticks)","[2018-03-20T09:34:01Z, INFO] Clique table members: 9.","[2018-03-20T09:34:01Z, INFO] MIP emphasis: balance optimality and feasibility.","[2018-03-20T09:34:01Z, INFO] MIP search method: dynamic search.","[2018-03-20T09:34:01Z, INFO] Parallel mode: none, using 1 thread.","[2018-03-20T09:34:01Z, INFO] Root relaxation solution time = 0.00 sec. (0.03 ticks)","[2018-03-20T09:34:01Z, INFO] ","[2018-03-20T09:34:01Z, INFO]         Nodes                                         Cuts\/","[2018-03-20T09:34:01Z, INFO]    Node  Left     Objective  IInf  Best Integer    Best Bound    ItCnt     Gap","[2018-03-20T09:34:01Z, INFO] *     0+    0                            0.0000     1975.0000              ---","[2018-03-20T09:34:01Z, INFO] *     0     0      integral     0      745.0000      745.0000       12    0.00%","[2018-03-20T09:34:01Z, INFO] Elapsed time = 0.00 sec. (0.15 ticks, tree = 0.00 MB","[2018-03-20T09:34:01Z, INFO] , solutions = 2","[2018-03-20T09:34:01Z, INFO] )","[2018-03-20T09:34:01Z, INFO] ","[2018-03-20T09:34:01Z, INFO] Root node processing (before b&c):","[2018-03-20T09:34:01Z, INFO]   Real time             =    0.01 sec. (0.15 ticks)","[2018-03-20T09:34:01Z, INFO] Sequential b&c:","[2018-03-20T09:34:01Z, INFO]   Real time             =    0.00 sec. (0.00 ticks)","[2018-03-20T09:34:01Z, INFO]                           ------------","[2018-03-20T09:34:01Z, INFO] Total (root+branch&cut) =    0.01 sec. (0.15 ticks)","[2018-03-20T09:34:01Z, INFO] Solve status:","[2018-03-20T09:34:01Z, INFO] JobSolveStatus.OPTIMAL_SOLUTION","[2018-03-20T09:34:01Z, INFO] * model docplex_model1 solved with objective = 745","[2018-03-20T09:34:01Z, INFO] *  KPI: overall quality of Customer to Campaign assignments according to Candidates = 745.000","[2018-03-20T09:34:01Z, INFO] model solve done in 0.0692439079285 secs","[2018-03-20T09:34:01Z, INFO] solution export done in 0.00485301017761 secs"],"createdAt":1521538440448,"applicationVersionUsed":"1.0-R1-b4176","solveStatus":"OPTIMAL_SOLUTION","endReportedAt":1521538441768,"endedAt":1521538441734,"details":{"MODEL_DETAIL_TYPE":"MILP","MODEL_DETAIL_INTEGER_VARS":"0","KPI.overall quality of Customer to Campaign assignments according to Candidates":"745","MODEL_DETAIL_CONSTRAINTS":"12","MODEL_DETAIL_KPIS":"[\"overall quality of Customer to Campaign assignments according to Candidates\"]","MODEL_DETAIL_NONZEROS":"54","MODEL_DETAIL_BOOLEAN_VARS":"27","MODEL_DETAIL_CONTINUOUS_VARS":"0","PROGRESS_CURRENT_OBJECTIVE":"745","PROGRESS_GAP":"0.0","PROGRESS_BEST_OBJECTIVE":"745.0"},"id":"job.f17ca4a8-c537-4110-a05a-44f2151f1d0e","systemDetails":{"worker.process.cpu.set":null,"worker.heap.max":"524288","worker.process.max.memory":"524288","worker.data.read.bytes":"13955","worker.data.write.duration":"186","worker.processing.duration":"1092","worker.process.peak.swap":"0","worker.cores.default":"1","worker.log.write.duration":"4","worker.process.processing.duration":"643","worker.data.read.duration":"31","worker.jms.write.chars":"7666","worker.log.write.chars":"1017","worker.data.write.bytes":"3547","worker.cores.total":"16","worker.heap.used":"121320","worker.process.peak.memory":"0","worker.setup.duration":"62","worker.jms.write.duration":"40"},"submittedAt":1521538440448,"updatedAt":1521538441734},"runtimeDetails":{"state":"STARTED"},"retry":0,"taskSolveMillis":1289,"cplex_state":"TERMINATED"}