{"qualifiers":[{"name":"modelType","value":"cognitive"},{"name":"modelMetadata","value":"{\"creationTime\":1557247857226}"}],"parentId":"MarketingCampaignAssignment","category":"scenario","readOnly":false,"creator":"arnaud.schulz@fr.ibm.com","createdAt":1557247856843,"usage":{"lastModificationTime":1557247902492,"lastModifier":"arnaud.schulz@fr.ibm.com"},"dataUsagePerCategory":{"output":{"lastModificationTime":1557247861752,"lastModifier":"arnaud.schulz@fr.ibm.com"},"CO_ASSET_SESSION":{"lastModificationTime":1557247858466,"lastModifier":"arnaud.schulz@fr.ibm.com"},"CO_ASSET":{"lastModificationTime":1557247861420,"lastModifier":"arnaud.schulz@fr.ibm.com"},"model":{"lastModificationTime":1557247859624,"lastModifier":"arnaud.schulz@fr.ibm.com"},"input":{"lastModificationTime":1557247860167,"lastModifier":"arnaud.schulz@fr.ibm.com"}},"state":"available","tables":[{"tableType":{"columns":[{"key":"Customer","dataType":"String"},{"key":"Campaign","dataType":"String"},{"key":"Candidates expected value","dataType":"Number"},{"key":"the number of Customer to Campaign assignments","dataType":"Number"},{"key":"overall quality of Customer to Campaign assignments according to Candidates","dataType":"Number"}]},"name":"Customer_to_Campaign_assignment_report","category":"output","numberOfRows":9,"creator":"arnaud.schulz@fr.ibm.com","createdAt":1557247857411,"lastUpdater":"arnaud.schulz@fr.ibm.com","updatedAt":1557247857603,"path":"Customer_to_Campaign_assignment_report.csv"},{"tableType":{"columns":[{"key":"id_of_Customer","dataType":"String"},{"key":"id_of_Campaign","dataType":"String"},{"key":"resourceAssignmentVar","dataType":"Number"}]},"name":"list_of_ResourceAssignment_solution","category":"output","numberOfRows":9,"creator":"arnaud.schulz@fr.ibm.com","createdAt":1557247857867,"lastUpdater":"arnaud.schulz@fr.ibm.com","updatedAt":1557247858127,"path":"list_of_ResourceAssignment_solution.csv"},{"tableType":{"columns":[{"key":"Customer","dataType":"String"},{"key":"Campaign","dataType":"String"},{"key":"expected value","dataType":"Number"}]},"name":"Candidates","category":"input","numberOfRows":27,"creator":"arnaud.schulz@fr.ibm.com","createdAt":1557247859929,"lastUpdater":"arnaud.schulz@fr.ibm.com","updatedAt":1557247860167,"path":"Candidates.csv"},{"tableType":{"columns":[{"key":"Name","dataType":"String"},{"key":"Value","dataType":"Number"},{"key":"Slider","dataType":"Number"},{"key":"Weight factor","dataType":"Number"},{"key":"Scale factor","dataType":"Number"},{"key":"Scaled weighted value","dataType":"Number"}]},"name":"kpis","category":"output","numberOfRows":2,"creator":"arnaud.schulz@fr.ibm.com","createdAt":1557247860445,"lastUpdater":"arnaud.schulz@fr.ibm.com","updatedAt":1557247860769,"path":"kpis.csv"}],"assets":[{"name":"CO_SESSION.json","category":"CO_ASSET_SESSION","creator":"arnaud.schulz@fr.ibm.com","createdAt":1557247858466,"lastUpdater":"arnaud.schulz@fr.ibm.com","updatedAt":1557247858466,"contentType":"text/plain","path":"CO_SESSION.json"},{"name":"CO_SOLUTION_TEXT.json","category":"CO_ASSET","creator":"arnaud.schulz@fr.ibm.com","createdAt":1557247858729,"lastUpdater":"arnaud.schulz@fr.ibm.com","updatedAt":1557247858729,"contentType":"text/plain","path":"CO_SOLUTION_TEXT.json"},{"name":"solveParameters.json","category":"CO_ASSET","creator":"arnaud.schulz@fr.ibm.com","createdAt":1557247859086,"lastUpdater":"arnaud.schulz@fr.ibm.com","updatedAt":1557247859086,"contentType":"text/plain","path":"solveParameters.json"},{"name":"model.py","category":"model","creator":"arnaud.schulz@fr.ibm.com","createdAt":1557247859624,"lastUpdater":"arnaud.schulz@fr.ibm.com","updatedAt":1557247859624,"contentType":"text/plain","path":"model.py"},{"name":"CO_DATASET.json","category":"CO_ASSET","creator":"arnaud.schulz@fr.ibm.com","createdAt":1557247861132,"lastUpdater":"arnaud.schulz@fr.ibm.com","updatedAt":1557247861132,"contentType":"text/plain","path":"CO_DATASET.json"},{"name":"CO_SOLUTION_JSON.json","category":"CO_ASSET","creator":"arnaud.schulz@fr.ibm.com","createdAt":1557247861420,"lastUpdater":"arnaud.schulz@fr.ibm.com","updatedAt":1557247861420,"contentType":"text/plain","path":"CO_SOLUTION_JSON.json"},{"name":"log.txt","category":"output","creator":"arnaud.schulz@fr.ibm.com","createdAt":1557247861752,"lastUpdater":"arnaud.schulz@fr.ibm.com","updatedAt":1557247861752,"contentType":"text/plain","path":"log.txt"}]}