{
  "qualifiers": [
    {
      "name": "modelType",
      "value": "cognitive"
    },
    {
      "name": "modelMetadata",
      "value": "null"
    }
  ],
  "parentId": "MarketingCampaignAssignment",
  "category": "scenario",
  "creator": "achabrier@es.ibm.com",
  "createdAt": 1519204153644,
  "usage": {
    "lastModificationTime": 1521538468889,
    "lastModifier": "stephane.michel@fr.ibm.com"
  },
  "dataUsagePerCategory": {
    "input": {
      "lastModificationTime": 1519204183737,
      "lastModifier": "achabrier@es.ibm.com"
    },
    "CO_ASSET_SESSION": {
      "lastModificationTime": 1521535968098,
      "lastModifier": "stephane.michel@fr.ibm.com"
    },
    "model": {
      "lastModificationTime": 1521538440077,
      "lastModifier": "stephane.michel@fr.ibm.com"
    },
    "CO_ASSET": {
      "lastModificationTime": 1521538468889,
      "lastModifier": "stephane.michel@fr.ibm.com"
    },
    "output": {
      "lastModificationTime": 1521538468775,
      "lastModifier": "stephane.michel@fr.ibm.com"
    }
  },
  "state": "available",
  "tables": [
    {
      "tableType": {
        "columns": [
          {
            "key": "Customer",
            "dataType": "String"
          },
          {
            "key": "Campaign",
            "dataType": "String"
          },
          {
            "key": "expected value",
            "dataType": "Number"
          }
        ]
      },
      "name": "Candidates",
      "category": "input",
      "lineage": "Copied from marketing-candidate-small.csv",
      "numberOfRows": 27,
      "creator": "achabrier@es.ibm.com",
      "createdAt": 1519204163820,
      "lastUpdater": "achabrier@es.ibm.com",
      "updatedAt": 1519204183737,
      "path": "marketing-candidate-small.csv"
    },
    {
      "tableType": {
        "columns": [
          {
            "key": "NAME",
            "dataType": "String"
          },
          {
            "key": "VALUE",
            "dataType": "Number"
          }
        ]
      },
      "name": "kpis",
      "category": "output",
      "numberOfRows": 1,
      "creator": "stephane.michel@fr.ibm.com",
      "createdAt": 1521538441639,
      "lastUpdater": "stephane.michel@fr.ibm.com",
      "updatedAt": 1521538441639,
      "path": "kpis.csv"
    },
    {
      "tableType": {
        "columns": [
          {
            "key": "id_of_Customer",
            "dataType": "String"
          },
          {
            "key": "id_of_Campaign",
            "dataType": "String"
          },
          {
            "key": "resourceAssignmentVar",
            "dataType": "Number"
          }
        ]
      },
      "name": "list_of_ResourceAssignment_solution",
      "category": "output",
      "numberOfRows": 9,
      "creator": "stephane.michel@fr.ibm.com",
      "createdAt": 1521538441675,
      "lastUpdater": "stephane.michel@fr.ibm.com",
      "updatedAt": 1521538441675,
      "path": "list_of_ResourceAssignment_solution.csv"
    },
    {
      "tableType": {
        "columns": [
          {
            "key": "Customer id",
            "dataType": "String"
          },
          {
            "key": "Campaign id",
            "dataType": "String"
          },
          {
            "key": "Candidates expected value",
            "dataType": "Number"
          }
        ]
      },
      "name": "Customer_to_Campaign_assignment_report",
      "category": "output",
      "numberOfRows": 9,
      "creator": "stephane.michel@fr.ibm.com",
      "createdAt": 1521538468775,
      "lastUpdater": "stephane.michel@fr.ibm.com",
      "updatedAt": 1521538468775,
      "path": "Customer_to_Campaign_assignment_report.csv"
    }
  ],
  "assets": [
    {
      "name": "CO_SESSION.json",
      "category": "CO_ASSET_SESSION",
      "creator": "stephane.michel@fr.ibm.com",
      "createdAt": 1521535917705,
      "lastUpdater": "stephane.michel@fr.ibm.com",
      "updatedAt": 1521535968098,
      "contentType": "application/json; charset=utf-8",
      "path": "CO_SESSION.json"
    },
    {
      "name": "model.py",
      "category": "model",
      "creator": "stephane.michel@fr.ibm.com",
      "createdAt": 1521535971467,
      "lastUpdater": "stephane.michel@fr.ibm.com",
      "updatedAt": 1521538440077,
      "contentType": "application/json; charset=utf-8",
      "path": "model.py"
    },
    {
      "name": "CO_SOLUTION_TEXT.json",
      "category": "CO_ASSET",
      "creator": "stephane.michel@fr.ibm.com",
      "createdAt": 1521535973755,
      "lastUpdater": "stephane.michel@fr.ibm.com",
      "updatedAt": 1521538468823,
      "contentType": "application/json; charset=utf-8",
      "path": "CO_SOLUTION_TEXT.json"
    },
    {
      "name": "CO_SOLUTION_JSON.json",
      "category": "CO_ASSET",
      "creator": "stephane.michel@fr.ibm.com",
      "createdAt": 1521535973863,
      "lastUpdater": "stephane.michel@fr.ibm.com",
      "updatedAt": 1521538468860,
      "contentType": "application/json; charset=utf-8",
      "path": "CO_SOLUTION_JSON.json"
    },
    {
      "name": "CO_SOLVE_STATUS.json",
      "category": "CO_ASSET",
      "creator": "stephane.michel@fr.ibm.com",
      "createdAt": 1521535973929,
      "lastUpdater": "stephane.michel@fr.ibm.com",
      "updatedAt": 1521538468889,
      "contentType": "application/json; charset=utf-8",
      "path": "CO_SOLVE_STATUS.json"
    },
    {
      "name": "log.txt",
      "category": "output",
      "creator": "stephane.michel@fr.ibm.com",
      "createdAt": 1521538441567,
      "lastUpdater": "stephane.michel@fr.ibm.com",
      "updatedAt": 1521538441567,
      "path": "log.txt"
    }
  ]
}
