{"creationTime":1592899647901,"lastModificationTime":1592899668994,"state":"TERMINATED","solveConfig":{"containerId":"Scenario 1","solveParameters":{"oaas.logAttachmentName":"log.txt","oaas.logTailEnabled":"true"}},"jobDetails":{"id":"e59718ff-3164-4cdd-b3f4-5caf73f0dd36","createdAt":1592899659962,"startedAt":1592899660585,"endedAt":1592899665360,"submittedAt":1592899659962,"details":{"KPI.Nb Fix Used":"37.0","KPI.Nb Temp Used":"14.0","KPI.Total Cost":"4540","MODEL_DETAIL_BOOLEAN_VARS":"0","MODEL_DETAIL_CONSTRAINTS":"588","MODEL_DETAIL_CONTINUOUS_VARS":"0","MODEL_DETAIL_INTEGER_VARS":"774","MODEL_DETAIL_KPIS":"[\"Total Cost\", \"Nb Fix Used\", \"Nb Temp Used\"]","MODEL_DETAIL_NONZEROS":"6234","MODEL_DETAIL_TYPE":"MILP","PROGRESS_BEST_OBJECTIVE":"4540.0","PROGRESS_CURRENT_OBJECTIVE":"4540","PROGRESS_CURRENT_OBJECTIVE.history":"[[1592899662.27, 4540]]","PROGRESS_GAP":"0.0"},"executionStatus":"PROCESSED","solveStatus":"OPTIMAL_SOLUTION","logTail":["[2020-06-23T08:07:42Z, INFO] WARNING: Number of workers has been reduced to 1 to comply with platform limitations.","[2020-06-23T08:07:42Z, INFO] Version identifier: 12.10.0.0 | 2020-01-09 | 0d94640","[2020-06-23T08:07:42Z, INFO] CPXPARAM_Read_DataCheck                          1","[2020-06-23T08:07:42Z, INFO] CPXPARAM_Threads                                 1","[2020-06-23T08:07:42Z, INFO] CPXPARAM_RandomSeed                              201903125","[2020-06-23T08:07:42Z, INFO] Tried aggregator 2 times.","[2020-06-23T08:07:42Z, INFO] MIP Presolve eliminated 188 rows and 72 columns.","[2020-06-23T08:07:42Z, INFO] Aggregator did 267 substitutions.","[2020-06-23T08:07:42Z, INFO] Reduced MIP has 133 rows, 316 columns, and 3801 nonzeros.","[2020-06-23T08:07:42Z, INFO] Reduced MIP has 0 binaries, 316 generals, 0 SOSs, and 0 indicators.","[2020-06-23T08:07:42Z, INFO] Presolve time = 0.01 sec. (4.11 ticks)","[2020-06-23T08:07:42Z, INFO] Found incumbent of value 4840.000000 after 0.02 sec. (9.33 ticks)","[2020-06-23T08:07:42Z, INFO] Tried aggregator 1 time.","[2020-06-23T08:07:42Z, INFO] Detecting symmetries...","[2020-06-23T08:07:42Z, INFO] Reduced MIP has 133 rows, 316 columns, and 3801 nonzeros.","[2020-06-23T08:07:42Z, INFO] Reduced MIP has 0 binaries, 316 generals, 0 SOSs, and 0 indicators.","[2020-06-23T08:07:42Z, INFO] Presolve time = 0.00 sec. (1.52 ticks)","[2020-06-23T08:07:42Z, INFO] MIP emphasis: balance optimality and feasibility.","[2020-06-23T08:07:42Z, INFO] MIP search method: dynamic search.","[2020-06-23T08:07:42Z, INFO] Parallel mode: none, using 1 thread.","[2020-06-23T08:07:42Z, INFO] Root relaxation solution time = 0.00 sec. (0.69 ticks)","[2020-06-23T08:07:42Z, INFO] ","[2020-06-23T08:07:42Z, INFO]         Nodes                                         Cuts/","[2020-06-23T08:07:42Z, INFO]    Node  Left     Objective  IInf  Best Integer    Best Bound    ItCnt     Gap","[2020-06-23T08:07:42Z, INFO] *     0+    0                         4840.0000     1000.0000            79.34%","[2020-06-23T08:07:42Z, INFO] *     0     0      integral     0     4540.0000     4540.0000       61    0.00%","[2020-06-23T08:07:42Z, INFO] Elapsed time = 0.02 sec. (12.17 ticks, tree = 0.00 MB, solutions = 2)","[2020-06-23T08:07:42Z, INFO] ","[2020-06-23T08:07:42Z, INFO] Root node processing (before b&c):","[2020-06-23T08:07:42Z, INFO]   Real time             =    0.02 sec. (12.19 ticks)","[2020-06-23T08:07:42Z, INFO] Sequential b&c:","[2020-06-23T08:07:42Z, INFO]   Real time             =    0.00 sec. (0.00 ticks)","[2020-06-23T08:07:42Z, INFO]                           ------------","[2020-06-23T08:07:42Z, INFO] Total (root+branch&cut) =    0.02 sec. (12.19 ticks)","[2020-06-23T08:07:42Z, INFO]   Feasible 4540","[2020-06-23T08:07:42Z, INFO] starts.csv","[2020-06-23T08:07:42Z, INFO] works.csv","[2020-06-23T08:07:42Z, INFO] nr.csv"]},"runtimeDetails":{"state":"STARTED"},"taskSetupMillis":12830,"taskSolveMillis":5987,"taskTearDownMillis":1,"jobId":"e59718ff-3164-4cdd-b3f4-5caf73f0dd36","transactionId":"69bca93d-2d97-4ed7-9625-a0029ebcc431","ping":1592899648334,"taskUserId":"florence.varignier@fr.ibm.com"}