{"creationTime":1651064017909,"lastModificationTime":1651064017909,"state":"TERMINATED","solveConfig":{"containerId":"Scenario 1","solveParameters":{"oaas.logAttachmentName":"log.txt","oaas.logTailEnabled":"true"},"setupWebHook":{"verb":"GET","url":"https://internal-nginx-svc:12443/v1/cognitive/solve/preprocess/Scenario%201?projectId=0e14ce68-22dd-40e6-b646-df3586b97c0e&parentId=HouseConstructionScheduling","expectedStatus":200,"headers":{}},"tearDownWebHook":{"verb":"GET","url":"https://internal-nginx-svc:12443/v1/cognitive/solve/postprocess/Scenario%201?projectId=0e14ce68-22dd-40e6-b646-df3586b97c0e&parentId=HouseConstructionScheduling","expectedStatus":200,"headers":{}}},"jobDetails":{"id":"617d60c3-7880-4091-8572-127529900c4b","createdAt":1648644811889,"startedAt":1648644845346,"endedAt":1648644850203,"submittedAt":1648644811889,"details":{"KPI.time to complete all Activities":"90","MODEL_DETAIL_CONSTRAINTS":"68","MODEL_DETAIL_INTEGER_VARS":"0","MODEL_DETAIL_INTERVAL_VARS":"40","MODEL_DETAIL_KPIS":"[\"time to complete all Activities\"]","MODEL_DETAIL_OBJECTIVE_SENSE":"minimize","MODEL_DETAIL_SEQUENCE_VARS":"3","MODEL_DETAIL_TYPE":"CPO Scheduling","PROGRESS_BEST_BOUND":"90","PROGRESS_BEST_OBJECTIVE":"90","PROGRESS_BEST_OBJECTIVE.history":"[[1648644849.48, \"90\"], [1648644849.52, \"90\"]]","PROGRESS_CURRENT_OBJECTIVE":"90.00000000000001","PROGRESS_CURRENT_OBJECTIVE.history":"[[1648644849.48, \"90\"], [1648644849.52, \"90.00000000000001\"]]","PROGRESS_GAP":"1.57898e-16","PROGRESS_GAP.history":"[[1648644849.48, \"1.57898e-16\"], [1648644849.52, \"1.57898e-16\"]]","STAT.cpo.modelType":"CPO","STAT.cpo.size.constraints":"68","STAT.cpo.size.integerVariables":"0","STAT.cpo.size.intervalVariables":"40","STAT.cpo.size.sequenceVariables":"3","STAT.cpo.size.variables":"43","STAT.cpo.solve.memoryUsage":"1039370","STAT.cpo.solve.numberOfBranches":"13","STAT.cpo.solve.time":"0","STAT.job.coresCount":"1","STAT.job.inputsReadMs":"3478","STAT.job.memoryPeakKB":"119480","STAT.job.modelProcessingMs":"469","STAT.job.outputsWriteMs":"529"},"executionStatus":"PROCESSED","solveStatus":"OPTIMAL_SOLUTION","logTail":["[2022-03-30T12:54:08Z, WARNING] Support for Python 3.9 is now enabled with pandas 1.3 libraries.","[2022-03-30T12:54:09Z, INFO] * building wado model","[2022-03-30T12:54:09Z, INFO] model building done in 0.03400015830993652 secs","[2022-03-30T12:54:09Z, INFO] * running wado model","[2022-03-30T12:54:09Z, INFO] WARNING: Number of workers has been reduced to 1 to comply with platform limitations.","[2022-03-30T12:54:09Z, INFO]  ! --------------------------------------------------- CP Optimizer 20.1.0.1 --","[2022-03-30T12:54:09Z, INFO]  ! Minimization problem - 43 variables, 68 constraints","[2022-03-30T12:54:09Z, INFO]  ! Presolve      : 10 extractables eliminated","[2022-03-30T12:54:09Z, INFO]  ! TimeLimit            = 120","[2022-03-30T12:54:09Z, INFO]  ! Workers              = 1","[2022-03-30T12:54:09Z, INFO]  ! Initial process time : 0.00s (0.00s extraction + 0.00s propagation)","[2022-03-30T12:54:09Z, INFO]  !  . Log search space  : 148.1 (before), 148.1 (after)","[2022-03-30T12:54:09Z, INFO]  !  . Memory usage      : 543.9 kB (before), 543.9 kB (after)","[2022-03-30T12:54:09Z, INFO]  ! Using sequential search.","[2022-03-30T12:54:09Z, INFO]  ! ----------------------------------------------------------------------------","[2022-03-30T12:54:09Z, INFO]  !          Best Branches  Non-fixed            Branch decision","[2022-03-30T12:54:09Z, INFO]                         0         43                 -","[2022-03-30T12:54:09Z, INFO]  + New bound is 90","[2022-03-30T12:54:09Z, INFO]  *      90.00000       11  0.00s               (gap is 0.00%)","[2022-03-30T12:54:09Z, INFO]  I time to complete all Activities: 90","[2022-03-30T12:54:09Z, INFO] Objective values: (90,)","[2022-03-30T12:54:09Z, INFO] time to complete all Activities --> 90","[2022-03-30T12:54:09Z, INFO] solution export done in 0.030402183532714844 secs","[2022-03-30T12:54:09Z, INFO]  ! ----------------------------------------------------------------------------","[2022-03-30T12:54:09Z, INFO]  ! Search completed, 1 solution found.","[2022-03-30T12:54:09Z, INFO]  ! Best objective         : 90.00000 (optimal - effective tol. is 0.009)","[2022-03-30T12:54:09Z, INFO]  ! Best bound             : 90","[2022-03-30T12:54:09Z, INFO]  ! time to complete all Activities: 90","[2022-03-30T12:54:09Z, INFO]  ! ----------------------------------------------------------------------------","[2022-03-30T12:54:09Z, INFO]  ! Number of branches     : 13","[2022-03-30T12:54:09Z, INFO]  ! Number of fails        : 12","[2022-03-30T12:54:09Z, INFO]  ! Total memory usage     : 1.1 MB (1.0 MB CP Optimizer + 0.1 MB Concert)","[2022-03-30T12:54:09Z, INFO]  ! Time spent in solve    : 0.00s (0.00s engine + 0.00s extraction)","[2022-03-30T12:54:09Z, INFO]  ! Search speed (br. / s) : 1300.0","[2022-03-30T12:54:09Z, INFO]  ! ----------------------------------------------------------------------------","[2022-03-30T12:54:09Z, INFO] solve + export of all intermediate solutions done in 0.1087198257446289 secs","[2022-03-30T12:54:09Z, INFO] ScheduledActivities.csv","[2022-03-30T12:54:09Z, INFO] NotScheduledActivities.csv"]},"runtimeDetails":{"state":"STARTED"},"taskSetupMillis":2705,"taskSolveMillis":40285,"taskTearDownMillis":4242,"jobSpaceId":"5f6efc9a-f726-4409-b93e-446a080a3f16","jobDeploymentId":"5298ccc9-2728-452c-a758-77f3c1903856","jobId":"617d60c3-7880-4091-8572-127529900c4b","ping":1648644839224}