{"creationTime":1698152672200,"lastModificationTime":1698152684614,"state":"TERMINATED","solveConfig":{"containerId":"Copy 02","solveParameters":{}},"jobDetails":{"id":"436246dc-e9fb-48c0-a92f-b9739bc07f80","createdAt":1698152678383,"startedAt":1698152678875,"endedAt":1698152680090,"submittedAt":1698152678383,"details":{"KPI.Nb Fix Used":"35.0","KPI.Nb Temp Used":"14.0","KPI.PROGRESS_CURRENT_OBJECTIVE":"4340.0","KPI.Total Cost":"4340.0","MODEL_DETAIL_BOOLEAN_VARS":"0","MODEL_DETAIL_CONSTRAINTS":"588","MODEL_DETAIL_CONTINUOUS_VARS":"0","MODEL_DETAIL_INTEGER_VARS":"774","MODEL_DETAIL_KPIS":"[\"Total Cost\", \"Nb Fix Used\", \"Nb Temp Used\"]","MODEL_DETAIL_NONZEROS":"6234","MODEL_DETAIL_OBJECTIVE_SENSE":"minimize","MODEL_DETAIL_TYPE":"MILP","PROGRESS_BEST_OBJECTIVE":"4340.0","PROGRESS_BEST_OBJECTIVE.history":"[[1698152679.27, 4340.0]]","PROGRESS_CURRENT_OBJECTIVE":"4340.0","PROGRESS_CURRENT_OBJECTIVE.history":"[[1698152679.27, 4340.0]]","PROGRESS_GAP":"0.0","PROGRESS_GAP.history":"[[1698152679.27, 0.0]]","STAT.cplex.modelType":"MILP","STAT.cplex.size.booleanVariables":"0","STAT.cplex.size.constraints":"588","STAT.cplex.size.continousVariables":"0","STAT.cplex.size.integerVariables":"774","STAT.cplex.size.linearConstraints":"588","STAT.cplex.size.quadraticConstraints":"0","STAT.cplex.size.variables":"774","STAT.job.coresCount":"1","STAT.job.inputsReadMs":"132","STAT.job.memoryPeakKB":"113168","STAT.job.modelProcessingMs":"210","STAT.job.outputsWriteMs":"614","latestOutputUpload":"2023-10-24T13:04:40.088Z"},"executionStatus":"PROCESSED","solveStatus":"OPTIMAL_SOLUTION","logTail":["[2023-10-24T13:04:39.028Z, WARNING] Python 3.10 is used as default with pandas 1.5.3 libraries.","[2023-10-24T13:04:39.080Z, INFO] {'resources.csv': {'id': 'str'}}","[2023-10-24T13:04:39.244Z, INFO] WARNING: Number of workers has been reduced to 1 to comply with platform limitations.","[2023-10-24T13:04:39.245Z, INFO] Version identifier: 22.1.1.0 | 2023-06-15 | d64d5bd77","[2023-10-24T13:04:39.246Z, INFO] CPXPARAM_Read_DataCheck                          1","[2023-10-24T13:04:39.246Z, INFO] CPXPARAM_Threads                                 1","[2023-10-24T13:04:39.247Z, INFO] Legacy callback                                  i","[2023-10-24T13:04:39.249Z, INFO] Tried aggregator 2 times.","[2023-10-24T13:04:39.250Z, INFO] MIP Presolve eliminated 209 rows and 90 columns.","[2023-10-24T13:04:39.250Z, INFO] Aggregator did 253 substitutions.","[2023-10-24T13:04:39.260Z, INFO] Reduced MIP has 126 rows, 298 columns, and 3657 nonzeros.","[2023-10-24T13:04:39.261Z, INFO] Reduced MIP has 0 binaries, 298 generals, 0 SOSs, and 0 indicators.","[2023-10-24T13:04:39.262Z, INFO] Presolve time = 0.00 sec. (3.92 ticks)","[2023-10-24T13:04:39.263Z, INFO] Found incumbent of value 4900.000000 after 0.02 sec. (8.42 ticks)","[2023-10-24T13:04:39.264Z, INFO] Tried aggregator 1 time.","[2023-10-24T13:04:39.264Z, INFO] Detecting symmetries...","[2023-10-24T13:04:39.265Z, INFO] Reduced MIP has 126 rows, 298 columns, and 3657 nonzeros.","[2023-10-24T13:04:39.265Z, INFO] Reduced MIP has 0 binaries, 298 generals, 0 SOSs, and 0 indicators.","[2023-10-24T13:04:39.266Z, INFO] Presolve time = 0.00 sec. (1.46 ticks)","[2023-10-24T13:04:39.266Z, INFO] MIP emphasis: balance optimality and feasibility.","[2023-10-24T13:04:39.266Z, INFO] MIP search method: dynamic search.","[2023-10-24T13:04:39.267Z, INFO] Parallel mode: none, using 1 thread.","[2023-10-24T13:04:39.267Z, INFO] Root relaxation solution time = 0.00 sec. (0.82 ticks)","[2023-10-24T13:04:39.268Z, INFO] ","[2023-10-24T13:04:39.268Z, INFO]         Nodes                                         Cuts/","[2023-10-24T13:04:39.268Z, INFO]    Node  Left     Objective  IInf  Best Integer    Best Bound    ItCnt     Gap","[2023-10-24T13:04:39.269Z, INFO] ","[2023-10-24T13:04:39.269Z, INFO] *     0+    0                         4900.0000     1000.0000            79.59%","[2023-10-24T13:04:39.270Z, INFO] *     0     0      integral     0     4340.0000     4340.0000       63    0.00%","[2023-10-24T13:04:39.270Z, INFO] Elapsed time = 0.02 sec. (11.25 ticks, tree = 0.00 MB, solutions = 2)","[2023-10-24T13:04:39.271Z, INFO] ","[2023-10-24T13:04:39.271Z, INFO] Root node processing (before b&c):","[2023-10-24T13:04:39.271Z, INFO]   Real time             =    0.02 sec. (11.28 ticks)","[2023-10-24T13:04:39.272Z, INFO] Sequential b&c:","[2023-10-24T13:04:39.272Z, INFO]   Real time             =    0.00 sec. (0.00 ticks)","[2023-10-24T13:04:39.273Z, INFO]                           ------------","[2023-10-24T13:04:39.274Z, INFO] Total (root+branch&cut) =    0.02 sec. (11.28 ticks)","[2023-10-24T13:04:39.281Z, INFO]   Feasible 4340.0"]},"taskSetupTime":1698152678395,"taskSolveTime":1698152682224,"taskTearDownTime":1698152684614,"jobSpaceId":"1e6362e3-9985-4ea3-b8ba-5d35f3036aa5","jobDeploymentId":"d3d0099c-1a31-4cac-bf68-ce0cd117c9bc","jobId":"436246dc-e9fb-48c0-a92f-b9739bc07f80","ping":1698152672308}