{"name":"Dashboard","locked":false,"activePage":0,"pages":[{"id":"ebdc8ef2-ff93-4162-8dd1-ce0033e28e37","name":"Input","widgets":{"582ead71-77de-4877-8f39-3c68aa0da05f":{"name":"Subcontractors","type":"Table","props":{"container":"","data":"Subcontractor","spec":{"numbered":true,"compact":false,"columnExpand":true,"columnShrink":false,"columnWidth":0,"sortOrder":[],"columns":[{"property":"Name","type":"String","visible":true,"width":0,"style":{}}]},"search":""}},"196a0be4-4683-4a95-926a-d6849f6e1dc9":{"name":"Activities","type":"Table","props":{"container":"","data":"Activity","spec":{"numbered":true,"compact":false,"columnExpand":true,"columnShrink":false,"columnWidth":0,"sortOrder":[],"columns":[{"property":"Activity","type":"String","visible":true,"width":0,"style":{}},{"property":"Duration in days","type":"Number","visible":true,"width":0,"style":{}},{"property":"Preceding activities","type":"String","visible":true,"width":0,"style":{}},{"property":"Possible Subcontractors","type":"String","visible":true,"width":0,"style":{}}]},"search":""}},"2464343f-4b8c-41ad-a046-85793785d818":{"name":"Expertize","type":"Table","props":{"container":"","data":"Expertise","spec":{"numbered":true,"compact":false,"columnExpand":true,"columnShrink":false,"columnWidth":0,"sortOrder":[],"columns":[{"property":"Activity","type":"String","visible":true,"width":0,"style":{}},{"property":"Subcontractor","type":"String","visible":true,"width":0,"style":{}},{"property":"Skill level","type":"Number","visible":true,"width":0,"style":{}}]},"search":""}},"0d79ca67-4f77-4013-8add-067e647767a7":{"name":"Notes","type":"Notes","props":{"notes":"To build a house, a list of activities have to be executed. Each activity has a given duration in days, must be executed after some given preceding activities, and has to be assigned to one of the possible subcontractors.","style":{}}}},"layouts":{"SM":[{"i":"582ead71-77de-4877-8f39-3c68aa0da05f","x":0,"y":0,"w":1,"h":2,"moved":false,"static":false},{"i":"196a0be4-4683-4a95-926a-d6849f6e1dc9","x":0,"y":2,"w":1,"h":2,"moved":false,"static":false},{"i":"2464343f-4b8c-41ad-a046-85793785d818","x":0,"y":4,"w":1,"h":2,"moved":false,"static":false},{"i":"0d79ca67-4f77-4013-8add-067e647767a7","x":0,"y":6,"w":1,"h":2,"moved":false,"static":false}],"LG":[{"w":1,"h":2,"x":0,"y":1,"i":"582ead71-77de-4877-8f39-3c68aa0da05f","moved":false,"static":false},{"w":5,"h":2,"x":1,"y":1,"i":"196a0be4-4683-4a95-926a-d6849f6e1dc9","moved":false,"static":false},{"w":6,"h":2,"x":0,"y":3,"i":"2464343f-4b8c-41ad-a046-85793785d818","moved":false,"static":false},{"w":6,"h":1,"x":0,"y":0,"i":"0d79ca67-4f77-4013-8add-067e647767a7","moved":false,"static":false}],"MD":[{"i":"582ead71-77de-4877-8f39-3c68aa0da05f","x":0,"y":0,"w":3,"h":2,"moved":false,"static":false},{"i":"196a0be4-4683-4a95-926a-d6849f6e1dc9","x":0,"y":2,"w":3,"h":2,"moved":false,"static":false},{"i":"2464343f-4b8c-41ad-a046-85793785d818","x":0,"y":4,"w":3,"h":2,"moved":false,"static":false},{"i":"0d79ca67-4f77-4013-8add-067e647767a7","x":0,"y":6,"w":1,"h":2,"moved":false,"static":false}]}},{"id":"c76956c3-9c4a-4659-9beb-b91f32678b42","name":"Solution","widgets":{"f4705ac4-4ddb-4bea-b354-ff33029a88a5":{"name":"Assignments","type":"Table","props":{"container":"","data":"Subcontractor_to_Activity_assignments_report","spec":{"numbered":true,"compact":false,"columnExpand":true,"columnShrink":false,"columnWidth":0,"sortOrder":[],"columns":[{"property":"Activity","type":"String","visible":true,"width":0,"style":{}},{"property":"Subcontractor Name","type":"String","visible":true,"width":0,"style":{}},{"property":"Activity start","label":"Activity start","type":"String","visible":true,"width":0,"style":{}},{"property":"Activity end","label":"Activity end","type":"String","visible":true,"width":0,"style":{}},{"property":"Activity duration","label":"Activity duration","type":"Number","visible":true,"width":0,"style":{}},{"property":"Activity Duration in days","label":"Activity Duration in days","type":"Number","visible":false,"width":0,"style":{}},{"property":"Next","label":"Next","type":"String","visible":false,"width":0,"style":{}},{"property":"Sequence index","label":"Sequence index","type":"Number","visible":false,"width":0,"style":{}},{"property":"predecessors Activity","label":"predecessors Activity","type":"String","visible":false,"width":0,"style":{}},{"property":"@ Scenario","label":"@ Scenario","type":"String","visible":false,"width":0,"style":{}}]},"search":""}},"af38f845-ba03-4630-a15a-e6dad8dacc80":{"name":"Gantt","type":"CognitiveGantt","props":{"container":"","data":"$cognitive-gantt"}}},"layouts":{"SM":[{"w":1,"h":2,"x":0,"y":3,"i":"f4705ac4-4ddb-4bea-b354-ff33029a88a5","moved":false,"static":false},{"w":1,"h":3,"x":0,"y":0,"i":"af38f845-ba03-4630-a15a-e6dad8dacc80","moved":false,"static":false}],"MD":[{"i":"f4705ac4-4ddb-4bea-b354-ff33029a88a5","x":0,"y":4,"w":3,"h":2,"moved":false,"static":false},{"i":"af38f845-ba03-4630-a15a-e6dad8dacc80","x":0,"y":0,"w":3,"h":3,"moved":false,"static":false}],"LG":[{"w":6,"h":2,"x":0,"y":3,"i":"f4705ac4-4ddb-4bea-b354-ff33029a88a5","moved":false,"static":false},{"w":6,"h":3,"x":0,"y":0,"i":"af38f845-ba03-4630-a15a-e6dad8dacc80","moved":false,"static":false}]}}],"breakpoints":[{"name":"SM","width":0,"columns":1},{"name":"MD","width":480,"columns":3},{"name":"LG","width":960,"columns":6}],"rowHeight":120}