{"retry":0,"creationTime":1527264566917,"lastModificationTime":1527264569520,"state":"TERMINATED","solveConfig":{"containerId":"Copy 04","collectEngineLog":true,"solveParameters":{"oaas.logAttachmentName":"log.txt","oaas.logTailEnabled":"true"}},"jobId":"job.c85fceae-df59-4a1d-bb77-c1a2d82d8866","transactionId":"82150abc-fa40-465b-a538-eaf79a1ffa6b","dataContainerId":"945c0481-2f57-4fb2-a92e-5c5247ef871a","jobDetails":{"id":"job.c85fceae-df59-4a1d-bb77-c1a2d82d8866","createdAt":1527264567132,"startedAt":1527264567212,"endedAt":1527264569304,"endReportedAt":1527264569327,"submittedAt":1527264567132,"updatedAt":1527264569304,"applicationVersionUsed":"1.0-release_to_dsxl_ce-b3","details":{"MODEL_DETAIL_BOOLEAN_VARS":"0","MODEL_DETAIL_CONSTRAINTS":"588","MODEL_DETAIL_CONTINUOUS_VARS":"0","MODEL_DETAIL_KPIS":"[\"Total Cost\", \"Nb Fix Used\", \"Nb Temp Used\"]","MODEL_DETAIL_INTEGER_VARS":"774","PROGRESS_GAP":"0.0","MODEL_DETAIL_NONZEROS":"6234","PROGRESS_BEST_OBJECTIVE":"4360.0","KPI.Nb Temp Used":"11.0","KPI.Nb Fix Used":"37.0","MODEL_DETAIL_TYPE":"MILP","PROGRESS_CURRENT_OBJECTIVE":"4360","KPI.Total Cost":"4360"},"systemDetails":{"worker.process.max.memory":"524288","worker.cores.total":"8","worker.cores.default":"1","worker.process.cpu.set":null,"worker.heap.max":"524288","worker.data.read.bytes":"9313","worker.data.write.duration":"381","worker.processing.duration":"2048","worker.process.peak.swap":"0","worker.log.write.duration":"9","worker.process.processing.duration":"1363","worker.data.read.duration":"45","worker.jms.write.chars":"15748","worker.log.write.chars":"1066","worker.data.write.bytes":"11946","worker.heap.used":"95305","worker.process.peak.memory":"0","worker.setup.duration":"41","worker.jms.write.duration":"39"},"executionStatus":"PROCESSED","solveStatus":"OPTIMAL_SOLUTION","logTail":["[2018-05-25T16:09:28Z, INFO] WARNING: Number of workers has been reduced to 1 to comply with platform limitations.","[2018-05-25T16:09:28Z, INFO] CPXPARAM_Read_DataCheck                          1","[2018-05-25T16:09:28Z, INFO] CPXPARAM_Threads                                 1","[2018-05-25T16:09:28Z, INFO] Tried aggregator 2 times.","[2018-05-25T16:09:28Z, INFO] MIP Presolve eliminated 77 rows and 92 columns.","[2018-05-25T16:09:28Z, INFO] Aggregator did 386 substitutions.","[2018-05-25T16:09:28Z, INFO] Reduced MIP has 125 rows, 296 columns, and 3667 nonzeros.","[2018-05-25T16:09:28Z, INFO] Reduced MIP has 0 binaries, 296 generals, 0 SOSs, and 0 indicators.","[2018-05-25T16:09:28Z, INFO] Presolve time = 0.01 sec. (3.51 ticks)","[2018-05-25T16:09:28Z, INFO] Found incumbent of value 4660.000000 after 0.01 sec. (8.11 ticks)","[2018-05-25T16:09:28Z, INFO] Tried aggregator 1 time.","[2018-05-25T16:09:28Z, INFO] Reduced MIP has 125 rows, 296 columns, and 3667 nonzeros.","[2018-05-25T16:09:28Z, INFO] Reduced MIP has 0 binaries, 296 generals, 0 SOSs, and 0 indicators.","[2018-05-25T16:09:28Z, INFO] Presolve time = 0.00 sec. (1.42 ticks)","[2018-05-25T16:09:28Z, INFO] MIP emphasis: balance optimality and feasibility.","[2018-05-25T16:09:28Z, INFO] MIP search method: dynamic search.","[2018-05-25T16:09:28Z, INFO] Parallel mode: none, using 1 thread.","[2018-05-25T16:09:28Z, INFO] Root relaxation solution time = 0.00 sec. (0.71 ticks)","[2018-05-25T16:09:28Z, INFO] ","[2018-05-25T16:09:28Z, INFO]         Nodes                                         Cuts/","[2018-05-25T16:09:28Z, INFO]    Node  Left     Objective  IInf  Best Integer    Best Bound    ItCnt     Gap","[2018-05-25T16:09:28Z, INFO] *     0+    0                         4660.0000     1000.0000            78.54%","[2018-05-25T16:09:28Z, INFO] *     0     0      integral     0     4360.0000     4360.0000       51    0.00%","[2018-05-25T16:09:28Z, INFO] Elapsed time = 0.02 sec. (10.79 ticks, tree = 0.00 MB","[2018-05-25T16:09:28Z, INFO] , solutions = 2","[2018-05-25T16:09:28Z, INFO] )","[2018-05-25T16:09:28Z, INFO] ","[2018-05-25T16:09:28Z, INFO] Root node processing (before b&c):","[2018-05-25T16:09:28Z, INFO]   Real time             =    0.02 sec. (10.83 ticks)","[2018-05-25T16:09:28Z, INFO] Sequential b&c:","[2018-05-25T16:09:28Z, INFO]   Real time             =    0.00 sec. (0.00 ticks)","[2018-05-25T16:09:28Z, INFO]                           ------------","[2018-05-25T16:09:28Z, INFO] Total (root+branch&cut) =    0.02 sec. (10.83 ticks)","[2018-05-25T16:09:28Z, INFO]   Feasible 4360"]},"runtimeDetails":{"state":"STARTED"},"taskSetupMillis":191,"taskSolveMillis":2296,"taskTearDownMillis":0,"jobUri":"http://dods-processor-server-1527263617784-1016-svc/dd-execution/api/v1/solve/job.c85fceae-df59-4a1d-bb77-c1a2d82d8866"}