{"goalObjectives":[{"weight":5.0,"weightedValue":144.0,"value":9.0,"verbalization":"Maximize the number of Customer-Campaign assignments","scaledWeight":16.0},{"weight":5.0,"weightedValue":11760.0,"value":735.0,"verbalization":"Maximize overall quality or value of Customer-Campaign assignments according to Candidates","scaledWeight":16.0}],"decisions_sorted_columns":{"AssignedCampaigns":["Customer","Campaign","Campaign assignments","Customer assignments","Customer age","Campaign max customers"]},"decisions_schema":{"AssignedCampaigns":[{"domainConcepts":"cResource","semantic":"cResourceAssignment,Customer","level":1,"isKPI":false,"concept":"Customer","isKey":true,"isDecision":false,"id":"Customer","type":"STRING"},{"domainConcepts":"cActivity","semantic":"cResourceAssignment,Campaign","level":1,"isKPI":false,"concept":"Campaign","isKey":true,"isDecision":false,"id":"Campaign","type":"STRING"},{"domainConcepts":"","semantic":"","level":1,"isKPI":true,"concept":"cResourceAssignment__Customer__Campaign__","isKey":false,"isDecision":false,"id":"Campaign assignments","type":"NUMBER"},{"domainConcepts":"","semantic":"","level":1,"isKPI":true,"concept":"cResourceAssignment__Customer__Campaign__","isKey":false,"isDecision":false,"id":"Customer assignments","type":"NUMBER"},{"domainConcepts":"cResource","semantic":"cResourceAssignment,Customer","level":2,"isKPI":false,"concept":"Customer","isKey":false,"isDecision":false,"id":"Customer age","type":"NUMBER"},{"domainConcepts":"cActivity","semantic":"cResourceAssignment,Campaign","level":2,"isKPI":false,"concept":"Campaign","isKey":false,"isDecision":false,"id":"Campaign max customers","type":"NUMBER"}]},"decisions":{"AssignedCampaigns":[{"Customer age":40,"Campaign":"Auto","Customer":"Customer 1","Campaign assignments":1.0,"Campaign max customers":3,"Customer assignments":1.0},{"Customer age":30,"Campaign":"Travel","Customer":"Customer 2","Campaign assignments":1.0,"Campaign max customers":3,"Customer assignments":1.0},{"Customer age":25,"Campaign":"Auto","Customer":"Customer 3","Campaign assignments":1.0,"Campaign max customers":3,"Customer assignments":1.0},{"Customer age":29,"Campaign":"Travel","Customer":"Customer 4","Campaign assignments":1.0,"Campaign max customers":3,"Customer assignments":1.0},{"Customer age":48,"Campaign":"Home","Customer":"Customer 5","Campaign assignments":1.0,"Campaign max customers":3,"Customer assignments":1.0},{"Customer age":17,"Campaign":"Travel","Customer":"Customer 6","Campaign assignments":1.0,"Campaign max customers":3,"Customer assignments":1.0},{"Customer age":33,"Campaign":"Home","Customer":"Customer 7","Campaign assignments":1.0,"Campaign max customers":3,"Customer assignments":1.0},{"Customer age":24,"Campaign":"Home","Customer":"Customer 8","Campaign assignments":1.0,"Campaign max customers":3,"Customer assignments":1.0},{"Customer age":18,"Campaign":"Auto","Customer":"Customer 9","Campaign assignments":1.0,"Campaign max customers":3,"Customer assignments":1.0}]}}