{"creationTime":1631872731472,"lastModificationTime":1631872747804,"state":"TERMINATED","solveConfig":{"containerId":"scenario 3","solveParameters":{"oaas.logAttachmentName":"log.txt","oaas.docplex.python":"3.8","oaas.logTailEnabled":"true"},"setupWebHook":{"verb":"GET","url":"https://api.dataplatform.test.cloud.ibm.com/v1/cognitive/solve/preprocess/scenario%203?projectId=70bbbef1-6895-44ef-8d90-70201f1f4f3a&parentId=MarketingCampaignAssignment","expectedStatus":200,"headers":{}},"tearDownWebHook":{"verb":"GET","url":"https://api.dataplatform.test.cloud.ibm.com/v1/cognitive/solve/postprocess/scenario%203?projectId=70bbbef1-6895-44ef-8d90-70201f1f4f3a&parentId=MarketingCampaignAssignment","expectedStatus":200,"headers":{}}},"jobDetails":{"id":"18a6c605-36df-41e4-b672-7ddfbb09f84d","createdAt":1631872736216,"startedAt":1631872736914,"endedAt":1631872739799,"submittedAt":1631872736216,"details":{"KPI.overall quality or value of Customer-Campaign assignments according to Candidates":"735.0","KPI.the number of Customer-Campaign assignments":"9.0","MODEL_DETAIL_BOOLEAN_VARS":"27","MODEL_DETAIL_CONSTRAINTS":"14","MODEL_DETAIL_CONTINUOUS_VARS":"0","MODEL_DETAIL_INTEGER_VARS":"0","MODEL_DETAIL_KPIS":"[\"the number of Customer-Campaign assignments\", \"overall quality or value of Customer-Campaign assignments according to Candidates\"]","MODEL_DETAIL_NONZEROS":"56","MODEL_DETAIL_OBJECTIVE_SENSE":"maximize","MODEL_DETAIL_TYPE":"MILP","PROGRESS_BEST_OBJECTIVE":"11904.0","PROGRESS_BEST_OBJECTIVE.history":"[[1631872738.86, 11904.0]]","PROGRESS_CURRENT_OBJECTIVE":"11904.0","PROGRESS_CURRENT_OBJECTIVE.history":"[[1631872738.86, 11904.0]]","PROGRESS_GAP":"0.0","PROGRESS_GAP.history":"[[1631872738.86, 0.0]]","STAT.cplex.modelType":"MILP","STAT.cplex.size.booleanVariables":"27","STAT.cplex.size.constraints":"14","STAT.cplex.size.continousVariables":"0","STAT.cplex.size.integerVariables":"0","STAT.cplex.size.linearConstraints":"14","STAT.cplex.size.quadraticConstraints":"0","STAT.cplex.size.variables":"27","STAT.job.coresCount":"1","STAT.job.inputsReadMs":"1268","STAT.job.memoryPeakKB":"95304","STAT.job.modelProcessingMs":"693","STAT.job.outputsWriteMs":"790"},"executionStatus":"PROCESSED","solveStatus":"OPTIMAL_SOLUTION","logTail":["[2021-09-17T09:58:58Z, INFO] WARNING: Number of workers has been reduced to 1 to comply with platform limitations.","[2021-09-17T09:58:58Z, INFO] Version identifier: 20.1.0.0 | 2020-11-10 | 9bedb6d68","[2021-09-17T09:58:58Z, INFO] CPXPARAM_Read_DataCheck                          1","[2021-09-17T09:58:58Z, INFO] CPXPARAM_Threads                                 1","[2021-09-17T09:58:58Z, INFO] CPXPARAM_TimeLimit                               120","[2021-09-17T09:58:58Z, INFO] Legacy callback                                  i","[2021-09-17T09:58:58Z, INFO] Found incumbent of value 0.000000 after 0.00 sec. (0.00 ticks)","[2021-09-17T09:58:58Z, INFO] Tried aggregator 1 time.","[2021-09-17T09:58:58Z, INFO] MIP Presolve eliminated 2 rows and 2 columns.","[2021-09-17T09:58:58Z, INFO] Reduced MIP has 12 rows, 25 columns, and 50 nonzeros.","[2021-09-17T09:58:58Z, INFO] Reduced MIP has 25 binaries, 0 generals, 0 SOSs, and 0 indicators.","[2021-09-17T09:58:58Z, INFO] Presolve time = 0.00 sec. (0.03 ticks)","[2021-09-17T09:58:58Z, INFO] Probing time = 0.00 sec. (0.01 ticks)","[2021-09-17T09:58:58Z, INFO] Tried aggregator 1 time.","[2021-09-17T09:58:58Z, INFO] Detecting symmetries...","[2021-09-17T09:58:58Z, INFO] Reduced MIP has 12 rows, 25 columns, and 50 nonzeros.","[2021-09-17T09:58:58Z, INFO] Reduced MIP has 25 binaries, 0 generals, 0 SOSs, and 0 indicators.","[2021-09-17T09:58:58Z, INFO] Presolve time = 0.00 sec. (0.04 ticks)","[2021-09-17T09:58:58Z, INFO] Probing time = 0.00 sec. (0.01 ticks)","[2021-09-17T09:58:58Z, INFO] Clique table members: 9.","[2021-09-17T09:58:58Z, INFO] MIP emphasis: balance optimality and feasibility.","[2021-09-17T09:58:58Z, INFO] MIP search method: dynamic search.","[2021-09-17T09:58:58Z, INFO] Parallel mode: none, using 1 thread.","[2021-09-17T09:58:58Z, INFO] Root relaxation solution time = 0.00 sec. (0.02 ticks)","[2021-09-17T09:58:58Z, INFO] ","[2021-09-17T09:58:58Z, INFO]         Nodes                                         Cuts/","[2021-09-17T09:58:58Z, INFO]    Node  Left     Objective  IInf  Best Integer    Best Bound    ItCnt     Gap","[2021-09-17T09:58:58Z, INFO] ","[2021-09-17T09:58:58Z, INFO] *     0+    0                            0.0000    29520.0000              --- ","[2021-09-17T09:58:58Z, INFO] *     0     0      integral     0    11904.0000    11904.0000       11    0.00%","[2021-09-17T09:58:58Z, INFO] Elapsed time = 0.00 sec. (0.14 ticks, tree = 0.00 MB, solutions = 2)","[2021-09-17T09:58:58Z, INFO] ","[2021-09-17T09:58:58Z, INFO] Root node processing (before b&c):","[2021-09-17T09:58:58Z, INFO]   Real time             =    0.00 sec. (0.14 ticks)","[2021-09-17T09:58:58Z, INFO] Sequential b&c:","[2021-09-17T09:58:58Z, INFO]   Real time             =    0.00 sec. (0.00 ticks)","[2021-09-17T09:58:58Z, INFO]                           ------------","[2021-09-17T09:58:58Z, INFO] Total (root+branch&cut) =    0.00 sec. (0.14 ticks)","[2021-09-17T09:58:58Z, INFO] Solve status: JobSolveStatus.OPTIMAL_SOLUTION","[2021-09-17T09:58:58Z, INFO] * model docplex_model1 solved with objective = 11904.000","[2021-09-17T09:58:58Z, INFO] *  KPI: the number of Customer-Campaign assignments                                       = 9.000","[2021-09-17T09:58:58Z, INFO] *  KPI: overall quality or value of Customer-Campaign assignments according to Candidates = 735.000","[2021-09-17T09:58:58Z, INFO] model solve done in 0.02146601676940918 secs","[2021-09-17T09:58:58Z, INFO] solution export done in 0.018909454345703125 secs","[2021-09-17T09:58:58Z, INFO] AssignedCampaigns.csv"]},"runtimeDetails":{"state":"STARTED"},"taskSetupMillis":4303,"taskSolveMillis":4517,"taskTearDownMillis":6072,"jobSpaceId":"d9bda584-cf9f-4f9b-8b9e-61ec05932519","jobId":"18a6c605-36df-41e4-b672-7ddfbb09f84d","ping":1631872731974}