{"creationTime":1651046035214,"lastModificationTime":1651046128780,"state":"TERMINATED","solveConfig":{"containerId":"scenario 3","solveParameters":{"oaas.logAttachmentName":"log.txt","oaas.logTailEnabled":"true"},"setupWebHook":{"verb":"GET","url":"https://api.dataplatform.cloud.ibm.com/v1/cognitive/solve/preprocess/scenario%203?projectId=d25f1f0d-0115-473b-a5ef-527c4bc8048f&parentId=MarketingCampaignAssignment","expectedStatus":200,"headers":{}},"tearDownWebHook":{"verb":"GET","url":"https://api.dataplatform.cloud.ibm.com/v1/cognitive/solve/postprocess/scenario%203?projectId=d25f1f0d-0115-473b-a5ef-527c4bc8048f&parentId=MarketingCampaignAssignment","expectedStatus":200,"headers":{}}},"jobDetails":{"id":"165e5136-ceaa-40b7-9d78-7bcf58ab3fe2","createdAt":1651046039759,"startedAt":1651046117397,"endedAt":1651046122094,"submittedAt":1651046039759,"details":{"KPI.overall quality or value of Customer-Campaign assignments according to Candidates":"735.0","KPI.the number of Customer-Campaign assignments":"9.0","MODEL_DETAIL_BOOLEAN_VARS":"27","MODEL_DETAIL_CONSTRAINTS":"14","MODEL_DETAIL_CONTINUOUS_VARS":"0","MODEL_DETAIL_INTEGER_VARS":"0","MODEL_DETAIL_KPIS":"[\"the number of Customer-Campaign assignments\", \"overall quality or value of Customer-Campaign assignments according to Candidates\"]","MODEL_DETAIL_NONZEROS":"56","MODEL_DETAIL_OBJECTIVE_SENSE":"maximize","MODEL_DETAIL_TYPE":"MILP","PROGRESS_BEST_OBJECTIVE":"11904.0","PROGRESS_BEST_OBJECTIVE.history":"[[1651046120.35, 11904.0]]","PROGRESS_CURRENT_OBJECTIVE":"11904.0","PROGRESS_CURRENT_OBJECTIVE.history":"[[1651046120.35, 11904.0]]","PROGRESS_GAP":"0.0","PROGRESS_GAP.history":"[[1651046120.35, 0.0]]","STAT.cplex.modelType":"MILP","STAT.cplex.size.booleanVariables":"27","STAT.cplex.size.constraints":"14","STAT.cplex.size.continousVariables":"0","STAT.cplex.size.integerVariables":"0","STAT.cplex.size.linearConstraints":"14","STAT.cplex.size.quadraticConstraints":"0","STAT.cplex.size.variables":"27","STAT.job.coresCount":"1","STAT.job.inputsReadMs":"2149","STAT.job.memoryPeakKB":"112936","STAT.job.modelProcessingMs":"633","STAT.job.outputsWriteMs":"1563"},"executionStatus":"PROCESSED","solveStatus":"OPTIMAL_SOLUTION","logTail":["[2022-04-27T07:55:20Z, INFO] WARNING: Number of workers has been reduced to 1 to comply with platform limitations.","[2022-04-27T07:55:20Z, INFO] Version identifier: 20.1.0.1 | 2021-12-07 | 9dfdf6686","[2022-04-27T07:55:20Z, INFO] CPXPARAM_Read_DataCheck                          1","[2022-04-27T07:55:20Z, INFO] CPXPARAM_Threads                                 1","[2022-04-27T07:55:20Z, INFO] CPXPARAM_TimeLimit                               120","[2022-04-27T07:55:20Z, INFO] Legacy callback                                  i","[2022-04-27T07:55:20Z, INFO] Found incumbent of value 0.000000 after 0.00 sec. (0.00 ticks)","[2022-04-27T07:55:20Z, INFO] Tried aggregator 1 time.","[2022-04-27T07:55:20Z, INFO] MIP Presolve eliminated 2 rows and 2 columns.","[2022-04-27T07:55:20Z, INFO] Reduced MIP has 12 rows, 25 columns, and 50 nonzeros.","[2022-04-27T07:55:20Z, INFO] Reduced MIP has 25 binaries, 0 generals, 0 SOSs, and 0 indicators.","[2022-04-27T07:55:20Z, INFO] Presolve time = 0.00 sec. (0.03 ticks)","[2022-04-27T07:55:20Z, INFO] Probing time = 0.00 sec. (0.01 ticks)","[2022-04-27T07:55:20Z, INFO] Tried aggregator 1 time.","[2022-04-27T07:55:20Z, INFO] Detecting symmetries...","[2022-04-27T07:55:20Z, INFO] Reduced MIP has 12 rows, 25 columns, and 50 nonzeros.","[2022-04-27T07:55:20Z, INFO] Reduced MIP has 25 binaries, 0 generals, 0 SOSs, and 0 indicators.","[2022-04-27T07:55:20Z, INFO] Presolve time = 0.00 sec. (0.04 ticks)","[2022-04-27T07:55:20Z, INFO] Probing time = 0.00 sec. (0.01 ticks)","[2022-04-27T07:55:20Z, INFO] Clique table members: 9.","[2022-04-27T07:55:20Z, INFO] MIP emphasis: balance optimality and feasibility.","[2022-04-27T07:55:20Z, INFO] MIP search method: dynamic search.","[2022-04-27T07:55:20Z, INFO] Parallel mode: none, using 1 thread.","[2022-04-27T07:55:20Z, INFO] Root relaxation solution time = 0.00 sec. (0.02 ticks)","[2022-04-27T07:55:20Z, INFO] ","[2022-04-27T07:55:20Z, INFO]         Nodes                                         Cuts/","[2022-04-27T07:55:20Z, INFO]    Node  Left     Objective  IInf  Best Integer    Best Bound    ItCnt     Gap","[2022-04-27T07:55:20Z, INFO] ","[2022-04-27T07:55:20Z, INFO] *     0+    0                            0.0000    29520.0000              --- ","[2022-04-27T07:55:20Z, INFO] *     0     0      integral     0    11904.0000    11904.0000       11    0.00%","[2022-04-27T07:55:20Z, INFO] Elapsed time = 0.00 sec. (0.14 ticks, tree = 0.00 MB, solutions = 2)","[2022-04-27T07:55:20Z, INFO] ","[2022-04-27T07:55:20Z, INFO] Root node processing (before b&c):","[2022-04-27T07:55:20Z, INFO]   Real time             =    0.00 sec. (0.14 ticks)","[2022-04-27T07:55:20Z, INFO] Sequential b&c:","[2022-04-27T07:55:20Z, INFO]   Real time             =    0.00 sec. (0.00 ticks)","[2022-04-27T07:55:20Z, INFO]                           ------------","[2022-04-27T07:55:20Z, INFO] Total (root+branch&cut) =    0.00 sec. (0.14 ticks)","[2022-04-27T07:55:20Z, INFO] Solve status: JobSolveStatus.OPTIMAL_SOLUTION","[2022-04-27T07:55:20Z, INFO] * model docplex_model1 solved with objective = 11904.000","[2022-04-27T07:55:20Z, INFO] *  KPI: the number of Customer-Campaign assignments                                       = 9.000","[2022-04-27T07:55:20Z, INFO] *  KPI: overall quality or value of Customer-Campaign assignments according to Candidates = 735.000","[2022-04-27T07:55:20Z, INFO] model solve done in 0.027695178985595703 secs","[2022-04-27T07:55:20Z, INFO] solution export done in 0.022094011306762695 secs","[2022-04-27T07:55:20Z, INFO] AssignedCampaigns.csv"]},"runtimeDetails":{"state":"STARTED"},"taskSetupMillis":4361,"taskSolveMillis":84454,"taskTearDownMillis":3943,"jobSpaceId":"6d902298-59e9-4647-88fa-075fbff492fc","jobDeploymentId":"2d0e2fb9-de0e-46cf-a63e-d09e3a2174c2","jobId":"165e5136-ceaa-40b7-9d78-7bcf58ab3fe2","ping":1651046125438}