{"creationTime":1531821075185,"lastModificationTime":1531821091563,"state":"TERMINATED","solveConfig":{"containerId":"Scenario 1","solveParameters":{"oaas.logAttachmentName":"log.txt","oaas.logTailEnabled":"true"}},"jobDetails":{"id":"job.d5f2d2af-13c1-42d1-93b5-f4b578b9a0a1","createdAt":1531821078714,"startedAt":1531821078945,"endedAt":1531821086202,"endReportedAt":1531821086272,"submittedAt":1531821078714,"updatedAt":1531821086202,"applicationVersionUsed":"1.0-master_ce-b154","details":{"MODEL_DETAIL_KPIS":"[\"time to complete all activities\"]","MODEL_DETAIL_CONSTRAINTS":"197","MODEL_DETAIL_INTEGER_VARS":"1","PROGRESS_CURRENT_OBJECTIVE.history":"[[1531821081.51, \"155\"], [1531821083.73, \"117\"]]","MODEL_DETAIL_TYPE":"CPO Scheduling","MODEL_DETAIL_SEQUENCE_VARS":"0","PROGRESS_CURRENT_OBJECTIVE":"117","MODEL_DETAIL_INTERVAL_VARS":"44"},"systemDetails":{"worker.process.max.memory":"524288","worker.cores.total":"4","worker.cores.default":"1","worker.heap.max":"524288","worker.data.read.bytes":"29744","worker.data.write.duration":"1940","worker.processing.duration":"7001","worker.process.peak.swap":"0","worker.log.write.duration":"27","worker.process.processing.duration":"3940","worker.data.read.duration":"652","worker.jms.write.chars":"20441","worker.log.write.chars":"1276","worker.data.write.bytes":"10421","worker.heap.used":"106797","worker.process.peak.memory":"55676","worker.setup.duration":"99","worker.jms.write.duration":"130"},"executionStatus":"PROCESSED","solveStatus":"OPTIMAL_SOLUTION","logTail":["[2018-07-17T09:51:22Z, INFO]              119     7000          1            on _ITV_1","[2018-07-17T09:51:22Z, INFO]  *           117     7761  0.50s               (gap is 8.55%)","[2018-07-17T09:51:22Z, INFO] Objective values: (117,)","[2018-07-17T09:51:22Z, INFO] time to complete all activities","[2018-07-17T09:51:22Z, INFO] -->","[2018-07-17T09:51:22Z, INFO] 117","[2018-07-17T09:51:22Z, INFO] solution export done in 0.0478649139404 secs","[2018-07-17T09:51:22Z, INFO]              117     8000          1            on _ITV_10","[2018-07-17T09:51:22Z, INFO]              117     9000          1        F   on _ITV_12","[2018-07-17T09:51:22Z, INFO]              117    10000          1            on _ITV_9","[2018-07-17T09:51:22Z, INFO]  ! Time = 0.63s, Average fail depth = 24, Memory usage = 1.3 MB","[2018-07-17T09:51:22Z, INFO]  ! Current bound is 106.999 (gap is 8.55%)","[2018-07-17T09:51:22Z, INFO]  !          Best Branches  Non-fixed            Branch decision","[2018-07-17T09:51:22Z, INFO]              117    11000          1        F   on _ITV_44","[2018-07-17T09:51:22Z, INFO]              117    12000          1        F   on _ITV_44","[2018-07-17T09:51:22Z, INFO]              117    13000          1        F   on _ITV_25","[2018-07-17T09:51:22Z, INFO]              117    14000          1            on _ITV_9","[2018-07-17T09:51:22Z, INFO]              117    15000          1        F   on _ITV_44","[2018-07-17T09:51:22Z, INFO]              117    16000          1            on _ITV_13","[2018-07-17T09:51:22Z, INFO]              117    17000          1            on _ITV_2","[2018-07-17T09:51:22Z, INFO]              117    18000          1            on _ITV_11","[2018-07-17T09:51:22Z, INFO]              117    19000          1        F   on _ITV_22","[2018-07-17T09:51:22Z, INFO]              117    20000          1        F   on _ITV_12","[2018-07-17T09:51:23Z, INFO]              117    21000          1        F   on _ITV_44","[2018-07-17T09:51:23Z, INFO]              117    22000          1            on _ITV_15","[2018-07-17T09:51:23Z, INFO]              117    23000          1            on _ITV_18","[2018-07-17T09:51:23Z, INFO]              117    24000          1        F   on _ITV_44","[2018-07-17T09:51:23Z, INFO]              117    25000          1            on _ITV_39","[2018-07-17T09:51:23Z, INFO]              117    26000          1        F   on _ITV_34","[2018-07-17T09:51:23Z, INFO]  ! Using failure-directed search.","[2018-07-17T09:51:23Z, INFO]              117    26590          1            107 <= kpi_1","[2018-07-17T09:51:23Z, INFO]  + New bound is 107 (gap is 8.55%)","[2018-07-17T09:51:23Z, INFO]              117    26700          1        F   on _ITV_39","[2018-07-17T09:51:23Z, INFO]  + New bound is 116.988 (gap is 0.01%)","[2018-07-17T09:51:23Z, INFO]  ! ----------------------------------------------------------------------------","[2018-07-17T09:51:23Z, INFO]  ! Search completed, 8 solutions found.","[2018-07-17T09:51:23Z, INFO]  ! Best objective         : 117 (optimal - effective tol. is 0.0117)","[2018-07-17T09:51:23Z, INFO]  ! Best bound             : 116.988","[2018-07-17T09:51:23Z, INFO]  ! Number of branches     : 26701","[2018-07-17T09:51:23Z, INFO]  ! Number of fails        : 10845","[2018-07-17T09:51:23Z, INFO]  ! Total memory usage     : 1.4 MB (1.3 MB CP Optimizer + 0.1 MB Concert)","[2018-07-17T09:51:23Z, INFO]  ! Time spent in solve    : 1.87s (1.83s engine + 0.04s extraction)","[2018-07-17T09:51:23Z, INFO]  ! Search speed (br. / s) : 14511.4","[2018-07-17T09:51:23Z, INFO]  ! ----------------------------------------------------------------------------","[2018-07-17T09:51:23Z, INFO] solve + export of all intermediate solutions done in 2.40079498291 secs"]},"runtimeDetails":{"state":"STARTED"},"taskSetupMillis":2832,"taskSolveMillis":7512,"taskTearDownMillis":4852,"ping":0}