{"categories":{"output":{"assets":{"solution.json":{"type":"Asset"},"OnCallDuty.csv":{"type":"Table"},"AssignedShifts.csv":{"type":"Table"},"stats.csv":{"type":"Table"},"kpis.csv":{"type":"Table"},"log.txt":{"type":"Asset"}}},"":{"assets":{"dashboard.json":{"type":"Asset"}}},"input":{"assets":{"Employee.csv":{"type":"Table"},"Shift.csv":{"type":"Table"},"Day.csv":{"type":"Table"}}},"model":{"assets":{"model.py":{"type":"Asset"}}},"CO_ASSET_SESSION":{"assets":{"CO_SESSION.json":{"type":"Asset"}}},"CO_ASSET":{"assets":{"CO_SOLUTION_TEXT.json":{"type":"Asset"},"solveParameters.json":{"type":"Asset"},"CO_DATASET.json":{"type":"Asset"},"CO_SOLUTION_JSON.json":{"type":"Asset"}}}},"category":"dashboard"}