{"goalObjectives":[{"weight":1.0,"weightedValue":445.0,"value":445.0,"verbalization":"Maximize total expected value of Candidates over all selections","scaledWeight":1.0}],"decisions_sorted_columns":{"SelectedCandidates":["Candidates","Candidates selection decision","Candidates Campaign","Candidates Customer","Candidates expected value"]},"decisions_schema":{"SelectedCandidates":[{"domainConcepts":"cItem","semantic":"cSelection[Candidates],Candidates","level":1,"isKPI":false,"concept":"Candidates","isKey":true,"isDecision":false,"id":"Candidates","type":"STRING"},{"domainConcepts":"cSelection","semantic":null,"level":10,"isKPI":false,"concept":"cSelection[Candidates]","isKey":false,"isDecision":true,"id":"Candidates selection decision","type":"BOOLEAN"},{"domainConcepts":"","semantic":"cSelection[Candidates],Candidates,Campaign","level":3,"isKPI":false,"concept":"Campaign","isKey":false,"isDecision":false,"id":"Candidates Campaign","type":"STRING"},{"domainConcepts":"","semantic":"cSelection[Candidates],Candidates,Customer","level":3,"isKPI":false,"concept":"Customer","isKey":false,"isDecision":false,"id":"Candidates Customer","type":"STRING"},{"domainConcepts":"cItem","semantic":"cSelection[Candidates],Candidates","level":2,"isKPI":false,"concept":"Candidates","isKey":false,"isDecision":false,"id":"Candidates expected value","type":"NUMBER"}]},"decisions":{"SelectedCandidates":[{"Candidates Customer":"Customer 1","Candidates":"0","Candidates selection decision":"1.0","Candidates Campaign":"Home","Candidates expected value":100},{"Candidates Customer":"Customer 5","Candidates":"4","Candidates selection decision":"1.0","Candidates Campaign":"Home","Candidates expected value":75},{"Candidates Customer":"Customer 7","Candidates":"6","Candidates selection decision":"1.0","Candidates Campaign":"Home","Candidates expected value":80},{"Candidates Customer":"Customer 4","Candidates":"12","Candidates selection decision":"1.0","Candidates Campaign":"Auto","Candidates expected value":80},{"Candidates Customer":"Customer 9","Candidates":"17","Candidates selection decision":"1.0","Candidates Campaign":"Auto","Candidates expected value":110}]}}