{"parentId":"StaffPlanning","category":"dashboard","creator":"arnaud.schulz@fr.ibm.com","createdAt":1512036608893,"usage":{"lastModificationTime":1527264628456,"lastModifier":"alain.chabrier@ibm.com"},"dataUsagePerCategory":{"dashboard":{"lastModificationTime":1527264628456,"lastModifier":"alain.chabrier@ibm.com"}},"state":"available","assets":[{"name":"dashboard.json","category":"dashboard","creator":"arnaud.schulz@fr.ibm.com","createdAt":1512036609159,"lastUpdater":"alain.chabrier@ibm.com","updatedAt":1527264628456,"contentType":"application/json","path":"dashboard.json"}]}