{"creationTime":1632990402868,"lastModificationTime":1632990414986,"state":"TERMINATED","solveConfig":{"containerId":"Copy 02","solveParameters":{"oaas.logAttachmentName":"log.txt","oaas.logTailEnabled":"true","oaas.docplex.python":"3.8"}},"jobDetails":{"id":"7c4b042b-8963-44f0-8cf7-801a2e254417","createdAt":1632990408609,"startedAt":1632990409877,"endedAt":1632990412391,"submittedAt":1632990408609,"details":{"KPI.Nb Fix Used":"40.0","KPI.Nb Temp Used":"39.0","KPI.Total Cost":"6340.0","KPI._time":"0.018158912658691406","MODEL_DETAIL_BOOLEAN_VARS":"0","MODEL_DETAIL_CONSTRAINTS":"588","MODEL_DETAIL_CONTINUOUS_VARS":"0","MODEL_DETAIL_INTEGER_VARS":"774","MODEL_DETAIL_KPIS":"[\"Total Cost\", \"Nb Fix Used\", \"Nb Temp Used\"]","MODEL_DETAIL_NONZEROS":"6234","MODEL_DETAIL_OBJECTIVE_SENSE":"minimize","MODEL_DETAIL_TYPE":"MILP","PROGRESS_BEST_OBJECTIVE":"6340.0","PROGRESS_BEST_OBJECTIVE.history":"[[1632990410.97, 6340.0]]","PROGRESS_CURRENT_OBJECTIVE":"6340.0","PROGRESS_CURRENT_OBJECTIVE.history":"[[1632990410.97, 7000.0]]","PROGRESS_GAP":"0.0","PROGRESS_GAP.history":"[[1632990410.97, 0.09428571428571293]]","STAT.cplex.modelType":"MILP","STAT.cplex.size.booleanVariables":"0","STAT.cplex.size.constraints":"588","STAT.cplex.size.continousVariables":"0","STAT.cplex.size.integerVariables":"774","STAT.cplex.size.linearConstraints":"588","STAT.cplex.size.quadraticConstraints":"0","STAT.cplex.size.variables":"774","STAT.cplex.solve.elapsedTime":"0.018158912658691406","STAT.cplex.solve.explored":"0","STAT.cplex.solve.iterationCount":"91","STAT.cplex.solve.opened":"1","STAT.job.coresCount":"1","STAT.job.inputsReadMs":"406","STAT.job.memoryPeakKB":"93440","STAT.job.modelProcessingMs":"705","STAT.job.outputsWriteMs":"1280"},"executionStatus":"PROCESSED","solveStatus":"OPTIMAL_SOLUTION","logTail":["[2021-09-30T08:26:50Z, WARNING] Support for Python 3.8 is now enabled with pandas 1.0.5 libraries.","[2021-09-30T08:26:50Z, INFO] WARNING: Number of workers has been reduced to 1 to comply with platform limitations.","[2021-09-30T08:26:50Z, INFO] Version identifier: 20.1.0.0 | 2020-11-10 | 9bedb6d68","[2021-09-30T08:26:50Z, INFO] CPXPARAM_Read_DataCheck                          1","[2021-09-30T08:26:50Z, INFO] CPXPARAM_Threads                                 1","[2021-09-30T08:26:50Z, INFO] Legacy callback                                  i","[2021-09-30T08:26:50Z, INFO] Tried aggregator 2 times.","[2021-09-30T08:26:50Z, INFO] MIP Presolve eliminated 173 rows and 60 columns.","[2021-09-30T08:26:50Z, INFO] Aggregator did 277 substitutions.","[2021-09-30T08:26:50Z, INFO] Reduced MIP has 138 rows, 328 columns, and 4005 nonzeros.","[2021-09-30T08:26:50Z, INFO] Reduced MIP has 0 binaries, 328 generals, 0 SOSs, and 0 indicators.","[2021-09-30T08:26:50Z, INFO] Presolve time = 0.01 sec. (4.12 ticks)","[2021-09-30T08:26:50Z, INFO] Found incumbent of value 7000.000000 after 0.01 sec. (9.46 ticks)","[2021-09-30T08:26:50Z, INFO] Tried aggregator 1 time.","[2021-09-30T08:26:50Z, INFO] Detecting symmetries...","[2021-09-30T08:26:50Z, INFO] Reduced MIP has 138 rows, 328 columns, and 4005 nonzeros.","[2021-09-30T08:26:50Z, INFO] Reduced MIP has 0 binaries, 328 generals, 0 SOSs, and 0 indicators.","[2021-09-30T08:26:50Z, INFO] Presolve time = 0.00 sec. (1.58 ticks)","[2021-09-30T08:26:50Z, INFO] MIP emphasis: balance optimality and feasibility.","[2021-09-30T08:26:50Z, INFO] MIP search method: dynamic search.","[2021-09-30T08:26:50Z, INFO] Parallel mode: none, using 1 thread.","[2021-09-30T08:26:50Z, INFO] Root relaxation solution time = 0.00 sec. (1.04 ticks)","[2021-09-30T08:26:50Z, INFO] ","[2021-09-30T08:26:50Z, INFO]         Nodes                                         Cuts/","[2021-09-30T08:26:50Z, INFO]    Node  Left     Objective  IInf  Best Integer    Best Bound    ItCnt     Gap","[2021-09-30T08:26:50Z, INFO] ","[2021-09-30T08:26:50Z, INFO] *     0+    0                         7000.0000     1000.0000            85.71%","[2021-09-30T08:26:50Z, INFO]       0     0     6340.0000    12     7000.0000     6340.0000       91    9.43%","[2021-09-30T08:26:50Z, INFO] *     0+    0                         6340.0000     6340.0000             0.00%","[2021-09-30T08:26:50Z, INFO]       0     0        cutoff           6340.0000     6340.0000       91    0.00%","[2021-09-30T08:26:50Z, INFO] Elapsed time = 0.02 sec. (13.19 ticks, tree = 0.01 MB, solutions = 2)","[2021-09-30T08:26:50Z, INFO] ","[2021-09-30T08:26:50Z, INFO] Root node processing (before b&c):","[2021-09-30T08:26:50Z, INFO]   Real time             =    0.02 sec. (13.22 ticks)","[2021-09-30T08:26:50Z, INFO] Sequential b&c:","[2021-09-30T08:26:50Z, INFO]   Real time             =    0.00 sec. (0.00 ticks)","[2021-09-30T08:26:50Z, INFO]                           ------------","[2021-09-30T08:26:50Z, INFO] Total (root+branch&cut) =    0.02 sec. (13.22 ticks)","[2021-09-30T08:26:50Z, INFO]   Feasible 6340.0","[2021-09-30T08:26:50Z, INFO] starts.csv","[2021-09-30T08:26:51Z, INFO] works.csv","[2021-09-30T08:26:51Z, INFO] nr.csv"]},"runtimeDetails":{"state":"STARTED"},"taskSetupMillis":5215,"taskSolveMillis":4001,"taskTearDownMillis":1,"jobSpaceId":"9d2c73ef-2521-4130-bd91-1898668084a3","jobId":"7c4b042b-8963-44f0-8cf7-801a2e254417","ping":1632990403442}