{"creationTime":1636562796280,"lastModificationTime":1636562809596,"state":"TERMINATED","solveConfig":{"containerId":"Copy 02","solveParameters":{"oaas.logAttachmentName":"log.txt","oaas.logTailEnabled":"true","oaas.docplex.python":"3.8"}},"jobDetails":{"id":"98246af9-d366-4838-9e2b-3dcaaa128ca1","createdAt":1636562802978,"startedAt":1636562804322,"endedAt":1636562806667,"submittedAt":1636562802978,"details":{"KPI.Nb Fix Used":"37.0","KPI.Nb Temp Used":"29.0","KPI.Total Cost":"5440.0","MODEL_DETAIL_BOOLEAN_VARS":"0","MODEL_DETAIL_CONSTRAINTS":"588","MODEL_DETAIL_CONTINUOUS_VARS":"0","MODEL_DETAIL_INTEGER_VARS":"774","MODEL_DETAIL_KPIS":"[\"Total Cost\", \"Nb Fix Used\", \"Nb Temp Used\"]","MODEL_DETAIL_NONZEROS":"6234","MODEL_DETAIL_OBJECTIVE_SENSE":"minimize","MODEL_DETAIL_TYPE":"MILP","PROGRESS_BEST_OBJECTIVE":"5440.0","PROGRESS_BEST_OBJECTIVE.history":"[[1636562806.09, 5440.0]]","PROGRESS_CURRENT_OBJECTIVE":"5440.0","PROGRESS_CURRENT_OBJECTIVE.history":"[[1636562806.09, 5440.0]]","PROGRESS_GAP":"0.0","PROGRESS_GAP.history":"[[1636562806.09, 0.0]]","STAT.cplex.modelType":"MILP","STAT.cplex.size.booleanVariables":"0","STAT.cplex.size.constraints":"588","STAT.cplex.size.continousVariables":"0","STAT.cplex.size.integerVariables":"774","STAT.cplex.size.linearConstraints":"588","STAT.cplex.size.quadraticConstraints":"0","STAT.cplex.size.variables":"774","STAT.job.coresCount":"1","STAT.job.inputsReadMs":"891","STAT.job.memoryPeakKB":"100304","STAT.job.modelProcessingMs":"893","STAT.job.outputsWriteMs":"378"},"executionStatus":"PROCESSED","solveStatus":"OPTIMAL_SOLUTION","logTail":["[2021-11-10T16:46:45Z, WARNING] Support for Python 3.8 is now enabled with pandas 1.2.4 libraries.","[2021-11-10T16:46:46Z, INFO] WARNING: Number of workers has been reduced to 1 to comply with platform limitations.","[2021-11-10T16:46:46Z, INFO] Version identifier: 20.1.0.1 | 2021-08-16 | c4ad639ec","[2021-11-10T16:46:46Z, INFO] CPXPARAM_Read_DataCheck                          1","[2021-11-10T16:46:46Z, INFO] CPXPARAM_Threads                                 1","[2021-11-10T16:46:46Z, INFO] Legacy callback                                  i","[2021-11-10T16:46:46Z, INFO] Tried aggregator 2 times.","[2021-11-10T16:46:46Z, INFO] MIP Presolve eliminated 176 rows and 63 columns.","[2021-11-10T16:46:46Z, INFO] Aggregator did 275 substitutions.","[2021-11-10T16:46:46Z, INFO] Reduced MIP has 137 rows, 325 columns, and 4034 nonzeros.","[2021-11-10T16:46:46Z, INFO] Reduced MIP has 0 binaries, 325 generals, 0 SOSs, and 0 indicators.","[2021-11-10T16:46:46Z, INFO] Presolve time = 0.01 sec. (4.06 ticks)","[2021-11-10T16:46:46Z, INFO] Found incumbent of value 6520.000000 after 0.02 sec. (9.13 ticks)","[2021-11-10T16:46:46Z, INFO] Tried aggregator 1 time.","[2021-11-10T16:46:46Z, INFO] Detecting symmetries...","[2021-11-10T16:46:46Z, INFO] Reduced MIP has 137 rows, 325 columns, and 4034 nonzeros.","[2021-11-10T16:46:46Z, INFO] Reduced MIP has 0 binaries, 325 generals, 0 SOSs, and 0 indicators.","[2021-11-10T16:46:46Z, INFO] Presolve time = 0.00 sec. (1.59 ticks)","[2021-11-10T16:46:46Z, INFO] MIP emphasis: balance optimality and feasibility.","[2021-11-10T16:46:46Z, INFO] MIP search method: dynamic search.","[2021-11-10T16:46:46Z, INFO] Parallel mode: none, using 1 thread.","[2021-11-10T16:46:46Z, INFO] Root relaxation solution time = 0.00 sec. (0.94 ticks)","[2021-11-10T16:46:46Z, INFO] ","[2021-11-10T16:46:46Z, INFO]         Nodes                                         Cuts/","[2021-11-10T16:46:46Z, INFO]    Node  Left     Objective  IInf  Best Integer    Best Bound    ItCnt     Gap","[2021-11-10T16:46:46Z, INFO] ","[2021-11-10T16:46:46Z, INFO] *     0+    0                         6520.0000     1000.0000            84.66%","[2021-11-10T16:46:46Z, INFO] *     0     0      integral     0     5440.0000     5440.0000       70    0.00%","[2021-11-10T16:46:46Z, INFO] Elapsed time = 0.02 sec. (12.26 ticks, tree = 0.00 MB, solutions = 2)","[2021-11-10T16:46:46Z, INFO] ","[2021-11-10T16:46:46Z, INFO] Root node processing (before b&c):","[2021-11-10T16:46:46Z, INFO]   Real time             =    0.02 sec. (12.29 ticks)","[2021-11-10T16:46:46Z, INFO] Sequential b&c:","[2021-11-10T16:46:46Z, INFO]   Real time             =    0.00 sec. (0.00 ticks)","[2021-11-10T16:46:46Z, INFO]                           ------------","[2021-11-10T16:46:46Z, INFO] Total (root+branch&cut) =    0.02 sec. (12.29 ticks)","[2021-11-10T16:46:46Z, INFO]   Feasible 5440.0","[2021-11-10T16:46:46Z, INFO] starts.csv","[2021-11-10T16:46:46Z, INFO] works.csv","[2021-11-10T16:46:46Z, INFO] nr.csv"]},"runtimeDetails":{"state":"STARTED"},"taskSetupMillis":6091,"taskSolveMillis":4620,"taskTearDownMillis":0,"jobSpaceId":"8bb4e820-5a06-4aa4-a9ab-c19d7bb52bfa","jobId":"98246af9-d366-4838-9e2b-3dcaaa128ca1","ping":1636562796937}