market,month,product,executed sales decision,market Region,month Next,month Quarter,month Index,product Type,product Price Level,product Maturity
Argentina,Feb-17,200S,67.0,Americas,Mar-17,2007Q1,2,Street,Entry Level,Phase-Out
Argentina,Feb-17,300S,41.0,Americas,Mar-17,2007Q1,2,Street,Mid-Range,Phase-Out
Argentina,Jan-17,200S,64.0,Americas,Feb-17,2007Q1,1,Street,Entry Level,Phase-Out
Argentina,Jan-17,300S,46.0,Americas,Feb-17,2007Q1,1,Street,Mid-Range,Phase-Out
Argentina,Mar-17,200S,61.0,Americas,,2007Q1,3,Street,Entry Level,Phase-Out
Argentina,Mar-17,300S,44.0,Americas,,2007Q1,3,Street,Mid-Range,Phase-Out
Brazil,Feb-17,200S,88.0,Americas,Mar-17,2007Q1,2,Street,Entry Level,Phase-Out
Brazil,Feb-17,300S,58.0,Americas,Mar-17,2007Q1,2,Street,Mid-Range,Phase-Out
Brazil,Jan-17,200S,90.0,Americas,Feb-17,2007Q1,1,Street,Entry Level,Phase-Out
Brazil,Jan-17,300S,62.0,Americas,Feb-17,2007Q1,1,Street,Mid-Range,Phase-Out
Brazil,Mar-17,200S,90.0,Americas,,2007Q1,3,Street,Entry Level,Phase-Out
Brazil,Mar-17,300S,55.0,Americas,,2007Q1,3,Street,Mid-Range,Phase-Out
Canada,Feb-17,200S,96.0,Americas,Mar-17,2007Q1,2,Street,Entry Level,Phase-Out
Canada,Feb-17,300S,23.0,Americas,Mar-17,2007Q1,2,Street,Mid-Range,Phase-Out
Canada,Jan-17,200S,93.0,Americas,Feb-17,2007Q1,1,Street,Entry Level,Phase-Out
Canada,Jan-17,300S,20.0,Americas,Feb-17,2007Q1,1,Street,Mid-Range,Phase-Out
Canada,Mar-17,200S,97.0,Americas,,2007Q1,3,Street,Entry Level,Phase-Out
Canada,Mar-17,300S,22.0,Americas,,2007Q1,3,Street,Mid-Range,Phase-Out
China,Feb-17,200S,82.0,APAC,Mar-17,2007Q1,2,Street,Entry Level,Phase-Out
China,Feb-17,300S,37.0,APAC,Mar-17,2007Q1,2,Street,Mid-Range,Phase-Out
China,Jan-17,200S,87.0,APAC,Feb-17,2007Q1,1,Street,Entry Level,Phase-Out
China,Jan-17,300S,33.0,APAC,Feb-17,2007Q1,1,Street,Mid-Range,Phase-Out
China,Mar-17,200S,87.0,APAC,,2007Q1,3,Street,Entry Level,Phase-Out
China,Mar-17,300S,29.0,APAC,,2007Q1,3,Street,Mid-Range,Phase-Out
France,Feb-17,200S,79.0,EMEA,Mar-17,2007Q1,2,Street,Entry Level,Phase-Out
France,Feb-17,300S,108.0,EMEA,Mar-17,2007Q1,2,Street,Mid-Range,Phase-Out
France,Jan-17,200S,83.0,EMEA,Feb-17,2007Q1,1,Street,Entry Level,Phase-Out
France,Jan-17,300S,108.0,EMEA,Feb-17,2007Q1,1,Street,Mid-Range,Phase-Out
France,Mar-17,200S,75.0,EMEA,,2007Q1,3,Street,Entry Level,Phase-Out
France,Mar-17,300S,105.0,EMEA,,2007Q1,3,Street,Mid-Range,Phase-Out
Germany,Feb-17,200S,30.0,EMEA,Mar-17,2007Q1,2,Street,Entry Level,Phase-Out
Germany,Feb-17,300S,45.0,EMEA,Mar-17,2007Q1,2,Street,Mid-Range,Phase-Out
Germany,Jan-17,200S,22.0,EMEA,Feb-17,2007Q1,1,Street,Entry Level,Phase-Out
Germany,Jan-17,300S,36.0,EMEA,Feb-17,2007Q1,1,Street,Mid-Range,Phase-Out
Germany,Mar-17,200S,22.0,EMEA,,2007Q1,3,Street,Entry Level,Phase-Out
Germany,Mar-17,300S,44.0,EMEA,,2007Q1,3,Street,Mid-Range,Phase-Out
Italy,Feb-17,200S,34.0,EMEA,Mar-17,2007Q1,2,Street,Entry Level,Phase-Out
Italy,Feb-17,300S,9.0,EMEA,Mar-17,2007Q1,2,Street,Mid-Range,Phase-Out
Italy,Jan-17,200S,32.0,EMEA,Feb-17,2007Q1,1,Street,Entry Level,Phase-Out
Italy,Jan-17,300S,7.0,EMEA,Feb-17,2007Q1,1,Street,Mid-Range,Phase-Out
Italy,Mar-17,200S,36.0,EMEA,,2007Q1,3,Street,Entry Level,Phase-Out
Italy,Mar-17,300S,6.0,EMEA,,2007Q1,3,Street,Mid-Range,Phase-Out
Japan,Feb-17,200S,63.0,APAC,Mar-17,2007Q1,2,Street,Entry Level,Phase-Out
Japan,Feb-17,300S,7.0,APAC,Mar-17,2007Q1,2,Street,Mid-Range,Phase-Out
Japan,Jan-17,200S,64.0,APAC,Feb-17,2007Q1,1,Street,Entry Level,Phase-Out
Japan,Jan-17,300S,11.0,APAC,Feb-17,2007Q1,1,Street,Mid-Range,Phase-Out
Japan,Mar-17,200S,58.0,APAC,,2007Q1,3,Street,Entry Level,Phase-Out
Japan,Mar-17,300S,12.0,APAC,,2007Q1,3,Street,Mid-Range,Phase-Out
Spain,Feb-17,200S,65.0,EMEA,Mar-17,2007Q1,2,Street,Entry Level,Phase-Out
Spain,Feb-17,300S,18.0,EMEA,Mar-17,2007Q1,2,Street,Mid-Range,Phase-Out
Spain,Jan-17,200S,68.0,EMEA,Feb-17,2007Q1,1,Street,Entry Level,Phase-Out
Spain,Jan-17,300S,20.0,EMEA,Feb-17,2007Q1,1,Street,Mid-Range,Phase-Out
Spain,Mar-17,200S,59.0,EMEA,,2007Q1,3,Street,Entry Level,Phase-Out
Spain,Mar-17,300S,23.0,EMEA,,2007Q1,3,Street,Mid-Range,Phase-Out
UK,Feb-17,200S,73.0,EMEA,Mar-17,2007Q1,2,Street,Entry Level,Phase-Out
UK,Feb-17,300S,30.0,EMEA,Mar-17,2007Q1,2,Street,Mid-Range,Phase-Out
UK,Jan-17,200S,72.0,EMEA,Feb-17,2007Q1,1,Street,Entry Level,Phase-Out
UK,Jan-17,300S,27.0,EMEA,Feb-17,2007Q1,1,Street,Mid-Range,Phase-Out
UK,Mar-17,200S,71.0,EMEA,,2007Q1,3,Street,Entry Level,Phase-Out
UK,Mar-17,300S,30.0,EMEA,,2007Q1,3,Street,Mid-Range,Phase-Out
US,Feb-17,200S,88.0,Americas,Mar-17,2007Q1,2,Street,Entry Level,Phase-Out
US,Feb-17,300S,28.0,Americas,Mar-17,2007Q1,2,Street,Mid-Range,Phase-Out
US,Jan-17,200S,81.0,Americas,Feb-17,2007Q1,1,Street,Entry Level,Phase-Out
US,Jan-17,300S,28.0,Americas,Feb-17,2007Q1,1,Street,Mid-Range,Phase-Out
US,Mar-17,200S,81.0,Americas,,2007Q1,3,Street,Entry Level,Phase-Out
US,Mar-17,300S,22.0,Americas,,2007Q1,3,Street,Mid-Range,Phase-Out
