{"id":"3172e812-76cf-48aa-b4d6-bbb256ee58b7","version":"0.7.0","name":"Dashboard","locked":false,"filter":"","activePage":3,"pages":[{"id":"ab55cc69-0dc8-4b62-b3a3-41d5a4a94ec6","name":"Page 1","filter":"","widgets":{"4dbf6b22-e23b-4bb5-9dca-f19e479d0c66":{"name":"Notes","type":"Notes","props":{"notes":"Welcome to the Dashboard\n\nClick a button above to insert a widget and configure it.\nNote that you can arrange your widgets on different pages.","style":{"background":"#fff9a5"},"headerStyle":{"background":"#fff9a5"}}}},"layouts":{"SM":[{"i":"4dbf6b22-e23b-4bb5-9dca-f19e479d0c66","x":0,"y":0,"w":1,"h":2,"moved":false,"static":false}],"MD":[{"i":"4dbf6b22-e23b-4bb5-9dca-f19e479d0c66","x":0,"y":0,"w":1,"h":2,"moved":false,"static":false}],"LG":[{"i":"4dbf6b22-e23b-4bb5-9dca-f19e479d0c66","x":0,"y":0,"w":2,"h":2,"moved":false,"static":false}]}},{"id":"4391eb20-614d-4087-abe5-2691b30874f8","name":"Plant capacity","filter":"","widgets":{"4ad6dafd-1680-4b2d-8976-c49725c44dd2":{"name":"Plant mont capacity","type":"Chart","props":{"container":"","data":"plant_month_capacity","spec":{"mark":"bar","encoding":{"x":{"field":"Month","type":"nominal"},"y":{"field":"Value","type":"quantitative"},"row":{"field":"Plant","type":"nominal"},"color":{"field":"Month","type":"nominal"}},"config":{"overlay":{"line":true},"scale":{"useUnaggregatedDomain":true}}},"search":""}},"null":{"name":"Plant month capacity","type":"Chart","props":{"container":"","data":"plant_month_capacity","spec":{"mark":"bar","encoding":{"x":{"field":"Month","type":"nominal"},"y":{"field":"Value","type":"quantitative"},"row":{"field":"Plant","type":"nominal"},"color":{"field":"Month","type":"nominal"}},"config":{"overlay":{"line":true},"scale":{"useUnaggregatedDomain":true}}},"search":""}}},"layouts":{"SM":[{"i":"4ad6dafd-1680-4b2d-8976-c49725c44dd2","x":0,"y":0,"w":1,"h":4,"moved":false,"static":false}],"MD":[{"i":"4ad6dafd-1680-4b2d-8976-c49725c44dd2","x":0,"y":0,"w":2,"h":4,"moved":false,"static":false}],"LG":[{"w":2,"h":4,"x":0,"y":0,"i":"4ad6dafd-1680-4b2d-8976-c49725c44dd2","moved":false,"static":false}]}},{"id":"40bcc223-442c-49f2-886b-371e915a7d16","name":"Demand","filter":"","widgets":{"f1acf1f8-e003-4baf-8645-2e7d30a92113":{"name":"","type":"ECharts","props":{"container":"","data":"demand","spec":{"editor":false,"theme":"ibm_shaper","width":400,"height":300,"padding":0,"chartSettings":{"type":"bar","title":" Demand by product","subtitle":"","categoriesField":"Month","categoriesOrder":"asc","orderBasis":"name","summaryMethod":"sum","valuesField":"Value","splitType":"stacked","splitField":"Product","barTranspose":false,"zoomSlider":false,"mouseTracker":false,"gridLines":true}},"search":""}},"b5bf3416-d7bc-4014-a7cb-2ad2486612ef":{"name":"","type":"ECharts","props":{"container":"","data":"demand","spec":{"editor":false,"theme":"ibm_shaper","width":400,"height":300,"padding":0,"chartSettings":{"type":"bar","title":" Demand by market","subtitle":"","categoriesField":"Month","categoriesOrder":"asc","orderBasis":"name","summaryMethod":"sum","valuesField":"Value","splitType":"clustered","splitField":"Market","barTranspose":false,"zoomSlider":false,"mouseTracker":false,"gridLines":true}},"search":""}}},"layouts":{"SM":[{"i":"f1acf1f8-e003-4baf-8645-2e7d30a92113","x":0,"y":0,"w":1,"h":4,"moved":false,"static":false},{"i":"b5bf3416-d7bc-4014-a7cb-2ad2486612ef","x":0,"y":4,"w":1,"h":4,"moved":false,"static":false}],"MD":[{"i":"f1acf1f8-e003-4baf-8645-2e7d30a92113","x":0,"y":0,"w":2,"h":4,"moved":false,"static":false},{"i":"b5bf3416-d7bc-4014-a7cb-2ad2486612ef","x":0,"y":4,"w":2,"h":4,"moved":false,"static":false}],"LG":[{"w":2,"h":3,"x":0,"y":0,"i":"f1acf1f8-e003-4baf-8645-2e7d30a92113","moved":false,"static":false},{"w":2,"h":3,"x":2,"y":0,"i":"b5bf3416-d7bc-4014-a7cb-2ad2486612ef","moved":false,"static":false}]}},{"id":"87a39e84-932f-43f0-b6e8-0eff1c2ff59a","name":"Excecuted sales","filter":"","widgets":{"5191cdd5-e8e6-4947-9566-0bacef545371":{"name":"","type":"Table","props":{"container":"","data":"Executed_sales_report","spec":{"numbered":true,"compact":true,"columnExpand":true,"columnShrink":false,"columnWidth":0,"sortOrder":[{"property":"product Name","ascending":true},{"property":"month Name","ascending":true}],"columns":[{"property":"market Name","label":"market Name","type":"String","visible":true,"width":0,"style":{}},{"property":"month Name","label":"month Name","type":"String","visible":true,"width":0,"style":{}},{"property":"product Name","label":"product Name","type":"String","visible":true,"width":0,"style":{}},{"property":"value","label":"value","type":"Number","visible":true,"width":0,"style":{}},{"property":"product Type","label":"product Type","type":"String","visible":true,"width":0,"style":{}},{"property":"demand Value","label":"demand Value","type":"Number","visible":true,"width":0,"style":{}},{"property":"firm_sales Value","label":"firm_sales Value","type":"Number","visible":true,"width":0,"style":{}},{"property":"month Index","label":"month Index","type":"Number","visible":false,"width":0,"style":{}},{"property":"month Quarter","label":"month Quarter","type":"String","visible":false,"width":0,"style":{}},{"property":"product Maturity","label":"product Maturity","type":"String","visible":false,"width":0,"style":{}},{"property":"product Price Level","label":"product Price Level","type":"String","visible":false,"width":0,"style":{}},{"property":"market Region","label":"market Region","type":"String","visible":false,"width":0,"style":{}},{"property":"month Next Name","label":"month Next Name","type":"String","visible":false,"width":0,"style":{}},{"property":"marginal_profit Value","label":"marginal_profit Value","type":"Number","visible":false,"width":0,"style":{}},{"property":"market sales","label":"market sales","type":"Number","visible":false,"width":0,"style":{}},{"property":"sales profit based on marginal_profit","label":"sales profit based on marginal_profit","type":"Number","visible":false,"width":0,"style":{}},{"property":"$scenario","label":"SCENARIO NAME","type":"String","visible":false,"width":0,"style":{}}]},"search":""}}},"layouts":{"SM":[{"i":"5191cdd5-e8e6-4947-9566-0bacef545371","x":0,"y":0,"w":1,"h":2,"moved":false,"static":false}],"MD":[{"i":"5191cdd5-e8e6-4947-9566-0bacef545371","x":0,"y":0,"w":3,"h":2,"moved":false,"static":false}],"LG":[{"w":6,"h":4,"x":0,"y":0,"i":"5191cdd5-e8e6-4947-9566-0bacef545371","moved":false,"static":false}]}},{"id":"1676f980-507a-4e78-930f-9126435e79c6","name":"Production","filter":"","widgets":{"5dc4156e-ae7a-4566-9bdd-22246893b425":{"name":"","type":"Table","props":{"container":"","data":"Production_report","spec":{"numbered":true,"compact":true,"columnExpand":true,"columnShrink":false,"columnWidth":0,"sortOrder":[{"property":"month Index","ascending":true}],"columns":[{"property":"plant Name","label":"plant Name","type":"String","visible":true,"width":0,"style":{}},{"property":"month Name","label":"month Name","type":"String","visible":true,"width":0,"style":{}},{"property":"product Name","label":"product Name","type":"String","visible":true,"width":0,"style":{}},{"property":"value","label":"value","type":"Number","visible":true,"width":0,"style":{}},{"property":"month Index","label":"month Index","type":"Number","visible":true,"width":0,"style":{}},{"property":"month Quarter","label":"month Quarter","type":"String","visible":false,"width":0,"style":{}},{"property":"product Maturity","label":"product Maturity","type":"String","visible":false,"width":0,"style":{}},{"property":"product Price Level","label":"product Price Level","type":"String","visible":false,"width":0,"style":{}},{"property":"product Type","label":"product Type","type":"String","visible":false,"width":0,"style":{}},{"property":"month Next Name","label":"month Next Name","type":"String","visible":false,"width":0,"style":{}},{"property":"overall production cost based on plant_product_cost","label":"overall production cost based on plant_product_cost","type":"Number","visible":false,"width":0,"style":{}},{"property":"$scenario","label":"SCENARIO NAME","type":"String","visible":false,"width":0,"style":{}}]},"search":""}}},"layouts":{"SM":[{"i":"5dc4156e-ae7a-4566-9bdd-22246893b425","x":0,"y":0,"w":1,"h":2,"moved":false,"static":false}],"MD":[{"i":"5dc4156e-ae7a-4566-9bdd-22246893b425","x":0,"y":0,"w":3,"h":2,"moved":false,"static":false}],"LG":[{"w":6,"h":4,"x":0,"y":0,"i":"5dc4156e-ae7a-4566-9bdd-22246893b425","moved":false,"static":false}]}},{"id":"2fcba274-3a51-4c34-ac26-fb48324138ad","name":"Production chart","filter":"","widgets":{"22a90900-807d-47b1-be05-13f083fa1ce1":{"name":"","type":"Chart","props":{"container":"","data":"Production_report","spec":{"mark":"bar","encoding":{"x":{"field":"plant Name","type":"nominal"},"y":{"field":"value","type":"quantitative","aggregate":"sum"},"row":{"field":"month Name","type":"nominal"}},"config":{"overlay":{"line":true},"scale":{"useUnaggregatedDomain":true}}},"search":""}},"648c4e7c-0674-4d81-9121-fb58a990b94d":{"name":"","type":"Chart","props":{"container":"","data":"Production_report","spec":{"mark":"bar","encoding":{"x":{"field":"plant Name","type":"nominal"},"y":{"field":"value","type":"quantitative","aggregate":"sum"},"row":{"field":"product Name","type":"nominal"},"color":{"field":"month Name","type":"nominal"}},"config":{"overlay":{"line":true},"scale":{"useUnaggregatedDomain":true}}},"search":""}}},"layouts":{"SM":[{"i":"22a90900-807d-47b1-be05-13f083fa1ce1","x":0,"y":0,"w":1,"h":2,"moved":false,"static":false},{"i":"648c4e7c-0674-4d81-9121-fb58a990b94d","x":0,"y":2,"w":1,"h":2,"moved":false,"static":false}],"MD":[{"i":"22a90900-807d-47b1-be05-13f083fa1ce1","x":0,"y":0,"w":1,"h":2,"moved":false,"static":false},{"i":"648c4e7c-0674-4d81-9121-fb58a990b94d","x":1,"y":0,"w":1,"h":2,"moved":false,"static":false}],"LG":[{"w":2,"h":7,"x":0,"y":0,"i":"22a90900-807d-47b1-be05-13f083fa1ce1","moved":false,"static":false},{"w":2,"h":7,"x":2,"y":0,"i":"648c4e7c-0674-4d81-9121-fb58a990b94d","moved":false,"static":false}]}}],"breakpoints":[{"name":"SM","width":0,"columns":1},{"name":"MD","width":480,"columns":3},{"name":"LG","width":960,"columns":6}],"rowHeight":120,"extensions":[]}