{"creationTime":1651064023362,"lastModificationTime":1651064023362,"state":"TERMINATED","solveConfig":{"containerId":"scenario 4","solveParameters":{"oaas.logAttachmentName":"log.txt","oaas.logTailEnabled":"true"},"setupWebHook":{"verb":"GET","url":"https://internal-nginx-svc:12443/v1/cognitive/solve/preprocess/scenario%204?projectId=0e14ce68-22dd-40e6-b646-df3586b97c0e&parentId=MarketingCampaignAssignment","expectedStatus":200,"headers":{}},"tearDownWebHook":{"verb":"GET","url":"https://internal-nginx-svc:12443/v1/cognitive/solve/postprocess/scenario%204?projectId=0e14ce68-22dd-40e6-b646-df3586b97c0e&parentId=MarketingCampaignAssignment","expectedStatus":200,"headers":{}}},"jobDetails":{"id":"6b725486-79f4-47d9-beb1-90c5ce010a3f","createdAt":1648646316935,"startedAt":1648646318123,"endedAt":1648646320024,"submittedAt":1648646316935,"details":{"KPI.overall quality or value of Customer-Campaign assignments according to Candidates":"715.0","KPI.the number of Customer-Campaign assignments":"9.0","MODEL_DETAIL_BOOLEAN_VARS":"27","MODEL_DETAIL_CONSTRAINTS":"15","MODEL_DETAIL_CONTINUOUS_VARS":"0","MODEL_DETAIL_INTEGER_VARS":"0","MODEL_DETAIL_KPIS":"[\"the number of Customer-Campaign assignments\", \"overall quality or value of Customer-Campaign assignments according to Candidates\"]","MODEL_DETAIL_NONZEROS":"57","MODEL_DETAIL_OBJECTIVE_SENSE":"maximize","MODEL_DETAIL_TYPE":"MILP","PROGRESS_BEST_OBJECTIVE":"11584.0","PROGRESS_BEST_OBJECTIVE.history":"[[1648646319.32, 11584.0]]","PROGRESS_CURRENT_OBJECTIVE":"11584.0","PROGRESS_CURRENT_OBJECTIVE.history":"[[1648646319.32, 11584.0]]","PROGRESS_GAP":"0.0","PROGRESS_GAP.history":"[[1648646319.32, 0.0]]","STAT.cplex.modelType":"MILP","STAT.cplex.size.booleanVariables":"27","STAT.cplex.size.constraints":"15","STAT.cplex.size.continousVariables":"0","STAT.cplex.size.integerVariables":"0","STAT.cplex.size.linearConstraints":"15","STAT.cplex.size.quadraticConstraints":"0","STAT.cplex.size.variables":"27","STAT.job.coresCount":"1","STAT.job.inputsReadMs":"978","STAT.job.memoryPeakKB":"107032","STAT.job.modelProcessingMs":"177","STAT.job.outputsWriteMs":"459"},"executionStatus":"PROCESSED","solveStatus":"OPTIMAL_SOLUTION","logTail":["[2022-03-30T13:18:39Z, INFO] WARNING: Number of workers has been reduced to 1 to comply with platform limitations.","[2022-03-30T13:18:39Z, INFO] Version identifier: 20.1.0.1 | 2021-12-07 | 9dfdf6686","[2022-03-30T13:18:39Z, INFO] CPXPARAM_Read_DataCheck                          1","[2022-03-30T13:18:39Z, INFO] CPXPARAM_Threads                                 1","[2022-03-30T13:18:39Z, INFO] CPXPARAM_TimeLimit                               120","[2022-03-30T13:18:39Z, INFO] Legacy callback                                  i","[2022-03-30T13:18:39Z, INFO] Tried aggregator 1 time.","[2022-03-30T13:18:39Z, INFO] MIP Presolve eliminated 4 rows and 5 columns.","[2022-03-30T13:18:39Z, INFO] Reduced MIP has 11 rows, 22 columns, and 44 nonzeros.","[2022-03-30T13:18:39Z, INFO] Reduced MIP has 22 binaries, 0 generals, 0 SOSs, and 0 indicators.","[2022-03-30T13:18:39Z, INFO] Presolve time = 0.00 sec. (0.03 ticks)","[2022-03-30T13:18:39Z, INFO] Found incumbent of value 1616.000000 after 0.00 sec. (0.04 ticks)","[2022-03-30T13:18:39Z, INFO] Probing time = 0.00 sec. (0.01 ticks)","[2022-03-30T13:18:39Z, INFO] Tried aggregator 1 time.","[2022-03-30T13:18:39Z, INFO] Detecting symmetries...","[2022-03-30T13:18:39Z, INFO] Reduced MIP has 11 rows, 22 columns, and 44 nonzeros.","[2022-03-30T13:18:39Z, INFO] Reduced MIP has 22 binaries, 0 generals, 0 SOSs, and 0 indicators.","[2022-03-30T13:18:39Z, INFO] Presolve time = 0.00 sec. (0.03 ticks)","[2022-03-30T13:18:39Z, INFO] Probing time = 0.00 sec. (0.01 ticks)","[2022-03-30T13:18:39Z, INFO] Clique table members: 8.","[2022-03-30T13:18:39Z, INFO] MIP emphasis: balance optimality and feasibility.","[2022-03-30T13:18:39Z, INFO] MIP search method: dynamic search.","[2022-03-30T13:18:39Z, INFO] Parallel mode: none, using 1 thread.","[2022-03-30T13:18:39Z, INFO] Root relaxation solution time = 0.00 sec. (0.02 ticks)","[2022-03-30T13:18:39Z, INFO] ","[2022-03-30T13:18:39Z, INFO]         Nodes                                         Cuts/","[2022-03-30T13:18:39Z, INFO]    Node  Left     Objective  IInf  Best Integer    Best Bound    ItCnt     Gap","[2022-03-30T13:18:39Z, INFO] ","[2022-03-30T13:18:39Z, INFO] *     0+    0                         1616.0000    26128.0000              --- ","[2022-03-30T13:18:39Z, INFO] *     0     0      integral     0    11584.0000    11584.0000        9    0.00%","[2022-03-30T13:18:39Z, INFO] Elapsed time = 0.00 sec. (0.13 ticks, tree = 0.00 MB, solutions = 2)","[2022-03-30T13:18:39Z, INFO] ","[2022-03-30T13:18:39Z, INFO] Root node processing (before b&c):","[2022-03-30T13:18:39Z, INFO]   Real time             =    0.00 sec. (0.13 ticks)","[2022-03-30T13:18:39Z, INFO] Sequential b&c:","[2022-03-30T13:18:39Z, INFO]   Real time             =    0.00 sec. (0.00 ticks)","[2022-03-30T13:18:39Z, INFO]                           ------------","[2022-03-30T13:18:39Z, INFO] Total (root+branch&cut) =    0.00 sec. (0.13 ticks)","[2022-03-30T13:18:39Z, INFO] Solve status: JobSolveStatus.OPTIMAL_SOLUTION","[2022-03-30T13:18:39Z, INFO] * model docplex_model1 solved with objective = 11584.000","[2022-03-30T13:18:39Z, INFO] *  KPI: the number of Customer-Campaign assignments                                       = 9.000","[2022-03-30T13:18:39Z, INFO] *  KPI: overall quality or value of Customer-Campaign assignments according to Candidates = 715.000","[2022-03-30T13:18:39Z, INFO] model solve done in 0.021564722061157227 secs","[2022-03-30T13:18:39Z, INFO] solution export done in 0.009976625442504883 secs","[2022-03-30T13:18:39Z, INFO] AssignedCampaigns.csv"]},"runtimeDetails":{"state":"STARTED"},"taskSetupMillis":8967,"taskSolveMillis":4076,"taskTearDownMillis":2479,"jobSpaceId":"5f6efc9a-f726-4409-b93e-446a080a3f16","jobDeploymentId":"6cd79da5-6a38-498a-8f1f-448152e6fcbc","jobId":"6b725486-79f4-47d9-beb1-90c5ce010a3f","ping":1648646307990}