{"creationTime":1651064060925,"lastModificationTime":1651064060925,"state":"TERMINATED","solveConfig":{"containerId":"Scenario 1","solveParameters":{"oaas.logAttachmentName":"log.txt","oaas.logTailEnabled":"true"}},"jobDetails":{"id":"3ece204b-a6ad-4ff3-aae5-cb8df8a60434","createdAt":1648644786992,"startedAt":1648644824904,"endedAt":1648644828443,"submittedAt":1648644786992,"details":{"KPI.Nb Fix Used":"37.0","KPI.Nb Temp Used":"14.0","KPI.Total Cost":"4540.0","MODEL_DETAIL_BOOLEAN_VARS":"0","MODEL_DETAIL_CONSTRAINTS":"588","MODEL_DETAIL_CONTINUOUS_VARS":"0","MODEL_DETAIL_INTEGER_VARS":"774","MODEL_DETAIL_KPIS":"[\"Total Cost\", \"Nb Fix Used\", \"Nb Temp Used\"]","MODEL_DETAIL_NONZEROS":"6234","MODEL_DETAIL_OBJECTIVE_SENSE":"minimize","MODEL_DETAIL_TYPE":"MILP","PROGRESS_BEST_OBJECTIVE":"4540.0","PROGRESS_BEST_OBJECTIVE.history":"[[1648644827.97, 4540.0]]","PROGRESS_CURRENT_OBJECTIVE":"4540.0","PROGRESS_CURRENT_OBJECTIVE.history":"[[1648644827.97, 4540.0]]","PROGRESS_GAP":"0.0","PROGRESS_GAP.history":"[[1648644827.97, 0.0]]","STAT.cplex.modelType":"MILP","STAT.cplex.size.booleanVariables":"0","STAT.cplex.size.constraints":"588","STAT.cplex.size.continousVariables":"0","STAT.cplex.size.integerVariables":"774","STAT.cplex.size.linearConstraints":"588","STAT.cplex.size.quadraticConstraints":"0","STAT.cplex.size.variables":"774","STAT.job.coresCount":"1","STAT.job.inputsReadMs":"2429","STAT.job.memoryPeakKB":"107232","STAT.job.modelProcessingMs":"502","STAT.job.outputsWriteMs":"319"},"executionStatus":"PROCESSED","solveStatus":"OPTIMAL_SOLUTION","logTail":["[2022-03-30T12:53:47Z, WARNING] Support for Python 3.9 is now enabled with pandas 1.3 libraries.","[2022-03-30T12:53:47Z, INFO] WARNING: Number of workers has been reduced to 1 to comply with platform limitations.","[2022-03-30T12:53:47Z, INFO] Version identifier: 20.1.0.1 | 2021-12-07 | 9dfdf6686","[2022-03-30T12:53:47Z, INFO] CPXPARAM_Read_DataCheck                          1","[2022-03-30T12:53:47Z, INFO] CPXPARAM_Threads                                 1","[2022-03-30T12:53:47Z, INFO] Legacy callback                                  i","[2022-03-30T12:53:47Z, INFO] Tried aggregator 2 times.","[2022-03-30T12:53:47Z, INFO] MIP Presolve eliminated 188 rows and 72 columns.","[2022-03-30T12:53:47Z, INFO] Aggregator did 267 substitutions.","[2022-03-30T12:53:47Z, INFO] Reduced MIP has 133 rows, 316 columns, and 3801 nonzeros.","[2022-03-30T12:53:47Z, INFO] Reduced MIP has 0 binaries, 316 generals, 0 SOSs, and 0 indicators.","[2022-03-30T12:53:47Z, INFO] Presolve time = 0.01 sec. (4.07 ticks)","[2022-03-30T12:53:47Z, INFO] Found incumbent of value 4840.000000 after 0.02 sec. (9.07 ticks)","[2022-03-30T12:53:47Z, INFO] Tried aggregator 1 time.","[2022-03-30T12:53:47Z, INFO] Detecting symmetries...","[2022-03-30T12:53:47Z, INFO] Reduced MIP has 133 rows, 316 columns, and 3801 nonzeros.","[2022-03-30T12:53:47Z, INFO] Reduced MIP has 0 binaries, 316 generals, 0 SOSs, and 0 indicators.","[2022-03-30T12:53:47Z, INFO] Presolve time = 0.00 sec. (1.52 ticks)","[2022-03-30T12:53:47Z, INFO] MIP emphasis: balance optimality and feasibility.","[2022-03-30T12:53:47Z, INFO] MIP search method: dynamic search.","[2022-03-30T12:53:47Z, INFO] Parallel mode: none, using 1 thread.","[2022-03-30T12:53:47Z, INFO] Root relaxation solution time = 0.00 sec. (0.69 ticks)","[2022-03-30T12:53:47Z, INFO] ","[2022-03-30T12:53:48Z, INFO]         Nodes                                         Cuts/","[2022-03-30T12:53:48Z, INFO]    Node  Left     Objective  IInf  Best Integer    Best Bound    ItCnt     Gap","[2022-03-30T12:53:48Z, INFO] ","[2022-03-30T12:53:48Z, INFO] *     0+    0                         4840.0000     1000.0000            79.34%","[2022-03-30T12:53:48Z, INFO] *     0     0      integral     0     4540.0000     4540.0000       61    0.00%","[2022-03-30T12:53:48Z, INFO] Elapsed time = 0.02 sec. (11.84 ticks, tree = 0.00 MB, solutions = 2)","[2022-03-30T12:53:48Z, INFO] ","[2022-03-30T12:53:48Z, INFO] Root node processing (before b&c):","[2022-03-30T12:53:48Z, INFO]   Real time             =    0.02 sec. (11.87 ticks)","[2022-03-30T12:53:48Z, INFO] Sequential b&c:","[2022-03-30T12:53:48Z, INFO]   Real time             =    0.00 sec. (0.00 ticks)","[2022-03-30T12:53:48Z, INFO]                           ------------","[2022-03-30T12:53:48Z, INFO] Total (root+branch&cut) =    0.02 sec. (11.87 ticks)","[2022-03-30T12:53:48Z, INFO]   Feasible 4540.0","[2022-03-30T12:53:48Z, INFO] starts.csv","[2022-03-30T12:53:48Z, INFO] works.csv","[2022-03-30T12:53:48Z, INFO] nr.csv"]},"runtimeDetails":{"state":"STARTED"},"taskSetupMillis":4160,"taskSolveMillis":42366,"taskTearDownMillis":0,"jobSpaceId":"5f6efc9a-f726-4409-b93e-446a080a3f16","jobDeploymentId":"4132be29-62fa-4660-a8f4-0068450a489e","jobId":"3ece204b-a6ad-4ff3-aae5-cb8df8a60434","ping":1648644812845}