{"creationTime":1592922002896,"lastModificationTime":1592922022515,"state":"TERMINATED","solveConfig":{"containerId":"Copy 01","solveParameters":{"oaas.logAttachmentName":"log.txt","oaas.logTailEnabled":"true"}},"jobDetails":{"id":"d1eb9980-3606-48c6-8ad8-3dd07ea804b7","createdAt":1592922012588,"startedAt":1592922013276,"endedAt":1592922018531,"submittedAt":1592922012588,"details":{"PROGRESS_GAP":"0.0","KPI.Total Cost":"5560","MODEL_DETAIL_NONZEROS":"6234","MODEL_DETAIL_TYPE":"MILP","KPI.Nb Fix Used":"40.0","KPI._time":"0.030546903610229492","MODEL_DETAIL_CONTINUOUS_VARS":"0","MODEL_DETAIL_CONSTRAINTS":"588","PROGRESS_CURRENT_OBJECTIVE":"5560","MODEL_DETAIL_INTEGER_VARS":"774","MODEL_DETAIL_KPIS":"[\"Total Cost\", \"Nb Fix Used\", \"Nb Temp Used\"]","PROGRESS_CURRENT_OBJECTIVE.history":"[[1592922015.89, 6400.0]]","KPI.Nb Temp Used":"26.0","MODEL_DETAIL_BOOLEAN_VARS":"0","PROGRESS_BEST_OBJECTIVE":"5560.0"},"executionStatus":"PROCESSED","solveStatus":"OPTIMAL_SOLUTION","logTail":["[2020-06-23T14:20:15Z, INFO] WARNING: Number of workers has been reduced to 1 to comply with platform limitations.","[2020-06-23T14:20:15Z, INFO] CPXPARAM_Read_DataCheck                          1","[2020-06-23T14:20:15Z, INFO] CPXPARAM_Threads                                 1","[2020-06-23T14:20:15Z, INFO] Tried aggregator 2 times.","[2020-06-23T14:20:15Z, INFO] MIP Presolve eliminated 77 rows and 91 columns.","[2020-06-23T14:20:15Z, INFO] Aggregator did 386 substitutions.","[2020-06-23T14:20:15Z, INFO] Reduced MIP has 125 rows, 297 columns, and 3670 nonzeros.","[2020-06-23T14:20:15Z, INFO] Reduced MIP has 0 binaries, 297 generals, 0 SOSs, and 0 indicators.","[2020-06-23T14:20:15Z, INFO] Presolve time = 0.01 sec. (3.99 ticks)","[2020-06-23T14:20:15Z, INFO] Found incumbent of value 6400.000000 after 0.02 sec. (8.54 ticks)","[2020-06-23T14:20:15Z, INFO] Tried aggregator 1 time.","[2020-06-23T14:20:15Z, INFO] Reduced MIP has 125 rows, 297 columns, and 3670 nonzeros.","[2020-06-23T14:20:15Z, INFO] Reduced MIP has 0 binaries, 297 generals, 0 SOSs, and 0 indicators.","[2020-06-23T14:20:15Z, INFO] Presolve time = 0.00 sec. (1.45 ticks)","[2020-06-23T14:20:15Z, INFO] MIP emphasis: balance optimality and feasibility.","[2020-06-23T14:20:15Z, INFO] MIP search method: dynamic search.","[2020-06-23T14:20:15Z, INFO] Parallel mode: none, using 1 thread.","[2020-06-23T14:20:15Z, INFO] Root relaxation solution time = 0.00 sec. (0.63 ticks)","[2020-06-23T14:20:15Z, INFO] ","[2020-06-23T14:20:15Z, INFO]         Nodes                                         Cuts/","[2020-06-23T14:20:15Z, INFO]    Node  Left     Objective  IInf  Best Integer    Best Bound    ItCnt     Gap","[2020-06-23T14:20:15Z, INFO] *     0+    0                         6400.0000     1000.0000            84.37%","[2020-06-23T14:20:15Z, INFO]       0     0     5560.0000     9     6400.0000     5560.0000       51   13.12%","[2020-06-23T14:20:15Z, INFO] *     0+    0                         5560.0000     5560.0000             0.00%","[2020-06-23T14:20:15Z, INFO]       0     0        cutoff           5560.0000     5560.0000       51    0.00%","[2020-06-23T14:20:15Z, INFO] Elapsed time = 0.04 sec. (11.67 ticks, tree = 0.01 MB","[2020-06-23T14:20:15Z, INFO] , solutions = 2","[2020-06-23T14:20:15Z, INFO] )","[2020-06-23T14:20:15Z, INFO] ","[2020-06-23T14:20:15Z, INFO] Root node processing (before b&c):","[2020-06-23T14:20:15Z, INFO]   Real time             =    0.04 sec. (11.70 ticks)","[2020-06-23T14:20:15Z, INFO] Sequential b&c:","[2020-06-23T14:20:15Z, INFO]   Real time             =    0.00 sec. (0.00 ticks)","[2020-06-23T14:20:15Z, INFO]                           ------------","[2020-06-23T14:20:15Z, INFO] Total (root+branch&cut) =    0.04 sec. (11.70 ticks)","[2020-06-23T14:20:15Z, INFO]   Feasible 5560","[2020-06-23T14:20:15Z, INFO] starts.csv","[2020-06-23T14:20:15Z, INFO] works.csv","[2020-06-23T14:20:15Z, INFO] nr.csv"]},"runtimeDetails":{"state":"STARTED"},"taskSetupMillis":9199,"taskSolveMillis":7827,"taskTearDownMillis":2,"jobId":"d1eb9980-3606-48c6-8ad8-3dd07ea804b7","transactionId":"63a40a13-03e0-4cdc-bef6-52e16f5108ad","dataContainerId":"8826a0d3-2515-4a70-8623-aa1508a5a1f2","ping":1592922003445,"taskUserId":"florence.varignier@fr.ibm.com"}