{"creationTime":1651049894101,"lastModificationTime":1651049900850,"state":"TERMINATED","solveConfig":{"containerId":"Copy 01","solveParameters":{"oaas.logAttachmentName":"log.txt","oaas.logTailEnabled":"true"}},"jobDetails":{"id":"c34be958-549d-4deb-a4a6-a220076c9ad3","createdAt":1651049896086,"startedAt":1651049896491,"endedAt":1651049899252,"submittedAt":1651049896086,"details":{"KPI.Nb Fix Used":"36.0","KPI.Nb Temp Used":"21.0","KPI.Total Cost":"4860.0","MODEL_DETAIL_BOOLEAN_VARS":"0","MODEL_DETAIL_CONSTRAINTS":"588","MODEL_DETAIL_CONTINUOUS_VARS":"0","MODEL_DETAIL_INTEGER_VARS":"774","MODEL_DETAIL_KPIS":"[\"Total Cost\", \"Nb Fix Used\", \"Nb Temp Used\"]","MODEL_DETAIL_NONZEROS":"6234","MODEL_DETAIL_OBJECTIVE_SENSE":"minimize","MODEL_DETAIL_TYPE":"MILP","PROGRESS_BEST_OBJECTIVE":"4860.0","PROGRESS_BEST_OBJECTIVE.history":"[[1651049897.75, 4860.0]]","PROGRESS_CURRENT_OBJECTIVE":"4860.0","PROGRESS_CURRENT_OBJECTIVE.history":"[[1651049897.75, 4860.0]]","PROGRESS_GAP":"0.0","PROGRESS_GAP.history":"[[1651049897.75, 0.0]]","STAT.cplex.modelType":"MILP","STAT.cplex.size.booleanVariables":"0","STAT.cplex.size.constraints":"588","STAT.cplex.size.continousVariables":"0","STAT.cplex.size.integerVariables":"774","STAT.cplex.size.linearConstraints":"588","STAT.cplex.size.quadraticConstraints":"0","STAT.cplex.size.variables":"774","STAT.job.coresCount":"1","STAT.job.inputsReadMs":"734","STAT.job.memoryPeakKB":"106596","STAT.job.modelProcessingMs":"543","STAT.job.outputsWriteMs":"1383"},"executionStatus":"PROCESSED","solveStatus":"OPTIMAL_SOLUTION","logTail":["[2022-04-27T08:58:17Z, WARNING] Python 3.9 is used as default with pandas 1.3 libraries.","[2022-04-27T08:58:17Z, INFO] WARNING: Number of workers has been reduced to 1 to comply with platform limitations.","[2022-04-27T08:58:17Z, INFO] Version identifier: 20.1.0.1 | 2021-12-07 | 9dfdf6686","[2022-04-27T08:58:17Z, INFO] CPXPARAM_Read_DataCheck                          1","[2022-04-27T08:58:17Z, INFO] CPXPARAM_Threads                                 1","[2022-04-27T08:58:17Z, INFO] Legacy callback                                  i","[2022-04-27T08:58:17Z, INFO] Tried aggregator 2 times.","[2022-04-27T08:58:17Z, INFO] MIP Presolve eliminated 203 rows and 84 columns.","[2022-04-27T08:58:17Z, INFO] Aggregator did 257 substitutions.","[2022-04-27T08:58:17Z, INFO] Reduced MIP has 128 rows, 304 columns, and 3682 nonzeros.","[2022-04-27T08:58:17Z, INFO] Reduced MIP has 0 binaries, 304 generals, 0 SOSs, and 0 indicators.","[2022-04-27T08:58:17Z, INFO] Presolve time = 0.00 sec. (3.97 ticks)","[2022-04-27T08:58:17Z, INFO] Found incumbent of value 5320.000000 after 0.01 sec. (8.64 ticks)","[2022-04-27T08:58:17Z, INFO] Tried aggregator 1 time.","[2022-04-27T08:58:17Z, INFO] Detecting symmetries...","[2022-04-27T08:58:17Z, INFO] Reduced MIP has 128 rows, 304 columns, and 3682 nonzeros.","[2022-04-27T08:58:17Z, INFO] Reduced MIP has 0 binaries, 304 generals, 0 SOSs, and 0 indicators.","[2022-04-27T08:58:17Z, INFO] Presolve time = 0.00 sec. (1.47 ticks)","[2022-04-27T08:58:17Z, INFO] MIP emphasis: balance optimality and feasibility.","[2022-04-27T08:58:17Z, INFO] MIP search method: dynamic search.","[2022-04-27T08:58:17Z, INFO] Parallel mode: none, using 1 thread.","[2022-04-27T08:58:17Z, INFO] Root relaxation solution time = 0.00 sec. (0.64 ticks)","[2022-04-27T08:58:17Z, INFO] ","[2022-04-27T08:58:17Z, INFO]         Nodes                                         Cuts/","[2022-04-27T08:58:17Z, INFO]    Node  Left     Objective  IInf  Best Integer    Best Bound    ItCnt     Gap","[2022-04-27T08:58:17Z, INFO] ","[2022-04-27T08:58:17Z, INFO] *     0+    0                         5320.0000     1000.0000            81.20%","[2022-04-27T08:58:17Z, INFO] *     0     0      integral     0     4860.0000     4860.0000       51    0.00%","[2022-04-27T08:58:17Z, INFO] Elapsed time = 0.02 sec. (11.32 ticks, tree = 0.00 MB, solutions = 2)","[2022-04-27T08:58:17Z, INFO] ","[2022-04-27T08:58:17Z, INFO] Root node processing (before b&c):","[2022-04-27T08:58:17Z, INFO]   Real time             =    0.02 sec. (11.34 ticks)","[2022-04-27T08:58:17Z, INFO] Sequential b&c:","[2022-04-27T08:58:17Z, INFO]   Real time             =    0.00 sec. (0.00 ticks)","[2022-04-27T08:58:17Z, INFO]                           ------------","[2022-04-27T08:58:17Z, INFO] Total (root+branch&cut) =    0.02 sec. (11.34 ticks)","[2022-04-27T08:58:17Z, INFO]   Feasible 4860.0","[2022-04-27T08:58:17Z, INFO] starts.csv","[2022-04-27T08:58:17Z, INFO] works.csv","[2022-04-27T08:58:17Z, INFO] nr.csv"]},"runtimeDetails":{"state":"STARTED"},"taskSetupMillis":1815,"taskSolveMillis":4277,"taskTearDownMillis":0,"jobSpaceId":"6d902298-59e9-4647-88fa-075fbff492fc","jobDeploymentId":"0348c78b-1912-4fed-9e5e-5f33ec1d9250","jobId":"c34be958-549d-4deb-a4a6-a220076c9ad3","ping":1651049894301}