{"creationTime":1690880432930,"lastModificationTime":1690880453709,"state":"TERMINATED","solveConfig":{"containerId":"scenario 2","solveParameters":{},"setupWebHook":{"verb":"GET","url":"https://internal.api.dataplatform.test.cloud.ibm.com/v1/cognitive/solve/preprocess/scenario%202?projectId=234d5525-b0c4-41e7-b340-d72389121295&parentId=MarketingCampaignAssignment","expectedStatus":200,"headers":{}},"tearDownWebHook":{"verb":"GET","url":"https://internal.api.dataplatform.test.cloud.ibm.com/v1/cognitive/solve/postprocess/scenario%202?projectId=234d5525-b0c4-41e7-b340-d72389121295&parentId=MarketingCampaignAssignment","expectedStatus":200,"headers":{}}},"jobDetails":{"id":"25e8ac23-d8eb-467c-b667-30f3e75aefca","createdAt":1690880439526,"startedAt":1690880440087,"endedAt":1690880447122,"submittedAt":1690880439526,"details":{"KPI.overall quality or value of Customer-Campaign assignments according to Candidates":"745.0","KPI.the number of Customer-Campaign assignments":"9.0","MODEL_DETAIL_BOOLEAN_VARS":"27","MODEL_DETAIL_CONSTRAINTS":"12","MODEL_DETAIL_CONTINUOUS_VARS":"0","MODEL_DETAIL_INTEGER_VARS":"0","MODEL_DETAIL_KPIS":"[\"the number of Customer-Campaign assignments\", \"overall quality or value of Customer-Campaign assignments according to Candidates\"]","MODEL_DETAIL_NONZEROS":"54","MODEL_DETAIL_OBJECTIVE_SENSE":"maximize","MODEL_DETAIL_TYPE":"MILP","PROGRESS_BEST_OBJECTIVE":"12064.0","PROGRESS_BEST_OBJECTIVE.history":"[[1690880445.66, 12064.0]]","PROGRESS_CURRENT_OBJECTIVE":"12064.0","PROGRESS_CURRENT_OBJECTIVE.history":"[[1690880445.66, 12064.0]]","PROGRESS_GAP":"0.0","PROGRESS_GAP.history":"[[1690880445.66, 0.0]]","STAT.cplex.modelType":"MILP","STAT.cplex.size.booleanVariables":"27","STAT.cplex.size.constraints":"12","STAT.cplex.size.continousVariables":"0","STAT.cplex.size.integerVariables":"0","STAT.cplex.size.linearConstraints":"12","STAT.cplex.size.quadraticConstraints":"0","STAT.cplex.size.variables":"27","STAT.job.coresCount":"1","STAT.job.inputsReadMs":"4985","STAT.job.memoryPeakKB":"112060","STAT.job.modelProcessingMs":"495","STAT.job.outputsWriteMs":"1245"},"executionStatus":"PROCESSED","solveStatus":"OPTIMAL_SOLUTION","logTail":["[2023-08-01T09:00:45.649Z, INFO] * running wado model","[2023-08-01T09:00:45.665Z, INFO] WARNING: Number of workers has been reduced to 1 to comply with platform limitations.","[2023-08-01T09:00:45.666Z, INFO] Version identifier: 22.1.1.0 | 2023-06-15 | d64d5bd77","[2023-08-01T09:00:45.667Z, INFO] CPXPARAM_Read_DataCheck                          1","[2023-08-01T09:00:45.668Z, INFO] CPXPARAM_Threads                                 1","[2023-08-01T09:00:45.682Z, INFO] CPXPARAM_TimeLimit                               120","[2023-08-01T09:00:45.684Z, INFO] Legacy callback                                  i","[2023-08-01T09:00:45.685Z, INFO] Found incumbent of value 0.000000 after 0.00 sec. (0.00 ticks)","[2023-08-01T09:00:45.687Z, INFO] Tried aggregator 1 time.","[2023-08-01T09:00:45.687Z, INFO] Reduced MIP has 12 rows, 27 columns, and 54 nonzeros.","[2023-08-01T09:00:45.688Z, INFO] Reduced MIP has 27 binaries, 0 generals, 0 SOSs, and 0 indicators.","[2023-08-01T09:00:45.689Z, INFO] Presolve time = 0.00 sec. (0.03 ticks)","[2023-08-01T09:00:45.690Z, INFO] Probing time = 0.00 sec. (0.01 ticks)","[2023-08-01T09:00:45.691Z, INFO] Tried aggregator 1 time.","[2023-08-01T09:00:45.691Z, INFO] Detecting symmetries...","[2023-08-01T09:00:45.698Z, INFO] Reduced MIP has 12 rows, 27 columns, and 54 nonzeros.","[2023-08-01T09:00:45.699Z, INFO] Reduced MIP has 27 binaries, 0 generals, 0 SOSs, and 0 indicators.","[2023-08-01T09:00:45.700Z, INFO] Presolve time = 0.00 sec. (0.04 ticks)","[2023-08-01T09:00:45.701Z, INFO] Probing time = 0.00 sec. (0.01 ticks)","[2023-08-01T09:00:45.702Z, INFO] Clique table members: 9.","[2023-08-01T09:00:45.703Z, INFO] MIP emphasis: balance optimality and feasibility.","[2023-08-01T09:00:45.704Z, INFO] MIP search method: dynamic search.","[2023-08-01T09:00:45.704Z, INFO] Parallel mode: none, using 1 thread.","[2023-08-01T09:00:45.705Z, INFO] Root relaxation solution time = 0.00 sec. (0.03 ticks)","[2023-08-01T09:00:45.706Z, INFO] ","[2023-08-01T09:00:45.707Z, INFO]         Nodes                                         Cuts/","[2023-08-01T09:00:45.719Z, INFO]    Node  Left     Objective  IInf  Best Integer    Best Bound    ItCnt     Gap","[2023-08-01T09:00:45.719Z, INFO] ","[2023-08-01T09:00:45.720Z, INFO] *     0+    0                            0.0000    32032.0000              --- ","[2023-08-01T09:00:45.721Z, INFO] *     0     0      integral     0    12064.0000    12064.0000       12    0.00%","[2023-08-01T09:00:45.722Z, INFO] Elapsed time = 0.00 sec. (0.15 ticks, tree = 0.00 MB, solutions = 2)","[2023-08-01T09:00:45.723Z, INFO] ","[2023-08-01T09:00:45.723Z, INFO] Root node processing (before b&c):","[2023-08-01T09:00:45.724Z, INFO]   Real time             =    0.00 sec. (0.15 ticks)","[2023-08-01T09:00:45.725Z, INFO] Sequential b&c:","[2023-08-01T09:00:45.726Z, INFO]   Real time             =    0.00 sec. (0.00 ticks)","[2023-08-01T09:00:45.727Z, INFO]                           ------------","[2023-08-01T09:00:45.739Z, INFO] Total (root+branch&cut) =    0.00 sec. (0.15 ticks)","[2023-08-01T09:00:45.745Z, INFO] Solve status: JobSolveStatus.OPTIMAL_SOLUTION","[2023-08-01T09:00:45.746Z, INFO] * model docplex_model1 solved with objective = 12064.000","[2023-08-01T09:00:45.747Z, INFO] *  KPI: the number of Customer-Campaign assignments                                       = 9.000","[2023-08-01T09:00:45.759Z, INFO] *  KPI: overall quality or value of Customer-Campaign assignments according to Candidates = 745.000","[2023-08-01T09:00:45.760Z, INFO] model solve done in 0.01242685317993164 secs","[2023-08-01T09:00:45.760Z, INFO] solution export done in 0.008197307586669922 secs","[2023-08-01T09:00:45.761Z, INFO] AssignedCampaigns.csv"]},"taskSetupMillis":6439,"taskSolveMillis":10308,"taskTearDownMillis":1203,"jobSpaceId":"97b8836e-1fbc-4af4-9adb-e5ae5fa3f705","jobDeploymentId":"43431b39-aece-4a78-b162-ac87539c2119","jobId":"25e8ac23-d8eb-467c-b667-30f3e75aefca","ping":1690880433127}