{"goalObjectives":[{"weight":5.0,"weightedValue":144.0,"value":9.0,"verbalization":"Maximize the number of Customer to Campaign assignments","scaledWeight":16.0},{"weight":5.0,"weightedValue":11920.0,"value":745.0,"verbalization":"Maximize overall quality or value of Customer to Campaign assignments according to Candidates","scaledWeight":16.0}],"decisions_sorted_columns":{"Customer to Campaign assignment":["Customer","Campaign","Candidates expected value","the number of Customer to Campaign assignments","overall quality or value of Customer to Campaign assignments according to Candidates"]},"decisions_schema":{"Customer to Campaign assignment":[{"domainConcepts":"cResource","semantic":"cResourceAssignment[Customer, Campaign],Customer","level":1,"isKPI":false,"concept":"Customer","isKey":true,"isDecision":false,"id":"Customer","type":"STRING"},{"domainConcepts":"cActivity","semantic":"cResourceAssignment[Customer, Campaign],Campaign","level":1,"isKPI":false,"concept":"Campaign","isKey":true,"isDecision":false,"id":"Campaign","type":"STRING"},{"domainConcepts":"cAssignmentValueConcept","level":10,"isKPI":false,"concept":"Candidates","isKey":false,"isDecision":false,"id":"Candidates expected value","type":"NUMBER"},{"domainConcepts":"cResourceAssignment","level":10,"isKPI":false,"concept":"cResourceAssignment[Customer, Campaign]","isKey":false,"isDecision":false,"id":"the number of Customer to Campaign assignments","type":"NUMBER"},{"domainConcepts":"cResourceAssignment","level":10,"isKPI":false,"concept":"cResourceAssignment[Customer, Campaign]","isKey":false,"isDecision":false,"id":"overall quality or value of Customer to Campaign assignments according to Candidates","type":"NUMBER"}]},"decisions":{"Customer to Campaign assignment":[{"Campaign":"Auto","Customer":"Customer 9","overall quality or value of Customer to Campaign assignments according to Candidates":110.0,"Candidates expected value":110,"the number of Customer to Campaign assignments":1.0},{"Campaign":"Travel","Customer":"Customer 2","overall quality or value of Customer to Campaign assignments according to Candidates":75.0,"Candidates expected value":75,"the number of Customer to Campaign assignments":1.0},{"Campaign":"Travel","Customer":"Customer 7","overall quality or value of Customer to Campaign assignments according to Candidates":75.0,"Candidates expected value":75,"the number of Customer to Campaign assignments":1.0},{"Campaign":"Home","Customer":"Customer 5","overall quality or value of Customer to Campaign assignments according to Candidates":75.0,"Candidates expected value":75,"the number of Customer to Campaign assignments":1.0},{"Campaign":"Auto","Customer":"Customer 1","overall quality or value of Customer to Campaign assignments according to Candidates":120.0,"Candidates expected value":120,"the number of Customer to Campaign assignments":1.0},{"Campaign":"Auto","Customer":"Customer 3","overall quality or value of Customer to Campaign assignments according to Candidates":75.0,"Candidates expected value":75,"the number of Customer to Campaign assignments":1.0},{"Campaign":"Travel","Customer":"Customer 4","overall quality or value of Customer to Campaign assignments according to Candidates":75.0,"Candidates expected value":75,"the number of Customer to Campaign assignments":1.0},{"Campaign":"Home","Customer":"Customer 6","overall quality or value of Customer to Campaign assignments according to Candidates":75.0,"Candidates expected value":75,"the number of Customer to Campaign assignments":1.0},{"Campaign":"Home","Customer":"Customer 8","overall quality or value of Customer to Campaign assignments according to Candidates":65.0,"Candidates expected value":65,"the number of Customer to Campaign assignments":1.0}]}}