{"creationTime":1698151881518,"lastModificationTime":1698151900862,"state":"TERMINATED","solveConfig":{"containerId":"scenario 2","solveParameters":{"oaas.logAttachmentName":"log.txt","oaas.logTailEnabled":"true"},"setupWebHook":{"verb":"GET","url":"https://internal-nginx-svc:12443/v1/cognitive/solve/preprocess/scenario%202?projectId=4bcb4898-8a86-4f3f-8ba7-4dc62cc7ebc2&parentId=MarketingCampaignAssignment","expectedStatus":200,"headers":{}},"tearDownWebHook":{"verb":"GET","url":"https://internal-nginx-svc:12443/v1/cognitive/solve/postprocess/scenario%202?projectId=4bcb4898-8a86-4f3f-8ba7-4dc62cc7ebc2&parentId=MarketingCampaignAssignment","expectedStatus":200,"headers":{}}},"jobDetails":{"id":"e795cda8-d9a0-4c46-8a97-7e3945d1e40f","createdAt":1698151887762,"startedAt":1698151888124,"endedAt":1698151890924,"submittedAt":1698151887762,"details":{"KPI.PROGRESS_CURRENT_OBJECTIVE":"12064.0","KPI.overall quality or value of Customer-Campaign assignments according to Candidates":"745.0","KPI.the number of Customer-Campaign assignments":"9.0","MODEL_DETAIL_BOOLEAN_VARS":"27","MODEL_DETAIL_CONSTRAINTS":"12","MODEL_DETAIL_CONTINUOUS_VARS":"0","MODEL_DETAIL_INTEGER_VARS":"0","MODEL_DETAIL_KPIS":"[\"the number of Customer-Campaign assignments\", \"overall quality or value of Customer-Campaign assignments according to Candidates\"]","MODEL_DETAIL_NONZEROS":"54","MODEL_DETAIL_OBJECTIVE_SENSE":"maximize","MODEL_DETAIL_TYPE":"MILP","PROGRESS_BEST_OBJECTIVE":"12064.0","PROGRESS_BEST_OBJECTIVE.history":"[[1698151890.14, 12064.0]]","PROGRESS_CURRENT_OBJECTIVE":"12064.0","PROGRESS_CURRENT_OBJECTIVE.history":"[[1698151890.14, 12064.0]]","PROGRESS_GAP":"0.0","PROGRESS_GAP.history":"[[1698151890.14, 0.0]]","STAT.cplex.modelType":"MILP","STAT.cplex.size.booleanVariables":"27","STAT.cplex.size.constraints":"12","STAT.cplex.size.continousVariables":"0","STAT.cplex.size.integerVariables":"0","STAT.cplex.size.linearConstraints":"12","STAT.cplex.size.quadraticConstraints":"0","STAT.cplex.size.variables":"27","STAT.job.coresCount":"1","STAT.job.inputsReadMs":"1875","STAT.job.memoryPeakKB":"112484","STAT.job.modelProcessingMs":"117","STAT.job.outputsWriteMs":"632","latestOutputUpload":"2023-10-24T12:51:30.923Z"},"executionStatus":"PROCESSED","solveStatus":"OPTIMAL_SOLUTION","logTail":["[2023-10-24T12:51:30.127Z, INFO] model building done in 0.024590253829956055 secs","[2023-10-24T12:51:30.127Z, INFO] * running wado model","[2023-10-24T12:51:30.132Z, INFO] WARNING: Number of workers has been reduced to 1 to comply with platform limitations.","[2023-10-24T12:51:30.132Z, INFO] Version identifier: 22.1.1.0 | 2023-06-15 | d64d5bd77","[2023-10-24T12:51:30.132Z, INFO] CPXPARAM_Read_DataCheck                          1","[2023-10-24T12:51:30.133Z, INFO] CPXPARAM_Threads                                 1","[2023-10-24T12:51:30.133Z, INFO] CPXPARAM_TimeLimit                               120","[2023-10-24T12:51:30.134Z, INFO] Legacy callback                                  i","[2023-10-24T12:51:30.134Z, INFO] Found incumbent of value 0.000000 after 0.00 sec. (0.00 ticks)","[2023-10-24T12:51:30.149Z, INFO] Tried aggregator 1 time.","[2023-10-24T12:51:30.150Z, INFO] Reduced MIP has 12 rows, 27 columns, and 54 nonzeros.","[2023-10-24T12:51:30.151Z, INFO] Reduced MIP has 27 binaries, 0 generals, 0 SOSs, and 0 indicators.","[2023-10-24T12:51:30.151Z, INFO] Presolve time = 0.00 sec. (0.03 ticks)","[2023-10-24T12:51:30.152Z, INFO] Probing time = 0.00 sec. (0.01 ticks)","[2023-10-24T12:51:30.152Z, INFO] Tried aggregator 1 time.","[2023-10-24T12:51:30.153Z, INFO] Detecting symmetries...","[2023-10-24T12:51:30.154Z, INFO] Reduced MIP has 12 rows, 27 columns, and 54 nonzeros.","[2023-10-24T12:51:30.155Z, INFO] Reduced MIP has 27 binaries, 0 generals, 0 SOSs, and 0 indicators.","[2023-10-24T12:51:30.155Z, INFO] Presolve time = 0.00 sec. (0.04 ticks)","[2023-10-24T12:51:30.156Z, INFO] Probing time = 0.00 sec. (0.01 ticks)","[2023-10-24T12:51:30.157Z, INFO] Clique table members: 9.","[2023-10-24T12:51:30.157Z, INFO] MIP emphasis: balance optimality and feasibility.","[2023-10-24T12:51:30.158Z, INFO] MIP search method: dynamic search.","[2023-10-24T12:51:30.159Z, INFO] Parallel mode: none, using 1 thread.","[2023-10-24T12:51:30.159Z, INFO] Root relaxation solution time = 0.00 sec. (0.03 ticks)","[2023-10-24T12:51:30.160Z, INFO] ","[2023-10-24T12:51:30.160Z, INFO]         Nodes                                         Cuts/","[2023-10-24T12:51:30.161Z, INFO]    Node  Left     Objective  IInf  Best Integer    Best Bound    ItCnt     Gap","[2023-10-24T12:51:30.162Z, INFO] ","[2023-10-24T12:51:30.163Z, INFO] *     0+    0                            0.0000    32032.0000              --- ","[2023-10-24T12:51:30.163Z, INFO] *     0     0      integral     0    12064.0000    12064.0000       12    0.00%","[2023-10-24T12:51:30.164Z, INFO] Elapsed time = 0.00 sec. (0.15 ticks, tree = 0.00 MB, solutions = 2)","[2023-10-24T12:51:30.165Z, INFO] ","[2023-10-24T12:51:30.165Z, INFO] Root node processing (before b&c):","[2023-10-24T12:51:30.166Z, INFO]   Real time             =    0.00 sec. (0.15 ticks)","[2023-10-24T12:51:30.166Z, INFO] Sequential b&c:","[2023-10-24T12:51:30.167Z, INFO]   Real time             =    0.00 sec. (0.00 ticks)","[2023-10-24T12:51:30.168Z, INFO]                           ------------","[2023-10-24T12:51:30.168Z, INFO] Total (root+branch&cut) =    0.00 sec. (0.15 ticks)","[2023-10-24T12:51:30.173Z, INFO] Solve status: JobSolveStatus.OPTIMAL_SOLUTION","[2023-10-24T12:51:30.173Z, INFO] * model docplex_model1 solved with objective = 12064.000","[2023-10-24T12:51:30.174Z, INFO] *  KPI: the number of Customer-Campaign assignments                                       = 9.000","[2023-10-24T12:51:30.174Z, INFO] *  KPI: overall quality or value of Customer-Campaign assignments according to Candidates = 745.000","[2023-10-24T12:51:30.175Z, INFO] model solve done in 0.014730691909790039 secs","[2023-10-24T12:51:30.175Z, INFO] solution export done in 0.010174274444580078 secs"]},"taskSetupTime":1698151887774,"taskSolveTime":1698151895511,"taskTearDownTime":1698151900862,"jobSpaceId":"1e6362e3-9985-4ea3-b8ba-5d35f3036aa5","jobDeploymentId":"89f9336a-f713-40b9-8c61-bf00e5a5a64b","jobId":"e795cda8-d9a0-4c46-8a97-7e3945d1e40f","ping":1698151882383}