{"CPLEXSolution": {"version": "1.0", "header": {"problemName": "docplex_model1", "objectiveValue": "97630.0", "solved_by": "cplex_local"}, "variables": [{"index": "7", "name": null, "value": "1.0"}, {"index": "17", "name": null, "value": "1.0"}, {"index": "27", "name": null, "value": "1.0"}, {"index": "37", "name": null, "value": "1.0"}, {"index": "47", "name": null, "value": "1.0"}, {"index": "59", "name": null, "value": "1.0"}, {"index": "89", "name": null, "value": "1.0"}, {"index": "99", "name": null, "value": "1.0"}, {"index": "102", "name": null, "value": "1.0"}, {"index": "121", "name": null, "value": "1.0"}, {"index": "131", "name": null, "value": "1.0"}, {"index": "151", "name": null, "value": "1.0"}, {"index": "154", "name": null, "value": "1.0"}, {"index": "156", "name": null, "value": "1.0"}, {"index": "176", "name": null, "value": "1.0"}, {"index": "196", "name": null, "value": "1.0"}, {"index": "207", "name": null, "value": "1.0"}, {"index": "215", "name": null, "value": "1.0"}, {"index": "225", "name": null, "value": "1.0"}, {"index": "245", "name": null, "value": "1.0"}, {"index": "259", "name": null, "value": "1.0"}, {"index": "267", "name": null, "value": "1.0"}, {"index": "287", "name": null, "value": "1.0"}, {"index": "309", "name": null, "value": "1.0"}, {"index": "311", "name": null, "value": "1.0"}, {"index": "320", "name": null, "value": "1.0"}, {"index": "329", "name": null, "value": "1.0"}, {"index": "341", "name": null, "value": "1.0"}, {"index": "349", "name": null, "value": "1.0"}, {"index": "356", "name": null, "value": "1.0"}, {"index": "362", "name": null, "value": "1.0"}, {"index": "381", "name": null, "value": "1.0"}, {"index": "391", "name": null, "value": "1.0"}, {"index": "401", "name": null, "value": "1.0"}, {"index": "408", "name": null, "value": "1.0"}, {"index": "415", "name": null, "value": "1.0"}, {"index": "423", "name": null, "value": "1.0"}, {"index": "428", "name": null, "value": "1.0"}, {"index": "453", "name": null, "value": "1.0"}, {"index": "462", "name": null, "value": "1.0"}, {"index": "475", "name": null, "value": "1.0"}, {"index": "495", "name": null, "value": "1.0"}, {"index": "504", "name": null, "value": "1.0"}, {"index": "518", "name": null, "value": "1.0"}, {"index": "530", "name": null, "value": "1.0"}, {"index": "540", "name": null, "value": "1.0"}, {"index": "550", "name": null, "value": "1.0"}, {"index": "560", "name": null, "value": "1.0"}, {"index": "587", "name": null, "value": "1.0"}, {"index": "597", "name": null, "value": "1.0"}, {"index": "618", "name": null, "value": "1.0"}, {"index": "629", "name": null, "value": "1.0"}, {"index": "639", "name": null, "value": "1.0"}, {"index": "649", "name": null, "value": "1.0"}, {"index": "659", "name": null, "value": "1.0"}, {"index": "670", "name": null, "value": "1.0"}, {"index": "682", "name": null, "value": "1.0"}, {"index": "688", "name": null, "value": "1.0"}, {"index": "709", "name": null, "value": "1.0"}, {"index": "733", "name": null, "value": "1.0"}, {"index": "752", "name": null, "value": "1.0"}, {"index": "763", "name": null, "value": "1.0"}, {"index": "785", "name": null, "value": "1.0"}, {"index": "796", "name": null, "value": "1.0"}, {"index": "813", "name": null, "value": "1.0"}, {"index": "837", "name": null, "value": "1.0"}, {"index": "845", "name": null, "value": "1.0"}, {"index": "855", "name": null, "value": "1.0"}, {"index": "877", "name": null, "value": "1.0"}, {"index": "889", "name": null, "value": "1.0"}, {"index": "900", "name": null, "value": "1.0"}, {"index": "907", "name": null, "value": "1.0"}, {"index": "927", "name": null, "value": "1.0"}, {"index": "941", "name": null, "value": "1.0"}, {"index": "960", "name": null, "value": "1.0"}, {"index": "968", "name": null, "value": "1.0"}, {"index": "995", "name": null, "value": "1.0"}, {"index": "1005", "name": null, "value": "1.0"}, {"index": "1014", "name": null, "value": "1.0"}, {"index": "1025", "name": null, "value": "1.0"}, {"index": "1034", "name": null, "value": "1.0"}, {"index": "1039", "name": null, "value": "1.0"}, {"index": "1043", "name": null, "value": "1.0"}, {"index": "1066", "name": null, "value": "1.0"}, {"index": "1082", "name": null, "value": "1.0"}, {"index": "1112", "name": null, "value": "1.0"}, {"index": "1122", "name": null, "value": "1.0"}, {"index": "1132", "name": null, "value": "1.0"}, {"index": "1150", "name": null, "value": "1.0"}, {"index": "1159", "name": null, "value": "1.0"}, {"index": "1167", "name": null, "value": "1.0"}, {"index": "1176", "name": null, "value": "1.0"}, {"index": "1187", "name": null, "value": "1.0"}, {"index": "1196", "name": null, "value": "1.0"}, {"index": "1206", "name": null, "value": "1.0"}, {"index": "1216", "name": null, "value": "1.0"}, {"index": "1236", "name": null, "value": "1.0"}, {"index": "1247", "name": null, "value": "1.0"}, {"index": "1252", "name": null, "value": "1.0"}, {"index": "1264", "name": null, "value": "1.0"}, {"index": "1282", "name": null, "value": "1.0"}, {"index": "1306", "name": null, "value": "1.0"}, {"index": "1313", "name": null, "value": "1.0"}, {"index": "1336", "name": null, "value": "1.0"}, {"index": "1343", "name": null, "value": "1.0"}, {"index": "1359", "name": null, "value": "1.0"}, {"index": "1369", "name": null, "value": "1.0"}, {"index": "1378", "name": null, "value": "1.0"}, {"index": "1388", "name": null, "value": "1.0"}, {"index": "1398", "name": null, "value": "1.0"}, {"index": "1407", "name": null, "value": "1.0"}, {"index": "1417", "name": null, "value": "1.0"}, {"index": "1429", "name": null, "value": "1.0"}, {"index": "1437", "name": null, "value": "1.0"}, {"index": "1466", "name": null, "value": "1.0"}, {"index": "1476", "name": null, "value": "1.0"}, {"index": "1486", "name": null, "value": "1.0"}, {"index": "1496", "name": null, "value": "1.0"}, {"index": "1511", "name": null, "value": "1.0"}, {"index": "1520", "name": null, "value": "1.0"}, {"index": "1543", "name": null, "value": "1.0"}, {"index": "1568", "name": null, "value": "1.0"}, {"index": "1576", "name": null, "value": "1.0"}, {"index": "1586", "name": null, "value": "1.0"}, {"index": "1606", "name": null, "value": "1.0"}, {"index": "1617", "name": null, "value": "1.0"}, {"index": "1627", "name": null, "value": "1.0"}, {"index": "1637", "name": null, "value": "1.0"}, {"index": "1646", "name": null, "value": "1.0"}, {"index": "1658", "name": null, "value": "1.0"}], "linearConstraints": [{"name": "_L_EXPR_1", "index": 0, "slack": 6.0}, {"name": "_L_EXPR_2", "index": 1, "slack": 8.0}, {"name": "_L_EXPR_3", "index": 2, "slack": 5.0}, {"name": "_L_EXPR_4", "index": 3, "slack": 2.0}, {"name": "_L_EXPR_5", "index": 4, "slack": 7.0}, {"name": "_L_EXPR_6", "index": 5, "slack": 1.0}, {"name": "_L_EXPR_7", "index": 6, "slack": 5.0}, {"name": "_L_EXPR_8", "index": 7}, {"name": "_L_EXPR_9", "index": 8, "slack": 6.0}, {"name": "_L_EXPR_10", "index": 9, "slack": 8.0}, {"name": "_L_EXPR_11", "index": 10, "slack": 5.0}, {"name": "_L_EXPR_12", "index": 11, "slack": 8.0}, {"name": "_L_EXPR_13", "index": 12, "slack": 2.0}, {"name": "_L_EXPR_14", "index": 13, "slack": 2.0}, {"name": "_L_EXPR_15", "index": 14, "slack": 8.0}, {"name": "_L_EXPR_16", "index": 15, "slack": 4.0}, {"name": "_L_EXPR_17", "index": 16, "slack": 4.0}, {"name": "_L_EXPR_18", "index": 17, "slack": 1.0}, {"name": "_L_EXPR_19", "index": 18, "slack": 8.0}, {"name": "_L_EXPR_20", "index": 19, "slack": 8.0}, {"name": "_L_EXPR_21", "index": 20, "slack": 3.0}, {"name": "_L_EXPR_22", "index": 21, "slack": 8.0}, {"name": "_L_EXPR_23", "index": 22, "slack": 5.0}, {"name": "_L_EXPR_24", "index": 23, "slack": 2.0}, {"name": "_L_EXPR_25", "index": 24, "slack": 6.0}, {"name": "_L_EXPR_26", "index": 25, "slack": 4.0}, {"name": "_L_EXPR_27", "index": 26, "slack": 4.0}, {"name": "_L_EXPR_28", "index": 27, "slack": 3.0}, {"name": "_L_EXPR_29", "index": 28, "slack": 8.0}, {"name": "_L_EXPR_30", "index": 29, "slack": 7.0}, {"name": "_L_EXPR_31", "index": 30, "slack": 5.0}, {"name": "_L_EXPR_32", "index": 31, "slack": 8.0}, {"name": "_L_EXPR_33", "index": 32, "slack": 3.0}, {"name": "_L_EXPR_34", "index": 33, "slack": 2.0}, {"name": "_L_EXPR_35", "index": 34, "slack": 6.0}, {"name": "_L_EXPR_36", "index": 35, "slack": 5.0}, {"name": "_L_EXPR_37", "index": 36, "slack": 5.0}, {"name": "_L_EXPR_38", "index": 37, "slack": 1.0}, {"name": "_L_EXPR_39", "index": 38, "slack": 8.0}, {"name": "_L_EXPR_40", "index": 39, "slack": 8.0}, {"name": "_L_EXPR_41", "index": 40, "slack": 3.0}, {"name": "_L_EXPR_42", "index": 41, "slack": 8.0}, {"name": "_L_EXPR_43", "index": 42, "slack": 4.0}, {"name": "_L_EXPR_44", "index": 43, "slack": 2.0}, {"name": "_L_EXPR_45", "index": 44, "slack": 6.0}, {"name": "_L_EXPR_46", "index": 45, "slack": 7.0}, {"name": "_L_EXPR_47", "index": 46, "slack": 1.0}, {"name": "_L_EXPR_48", "index": 47, "slack": 5.0}, {"name": "_L_EXPR_49", "index": 48, "slack": 8.0}, {"name": "_L_EXPR_50", "index": 49, "slack": 7.0}, {"name": "_L_EXPR_51", "index": 50, "slack": 4.0}, {"name": "_L_EXPR_52", "index": 51, "slack": 2.0}, {"name": "_L_EXPR_53", "index": 52}, {"name": "_L_EXPR_54", "index": 53}, {"name": "_L_EXPR_55", "index": 54}, {"name": "_L_EXPR_56", "index": 55}, {"name": "_L_EXPR_57", "index": 56, "slack": 1.0}, {"name": "_L_EXPR_58", "index": 57}, {"name": "_L_EXPR_59", "index": 58}, {"name": "_L_EXPR_60", "index": 59}, {"name": "_L_EXPR_61", "index": 60}, {"name": "_L_EXPR_62", "index": 61}, {"name": "_L_EXPR_63", "index": 62}, {"name": "_L_EXPR_64", "index": 63}, {"name": "_L_EXPR_65", "index": 64, "slack": 1.0}, {"name": "_L_EXPR_66", "index": 65, "slack": 1.0}, {"name": "_L_EXPR_67", "index": 66}, {"name": "_L_EXPR_68", "index": 67, "slack": 1.0}, {"name": "_L_EXPR_69", "index": 68}, {"name": "_L_EXPR_70", "index": 69, "slack": 1.0}, {"name": "_L_EXPR_71", "index": 70}, {"name": "_L_EXPR_72", "index": 71}, {"name": "_L_EXPR_73", "index": 72}, {"name": "_L_EXPR_74", "index": 73}, {"name": "_L_EXPR_75", "index": 74}, {"name": "_L_EXPR_76", "index": 75, "slack": 1.0}, {"name": "_L_EXPR_77", "index": 76, "slack": 1.0}, {"name": "_L_EXPR_78", "index": 77}, {"name": "_L_EXPR_79", "index": 78, "slack": 1.0}, {"name": "_L_EXPR_80", "index": 79}, {"name": "_L_EXPR_81", "index": 80}, {"name": "_L_EXPR_82", "index": 81}, {"name": "_L_EXPR_83", "index": 82}, {"name": "_L_EXPR_84", "index": 83, "slack": 1.0}, {"name": "_L_EXPR_85", "index": 84}, {"name": "_L_EXPR_86", "index": 85}, {"name": "_L_EXPR_87", "index": 86}, {"name": "_L_EXPR_88", "index": 87, "slack": 1.0}, {"name": "_L_EXPR_89", "index": 88, "slack": 1.0}, {"name": "_L_EXPR_90", "index": 89}, {"name": "_L_EXPR_91", "index": 90}, {"name": "_L_EXPR_92", "index": 91}, {"name": "_L_EXPR_93", "index": 92}, {"name": "_L_EXPR_94", "index": 93}, {"name": "_L_EXPR_95", "index": 94}, {"name": "_L_EXPR_96", "index": 95}, {"name": "_L_EXPR_97", "index": 96}, {"name": "_L_EXPR_98", "index": 97, "slack": 1.0}, {"name": "_L_EXPR_99", "index": 98}, {"name": "_L_EXPR_100", "index": 99}, {"name": "_L_EXPR_101", "index": 100}, {"name": "_L_EXPR_102", "index": 101}, {"name": "_L_EXPR_103", "index": 102}, {"name": "_L_EXPR_104", "index": 103}, {"name": "_L_EXPR_105", "index": 104, "slack": 1.0}, {"name": "_L_EXPR_106", "index": 105}, {"name": "_L_EXPR_107", "index": 106}, {"name": "_L_EXPR_108", "index": 107, "slack": 1.0}, {"name": "_L_EXPR_109", "index": 108, "slack": 1.0}, {"name": "_L_EXPR_110", "index": 109}, {"name": "_L_EXPR_111", "index": 110}, {"name": "_L_EXPR_112", "index": 111}, {"name": "_L_EXPR_113", "index": 112, "slack": 1.0}, {"name": "_L_EXPR_114", "index": 113}, {"name": "_L_EXPR_115", "index": 114}, {"name": "_L_EXPR_116", "index": 115, "slack": 1.0}, {"name": "_L_EXPR_117", "index": 116, "slack": 1.0}, {"name": "_L_EXPR_118", "index": 117}, {"name": "_L_EXPR_119", "index": 118}, {"name": "_L_EXPR_120", "index": 119}, {"name": "_L_EXPR_121", "index": 120}, {"name": "_L_EXPR_122", "index": 121, "slack": 1.0}, {"name": "_L_EXPR_123", "index": 122, "slack": 1.0}, {"name": "_L_EXPR_124", "index": 123, "slack": 1.0}, {"name": "_L_EXPR_125", "index": 124}, {"name": "_L_EXPR_126", "index": 125}, {"name": "_L_EXPR_127", "index": 126}, {"name": "_L_EXPR_128", "index": 127}, {"name": "_L_EXPR_129", "index": 128, "slack": 1.0}, {"name": "_L_EXPR_130", "index": 129}, {"name": "_L_EXPR_131", "index": 130}, {"name": "_L_EXPR_132", "index": 131}, {"name": "_L_EXPR_133", "index": 132, "slack": 1.0}, {"name": "_L_EXPR_134", "index": 133}, {"name": "_L_EXPR_135", "index": 134, "slack": 1.0}, {"name": "_L_EXPR_136", "index": 135}, {"name": "_L_EXPR_137", "index": 136}, {"name": "_L_EXPR_138", "index": 137, "slack": 1.0}, {"name": "_L_EXPR_139", "index": 138, "slack": 1.0}, {"name": "_L_EXPR_140", "index": 139}, {"name": "_L_EXPR_141", "index": 140, "slack": 1.0}, {"name": "_L_EXPR_142", "index": 141}, {"name": "_L_EXPR_143", "index": 142, "slack": 1.0}, {"name": "_L_EXPR_144", "index": 143}, {"name": "_L_EXPR_145", "index": 144, "slack": 1.0}, {"name": "_L_EXPR_146", "index": 145}, {"name": "_L_EXPR_147", "index": 146, "slack": 1.0}, {"name": "_L_EXPR_148", "index": 147}, {"name": "_L_EXPR_149", "index": 148}, {"name": "_L_EXPR_150", "index": 149, "slack": 1.0}, {"name": "_L_EXPR_151", "index": 150}, {"name": "_L_EXPR_152", "index": 151}, {"name": "_L_EXPR_153", "index": 152, "slack": 1.0}, {"name": "_L_EXPR_154", "index": 153, "slack": 1.0}, {"name": "_L_EXPR_155", "index": 154}, {"name": "_L_EXPR_156", "index": 155}, {"name": "_L_EXPR_157", "index": 156}, {"name": "_L_EXPR_158", "index": 157}, {"name": "_L_EXPR_159", "index": 158, "slack": 1.0}, {"name": "_L_EXPR_160", "index": 159, "slack": 1.0}, {"name": "_L_EXPR_161", "index": 160}, {"name": "_L_EXPR_162", "index": 161}, {"name": "_L_EXPR_163", "index": 162, "slack": 1.0}, {"name": "_L_EXPR_164", "index": 163}, {"name": "_L_EXPR_165", "index": 164, "slack": 1.0}, {"name": "_L_EXPR_166", "index": 165}, {"name": "_L_EXPR_167", "index": 166, "slack": 1.0}, {"name": "_L_EXPR_168", "index": 167}, {"name": "_L_EXPR_169", "index": 168}, {"name": "_L_EXPR_170", "index": 169}, {"name": "_L_EXPR_171", "index": 170}, {"name": "_L_EXPR_172", "index": 171}, {"name": "_L_EXPR_173", "index": 172}, {"name": "_L_EXPR_174", "index": 173}, {"name": "_L_EXPR_175", "index": 174}, {"name": "_L_EXPR_176", "index": 175}, {"name": "_L_EXPR_177", "index": 176, "slack": 1.0}, {"name": "_L_EXPR_178", "index": 177, "slack": 1.0}, {"name": "_L_EXPR_179", "index": 178, "slack": 1.0}, {"name": "_L_EXPR_180", "index": 179}, {"name": "_L_EXPR_181", "index": 180}, {"name": "_L_EXPR_182", "index": 181, "slack": 1.0}, {"name": "_L_EXPR_183", "index": 182, "slack": 1.0}, {"name": "_L_EXPR_184", "index": 183}, {"name": "_L_EXPR_185", "index": 184, "slack": 1.0}, {"name": "_L_EXPR_186", "index": 185}, {"name": "_L_EXPR_187", "index": 186}, {"name": "_L_EXPR_188", "index": 187}, {"name": "_L_EXPR_189", "index": 188, "slack": 1.0}, {"name": "_L_EXPR_190", "index": 189}, {"name": "_L_EXPR_191", "index": 190}, {"name": "_L_EXPR_192", "index": 191}, {"name": "_L_EXPR_193", "index": 192}, {"name": "_L_EXPR_194", "index": 193}, {"name": "_L_EXPR_195", "index": 194}, {"name": "_L_EXPR_196", "index": 195, "slack": 1.0}, {"name": "_L_EXPR_197", "index": 196}, {"name": "_L_EXPR_198", "index": 197}, {"name": "_L_EXPR_199", "index": 198, "slack": 1.0}, {"name": "_L_EXPR_200", "index": 199}, {"name": "_L_EXPR_201", "index": 200, "slack": 1.0}, {"name": "_L_EXPR_202", "index": 201}, {"name": "_L_EXPR_203", "index": 202}, {"name": "_L_EXPR_204", "index": 203, "slack": 1.0}, {"name": "_L_EXPR_205", "index": 204}, {"name": "_L_EXPR_206", "index": 205}, {"name": "_L_EXPR_207", "index": 206, "slack": 1.0}, {"name": "_L_EXPR_208", "index": 207}, {"name": "_L_EXPR_209", "index": 208}, {"name": "_L_EXPR_210", "index": 209, "slack": 1.0}, {"name": "_L_EXPR_211", "index": 210}, {"name": "_L_EXPR_212", "index": 211}, {"name": "_L_EXPR_213", "index": 212, "slack": 1.0}, {"name": "_L_EXPR_214", "index": 213}, {"name": "_L_EXPR_215", "index": 214}, {"name": "_L_EXPR_216", "index": 215}, {"name": "_L_EXPR_217", "index": 216, "slack": 1.0}, {"name": "_L_EXPR_218", "index": 217}, {"name": "_L_EXPR_219", "index": 218, "slack": 1.0}, {"name": "_L_EXPR_220", "index": 219}, {"name": "_L_EXPR_221", "index": 220}, {"name": "_L_EXPR_222", "index": 221}, {"name": "_L_EXPR_223", "index": 222}, {"name": "_L_EXPR_224", "index": 223, "slack": 1.0}, {"name": "_L_EXPR_225", "index": 224, "slack": 1.0}, {"name": "_L_EXPR_226", "index": 225}, {"name": "_L_EXPR_227", "index": 226}, {"name": "_L_EXPR_228", "index": 227}, {"name": "_L_EXPR_229", "index": 228, "slack": 1.0}, {"name": "_L_EXPR_230", "index": 229}, {"name": "_L_EXPR_231", "index": 230, "slack": 1.0}, {"name": "_L_EXPR_232", "index": 231}, {"name": "_L_EXPR_233", "index": 232}, {"name": "_L_EXPR_234", "index": 233, "slack": 1.0}, {"name": "_L_EXPR_235", "index": 234}, {"name": "_L_EXPR_236", "index": 235}, {"name": "_L_EXPR_237", "index": 236, "slack": 1.0}, {"name": "_L_EXPR_238", "index": 237, "slack": 1.0}, {"name": "_L_EXPR_239", "index": 238}, {"name": "_L_EXPR_240", "index": 239}, {"name": "_L_EXPR_241", "index": 240}, {"name": "_L_EXPR_242", "index": 241}, {"name": "_L_EXPR_243", "index": 242, "slack": 1.0}, {"name": "_L_EXPR_244", "index": 243}, {"name": "_L_EXPR_245", "index": 244}, {"name": "_L_EXPR_246", "index": 245}]}}