{"creationTime":1651047710458,"lastModificationTime":1651047742073,"state":"TERMINATED","solveConfig":{"containerId":"SimpleAssignment","solveParameters":{},"setupWebHook":{"verb":"GET","url":"https://api.dataplatform.cloud.ibm.com/v1/cognitive/solve/preprocess/SimpleAssignment?projectId=d25f1f0d-0115-473b-a5ef-527c4bc8048f&parentId=ShiftAssignment","expectedStatus":200,"headers":{}},"tearDownWebHook":{"verb":"GET","url":"https://api.dataplatform.cloud.ibm.com/v1/cognitive/solve/postprocess/SimpleAssignment?projectId=d25f1f0d-0115-473b-a5ef-527c4bc8048f&parentId=ShiftAssignment","expectedStatus":200,"headers":{}}},"jobDetails":{"id":"f5fda041-74ed-457b-8776-1b8fa34945ad","createdAt":1651047733782,"startedAt":1651047734245,"endedAt":1651047737209,"submittedAt":1651047733782,"details":{"KPI.the number of Employee-Shift assignments":"130.0","MODEL_DETAIL_BOOLEAN_VARS":"1664","MODEL_DETAIL_CONSTRAINTS":"246","MODEL_DETAIL_CONTINUOUS_VARS":"0","MODEL_DETAIL_INTEGER_VARS":"0","MODEL_DETAIL_KPIS":"[\"the number of Employee-Shift assignments\"]","MODEL_DETAIL_NONZEROS":"4517","MODEL_DETAIL_OBJECTIVE_SENSE":"maximize","MODEL_DETAIL_TYPE":"MILP","PROGRESS_BEST_OBJECTIVE":"97630.0","PROGRESS_BEST_OBJECTIVE.history":"[[1651047735.5, 97630.0]]","PROGRESS_CURRENT_OBJECTIVE":"97630.0","PROGRESS_CURRENT_OBJECTIVE.history":"[[1651047735.5, 97630.0]]","PROGRESS_GAP":"0.0","PROGRESS_GAP.history":"[[1651047735.5, 0.0]]","STAT.cplex.modelType":"MILP","STAT.cplex.size.booleanVariables":"1664","STAT.cplex.size.constraints":"246","STAT.cplex.size.continousVariables":"0","STAT.cplex.size.integerVariables":"0","STAT.cplex.size.linearConstraints":"246","STAT.cplex.size.quadraticConstraints":"0","STAT.cplex.size.variables":"1664","STAT.job.coresCount":"1","STAT.job.inputsReadMs":"371","STAT.job.memoryPeakKB":"116176","STAT.job.modelProcessingMs":"914","STAT.job.outputsWriteMs":"1481"},"executionStatus":"PROCESSED","solveStatus":"OPTIMAL_SOLUTION","logTail":["[2022-04-27T08:22:15Z, INFO] Legacy callback                                  i","[2022-04-27T08:22:15Z, INFO] Found incumbent of value 0.000000 after 0.00 sec. (0.04 ticks)","[2022-04-27T08:22:15Z, INFO] Tried aggregator 1 time.","[2022-04-27T08:22:15Z, INFO] MIP Presolve eliminated 92 rows and 1086 columns.","[2022-04-27T08:22:15Z, INFO] Reduced MIP has 154 rows, 578 columns, and 1156 nonzeros.","[2022-04-27T08:22:15Z, INFO] Reduced MIP has 578 binaries, 0 generals, 0 SOSs, and 0 indicators.","[2022-04-27T08:22:15Z, INFO] Presolve time = 0.00 sec. (1.51 ticks)","[2022-04-27T08:22:15Z, INFO] Probing time = 0.00 sec. (0.25 ticks)","[2022-04-27T08:22:15Z, INFO] Tried aggregator 1 time.","[2022-04-27T08:22:15Z, INFO] MIP Presolve eliminated 122 rows and 449 columns.","[2022-04-27T08:22:15Z, INFO] Reduced MIP has 32 rows, 129 columns, and 258 nonzeros.","[2022-04-27T08:22:15Z, INFO] Reduced MIP has 129 binaries, 0 generals, 0 SOSs, and 0 indicators.","[2022-04-27T08:22:15Z, INFO] Presolve time = 0.00 sec. (0.34 ticks)","[2022-04-27T08:22:15Z, INFO] Probing time = 0.00 sec. (0.06 ticks)","[2022-04-27T08:22:15Z, INFO] Tried aggregator 1 time.","[2022-04-27T08:22:15Z, INFO] Detecting symmetries...","[2022-04-27T08:22:15Z, INFO] Reduced MIP has 32 rows, 129 columns, and 258 nonzeros.","[2022-04-27T08:22:15Z, INFO] Reduced MIP has 129 binaries, 0 generals, 0 SOSs, and 0 indicators.","[2022-04-27T08:22:15Z, INFO] Presolve time = 0.00 sec. (0.27 ticks)","[2022-04-27T08:22:15Z, INFO] Probing time = 0.00 sec. (0.06 ticks)","[2022-04-27T08:22:15Z, INFO] Clique table members: 24.","[2022-04-27T08:22:15Z, INFO] MIP emphasis: balance optimality and feasibility.","[2022-04-27T08:22:15Z, INFO] MIP search method: dynamic search.","[2022-04-27T08:22:15Z, INFO] Parallel mode: none, using 1 thread.","[2022-04-27T08:22:15Z, INFO] Root relaxation solution time = 0.00 sec. (0.17 ticks)","[2022-04-27T08:22:15Z, INFO] ","[2022-04-27T08:22:15Z, INFO]         Nodes                                         Cuts/","[2022-04-27T08:22:15Z, INFO]    Node  Left     Objective  IInf  Best Integer    Best Bound    ItCnt     Gap","[2022-04-27T08:22:15Z, INFO] ","[2022-04-27T08:22:15Z, INFO] *     0+    0                        79606.0000   176485.0000           121.70%","[2022-04-27T08:22:15Z, INFO] *     0     0      integral     0    97630.0000    97630.0000       64    0.00%","[2022-04-27T08:22:15Z, INFO] Elapsed time = 0.02 sec. (8.80 ticks, tree = 0.00 MB, solutions = 3)","[2022-04-27T08:22:15Z, INFO] ","[2022-04-27T08:22:15Z, INFO] Root node processing (before b&c):","[2022-04-27T08:22:15Z, INFO]   Real time             =    0.02 sec. (8.88 ticks)","[2022-04-27T08:22:15Z, INFO] Sequential b&c:","[2022-04-27T08:22:15Z, INFO]   Real time             =    0.00 sec. (0.00 ticks)","[2022-04-27T08:22:15Z, INFO]                           ------------","[2022-04-27T08:22:15Z, INFO] Total (root+branch&cut) =    0.02 sec. (8.88 ticks)","[2022-04-27T08:22:15Z, INFO] Solve status: JobSolveStatus.OPTIMAL_SOLUTION","[2022-04-27T08:22:15Z, INFO] * model docplex_model1 solved with objective = 97630.000","[2022-04-27T08:22:15Z, INFO] *  KPI: the number of Employee-Shift assignments = 130.000","[2022-04-27T08:22:15Z, INFO] model solve done in 0.05231070518493652 secs","[2022-04-27T08:22:15Z, INFO] solution export done in 0.06992578506469727 secs","[2022-04-27T08:22:15Z, INFO] AssignedShifts.csv"]},"runtimeDetails":{"state":"STARTED"},"taskSetupMillis":23115,"taskSolveMillis":4384,"taskTearDownMillis":3204,"jobSpaceId":"6d902298-59e9-4647-88fa-075fbff492fc","jobDeploymentId":"e976dbbf-26c8-4e72-9c07-f3e463e640c1","jobId":"f5fda041-74ed-457b-8776-1b8fa34945ad","ping":1651047740709}