{"creationTime":1631872738487,"lastModificationTime":1631872754014,"state":"TERMINATED","solveConfig":{"containerId":"SimpleAssignment","solveParameters":{"oaas.docplex.python":"3.8"},"setupWebHook":{"verb":"GET","url":"https://api.dataplatform.test.cloud.ibm.com/v1/cognitive/solve/preprocess/SimpleAssignment?projectId=70bbbef1-6895-44ef-8d90-70201f1f4f3a&parentId=ShiftAssignment","expectedStatus":200,"headers":{}},"tearDownWebHook":{"verb":"GET","url":"https://api.dataplatform.test.cloud.ibm.com/v1/cognitive/solve/postprocess/SimpleAssignment?projectId=70bbbef1-6895-44ef-8d90-70201f1f4f3a&parentId=ShiftAssignment","expectedStatus":200,"headers":{}}},"jobDetails":{"id":"2acc7ca4-9faa-4e56-9bd8-cfa35c043485","createdAt":1631872744781,"startedAt":1631872745485,"endedAt":1631872747714,"submittedAt":1631872744781,"details":{"KPI.the number of Employee-Shift assignments":"130.0","MODEL_DETAIL_BOOLEAN_VARS":"1664","MODEL_DETAIL_CONSTRAINTS":"246","MODEL_DETAIL_CONTINUOUS_VARS":"0","MODEL_DETAIL_INTEGER_VARS":"0","MODEL_DETAIL_KPIS":"[\"the number of Employee-Shift assignments\"]","MODEL_DETAIL_NONZEROS":"4517","MODEL_DETAIL_OBJECTIVE_SENSE":"maximize","MODEL_DETAIL_TYPE":"MILP","PROGRESS_BEST_OBJECTIVE":"97630.0","PROGRESS_BEST_OBJECTIVE.history":"[[1631872746.69, 97630.0]]","PROGRESS_CURRENT_OBJECTIVE":"97630.0","PROGRESS_CURRENT_OBJECTIVE.history":"[[1631872746.69, 97630.0]]","PROGRESS_GAP":"0.0","PROGRESS_GAP.history":"[[1631872746.69, 0.0]]","STAT.cplex.modelType":"MILP","STAT.cplex.size.booleanVariables":"1664","STAT.cplex.size.constraints":"246","STAT.cplex.size.continousVariables":"0","STAT.cplex.size.integerVariables":"0","STAT.cplex.size.linearConstraints":"246","STAT.cplex.size.quadraticConstraints":"0","STAT.cplex.size.variables":"1664","STAT.job.coresCount":"1","STAT.job.inputsReadMs":"246","STAT.job.memoryPeakKB":"103788","STAT.job.modelProcessingMs":"1018","STAT.job.outputsWriteMs":"825"},"executionStatus":"PROCESSED","solveStatus":"OPTIMAL_SOLUTION","logTail":["[2021-09-17T09:59:06Z, INFO] Legacy callback                                  i","[2021-09-17T09:59:06Z, INFO] Found incumbent of value 0.000000 after 0.00 sec. (0.04 ticks)","[2021-09-17T09:59:06Z, INFO] Tried aggregator 1 time.","[2021-09-17T09:59:06Z, INFO] MIP Presolve eliminated 92 rows and 1086 columns.","[2021-09-17T09:59:06Z, INFO] Reduced MIP has 154 rows, 578 columns, and 1156 nonzeros.","[2021-09-17T09:59:06Z, INFO] Reduced MIP has 578 binaries, 0 generals, 0 SOSs, and 0 indicators.","[2021-09-17T09:59:06Z, INFO] Presolve time = 0.00 sec. (1.51 ticks)","[2021-09-17T09:59:06Z, INFO] Probing time = 0.00 sec. (0.25 ticks)","[2021-09-17T09:59:06Z, INFO] Tried aggregator 1 time.","[2021-09-17T09:59:06Z, INFO] MIP Presolve eliminated 122 rows and 449 columns.","[2021-09-17T09:59:06Z, INFO] Reduced MIP has 32 rows, 129 columns, and 258 nonzeros.","[2021-09-17T09:59:06Z, INFO] Reduced MIP has 129 binaries, 0 generals, 0 SOSs, and 0 indicators.","[2021-09-17T09:59:06Z, INFO] Presolve time = 0.00 sec. (0.34 ticks)","[2021-09-17T09:59:06Z, INFO] Probing time = 0.00 sec. (0.06 ticks)","[2021-09-17T09:59:06Z, INFO] Tried aggregator 1 time.","[2021-09-17T09:59:06Z, INFO] Detecting symmetries...","[2021-09-17T09:59:06Z, INFO] Reduced MIP has 32 rows, 129 columns, and 258 nonzeros.","[2021-09-17T09:59:06Z, INFO] Reduced MIP has 129 binaries, 0 generals, 0 SOSs, and 0 indicators.","[2021-09-17T09:59:06Z, INFO] Presolve time = 0.00 sec. (0.27 ticks)","[2021-09-17T09:59:06Z, INFO] Probing time = 0.00 sec. (0.06 ticks)","[2021-09-17T09:59:06Z, INFO] Clique table members: 24.","[2021-09-17T09:59:06Z, INFO] MIP emphasis: balance optimality and feasibility.","[2021-09-17T09:59:06Z, INFO] MIP search method: dynamic search.","[2021-09-17T09:59:06Z, INFO] Parallel mode: none, using 1 thread.","[2021-09-17T09:59:06Z, INFO] Root relaxation solution time = 0.00 sec. (0.17 ticks)","[2021-09-17T09:59:06Z, INFO] ","[2021-09-17T09:59:06Z, INFO]         Nodes                                         Cuts/","[2021-09-17T09:59:06Z, INFO]    Node  Left     Objective  IInf  Best Integer    Best Bound    ItCnt     Gap","[2021-09-17T09:59:06Z, INFO] ","[2021-09-17T09:59:06Z, INFO] *     0+    0                        79606.0000   176485.0000           121.70%","[2021-09-17T09:59:06Z, INFO] *     0     0      integral     0    97630.0000    97630.0000       64    0.00%","[2021-09-17T09:59:06Z, INFO] Elapsed time = 0.02 sec. (8.80 ticks, tree = 0.00 MB, solutions = 3)","[2021-09-17T09:59:06Z, INFO] ","[2021-09-17T09:59:06Z, INFO] Root node processing (before b&c):","[2021-09-17T09:59:06Z, INFO]   Real time             =    0.02 sec. (8.88 ticks)","[2021-09-17T09:59:06Z, INFO] Sequential b&c:","[2021-09-17T09:59:06Z, INFO]   Real time             =    0.00 sec. (0.00 ticks)","[2021-09-17T09:59:06Z, INFO]                           ------------","[2021-09-17T09:59:06Z, INFO] Total (root+branch&cut) =    0.02 sec. (8.88 ticks)","[2021-09-17T09:59:06Z, INFO] Solve status: JobSolveStatus.OPTIMAL_SOLUTION","[2021-09-17T09:59:06Z, INFO] * model docplex_model1 solved with objective = 97630.000","[2021-09-17T09:59:06Z, INFO] *  KPI: the number of Employee-Shift assignments = 130.000","[2021-09-17T09:59:06Z, INFO] model solve done in 0.042311668395996094 secs","[2021-09-17T09:59:06Z, INFO] solution export done in 0.05305624008178711 secs","[2021-09-17T09:59:06Z, INFO] AssignedShifts.csv"]},"runtimeDetails":{"state":"STARTED"},"taskSetupMillis":5828,"taskSolveMillis":3778,"taskTearDownMillis":4659,"jobSpaceId":"d9bda584-cf9f-4f9b-8b9e-61ec05932519","jobId":"2acc7ca4-9faa-4e56-9bd8-cfa35c043485","ping":1631872739009}