{"creationTime":1645198834519,"lastModificationTime":1645198848894,"state":"TERMINATED","solveConfig":{"containerId":"SimpleAssignment","solveParameters":{},"setupWebHook":{"verb":"GET","url":"https://api.dataplatform.test.cloud.ibm.com/v1/cognitive/solve/preprocess/SimpleAssignment?projectId=e752dffb-5e36-4918-8790-d07f8046816a&parentId=ShiftAssignment","expectedStatus":200,"headers":{}},"tearDownWebHook":{"verb":"GET","url":"https://api.dataplatform.test.cloud.ibm.com/v1/cognitive/solve/postprocess/SimpleAssignment?projectId=e752dffb-5e36-4918-8790-d07f8046816a&parentId=ShiftAssignment","expectedStatus":200,"headers":{}}},"jobDetails":{"id":"fab143db-89c8-4c7a-a7bc-90c06578004e","createdAt":1645198838594,"startedAt":1645198839230,"endedAt":1645198843848,"submittedAt":1645198838594,"details":{"KPI.the number of Employee-Shift assignments":"130.0","MODEL_DETAIL_BOOLEAN_VARS":"1664","MODEL_DETAIL_CONSTRAINTS":"246","MODEL_DETAIL_CONTINUOUS_VARS":"0","MODEL_DETAIL_INTEGER_VARS":"0","MODEL_DETAIL_KPIS":"[\"the number of Employee-Shift assignments\"]","MODEL_DETAIL_NONZEROS":"4517","MODEL_DETAIL_OBJECTIVE_SENSE":"maximize","MODEL_DETAIL_TYPE":"MILP","PROGRESS_BEST_OBJECTIVE":"97630.0","PROGRESS_BEST_OBJECTIVE.history":"[[1645198841.96, 97630.0]]","PROGRESS_CURRENT_OBJECTIVE":"97630.0","PROGRESS_CURRENT_OBJECTIVE.history":"[[1645198841.96, 97630.0]]","PROGRESS_GAP":"0.0","PROGRESS_GAP.history":"[[1645198841.96, 0.0]]","STAT.cplex.modelType":"MILP","STAT.cplex.size.booleanVariables":"1664","STAT.cplex.size.constraints":"246","STAT.cplex.size.continousVariables":"0","STAT.cplex.size.integerVariables":"0","STAT.cplex.size.linearConstraints":"246","STAT.cplex.size.quadraticConstraints":"0","STAT.cplex.size.variables":"1664","STAT.job.coresCount":"1","STAT.job.inputsReadMs":"2192","STAT.job.memoryPeakKB":"99212","STAT.job.modelProcessingMs":"562","STAT.job.outputsWriteMs":"1782"},"executionStatus":"PROCESSED","solveStatus":"OPTIMAL_SOLUTION","logTail":["[2022-02-18T15:40:41Z, INFO] Legacy callback                                  i","[2022-02-18T15:40:41Z, INFO] Found incumbent of value 0.000000 after 0.00 sec. (0.04 ticks)","[2022-02-18T15:40:41Z, INFO] Tried aggregator 1 time.","[2022-02-18T15:40:41Z, INFO] MIP Presolve eliminated 92 rows and 1086 columns.","[2022-02-18T15:40:41Z, INFO] Reduced MIP has 154 rows, 578 columns, and 1156 nonzeros.","[2022-02-18T15:40:41Z, INFO] Reduced MIP has 578 binaries, 0 generals, 0 SOSs, and 0 indicators.","[2022-02-18T15:40:41Z, INFO] Presolve time = 0.00 sec. (1.51 ticks)","[2022-02-18T15:40:41Z, INFO] Probing time = 0.00 sec. (0.25 ticks)","[2022-02-18T15:40:41Z, INFO] Tried aggregator 1 time.","[2022-02-18T15:40:41Z, INFO] MIP Presolve eliminated 122 rows and 449 columns.","[2022-02-18T15:40:41Z, INFO] Reduced MIP has 32 rows, 129 columns, and 258 nonzeros.","[2022-02-18T15:40:41Z, INFO] Reduced MIP has 129 binaries, 0 generals, 0 SOSs, and 0 indicators.","[2022-02-18T15:40:41Z, INFO] Presolve time = 0.00 sec. (0.34 ticks)","[2022-02-18T15:40:41Z, INFO] Probing time = 0.00 sec. (0.06 ticks)","[2022-02-18T15:40:41Z, INFO] Tried aggregator 1 time.","[2022-02-18T15:40:41Z, INFO] Detecting symmetries...","[2022-02-18T15:40:41Z, INFO] Reduced MIP has 32 rows, 129 columns, and 258 nonzeros.","[2022-02-18T15:40:41Z, INFO] Reduced MIP has 129 binaries, 0 generals, 0 SOSs, and 0 indicators.","[2022-02-18T15:40:41Z, INFO] Presolve time = 0.00 sec. (0.27 ticks)","[2022-02-18T15:40:41Z, INFO] Probing time = 0.00 sec. (0.06 ticks)","[2022-02-18T15:40:41Z, INFO] Clique table members: 24.","[2022-02-18T15:40:41Z, INFO] MIP emphasis: balance optimality and feasibility.","[2022-02-18T15:40:41Z, INFO] MIP search method: dynamic search.","[2022-02-18T15:40:41Z, INFO] Parallel mode: none, using 1 thread.","[2022-02-18T15:40:41Z, INFO] Root relaxation solution time = 0.00 sec. (0.17 ticks)","[2022-02-18T15:40:41Z, INFO] ","[2022-02-18T15:40:41Z, INFO]         Nodes                                         Cuts/","[2022-02-18T15:40:41Z, INFO]    Node  Left     Objective  IInf  Best Integer    Best Bound    ItCnt     Gap","[2022-02-18T15:40:41Z, INFO] ","[2022-02-18T15:40:41Z, INFO] *     0+    0                        79606.0000   176485.0000           121.70%","[2022-02-18T15:40:41Z, INFO] *     0     0      integral     0    97630.0000    97630.0000       64    0.00%","[2022-02-18T15:40:41Z, INFO] Elapsed time = 0.01 sec. (8.80 ticks, tree = 0.00 MB, solutions = 3)","[2022-02-18T15:40:41Z, INFO] ","[2022-02-18T15:40:41Z, INFO] Root node processing (before b&c):","[2022-02-18T15:40:41Z, INFO]   Real time             =    0.01 sec. (8.88 ticks)","[2022-02-18T15:40:41Z, INFO] Sequential b&c:","[2022-02-18T15:40:41Z, INFO]   Real time             =    0.00 sec. (0.00 ticks)","[2022-02-18T15:40:41Z, INFO]                           ------------","[2022-02-18T15:40:41Z, INFO] Total (root+branch&cut) =    0.01 sec. (8.88 ticks)","[2022-02-18T15:40:41Z, INFO] Solve status: JobSolveStatus.OPTIMAL_SOLUTION","[2022-02-18T15:40:41Z, INFO] * model docplex_model1 solved with objective = 97630.000","[2022-02-18T15:40:41Z, INFO] *  KPI: the number of Employee-Shift assignments = 130.000","[2022-02-18T15:40:41Z, INFO] model solve done in 0.028021574020385742 secs","[2022-02-18T15:40:41Z, INFO] solution export done in 0.02920675277709961 secs","[2022-02-18T15:40:41Z, INFO] AssignedShifts.csv"]},"runtimeDetails":{"state":"STARTED"},"taskSetupMillis":3844,"taskSolveMillis":6374,"taskTearDownMillis":3297,"jobSpaceId":"c765df71-66f6-497c-afac-f8a3ee8f12d4","jobDeploymentId":"06ace3e1-39f6-40f3-ba7d-993adcaa1b59","jobId":"fab143db-89c8-4c7a-a7bc-90c06578004e","ping":1645198834796}