{"creationTime":1627464454386,"lastModificationTime":1627464467282,"state":"TERMINATED","solveConfig":{"containerId":"SimpleAssignment","solveParameters":{},"setupWebHook":{"verb":"GET","url":"https://api.dataplatform.cloud.ibm.com/v1/cognitive/solve/preprocess/SimpleAssignment?projectId=eefe6c81-fd7d-41bc-a7a7-fc646a9f83c7&parentId=ShiftAssignment","expectedStatus":200,"headers":{}},"tearDownWebHook":{"verb":"GET","url":"https://api.dataplatform.cloud.ibm.com/v1/cognitive/solve/postprocess/SimpleAssignment?projectId=eefe6c81-fd7d-41bc-a7a7-fc646a9f83c7&parentId=ShiftAssignment","expectedStatus":200,"headers":{}}},"jobDetails":{"id":"46289b18-d27b-43f2-8097-0631037ccebc","createdAt":1627464458682,"startedAt":1627464460202,"endedAt":1627464462232,"submittedAt":1627464458682,"details":{"KPI.the number of Employee-Shift assignments":"130.0","MODEL_DETAIL_BOOLEAN_VARS":"1664","MODEL_DETAIL_CONSTRAINTS":"246","MODEL_DETAIL_CONTINUOUS_VARS":"0","MODEL_DETAIL_INTEGER_VARS":"0","MODEL_DETAIL_KPIS":"[\"the number of Employee-Shift assignments\"]","MODEL_DETAIL_NONZEROS":"4517","MODEL_DETAIL_OBJECTIVE_SENSE":"maximize","MODEL_DETAIL_TYPE":"MILP","PROGRESS_BEST_OBJECTIVE":"97630.0","PROGRESS_BEST_OBJECTIVE.history":"[[1627464461.35, 97630.0]]","PROGRESS_CURRENT_OBJECTIVE":"97630.0","PROGRESS_CURRENT_OBJECTIVE.history":"[[1627464461.35, 97630.0]]","PROGRESS_GAP":"0.0","PROGRESS_GAP.history":"[[1627464461.35, 0.0]]","STAT.cplex.modelType":"MILP","STAT.cplex.size.booleanVariables":"1664","STAT.cplex.size.constraints":"246","STAT.cplex.size.continousVariables":"0","STAT.cplex.size.integerVariables":"0","STAT.cplex.size.linearConstraints":"246","STAT.cplex.size.quadraticConstraints":"0","STAT.cplex.size.variables":"1664","STAT.job.coresCount":"1","STAT.job.inputsReadMs":"197","STAT.job.memoryPeakKB":"103760","STAT.job.modelProcessingMs":"1007","STAT.job.outputsWriteMs":"718"},"executionStatus":"PROCESSED","solveStatus":"OPTIMAL_SOLUTION","logTail":["[2021-07-28T09:27:41Z, INFO] Legacy callback                                  i","[2021-07-28T09:27:41Z, INFO] Found incumbent of value 0.000000 after 0.00 sec. (0.04 ticks)","[2021-07-28T09:27:41Z, INFO] Tried aggregator 1 time.","[2021-07-28T09:27:41Z, INFO] MIP Presolve eliminated 92 rows and 1086 columns.","[2021-07-28T09:27:41Z, INFO] Reduced MIP has 154 rows, 578 columns, and 1156 nonzeros.","[2021-07-28T09:27:41Z, INFO] Reduced MIP has 578 binaries, 0 generals, 0 SOSs, and 0 indicators.","[2021-07-28T09:27:41Z, INFO] Presolve time = 0.00 sec. (1.51 ticks)","[2021-07-28T09:27:41Z, INFO] Probing time = 0.00 sec. (0.25 ticks)","[2021-07-28T09:27:41Z, INFO] Tried aggregator 1 time.","[2021-07-28T09:27:41Z, INFO] MIP Presolve eliminated 122 rows and 449 columns.","[2021-07-28T09:27:41Z, INFO] Reduced MIP has 32 rows, 129 columns, and 258 nonzeros.","[2021-07-28T09:27:41Z, INFO] Reduced MIP has 129 binaries, 0 generals, 0 SOSs, and 0 indicators.","[2021-07-28T09:27:41Z, INFO] Presolve time = 0.00 sec. (0.34 ticks)","[2021-07-28T09:27:41Z, INFO] Probing time = 0.00 sec. (0.06 ticks)","[2021-07-28T09:27:41Z, INFO] Tried aggregator 1 time.","[2021-07-28T09:27:41Z, INFO] Detecting symmetries...","[2021-07-28T09:27:41Z, INFO] Reduced MIP has 32 rows, 129 columns, and 258 nonzeros.","[2021-07-28T09:27:41Z, INFO] Reduced MIP has 129 binaries, 0 generals, 0 SOSs, and 0 indicators.","[2021-07-28T09:27:41Z, INFO] Presolve time = 0.00 sec. (0.27 ticks)","[2021-07-28T09:27:41Z, INFO] Probing time = 0.00 sec. (0.06 ticks)","[2021-07-28T09:27:41Z, INFO] Clique table members: 24.","[2021-07-28T09:27:41Z, INFO] MIP emphasis: balance optimality and feasibility.","[2021-07-28T09:27:41Z, INFO] MIP search method: dynamic search.","[2021-07-28T09:27:41Z, INFO] Parallel mode: none, using 1 thread.","[2021-07-28T09:27:41Z, INFO] Root relaxation solution time = 0.00 sec. (0.17 ticks)","[2021-07-28T09:27:41Z, INFO] ","[2021-07-28T09:27:41Z, INFO]         Nodes                                         Cuts/","[2021-07-28T09:27:41Z, INFO]    Node  Left     Objective  IInf  Best Integer    Best Bound    ItCnt     Gap","[2021-07-28T09:27:41Z, INFO] ","[2021-07-28T09:27:41Z, INFO] *     0+    0                        79606.0000   176485.0000           121.70%","[2021-07-28T09:27:41Z, INFO] *     0     0      integral     0    97630.0000    97630.0000       64    0.00%","[2021-07-28T09:27:41Z, INFO] Elapsed time = 0.02 sec. (8.80 ticks, tree = 0.00 MB, solutions = 3)","[2021-07-28T09:27:41Z, INFO] ","[2021-07-28T09:27:41Z, INFO] Root node processing (before b&amp;c):","[2021-07-28T09:27:41Z, INFO]   Real time             =    0.02 sec. (8.88 ticks)","[2021-07-28T09:27:41Z, INFO] Sequential b&amp;c:","[2021-07-28T09:27:41Z, INFO]   Real time             =    0.00 sec. (0.00 ticks)","[2021-07-28T09:27:41Z, INFO]                           ------------","[2021-07-28T09:27:41Z, INFO] Total (root+branch&amp;cut) =    0.02 sec. (8.88 ticks)","[2021-07-28T09:27:41Z, INFO] Solve status: JobSolveStatus.OPTIMAL_SOLUTION","[2021-07-28T09:27:41Z, INFO] * model docplex_model1 solved with objective = 97630.000","[2021-07-28T09:27:41Z, INFO] *  KPI: the number of Employee-Shift assignments = 130.000","[2021-07-28T09:27:41Z, INFO] model solve done in 0.05187678337097168 secs","[2021-07-28T09:27:41Z, INFO] solution export done in 0.04743146896362305 secs","[2021-07-28T09:27:41Z, INFO] AssignedShifts.csv"]},"runtimeDetails":{"state":"STARTED"},"taskSetupMillis":4046,"taskSolveMillis":4633,"taskTearDownMillis":3270,"jobSpaceId":"ed9dd2bb-7b85-4819-8f39-e853d288ece7","jobId":"46289b18-d27b-43f2-8097-0631037ccebc","ping":1627464454777}