{"creationTime":1622472557987,"lastModificationTime":1622472574421,"state":"TERMINATED","solveConfig":{"containerId":"SimpleAssignment","solveParameters":{},"setupWebHook":{"verb":"GET","url":"https://api.dataplatform.cloud.ibm.com/v1/cognitive/solve/preprocess/SimpleAssignment?projectId=42b42c43-3e01-4384-be49-b6f3cea6e13e&parentId=ShiftAssignment","expectedStatus":200,"headers":{}},"tearDownWebHook":{"verb":"GET","url":"https://api.dataplatform.cloud.ibm.com/v1/cognitive/solve/postprocess/SimpleAssignment?projectId=42b42c43-3e01-4384-be49-b6f3cea6e13e&parentId=ShiftAssignment","expectedStatus":200,"headers":{}}},"jobDetails":{"id":"b634127b-5b6e-4cef-a852-1ca05ad04659","createdAt":1622472565818,"startedAt":1622472566742,"endedAt":1622472568730,"submittedAt":1622472565818,"details":{"KPI.the number of Employee-Shift assignments":"130.0","MODEL_DETAIL_BOOLEAN_VARS":"1664","MODEL_DETAIL_CONSTRAINTS":"246","MODEL_DETAIL_CONTINUOUS_VARS":"0","MODEL_DETAIL_INTEGER_VARS":"0","MODEL_DETAIL_KPIS":"[\"the number of Employee-Shift assignments\"]","MODEL_DETAIL_NONZEROS":"4517","MODEL_DETAIL_OBJECTIVE_SENSE":"maximize","MODEL_DETAIL_TYPE":"MILP","PROGRESS_BEST_OBJECTIVE":"97630.0","PROGRESS_BEST_OBJECTIVE.history":"[[1622472567.64, 97630.0]]","PROGRESS_CURRENT_OBJECTIVE":"97630.0","PROGRESS_CURRENT_OBJECTIVE.history":"[[1622472567.64, 97630.0]]","PROGRESS_GAP":"0.0","PROGRESS_GAP.history":"[[1622472567.64, 0.0]]","STAT.cplex.modelType":"MILP","STAT.cplex.size.booleanVariables":"1664","STAT.cplex.size.constraints":"246","STAT.cplex.size.continousVariables":"0","STAT.cplex.size.integerVariables":"0","STAT.cplex.size.linearConstraints":"246","STAT.cplex.size.quadraticConstraints":"0","STAT.cplex.size.variables":"1664","STAT.job.coresCount":"1","STAT.job.inputsReadMs":"525","STAT.job.memoryPeakKB":"103072","STAT.job.modelProcessingMs":"408","STAT.job.outputsWriteMs":"974"},"executionStatus":"PROCESSED","solveStatus":"OPTIMAL_SOLUTION","logTail":["[2021-05-31T14:49:27Z, INFO] Legacy callback                                  i","[2021-05-31T14:49:27Z, INFO] Found incumbent of value 0.000000 after 0.00 sec. (0.04 ticks)","[2021-05-31T14:49:27Z, INFO] Tried aggregator 1 time.","[2021-05-31T14:49:27Z, INFO] MIP Presolve eliminated 92 rows and 1086 columns.","[2021-05-31T14:49:27Z, INFO] Reduced MIP has 154 rows, 578 columns, and 1156 nonzeros.","[2021-05-31T14:49:27Z, INFO] Reduced MIP has 578 binaries, 0 generals, 0 SOSs, and 0 indicators.","[2021-05-31T14:49:27Z, INFO] Presolve time = 0.00 sec. (1.51 ticks)","[2021-05-31T14:49:27Z, INFO] Probing time = 0.00 sec. (0.25 ticks)","[2021-05-31T14:49:27Z, INFO] Tried aggregator 1 time.","[2021-05-31T14:49:27Z, INFO] MIP Presolve eliminated 122 rows and 449 columns.","[2021-05-31T14:49:27Z, INFO] Reduced MIP has 32 rows, 129 columns, and 258 nonzeros.","[2021-05-31T14:49:27Z, INFO] Reduced MIP has 129 binaries, 0 generals, 0 SOSs, and 0 indicators.","[2021-05-31T14:49:27Z, INFO] Presolve time = 0.00 sec. (0.34 ticks)","[2021-05-31T14:49:27Z, INFO] Probing time = 0.00 sec. (0.06 ticks)","[2021-05-31T14:49:27Z, INFO] Tried aggregator 1 time.","[2021-05-31T14:49:27Z, INFO] Detecting symmetries...","[2021-05-31T14:49:27Z, INFO] Reduced MIP has 32 rows, 129 columns, and 258 nonzeros.","[2021-05-31T14:49:27Z, INFO] Reduced MIP has 129 binaries, 0 generals, 0 SOSs, and 0 indicators.","[2021-05-31T14:49:27Z, INFO] Presolve time = 0.00 sec. (0.27 ticks)","[2021-05-31T14:49:27Z, INFO] Probing time = 0.00 sec. (0.06 ticks)","[2021-05-31T14:49:27Z, INFO] Clique table members: 24.","[2021-05-31T14:49:27Z, INFO] MIP emphasis: balance optimality and feasibility.","[2021-05-31T14:49:27Z, INFO] MIP search method: dynamic search.","[2021-05-31T14:49:27Z, INFO] Parallel mode: none, using 1 thread.","[2021-05-31T14:49:27Z, INFO] Root relaxation solution time = 0.00 sec. (0.17 ticks)","[2021-05-31T14:49:27Z, INFO] ","[2021-05-31T14:49:27Z, INFO]         Nodes                                         Cuts/","[2021-05-31T14:49:27Z, INFO]    Node  Left     Objective  IInf  Best Integer    Best Bound    ItCnt     Gap","[2021-05-31T14:49:27Z, INFO] ","[2021-05-31T14:49:27Z, INFO] *     0+    0                        79606.0000   176485.0000           121.70%","[2021-05-31T14:49:27Z, INFO] *     0     0      integral     0    97630.0000    97630.0000       64    0.00%","[2021-05-31T14:49:27Z, INFO] Elapsed time = 0.01 sec. (8.80 ticks, tree = 0.00 MB, solutions = 3)","[2021-05-31T14:49:27Z, INFO] ","[2021-05-31T14:49:27Z, INFO] Root node processing (before b&amp;c):","[2021-05-31T14:49:27Z, INFO]   Real time             =    0.01 sec. (8.88 ticks)","[2021-05-31T14:49:27Z, INFO] Sequential b&amp;c:","[2021-05-31T14:49:27Z, INFO]   Real time             =    0.00 sec. (0.00 ticks)","[2021-05-31T14:49:27Z, INFO]                           ------------","[2021-05-31T14:49:27Z, INFO] Total (root+branch&amp;cut) =    0.01 sec. (8.88 ticks)","[2021-05-31T14:49:27Z, INFO] Solve status: JobSolveStatus.OPTIMAL_SOLUTION","[2021-05-31T14:49:27Z, INFO] * model docplex_model1 solved with objective = 97630.000","[2021-05-31T14:49:27Z, INFO] *  KPI: the number of Employee-Shift assignments = 130.000","[2021-05-31T14:49:27Z, INFO] model solve done in 0.028153419494628906 secs","[2021-05-31T14:49:27Z, INFO] solution export done in 0.03205680847167969 secs","[2021-05-31T14:49:27Z, INFO] AssignedShifts.csv"]},"runtimeDetails":{"state":"STARTED"},"taskSetupMillis":7506,"taskSolveMillis":3031,"taskTearDownMillis":4298,"jobSpaceId":"cf8149be-2496-4afc-b3cc-e5aea64024d2","jobId":"b634127b-5b6e-4cef-a852-1ca05ad04659","ping":1622472558571}