{"CPLEXSolution": {"version": "1.0", "header": {"problemName": "love_hearts_8", "objectiveValue": "13.0", "solved_by": "cplex_local"}, "variables": [{"index": "0", "name": "a_1_1", "value": "1.0"}, {"index": "2", "name": "a_2_2", "value": "1.0"}, {"index": "3", "name": "a_3_1", "value": "1.0"}, {"index": "9", "name": "a_4_4", "value": "1.0"}, {"index": "11", "name": "a_5_2", "value": "1.0"}, {"index": "21", "name": "a_7_1", "value": "1.0"}, {"index": "23", "name": "a_7_3", "value": "1.0"}, {"index": "24", "name": "a_7_4", "value": "1.0"}, {"index": "26", "name": "a_7_6", "value": "1.0"}, {"index": "30", "name": "a_8_3", "value": "1.0"}, {"index": "32", "name": "a_8_5", "value": "1.0"}, {"index": "33", "name": "a_8_6", "value": "1.0"}, {"index": "35", "name": "a_8_8", "value": "1.0"}], "linearConstraints": [{"name": null, "index": 0}, {"name": null, "index": 1}, {"name": null, "index": 2, "slack": 1.0}, {"name": null, "index": 3}, {"name": null, "index": 4, "slack": 2.0}, {"name": null, "index": 5}, {"name": null, "index": 6, "slack": 1.0}, {"name": null, "index": 7}, {"name": null, "index": 8, "slack": 1.0}, {"name": null, "index": 9, "slack": 1.0}, {"name": null, "index": 10, "slack": 1.0}, {"name": null, "index": 11, "slack": 2.0}, {"name": null, "index": 12}, {"name": null, "index": 13, "slack": 2.0}, {"name": null, "index": 14, "slack": 1.0}, {"name": null, "index": 15}, {"name": null, "index": 16, "slack": 2.0}, {"name": null, "index": 17}, {"name": null, "index": 18}, {"name": null, "index": 19, "slack": 2.0}, {"name": null, "index": 20}, {"name": null, "index": 21}, {"name": null, "index": 22, "slack": 2.0}, {"name": null, "index": 23}, {"name": null, "index": 24, "slack": 2.0}, {"name": null, "index": 25}, {"name": null, "index": 26, "slack": 1.0}, {"name": null, "index": 27}, {"name": null, "index": 28, "slack": 1.0}, {"name": null, "index": 29, "slack": 2.0}, {"name": null, "index": 30, "slack": 1.0}, {"name": null, "index": 31, "slack": 2.0}, {"name": null, "index": 32}, {"name": null, "index": 33, "slack": 2.0}, {"name": null, "index": 34, "slack": 2.0}, {"name": null, "index": 35, "slack": 1.0}, {"name": null, "index": 36, "slack": 2.0}, {"name": null, "index": 37, "slack": 2.0}, {"name": null, "index": 38}, {"name": null, "index": 39, "slack": 1.0}, {"name": null, "index": 40, "slack": 1.0}, {"name": null, "index": 41, "slack": 1.0}, {"name": null, "index": 42, "slack": 2.0}, {"name": null, "index": 43, "slack": 2.0}, {"name": null, "index": 44}, {"name": null, "index": 45, "slack": 1.0}, {"name": null, "index": 46, "slack": 2.0}, {"name": null, "index": 47, "slack": 1.0}, {"name": null, "index": 48}, {"name": null, "index": 49, "slack": 1.0}, {"name": null, "index": 50}, {"name": null, "index": 51, "slack": 2.0}, {"name": null, "index": 52}, {"name": null, "index": 53, "slack": 1.0}, {"name": null, "index": 54, "slack": 2.0}, {"name": null, "index": 55, "slack": 1.0}, {"name": null, "index": 56, "slack": 2.0}, {"name": null, "index": 57, "slack": 1.0}, {"name": null, "index": 58, "slack": 1.0}, {"name": null, "index": 59, "slack": 1.0}, {"name": null, "index": 60, "slack": 1.0}, {"name": null, "index": 61, "slack": 1.0}, {"name": null, "index": 62}, {"name": null, "index": 63, "slack": 1.0}, {"name": null, "index": 64}, {"name": null, "index": 65, "slack": 1.0}, {"name": null, "index": 66, "slack": 2.0}, {"name": null, "index": 67}, {"name": null, "index": 68}, {"name": null, "index": 69, "slack": 2.0}, {"name": null, "index": 70, "slack": 1.0}, {"name": null, "index": 71, "slack": 1.0}, {"name": null, "index": 72, "slack": 1.0}, {"name": null, "index": 73, "slack": 1.0}, {"name": null, "index": 74, "slack": 2.0}, {"name": null, "index": 75, "slack": 2.0}, {"name": null, "index": 76}, {"name": null, "index": 77, "slack": 2.0}, {"name": null, "index": 78, "slack": 1.0}, {"name": null, "index": 79, "slack": 1.0}, {"name": null, "index": 80}, {"name": null, "index": 81, "slack": 2.0}, {"name": null, "index": 82, "slack": 1.0}, {"name": null, "index": 83, "slack": 2.0}, {"name": null, "index": 84}, {"name": null, "index": 85, "slack": 2.0}, {"name": null, "index": 86, "slack": 1.0}, {"name": null, "index": 87, "slack": 2.0}, {"name": null, "index": 88, "slack": 2.0}, {"name": null, "index": 89, "slack": 2.0}, {"name": null, "index": 90, "slack": 1.0}, {"name": null, "index": 91, "slack": 1.0}, {"name": null, "index": 92, "slack": 1.0}, {"name": null, "index": 93}, {"name": null, "index": 94, "slack": 2.0}, {"name": null, "index": 95, "slack": 2.0}, {"name": null, "index": 96}, {"name": null, "index": 97, "slack": 1.0}, {"name": null, "index": 98, "slack": 1.0}, {"name": null, "index": 99, "slack": 1.0}, {"name": null, "index": 100, "slack": 1.0}, {"name": null, "index": 101, "slack": 2.0}, {"name": null, "index": 102, "slack": 1.0}, {"name": null, "index": 103, "slack": 2.0}, {"name": null, "index": 104, "slack": 2.0}, {"name": null, "index": 105, "slack": 1.0}, {"name": null, "index": 106, "slack": 1.0}, {"name": null, "index": 107, "slack": 1.0}, {"name": null, "index": 108, "slack": 2.0}, {"name": null, "index": 109}, {"name": null, "index": 110}, {"name": null, "index": 111, "slack": 2.0}, {"name": null, "index": 112, "slack": 1.0}, {"name": null, "index": 113, "slack": 1.0}, {"name": null, "index": 114}, {"name": null, "index": 115, "slack": 1.0}, {"name": null, "index": 116, "slack": 2.0}, {"name": null, "index": 117, "slack": 1.0}, {"name": null, "index": 118}, {"name": null, "index": 119, "slack": 2.0}, {"name": null, "index": 120}, {"name": null, "index": 121, "slack": 1.0}, {"name": null, "index": 122, "slack": 1.0}, {"name": null, "index": 123, "slack": 1.0}, {"name": null, "index": 124}, {"name": null, "index": 125, "slack": 1.0}, {"name": null, "index": 126, "slack": 2.0}, {"name": null, "index": 127, "slack": 1.0}, {"name": null, "index": 128, "slack": 2.0}, {"name": null, "index": 129}, {"name": null, "index": 130, "slack": 1.0}, {"name": null, "index": 131, "slack": 1.0}, {"name": null, "index": 132}, {"name": null, "index": 133, "slack": 2.0}, {"name": null, "index": 134, "slack": 1.0}, {"name": null, "index": 135, "slack": 2.0}, {"name": null, "index": 136, "slack": 2.0}, {"name": null, "index": 137, "slack": 2.0}, {"name": null, "index": 138}, {"name": null, "index": 139, "slack": 1.0}, {"name": null, "index": 140, "slack": 2.0}, {"name": null, "index": 141, "slack": 1.0}, {"name": null, "index": 142, "slack": 1.0}, {"name": null, "index": 143, "slack": 1.0}, {"name": null, "index": 144}, {"name": null, "index": 145, "slack": 1.0}, {"name": null, "index": 146, "slack": 1.0}, {"name": null, "index": 147, "slack": 2.0}, {"name": null, "index": 148}, {"name": null, "index": 149, "slack": 2.0}, {"name": null, "index": 150, "slack": 1.0}, {"name": null, "index": 151}, {"name": null, "index": 152, "slack": 1.0}, {"name": null, "index": 153, "slack": 1.0}, {"name": null, "index": 154, "slack": 1.0}, {"name": null, "index": 155, "slack": 2.0}, {"name": null, "index": 156}, {"name": null, "index": 157, "slack": 2.0}, {"name": null, "index": 158, "slack": 2.0}, {"name": null, "index": 159, "slack": 1.0}, {"name": null, "index": 160}, {"name": null, "index": 161, "slack": 1.0}, {"name": null, "index": 162}, {"name": null, "index": 163, "slack": 1.0}, {"name": null, "index": 164}, {"name": null, "index": 165}, {"name": null, "index": 166, "slack": 2.0}, {"name": null, "index": 167, "slack": 2.0}, {"name": null, "index": 168, "slack": 1.0}, {"name": null, "index": 169, "slack": 1.0}, {"name": null, "index": 170}, {"name": null, "index": 171, "slack": 2.0}, {"name": null, "index": 172}, {"name": null, "index": 173, "slack": 2.0}, {"name": null, "index": 174}, {"name": null, "index": 175, "slack": 2.0}, {"name": null, "index": 176, "slack": 2.0}, {"name": null, "index": 177}, {"name": null, "index": 178}, {"name": null, "index": 179, "slack": 2.0}, {"name": null, "index": 180, "slack": 2.0}, {"name": null, "index": 181, "slack": 1.0}, {"name": null, "index": 182}, {"name": null, "index": 183, "slack": 1.0}, {"name": null, "index": 184, "slack": 2.0}, {"name": null, "index": 185, "slack": 1.0}, {"name": null, "index": 186, "slack": 1.0}, {"name": null, "index": 187, "slack": 1.0}, {"name": null, "index": 188, "slack": 1.0}, {"name": null, "index": 189, "slack": 2.0}, {"name": null, "index": 190}, {"name": null, "index": 191}, {"name": null, "index": 192}, {"name": null, "index": 193}, {"name": null, "index": 194, "slack": 1.0}, {"name": null, "index": 195, "slack": 1.0}, {"name": null, "index": 196}, {"name": null, "index": 197, "slack": 1.0}, {"name": null, "index": 198, "slack": 1.0}, {"name": null, "index": 199}, {"name": null, "index": 200, "slack": 1.0}, {"name": null, "index": 201}, {"name": null, "index": 202, "slack": 1.0}, {"name": null, "index": 203, "slack": 1.0}, {"name": null, "index": 204, "slack": 1.0}, {"name": null, "index": 205}, {"name": null, "index": 206}, {"name": null, "index": 207}, {"name": null, "index": 208}, {"name": null, "index": 209, "slack": 1.0}]}}