{"creationTime":1698151724304,"lastModificationTime":1698151763848,"state":"TERMINATED","solveConfig":{"containerId":"Scenario 1","solveParameters":{}},"jobDetails":{"id":"938a86c5-b958-4d4d-84fd-e634e6868836","createdAt":1698151730743,"startedAt":1698151756627,"endedAt":1698151759810,"submittedAt":1698151730743,"details":{"KPI.PROGRESS_CURRENT_OBJECTIVE":"13.0","KPI._time":"0.002117156982421875","MODEL_DETAIL_BOOLEAN_VARS":"36","MODEL_DETAIL_CONSTRAINTS":"210","MODEL_DETAIL_CONTINUOUS_VARS":"0","MODEL_DETAIL_INTEGER_VARS":"0","MODEL_DETAIL_KPIS":"[]","MODEL_DETAIL_NONZEROS":"630","MODEL_DETAIL_OBJECTIVE_SENSE":"maximize","MODEL_DETAIL_TYPE":"MILP","PROGRESS_BEST_OBJECTIVE":"24.0","PROGRESS_BEST_OBJECTIVE.history":"[[1698151759.44, 24.0]]","PROGRESS_CURRENT_OBJECTIVE":"13.0","PROGRESS_CURRENT_OBJECTIVE.history":"[[1698151759.44, 13.0]]","PROGRESS_GAP":"0.8461538461473372","PROGRESS_GAP.history":"[[1698151759.44, 0.8461538461473372]]","STAT.cplex.modelType":"MILP","STAT.cplex.size.booleanVariables":"36","STAT.cplex.size.constraints":"210","STAT.cplex.size.continousVariables":"0","STAT.cplex.size.integerVariables":"0","STAT.cplex.size.linearConstraints":"210","STAT.cplex.size.quadraticConstraints":"0","STAT.cplex.size.variables":"36","STAT.cplex.solve.elapsedTime":"0.002117156982421875","STAT.cplex.solve.explored":"0","STAT.cplex.solve.iterationCount":"54","STAT.cplex.solve.opened":"1","STAT.job.coresCount":"1","STAT.job.inputsReadMs":"1833","STAT.job.memoryPeakKB":"115508","STAT.job.modelProcessingMs":"778","STAT.job.outputsWriteMs":"265","latestOutputUpload":"2023-10-24T12:49:19.808Z"},"executionStatus":"PROCESSED","solveStatus":"FEASIBLE_SOLUTION","logTail":["[2023-10-24T12:49:18.516Z, WARNING] Python 3.10 is used as default with pandas 1.5.3 libraries.","[2023-10-24T12:49:18.695Z, INFO] {}","[2023-10-24T12:49:18.983Z, INFO] * running love hearts puzzle with size=8","[2023-10-24T12:49:19.019Z, INFO] ","[2023-10-24T12:49:19.020Z, INFO] Non default CPLEX parameters are:","[2023-10-24T12:49:19.021Z, INFO] solutions:int(2)","[2023-10-24T12:49:19.022Z, INFO] datacheck:int(0)","[2023-10-24T12:49:19.022Z, INFO] End of non default parameters","[2023-10-24T12:49:19.024Z, INFO] ","[2023-10-24T12:49:19.024Z, INFO] ","[2023-10-24T12:49:19.356Z, INFO] Solve with default: 14.0","[2023-10-24T12:49:19.400Z, INFO] Solve with params through solve method and .ops file: 13.0","[2023-10-24T12:49:19.429Z, INFO] Solve with params through Model constructor and .ops file: 13.0","[2023-10-24T12:49:19.455Z, INFO] Solve with params through standard python code: 13.0","[2023-10-24T12:49:19.456Z, INFO] all checks are good","[2023-10-24T12:49:19.456Z, INFO] Warning: no outputs written"]},"taskSetupTime":1698151730758,"taskSolveTime":1698151762762,"taskTearDownTime":1698151763848,"jobSpaceId":"1e6362e3-9985-4ea3-b8ba-5d35f3036aa5","jobDeploymentId":"3b54d40e-c424-4291-bb42-1683b9b523ac","jobId":"938a86c5-b958-4d4d-84fd-e634e6868836","ping":1698151755112}