{"creationTime":1622476134277,"lastModificationTime":1622476148725,"state":"TERMINATED","solveConfig":{"containerId":"scenario 3","solveParameters":{"oaas.logAttachmentName":"log.txt","oaas.logTailEnabled":"true"},"setupWebHook":{"verb":"GET","url":"https://internal-nginx-svc:12443/v1/cognitive/solve/preprocess/scenario%203?projectId=4214eea9-65c3-4605-8236-fb414b499e06&parentId=MarketingCampaignAssignment","expectedStatus":200,"headers":{}},"tearDownWebHook":{"verb":"GET","url":"https://internal-nginx-svc:12443/v1/cognitive/solve/postprocess/scenario%203?projectId=4214eea9-65c3-4605-8236-fb414b499e06&parentId=MarketingCampaignAssignment","expectedStatus":200,"headers":{}}},"jobDetails":{"id":"2f39f307-daa1-45f3-882f-4d87deacad30","createdAt":1622476142334,"startedAt":1622476143447,"endedAt":1622476144920,"submittedAt":1622476142334,"details":{"KPI.overall quality or value of Customer-Campaign assignments according to Candidates":"735.0","KPI.the number of Customer-Campaign assignments":"9.0","MODEL_DETAIL_BOOLEAN_VARS":"27","MODEL_DETAIL_CONSTRAINTS":"14","MODEL_DETAIL_CONTINUOUS_VARS":"0","MODEL_DETAIL_INTEGER_VARS":"0","MODEL_DETAIL_KPIS":"[\"the number of Customer-Campaign assignments\", \"overall quality or value of Customer-Campaign assignments according to Candidates\"]","MODEL_DETAIL_NONZEROS":"56","MODEL_DETAIL_OBJECTIVE_SENSE":"maximize","MODEL_DETAIL_TYPE":"MILP","PROGRESS_BEST_OBJECTIVE":"11904.0","PROGRESS_BEST_OBJECTIVE.history":"[[1622476144.31, 11904.0]]","PROGRESS_CURRENT_OBJECTIVE":"11904.0","PROGRESS_CURRENT_OBJECTIVE.history":"[[1622476144.31, 11904.0]]","PROGRESS_GAP":"0.0","PROGRESS_GAP.history":"[[1622476144.31, 0.0]]","STAT.cplex.modelType":"MILP","STAT.cplex.size.booleanVariables":"27","STAT.cplex.size.constraints":"14","STAT.cplex.size.continousVariables":"0","STAT.cplex.size.integerVariables":"0","STAT.cplex.size.linearConstraints":"14","STAT.cplex.size.quadraticConstraints":"0","STAT.cplex.size.variables":"27","STAT.job.coresCount":"1","STAT.job.inputsReadMs":"702","STAT.job.memoryPeakKB":"100872","STAT.job.modelProcessingMs":"161","STAT.job.outputsWriteMs":"523"},"executionStatus":"PROCESSED","solveStatus":"OPTIMAL_SOLUTION","logTail":["[2021-05-31T15:49:04Z, INFO] Version identifier: 20.1.0.0 | 2020-11-10 | 9bedb6d68","[2021-05-31T15:49:04Z, INFO] CPXPARAM_Read_DataCheck                          1","[2021-05-31T15:49:04Z, INFO] CPXPARAM_Threads                                 1","[2021-05-31T15:49:04Z, INFO] CPXPARAM_TimeLimit                               120","[2021-05-31T15:49:04Z, INFO] Legacy callback                                  i","[2021-05-31T15:49:04Z, INFO] Found incumbent of value 0.000000 after 0.00 sec. (0.00 ticks)","[2021-05-31T15:49:04Z, INFO] Tried aggregator 1 time.","[2021-05-31T15:49:04Z, INFO] MIP Presolve eliminated 2 rows and 2 columns.","[2021-05-31T15:49:04Z, INFO] Reduced MIP has 12 rows, 25 columns, and 50 nonzeros.","[2021-05-31T15:49:04Z, INFO] Reduced MIP has 25 binaries, 0 generals, 0 SOSs, and 0 indicators.","[2021-05-31T15:49:04Z, INFO] Presolve time = 0.00 sec. (0.03 ticks)","[2021-05-31T15:49:04Z, INFO] Probing time = 0.00 sec. (0.01 ticks)","[2021-05-31T15:49:04Z, INFO] Tried aggregator 1 time.","[2021-05-31T15:49:04Z, INFO] Detecting symmetries...","[2021-05-31T15:49:04Z, INFO] Reduced MIP has 12 rows, 25 columns, and 50 nonzeros.","[2021-05-31T15:49:04Z, INFO] Reduced MIP has 25 binaries, 0 generals, 0 SOSs, and 0 indicators.","[2021-05-31T15:49:04Z, INFO] Presolve time = 0.00 sec. (0.04 ticks)","[2021-05-31T15:49:04Z, INFO] Probing time = 0.00 sec. (0.01 ticks)","[2021-05-31T15:49:04Z, INFO] Clique table members: 9.","[2021-05-31T15:49:04Z, INFO] MIP emphasis: balance optimality and feasibility.","[2021-05-31T15:49:04Z, INFO] MIP search method: dynamic search.","[2021-05-31T15:49:04Z, INFO] Parallel mode: none, using 1 thread.","[2021-05-31T15:49:04Z, INFO] Root relaxation solution time = 0.00 sec. (0.02 ticks)","[2021-05-31T15:49:04Z, INFO] ","[2021-05-31T15:49:04Z, INFO]         Nodes                                         Cuts/","[2021-05-31T15:49:04Z, INFO]    Node  Left     Objective  IInf  Best Integer    Best Bound    ItCnt     Gap","[2021-05-31T15:49:04Z, INFO] ","[2021-05-31T15:49:04Z, INFO] *     0+    0                            0.0000    29520.0000              --- ","[2021-05-31T15:49:04Z, INFO] *     0     0      integral     0    11904.0000    11904.0000       11    0.00%","[2021-05-31T15:49:04Z, INFO] Elapsed time = 0.00 sec. (0.14 ticks, tree = 0.00 MB, solutions = 2)","[2021-05-31T15:49:04Z, INFO] ","[2021-05-31T15:49:04Z, INFO] Root node processing (before b&c):","[2021-05-31T15:49:04Z, INFO]   Real time             =    0.00 sec. (0.14 ticks)","[2021-05-31T15:49:04Z, INFO] Sequential b&c:","[2021-05-31T15:49:04Z, INFO]   Real time             =    0.00 sec. (0.00 ticks)","[2021-05-31T15:49:04Z, INFO]                           ------------","[2021-05-31T15:49:04Z, INFO] Total (root+branch&cut) =    0.00 sec. (0.14 ticks)","[2021-05-31T15:49:04Z, INFO] Solve status: JobSolveStatus.OPTIMAL_SOLUTION","[2021-05-31T15:49:04Z, INFO] * model docplex_model1 solved with objective = 11904.000","[2021-05-31T15:49:04Z, INFO] *  KPI: the number of Customer-Campaign assignments                                       = 9.000","[2021-05-31T15:49:04Z, INFO] *  KPI: overall quality or value of Customer-Campaign assignments according to Candidates = 735.000","[2021-05-31T15:49:04Z, INFO] model solve done in 0.01636028289794922 secs","[2021-05-31T15:49:04Z, INFO] solution export done in 0.01773810386657715 secs","[2021-05-31T15:49:04Z, INFO] AssignedCampaigns.csv","[2021-05-31T15:49:04Z, INFO] NotAssignedCampaigns.csv"]},"runtimeDetails":{"state":"STARTED"},"taskSetupMillis":7187,"taskSolveMillis":3579,"taskTearDownMillis":2147,"jobSpaceId":"35bb88af-4cb7-45f7-b26a-c166c256ea9a","jobId":"2f39f307-daa1-45f3-882f-4d87deacad30","ping":1622476135156}