{"creationTime":1636560981695,"lastModificationTime":1636560999463,"state":"TERMINATED","solveConfig":{"containerId":"scenario 3","solveParameters":{"oaas.logAttachmentName":"log.txt","oaas.docplex.python":"3.8","oaas.logTailEnabled":"true"},"setupWebHook":{"verb":"GET","url":"https://internal-nginx-svc:12443/v1/cognitive/solve/preprocess/scenario%203?projectId=214bf38c-0e5a-477e-9da8-3899eaee0c65&parentId=MarketingCampaignAssignment","expectedStatus":200,"headers":{}},"tearDownWebHook":{"verb":"GET","url":"https://internal-nginx-svc:12443/v1/cognitive/solve/postprocess/scenario%203?projectId=214bf38c-0e5a-477e-9da8-3899eaee0c65&parentId=MarketingCampaignAssignment","expectedStatus":200,"headers":{}}},"jobDetails":{"id":"a4899e8f-53bd-4af3-bc32-b72cdb0c2032","createdAt":1636560988813,"startedAt":1636560991003,"endedAt":1636560993260,"submittedAt":1636560988813,"details":{"KPI.overall quality or value of Customer-Campaign assignments according to Candidates":"735.0","KPI.the number of Customer-Campaign assignments":"9.0","MODEL_DETAIL_BOOLEAN_VARS":"27","MODEL_DETAIL_CONSTRAINTS":"14","MODEL_DETAIL_CONTINUOUS_VARS":"0","MODEL_DETAIL_INTEGER_VARS":"0","MODEL_DETAIL_KPIS":"[\"the number of Customer-Campaign assignments\", \"overall quality or value of Customer-Campaign assignments according to Candidates\"]","MODEL_DETAIL_NONZEROS":"56","MODEL_DETAIL_OBJECTIVE_SENSE":"maximize","MODEL_DETAIL_TYPE":"MILP","PROGRESS_BEST_OBJECTIVE":"11904.0","PROGRESS_BEST_OBJECTIVE.history":"[[1636560992.15, 11904.0]]","PROGRESS_CURRENT_OBJECTIVE":"11904.0","PROGRESS_CURRENT_OBJECTIVE.history":"[[1636560992.15, 11904.0]]","PROGRESS_GAP":"0.0","PROGRESS_GAP.history":"[[1636560992.15, 0.0]]","STAT.cplex.modelType":"MILP","STAT.cplex.size.booleanVariables":"27","STAT.cplex.size.constraints":"14","STAT.cplex.size.continousVariables":"0","STAT.cplex.size.integerVariables":"0","STAT.cplex.size.linearConstraints":"14","STAT.cplex.size.quadraticConstraints":"0","STAT.cplex.size.variables":"27","STAT.job.coresCount":"1","STAT.job.inputsReadMs":"532","STAT.job.memoryPeakKB":"102328","STAT.job.modelProcessingMs":"614","STAT.job.outputsWriteMs":"939"},"executionStatus":"PROCESSED","solveStatus":"OPTIMAL_SOLUTION","logTail":["[2021-11-10T16:16:32Z, INFO] WARNING: Number of workers has been reduced to 1 to comply with platform limitations.","[2021-11-10T16:16:32Z, INFO] Version identifier: 20.1.0.1 | 2021-08-16 | c4ad639ec","[2021-11-10T16:16:32Z, INFO] CPXPARAM_Read_DataCheck                          1","[2021-11-10T16:16:32Z, INFO] CPXPARAM_Threads                                 1","[2021-11-10T16:16:32Z, INFO] CPXPARAM_TimeLimit                               120","[2021-11-10T16:16:32Z, INFO] Legacy callback                                  i","[2021-11-10T16:16:32Z, INFO] Found incumbent of value 0.000000 after 0.00 sec. (0.00 ticks)","[2021-11-10T16:16:32Z, INFO] Tried aggregator 1 time.","[2021-11-10T16:16:32Z, INFO] MIP Presolve eliminated 2 rows and 2 columns.","[2021-11-10T16:16:32Z, INFO] Reduced MIP has 12 rows, 25 columns, and 50 nonzeros.","[2021-11-10T16:16:32Z, INFO] Reduced MIP has 25 binaries, 0 generals, 0 SOSs, and 0 indicators.","[2021-11-10T16:16:32Z, INFO] Presolve time = 0.00 sec. (0.03 ticks)","[2021-11-10T16:16:32Z, INFO] Probing time = 0.00 sec. (0.01 ticks)","[2021-11-10T16:16:32Z, INFO] Tried aggregator 1 time.","[2021-11-10T16:16:32Z, INFO] Detecting symmetries...","[2021-11-10T16:16:32Z, INFO] Reduced MIP has 12 rows, 25 columns, and 50 nonzeros.","[2021-11-10T16:16:32Z, INFO] Reduced MIP has 25 binaries, 0 generals, 0 SOSs, and 0 indicators.","[2021-11-10T16:16:32Z, INFO] Presolve time = 0.00 sec. (0.04 ticks)","[2021-11-10T16:16:32Z, INFO] Probing time = 0.00 sec. (0.01 ticks)","[2021-11-10T16:16:32Z, INFO] Clique table members: 9.","[2021-11-10T16:16:32Z, INFO] MIP emphasis: balance optimality and feasibility.","[2021-11-10T16:16:32Z, INFO] MIP search method: dynamic search.","[2021-11-10T16:16:32Z, INFO] Parallel mode: none, using 1 thread.","[2021-11-10T16:16:32Z, INFO] Root relaxation solution time = 0.00 sec. (0.02 ticks)","[2021-11-10T16:16:32Z, INFO] ","[2021-11-10T16:16:32Z, INFO]         Nodes                                         Cuts/","[2021-11-10T16:16:32Z, INFO]    Node  Left     Objective  IInf  Best Integer    Best Bound    ItCnt     Gap","[2021-11-10T16:16:32Z, INFO] ","[2021-11-10T16:16:32Z, INFO] *     0+    0                            0.0000    29520.0000              --- ","[2021-11-10T16:16:32Z, INFO] *     0     0      integral     0    11904.0000    11904.0000       11    0.00%","[2021-11-10T16:16:32Z, INFO] Elapsed time = 0.00 sec. (0.14 ticks, tree = 0.00 MB, solutions = 2)","[2021-11-10T16:16:32Z, INFO] ","[2021-11-10T16:16:32Z, INFO] Root node processing (before b&c):","[2021-11-10T16:16:32Z, INFO]   Real time             =    0.00 sec. (0.14 ticks)","[2021-11-10T16:16:32Z, INFO] Sequential b&c:","[2021-11-10T16:16:32Z, INFO]   Real time             =    0.00 sec. (0.00 ticks)","[2021-11-10T16:16:32Z, INFO]                           ------------","[2021-11-10T16:16:32Z, INFO] Total (root+branch&cut) =    0.00 sec. (0.14 ticks)","[2021-11-10T16:16:32Z, INFO] Solve status: JobSolveStatus.OPTIMAL_SOLUTION","[2021-11-10T16:16:32Z, INFO] * model docplex_model1 solved with objective = 11904.000","[2021-11-10T16:16:32Z, INFO] *  KPI: the number of Customer-Campaign assignments                                       = 9.000","[2021-11-10T16:16:32Z, INFO] *  KPI: overall quality or value of Customer-Campaign assignments according to Candidates = 735.000","[2021-11-10T16:16:32Z, INFO] model solve done in 0.022555112838745117 secs","[2021-11-10T16:16:32Z, INFO] solution export done in 0.015423297882080078 secs","[2021-11-10T16:16:32Z, INFO] AssignedCampaigns.csv"]},"runtimeDetails":{"state":"STARTED"},"taskSetupMillis":6152,"taskSolveMillis":4266,"taskTearDownMillis":4850,"jobSpaceId":"8bb4e820-5a06-4aa4-a9ab-c19d7bb52bfa","jobId":"a4899e8f-53bd-4af3-bc32-b72cdb0c2032","ping":1636560982704}