{"creationTime":1632990420157,"lastModificationTime":1632990446240,"state":"TERMINATED","solveConfig":{"containerId":"scenario 3","solveParameters":{"oaas.logAttachmentName":"log.txt","oaas.logTailEnabled":"true","oaas.docplex.python":"3.8"},"setupWebHook":{"verb":"GET","url":"https://internal-nginx-svc:12443/v1/cognitive/solve/preprocess/scenario%203?projectId=415267b5-f2ae-492e-9a67-93808556490b&parentId=MarketingCampaignAssignment","expectedStatus":200,"headers":{}},"tearDownWebHook":{"verb":"GET","url":"https://internal-nginx-svc:12443/v1/cognitive/solve/postprocess/scenario%203?projectId=415267b5-f2ae-492e-9a67-93808556490b&parentId=MarketingCampaignAssignment","expectedStatus":200,"headers":{}}},"jobDetails":{"id":"da9ec29b-e89f-4cb6-b3f9-82ad9c1d09eb","createdAt":1632990429048,"startedAt":1632990430464,"endedAt":1632990434417,"submittedAt":1632990429048,"details":{"KPI.overall quality or value of Customer-Campaign assignments according to Candidates":"735.0","KPI.the number of Customer-Campaign assignments":"9.0","MODEL_DETAIL_BOOLEAN_VARS":"27","MODEL_DETAIL_CONSTRAINTS":"14","MODEL_DETAIL_CONTINUOUS_VARS":"0","MODEL_DETAIL_INTEGER_VARS":"0","MODEL_DETAIL_KPIS":"[\"the number of Customer-Campaign assignments\", \"overall quality or value of Customer-Campaign assignments according to Candidates\"]","MODEL_DETAIL_NONZEROS":"56","MODEL_DETAIL_OBJECTIVE_SENSE":"maximize","MODEL_DETAIL_TYPE":"MILP","PROGRESS_BEST_OBJECTIVE":"11904.0","PROGRESS_BEST_OBJECTIVE.history":"[[1632990433.83, 11904.0]]","PROGRESS_CURRENT_OBJECTIVE":"11904.0","PROGRESS_CURRENT_OBJECTIVE.history":"[[1632990433.83, 11904.0]]","PROGRESS_GAP":"0.0","PROGRESS_GAP.history":"[[1632990433.83, 0.0]]","STAT.cplex.modelType":"MILP","STAT.cplex.size.booleanVariables":"27","STAT.cplex.size.constraints":"14","STAT.cplex.size.continousVariables":"0","STAT.cplex.size.integerVariables":"0","STAT.cplex.size.linearConstraints":"14","STAT.cplex.size.quadraticConstraints":"0","STAT.cplex.size.variables":"27","STAT.job.coresCount":"1","STAT.job.inputsReadMs":"2811","STAT.job.memoryPeakKB":"101684","STAT.job.modelProcessingMs":"572","STAT.job.outputsWriteMs":"461"},"executionStatus":"PROCESSED","solveStatus":"OPTIMAL_SOLUTION","logTail":["[2021-09-30T08:27:13Z, INFO] WARNING: Number of workers has been reduced to 1 to comply with platform limitations.","[2021-09-30T08:27:13Z, INFO] Version identifier: 20.1.0.0 | 2020-11-10 | 9bedb6d68","[2021-09-30T08:27:13Z, INFO] CPXPARAM_Read_DataCheck                          1","[2021-09-30T08:27:13Z, INFO] CPXPARAM_Threads                                 1","[2021-09-30T08:27:13Z, INFO] CPXPARAM_TimeLimit                               120","[2021-09-30T08:27:13Z, INFO] Legacy callback                                  i","[2021-09-30T08:27:13Z, INFO] Found incumbent of value 0.000000 after 0.00 sec. (0.00 ticks)","[2021-09-30T08:27:13Z, INFO] Tried aggregator 1 time.","[2021-09-30T08:27:13Z, INFO] MIP Presolve eliminated 2 rows and 2 columns.","[2021-09-30T08:27:13Z, INFO] Reduced MIP has 12 rows, 25 columns, and 50 nonzeros.","[2021-09-30T08:27:13Z, INFO] Reduced MIP has 25 binaries, 0 generals, 0 SOSs, and 0 indicators.","[2021-09-30T08:27:13Z, INFO] Presolve time = 0.00 sec. (0.03 ticks)","[2021-09-30T08:27:13Z, INFO] Probing time = 0.00 sec. (0.01 ticks)","[2021-09-30T08:27:13Z, INFO] Tried aggregator 1 time.","[2021-09-30T08:27:13Z, INFO] Detecting symmetries...","[2021-09-30T08:27:13Z, INFO] Reduced MIP has 12 rows, 25 columns, and 50 nonzeros.","[2021-09-30T08:27:13Z, INFO] Reduced MIP has 25 binaries, 0 generals, 0 SOSs, and 0 indicators.","[2021-09-30T08:27:13Z, INFO] Presolve time = 0.00 sec. (0.04 ticks)","[2021-09-30T08:27:13Z, INFO] Probing time = 0.00 sec. (0.01 ticks)","[2021-09-30T08:27:13Z, INFO] Clique table members: 9.","[2021-09-30T08:27:13Z, INFO] MIP emphasis: balance optimality and feasibility.","[2021-09-30T08:27:13Z, INFO] MIP search method: dynamic search.","[2021-09-30T08:27:13Z, INFO] Parallel mode: none, using 1 thread.","[2021-09-30T08:27:13Z, INFO] Root relaxation solution time = 0.00 sec. (0.02 ticks)","[2021-09-30T08:27:13Z, INFO] ","[2021-09-30T08:27:13Z, INFO]         Nodes                                         Cuts/","[2021-09-30T08:27:13Z, INFO]    Node  Left     Objective  IInf  Best Integer    Best Bound    ItCnt     Gap","[2021-09-30T08:27:13Z, INFO] ","[2021-09-30T08:27:13Z, INFO] *     0+    0                            0.0000    29520.0000              --- ","[2021-09-30T08:27:13Z, INFO] *     0     0      integral     0    11904.0000    11904.0000       11    0.00%","[2021-09-30T08:27:13Z, INFO] Elapsed time = 0.00 sec. (0.14 ticks, tree = 0.00 MB, solutions = 2)","[2021-09-30T08:27:13Z, INFO] ","[2021-09-30T08:27:13Z, INFO] Root node processing (before b&c):","[2021-09-30T08:27:13Z, INFO]   Real time             =    0.00 sec. (0.14 ticks)","[2021-09-30T08:27:13Z, INFO] Sequential b&c:","[2021-09-30T08:27:13Z, INFO]   Real time             =    0.00 sec. (0.00 ticks)","[2021-09-30T08:27:13Z, INFO]                           ------------","[2021-09-30T08:27:13Z, INFO] Total (root+branch&cut) =    0.00 sec. (0.14 ticks)","[2021-09-30T08:27:13Z, INFO] Solve status: JobSolveStatus.OPTIMAL_SOLUTION","[2021-09-30T08:27:13Z, INFO] * model docplex_model1 solved with objective = 11904.000","[2021-09-30T08:27:13Z, INFO] *  KPI: the number of Customer-Campaign assignments                                       = 9.000","[2021-09-30T08:27:13Z, INFO] *  KPI: overall quality or value of Customer-Campaign assignments according to Candidates = 735.000","[2021-09-30T08:27:13Z, INFO] model solve done in 0.01919245719909668 secs","[2021-09-30T08:27:13Z, INFO] solution export done in 0.01693248748779297 secs","[2021-09-30T08:27:13Z, INFO] AssignedCampaigns.csv"]},"runtimeDetails":{"state":"STARTED"},"taskSetupMillis":7848,"taskSolveMillis":5932,"taskTearDownMillis":9454,"jobSpaceId":"9d2c73ef-2521-4130-bd91-1898668084a3","jobId":"da9ec29b-e89f-4cb6-b3f9-82ad9c1d09eb","ping":1632990421246}