{"settingsTopics":["cTopicOther"],"vocabularyDefinitions":[{"isVocabulary":true,"statId":"cMaximizeGoalSelect","@class":"prescriptive.model.impl.StatementDetailI","verbalizationWithAnnotation":"The scale of this objective is {\"element\": \"cScaledGoal.scaleFactorExpr\", \"variable\": \"1:0\", \"textEdit\": \"true\", \"selectable\": \"true\",\"choices\":[{\"value\":{\"@class\":\"semantic.numeric.NumericLiteral$Integer\",\"value\":1}, \"verb\":\"1\"}],\"value\": \"1\"}","isConstraint":false,"propId":"cScaledGoal.scaleFactorExpr","expr":{"@class":"semantic.numeric.NumericLiteral$Integer","value":1},"id":"cMaximizeGoalSelect.scaleFactorExpr","verbalization":"The scale of this objective is 1"},{"@class":"prescriptive.model.impl.UnmappedPropertyDefinition","verbalizationWithAnnotation":"Column {\"element\": \"cPropertyDefinition.property\", \"variable\": \"1:0\", \"textEdit\": \"false\", \"selectable\": \"false\",\"choices\":[{\"value\":{\"@class\":\"semantic.path.impl.PathI\",\"pathElements\":[{\"@class\":\"semantic.path.impl.PathConceptI\",\"concept\":{\"@class\":\"semantic.model.impl.BusinessConceptI\",\"id\":\"Candidates\"}},{\"@class\":\"semantic.path.impl.PathPropertyI\",\"property\":{\"@class\":\"semantic.model.impl.ObjectPropertyI\",\"domain\":\"Candidates\",\"id\":\"Candidates.Campaign\"}}]}, \"verb\":\"Campaign\"}],\"value\": \"Campaign\"} in table {\"element\": \"cPropertyDefinition.owner\", \"variable\": \"2:0\", \"textEdit\": \"false\", \"selectable\": \"false\",\"choices\":[{\"value\":{\"@class\":\"semantic.path.impl.TbdPathFilter\"}, \"verb\":\"<Add a condition>\"}, {\"value\":{\"@class\":\"semantic.path.impl.PathI\",\"pathElements\":[{\"@class\":\"semantic.path.impl.PathConceptI\",\"concept\":{\"@class\":\"semantic.model.impl.BusinessConceptI\",\"id\":\"Candidates\"}}]}, \"verb\":\"Candidates\"}],\"value\": \"Candidates\"} refers to table Campaign","verbalizationShortWithAnnotation":"Column {\"element\": \"cPropertyDefinition.property\", \"variable\": \"1:0\", \"textEdit\": \"false\", \"selectable\": \"false\",\"choices\":[{\"value\":{\"@class\":\"semantic.path.impl.PathI\",\"pathElements\":[{\"@class\":\"semantic.path.impl.PathConceptI\",\"concept\":{\"@class\":\"semantic.model.impl.BusinessConceptI\",\"id\":\"Candidates\"}},{\"@class\":\"semantic.path.impl.PathPropertyI\",\"property\":{\"@class\":\"semantic.model.impl.ObjectPropertyI\",\"domain\":\"Candidates\",\"id\":\"Candidates.Campaign\"}}]}, \"verb\":\"Campaign\"}],\"value\": \"Campaign\"} refers to table {\"element\": \"cPropertyDefinition.objectType\", \"variable\": \"2:0\", \"textEdit\": \"false\", \"selectable\": \"false\",\"choices\":[{\"value\":{\"@class\":\"semantic.model.impl.EditableSemanticTypeI\",\"type\":{\"@class\":\"semantic.model.impl.BusinessConceptI\",\"id\":\"Campaign\"}}, \"verb\":\"Campaign\"}],\"value\": \"Campaign\"}","userDefined":false,"isKey":false,"label":"Campaign","type":"__pmc__Campaign","isVocabulary":true,"isConstraint":false,"modelProperty":"Candidates.Campaign","id":"Candidates.Campaign","modelConcept":"Candidates","verbalization":"Column Campaign in table Candidates refers to table Campaign","propClass":"semantic.model.impl.ObjectPropertyI","card":"C1_1"},{"@class":"prescriptive.model.impl.UnmappedPropertyDefinition","verbalizationWithAnnotation":"Column {\"element\": \"cPropertyDefinition.property\", \"variable\": \"1:0\", \"textEdit\": \"false\", \"selectable\": \"false\",\"choices\":[{\"value\":{\"@class\":\"semantic.path.impl.PathI\",\"pathElements\":[{\"@class\":\"semantic.path.impl.PathConceptI\",\"concept\":{\"@class\":\"semantic.model.impl.BusinessConceptI\",\"id\":\"Candidates\"}},{\"@class\":\"semantic.path.impl.PathPropertyI\",\"property\":{\"@class\":\"semantic.model.impl.ObjectPropertyI\",\"domain\":\"Candidates\",\"id\":\"Candidates.Customer\"}}]}, \"verb\":\"Customer\"}],\"value\": \"Customer\"} in table {\"element\": \"cPropertyDefinition.owner\", \"variable\": \"2:0\", \"textEdit\": \"false\", \"selectable\": \"false\",\"choices\":[{\"value\":{\"@class\":\"semantic.path.impl.TbdPathFilter\"}, \"verb\":\"<Add a condition>\"}, {\"value\":{\"@class\":\"semantic.path.impl.PathI\",\"pathElements\":[{\"@class\":\"semantic.path.impl.PathConceptI\",\"concept\":{\"@class\":\"semantic.model.impl.BusinessConceptI\",\"id\":\"Candidates\"}}]}, \"verb\":\"Candidates\"}],\"value\": \"Candidates\"} refers to table Customer","verbalizationShortWithAnnotation":"Column {\"element\": \"cPropertyDefinition.property\", \"variable\": \"1:0\", \"textEdit\": \"false\", \"selectable\": \"false\",\"choices\":[{\"value\":{\"@class\":\"semantic.path.impl.PathI\",\"pathElements\":[{\"@class\":\"semantic.path.impl.PathConceptI\",\"concept\":{\"@class\":\"semantic.model.impl.BusinessConceptI\",\"id\":\"Candidates\"}},{\"@class\":\"semantic.path.impl.PathPropertyI\",\"property\":{\"@class\":\"semantic.model.impl.ObjectPropertyI\",\"domain\":\"Candidates\",\"id\":\"Candidates.Customer\"}}]}, \"verb\":\"Customer\"}],\"value\": \"Customer\"} refers to table {\"element\": \"cPropertyDefinition.objectType\", \"variable\": \"2:0\", \"textEdit\": \"false\", \"selectable\": \"false\",\"choices\":[{\"value\":{\"@class\":\"semantic.model.impl.EditableSemanticTypeI\",\"type\":{\"@class\":\"semantic.model.impl.BusinessConceptI\",\"id\":\"Customer\"}}, \"verb\":\"Customer\"}],\"value\": \"Customer\"}","userDefined":false,"isKey":false,"label":"Customer","type":"__pmc__Customer","isVocabulary":true,"isConstraint":false,"modelProperty":"Candidates.Customer","id":"Candidates.Customer","modelConcept":"Candidates","verbalization":"Column Customer in table Candidates refers to table Customer","propClass":"semantic.model.impl.ObjectPropertyI","card":"C1_1"},{"@class":"prescriptive.model.impl.UnmappedPropertyDefinition","verbalizationWithAnnotation":"Column {\"element\": \"cPropertyDefinition.property\", \"variable\": \"1:0\", \"textEdit\": \"false\", \"selectable\": \"false\",\"choices\":[{\"value\":{\"@class\":\"semantic.path.impl.PathI\",\"pathElements\":[{\"@class\":\"semantic.path.impl.PathConceptI\",\"concept\":{\"@class\":\"semantic.model.impl.BusinessConceptI\",\"id\":\"Candidates\"}},{\"@class\":\"semantic.path.impl.PathPropertyI\",\"property\":{\"@class\":\"semantic.model.impl.DataPropertyI\",\"domain\":\"Candidates\",\"id\":\"Candidates.expected value\"}}]}, \"verb\":\"expected value\"}],\"value\": \"expected value\"} in table {\"element\": \"cPropertyDefinition.owner\", \"variable\": \"2:0\", \"textEdit\": \"false\", \"selectable\": \"false\",\"choices\":[{\"value\":{\"@class\":\"semantic.path.impl.TbdPathFilter\"}, \"verb\":\"<Add a condition>\"}, {\"value\":{\"@class\":\"semantic.path.impl.PathI\",\"pathElements\":[{\"@class\":\"semantic.path.impl.PathConceptI\",\"concept\":{\"@class\":\"semantic.model.impl.BusinessConceptI\",\"id\":\"Candidates\"}}]}, \"verb\":\"Candidates\"}],\"value\": \"Candidates\"} is metric","verbalizationShortWithAnnotation":"Column {\"element\": \"cPropertyDefinition.property\", \"variable\": \"1:0\", \"textEdit\": \"false\", \"selectable\": \"false\",\"choices\":[{\"value\":{\"@class\":\"semantic.path.impl.PathI\",\"pathElements\":[{\"@class\":\"semantic.path.impl.PathConceptI\",\"concept\":{\"@class\":\"semantic.model.impl.BusinessConceptI\",\"id\":\"Candidates\"}},{\"@class\":\"semantic.path.impl.PathPropertyI\",\"property\":{\"@class\":\"semantic.model.impl.DataPropertyI\",\"domain\":\"Candidates\",\"id\":\"Candidates.expected value\"}}]}, \"verb\":\"expected value\"}],\"value\": \"expected value\"} is metric","userDefined":false,"isKey":false,"label":"expected value","type":"__sdt__metric","isVocabulary":true,"isConstraint":false,"modelProperty":"Candidates.expected value","id":"Candidates.expected value","modelConcept":"Candidates","verbalization":"Column expected value in table Candidates is metric","propClass":"semantic.model.impl.DataPropertyI","card":"C1_1"},{"@class":"prescriptive.model.impl.UnmappedPropertyDefinition","verbalizationWithAnnotation":"Column {\"element\": \"cPropertyDefinition.property\", \"variable\": \"1:0\", \"textEdit\": \"false\", \"selectable\": \"false\",\"choices\":[{\"value\":{\"@class\":\"semantic.path.impl.PathI\",\"pathElements\":[{\"@class\":\"semantic.path.impl.PathConceptI\",\"concept\":{\"@class\":\"semantic.model.impl.BusinessConceptI\",\"id\":\"Campaign\"}},{\"@class\":\"semantic.path.impl.PathPropertyI\",\"property\":{\"@class\":\"semantic.model.impl.DataPropertyI\",\"domain\":\"Campaign\",\"id\":\"Campaign.id\"}}]}, \"verb\":\"id\"}],\"value\": \"id\"} in table {\"element\": \"cPropertyDefinition.owner\", \"variable\": \"2:0\", \"textEdit\": \"false\", \"selectable\": \"false\",\"choices\":[{\"value\":{\"@class\":\"semantic.path.impl.TbdPathFilter\"}, \"verb\":\"<Add a condition>\"}, {\"value\":{\"@class\":\"semantic.path.impl.PathI\",\"pathElements\":[{\"@class\":\"semantic.path.impl.PathConceptI\",\"concept\":{\"@class\":\"semantic.model.impl.BusinessConceptI\",\"id\":\"Campaign\"}}]}, \"verb\":\"Campaign\"}],\"value\": \"Campaign\"} is text (primary key)","verbalizationShortWithAnnotation":"Column {\"element\": \"cPropertyDefinition.property\", \"variable\": \"1:0\", \"textEdit\": \"false\", \"selectable\": \"false\",\"choices\":[{\"value\":{\"@class\":\"semantic.path.impl.PathI\",\"pathElements\":[{\"@class\":\"semantic.path.impl.PathConceptI\",\"concept\":{\"@class\":\"semantic.model.impl.BusinessConceptI\",\"id\":\"Campaign\"}},{\"@class\":\"semantic.path.impl.PathPropertyI\",\"property\":{\"@class\":\"semantic.model.impl.DataPropertyI\",\"domain\":\"Campaign\",\"id\":\"Campaign.id\"}}]}, \"verb\":\"id\"}],\"value\": \"id\"} is text (primary key)","userDefined":false,"isKey":true,"label":"id","type":"__sdt__unclassified","isVocabulary":true,"isConstraint":false,"modelProperty":"Campaign.id","id":"Campaign.id","modelConcept":"Campaign","verbalization":"Column id in table Campaign is text (primary key)","propClass":"semantic.model.impl.DataPropertyI","card":"C1_1"},{"@class":"prescriptive.model.impl.UnmappedPropertyDefinition","verbalizationWithAnnotation":"Column {\"element\": \"cPropertyDefinition.property\", \"variable\": \"1:0\", \"textEdit\": \"false\", \"selectable\": \"false\",\"choices\":[{\"value\":{\"@class\":\"semantic.path.impl.PathI\",\"pathElements\":[{\"@class\":\"semantic.path.impl.PathConceptI\",\"concept\":{\"@class\":\"semantic.model.impl.BusinessConceptI\",\"id\":\"Campaign\"}},{\"@class\":\"semantic.path.impl.PathPropertyI\",\"property\":{\"@class\":\"semantic.model.impl.DataPropertyI\",\"domain\":\"Campaign\",\"id\":\"Campaign.max customers\"}}]}, \"verb\":\"max customers\"}],\"value\": \"max customers\"} in table {\"element\": \"cPropertyDefinition.owner\", \"variable\": \"2:0\", \"textEdit\": \"false\", \"selectable\": \"false\",\"choices\":[{\"value\":{\"@class\":\"semantic.path.impl.TbdPathFilter\"}, \"verb\":\"<Add a condition>\"}, {\"value\":{\"@class\":\"semantic.path.impl.PathI\",\"pathElements\":[{\"@class\":\"semantic.path.impl.PathConceptI\",\"concept\":{\"@class\":\"semantic.model.impl.BusinessConceptI\",\"id\":\"Campaign\"}}]}, \"verb\":\"Campaign\"}],\"value\": \"Campaign\"} is metric","verbalizationShortWithAnnotation":"Column {\"element\": \"cPropertyDefinition.property\", \"variable\": \"1:0\", \"textEdit\": \"false\", \"selectable\": \"false\",\"choices\":[{\"value\":{\"@class\":\"semantic.path.impl.PathI\",\"pathElements\":[{\"@class\":\"semantic.path.impl.PathConceptI\",\"concept\":{\"@class\":\"semantic.model.impl.BusinessConceptI\",\"id\":\"Campaign\"}},{\"@class\":\"semantic.path.impl.PathPropertyI\",\"property\":{\"@class\":\"semantic.model.impl.DataPropertyI\",\"domain\":\"Campaign\",\"id\":\"Campaign.max customers\"}}]}, \"verb\":\"max customers\"}],\"value\": \"max customers\"} is metric","userDefined":false,"isKey":false,"label":"max customers","type":"__sdt__metric","isVocabulary":true,"isConstraint":false,"modelProperty":"Campaign.max customers","id":"Campaign.max customers","modelConcept":"Campaign","verbalization":"Column max customers in table Campaign is metric","propClass":"semantic.model.impl.DataPropertyI","card":"C1_1"},{"@class":"prescriptive.model.impl.UnmappedPropertyDefinition","verbalizationWithAnnotation":"Column {\"element\": \"cPropertyDefinition.property\", \"variable\": \"1:0\", \"textEdit\": \"false\", \"selectable\": \"false\",\"choices\":[{\"value\":{\"@class\":\"semantic.path.impl.PathI\",\"pathElements\":[{\"@class\":\"semantic.path.impl.PathConceptI\",\"concept\":{\"@class\":\"semantic.model.impl.BusinessConceptI\",\"id\":\"Customer\"}},{\"@class\":\"semantic.path.impl.PathPropertyI\",\"property\":{\"@class\":\"semantic.model.impl.DataPropertyI\",\"domain\":\"Customer\",\"id\":\"Customer.age\"}}]}, \"verb\":\"age\"}],\"value\": \"age\"} in table {\"element\": \"cPropertyDefinition.owner\", \"variable\": \"2:0\", \"textEdit\": \"false\", \"selectable\": \"false\",\"choices\":[{\"value\":{\"@class\":\"semantic.path.impl.TbdPathFilter\"}, \"verb\":\"<Add a condition>\"}, {\"value\":{\"@class\":\"semantic.path.impl.PathI\",\"pathElements\":[{\"@class\":\"semantic.path.impl.PathConceptI\",\"concept\":{\"@class\":\"semantic.model.impl.BusinessConceptI\",\"id\":\"Customer\"}}]}, \"verb\":\"Customer\"}],\"value\": \"Customer\"} is metric","verbalizationShortWithAnnotation":"Column {\"element\": \"cPropertyDefinition.property\", \"variable\": \"1:0\", \"textEdit\": \"false\", \"selectable\": \"false\",\"choices\":[{\"value\":{\"@class\":\"semantic.path.impl.PathI\",\"pathElements\":[{\"@class\":\"semantic.path.impl.PathConceptI\",\"concept\":{\"@class\":\"semantic.model.impl.BusinessConceptI\",\"id\":\"Customer\"}},{\"@class\":\"semantic.path.impl.PathPropertyI\",\"property\":{\"@class\":\"semantic.model.impl.DataPropertyI\",\"domain\":\"Customer\",\"id\":\"Customer.age\"}}]}, \"verb\":\"age\"}],\"value\": \"age\"} is metric","userDefined":false,"isKey":false,"label":"age","type":"__sdt__metric","isVocabulary":true,"isConstraint":false,"modelProperty":"Customer.age","id":"Customer.age","modelConcept":"Customer","verbalization":"Column age in table Customer is metric","propClass":"semantic.model.impl.DataPropertyI","card":"C1_1"},{"@class":"prescriptive.model.impl.UnmappedPropertyDefinition","verbalizationWithAnnotation":"Column {\"element\": \"cPropertyDefinition.property\", \"variable\": \"1:0\", \"textEdit\": \"false\", \"selectable\": \"false\",\"choices\":[{\"value\":{\"@class\":\"semantic.path.impl.PathI\",\"pathElements\":[{\"@class\":\"semantic.path.impl.PathConceptI\",\"concept\":{\"@class\":\"semantic.model.impl.BusinessConceptI\",\"id\":\"Customer\"}},{\"@class\":\"semantic.path.impl.PathPropertyI\",\"property\":{\"@class\":\"semantic.model.impl.DataPropertyI\",\"domain\":\"Customer\",\"id\":\"Customer.id\"}}]}, \"verb\":\"id\"}],\"value\": \"id\"} in table {\"element\": \"cPropertyDefinition.owner\", \"variable\": \"2:0\", \"textEdit\": \"false\", \"selectable\": \"false\",\"choices\":[{\"value\":{\"@class\":\"semantic.path.impl.TbdPathFilter\"}, \"verb\":\"<Add a condition>\"}, {\"value\":{\"@class\":\"semantic.path.impl.PathI\",\"pathElements\":[{\"@class\":\"semantic.path.impl.PathConceptI\",\"concept\":{\"@class\":\"semantic.model.impl.BusinessConceptI\",\"id\":\"Customer\"}}]}, \"verb\":\"Customer\"}],\"value\": \"Customer\"} is text (primary key)","verbalizationShortWithAnnotation":"Column {\"element\": \"cPropertyDefinition.property\", \"variable\": \"1:0\", \"textEdit\": \"false\", \"selectable\": \"false\",\"choices\":[{\"value\":{\"@class\":\"semantic.path.impl.PathI\",\"pathElements\":[{\"@class\":\"semantic.path.impl.PathConceptI\",\"concept\":{\"@class\":\"semantic.model.impl.BusinessConceptI\",\"id\":\"Customer\"}},{\"@class\":\"semantic.path.impl.PathPropertyI\",\"property\":{\"@class\":\"semantic.model.impl.DataPropertyI\",\"domain\":\"Customer\",\"id\":\"Customer.id\"}}]}, \"verb\":\"id\"}],\"value\": \"id\"} is text (primary key)","userDefined":false,"isKey":true,"label":"id","type":"__sdt__unclassified","isVocabulary":true,"isConstraint":false,"modelProperty":"Customer.id","id":"Customer.id","modelConcept":"Customer","verbalization":"Column id in table Customer is text (primary key)","propClass":"semantic.model.impl.DataPropertyI","card":"C1_1"}],"kpisTopics":[],"suggestedStatementsTopics":["cSelectGoalTopic","cTopicOther"],"canAcceptError":false,"lastModificationTime":1533215512202,"inError":false,"conceptDefinitions":[{"domainConcept":"cItem","isVocabulary":true,"associatedDefinitions":["Candidates.Campaign","Candidates.Customer","Candidates.expected value"],"@class":"prescriptive.model.impl.ConceptDefinitionI","verbalizationWithAnnotation":"Table {\"element\": \"cConceptDefinition.modelConcept\", \"variable\": \"1:0\", \"textEdit\": \"false\", \"selectable\": \"false\",\"choices\":[{\"value\":{\"@class\":\"semantic.path.impl.TbdPathFilter\"}, \"verb\":\"<Add a condition>\"}, {\"value\":{\"@class\":\"semantic.path.impl.PathI\",\"pathElements\":[{\"@class\":\"semantic.path.impl.PathConceptI\",\"concept\":{\"@class\":\"semantic.model.impl.BusinessConceptI\",\"id\":\"Candidates\"}}]}, \"verb\":\"Candidates\"}],\"value\": \"Candidates\"} represents {\"element\": \"cMappedConceptDefinition.domainConcept\", \"variable\": \"2:0\", \"textEdit\": \"false\", \"selectable\": \"false\",\"choices\":[{\"value\":{\"@class\":\"semantic.path.impl.TbdPathFilter\"}, \"verb\":\"<Add a condition>\"}, {\"value\":{\"@class\":\"semantic.path.impl.PathI\",\"pathElements\":[{\"@class\":\"semantic.path.impl.PathConceptI\",\"concept\":{\"@class\":\"semantic.model.impl.BusinessConceptI\",\"id\":\"cItem\"}}]}, \"verb\":\"candidates\"}],\"value\": \"candidates\"} (domain concept)","isConstraint":false,"userDefined":true,"id":"__definition__Candidates.as.cItem","modelConcept":"Candidates","verbalization":"Table Candidates represents candidates (domain concept)","table":"Candidates"},{"domainConcept":null,"isVocabulary":true,"associatedDefinitions":["Campaign.id","Campaign.max customers"],"@class":"prescriptive.model.impl.ConceptDefinitionI","verbalizationWithAnnotation":"Table {\"element\": \"cConceptDefinition.modelConcept\", \"variable\": \"1:0\", \"textEdit\": \"false\", \"selectable\": \"false\",\"choices\":[{\"value\":{\"@class\":\"semantic.path.impl.TbdPathFilter\"}, \"verb\":\"<Add a condition>\"}, {\"value\":{\"@class\":\"semantic.path.impl.PathI\",\"pathElements\":[{\"@class\":\"semantic.path.impl.PathConceptI\",\"concept\":{\"@class\":\"semantic.model.impl.BusinessConceptI\",\"id\":\"Campaign\"}}]}, \"verb\":\"Campaign\"}],\"value\": \"Campaign\"} is not a domain concept","isConstraint":false,"userDefined":false,"id":"__definition__Campaign","modelConcept":"Campaign","verbalization":"Table Campaign is not a domain concept","table":"Campaign"},{"domainConcept":null,"isVocabulary":true,"associatedDefinitions":["Customer.age","Customer.id"],"@class":"prescriptive.model.impl.ConceptDefinitionI","verbalizationWithAnnotation":"Table {\"element\": \"cConceptDefinition.modelConcept\", \"variable\": \"1:0\", \"textEdit\": \"false\", \"selectable\": \"false\",\"choices\":[{\"value\":{\"@class\":\"semantic.path.impl.TbdPathFilter\"}, \"verb\":\"<Add a condition>\"}, {\"value\":{\"@class\":\"semantic.path.impl.PathI\",\"pathElements\":[{\"@class\":\"semantic.path.impl.PathConceptI\",\"concept\":{\"@class\":\"semantic.model.impl.BusinessConceptI\",\"id\":\"Customer\"}}]}, \"verb\":\"Customer\"}],\"value\": \"Customer\"} is not a domain concept","isConstraint":false,"userDefined":false,"id":"__definition__Customer","modelConcept":"Customer","verbalization":"Table Customer is not a domain concept","table":"Customer"}],"updates":[],"constraints":[{"template":{"@class":"prescriptive.model.impl.ConstraintTemplateI","id":"cBasicSelectionLimitMax"},"canBeRelaxed":true,"canBeDeleted":true,"@class":"prescriptive.model.impl.ConstraintTemplateInstanceI","verbalizationWithAnnotation":"the number of {\"element\": \"cBasicSelectionLimitMax.selection\", \"variable\": \"1:0\", \"textEdit\": \"true\", \"selectable\": \"true\",\"choices\":[{\"value\":{\"@class\":\"semantic.path.impl.TbdPathFilter\"}, \"verb\":\"<Add a condition>\"}, {\"value\":{\"@class\":\"semantic.path.impl.PathI\",\"pathElements\":[{\"@class\":\"semantic.path.impl.PathConceptI\",\"concept\":{\"@class\":\"decision.impl.DecisionConceptI\",\"id\":\"cSelection[Candidates]\"}}]}, \"verb\":\"Candidates selections\"}],\"value\": \"Candidates selections\"}  {\"element\": \"cRelationalConstraint.relationalOperator\", \"variable\": \"2:0\", \"textEdit\": \"false\", \"selectable\": \"true\",\"choices\":[{\"value\":{\"@class\":\"semantic.numeric.impl.RelationalOperatorI\",\"value\":\"LESS_OR_EQUAL\"}, \"verb\":\"is less than or equal to\"}, {\"value\":{\"@class\":\"semantic.numeric.impl.RelationalOperatorI\",\"annotations\":[\"java.util.LinkedList\",[{\"@class\":\"semantic.path.impl.SimpleAnnotation\",\"typeName\":\"VAR\",\"identifiableName\":\"cRelationalConstraint.relationalOperator\",\"value\":\"2:0\"}]],\"value\":\"LESS_THAN\"}, \"verb\":\"is less than\"}, {\"value\":{\"@class\":\"semantic.numeric.impl.RelationalOperatorI\",\"annotations\":[\"java.util.LinkedList\",[{\"@class\":\"semantic.path.impl.SimpleAnnotation\",\"typeName\":\"VAR\",\"identifiableName\":\"cRelationalConstraint.relationalOperator\",\"value\":\"2:0\"}]],\"value\":\"EQUAL\"}, \"verb\":\"is equal to\"}, {\"value\":{\"@class\":\"semantic.numeric.impl.RelationalOperatorI\",\"annotations\":[\"java.util.LinkedList\",[{\"@class\":\"semantic.path.impl.SimpleAnnotation\",\"typeName\":\"VAR\",\"identifiableName\":\"cRelationalConstraint.relationalOperator\",\"value\":\"2:0\"}]],\"value\":\"GREATER_OR_EQUAL\"}, \"verb\":\"is greater than or equal to\"}, {\"value\":{\"@class\":\"semantic.numeric.impl.RelationalOperatorI\",\"annotations\":[\"java.util.LinkedList\",[{\"@class\":\"semantic.path.impl.SimpleAnnotation\",\"typeName\":\"VAR\",\"identifiableName\":\"cRelationalConstraint.relationalOperator\",\"value\":\"2:0\"}]],\"value\":\"GREATER_THAN\"}, \"verb\":\"is greater than\"}, {\"value\":{\"@class\":\"semantic.numeric.impl.RelationalOperatorI\",\"annotations\":[\"java.util.LinkedList\",[{\"@class\":\"semantic.path.impl.SimpleAnnotation\",\"typeName\":\"VAR\",\"identifiableName\":\"cRelationalConstraint.relationalOperator\",\"value\":\"2:0\"}]],\"value\":\"DIFFERENT\"}, \"verb\":\"is different from\"}],\"value\": \"is less than or equal to\"} {\"element\": \"cRelationalConstraint.rightNumeric\", \"variable\": \"3:0\", \"textEdit\": \"true\", \"selectable\": \"true\",\"choices\":[{\"value\":{\"@class\":\"semantic.numeric.NumericLiteral$Integer\",\"value\":5}, \"verb\":\"5\"}],\"value\": \"5\"}","topics":["cTopicOther"],"concept":{"@class":"prescriptive.model.impl.ConstraintTemplateI","id":"cBasicSelectionLimitMax"},"query":null,"description":null,"label":"cBasicSelectionLimitMax","elicitedBindings":["java.util.ArrayList",[{"@class":"prescriptive.model.impl.PropertyBindingI","bindingExpr":{"@class":"semantic.path.impl.PathI","pathElements":[{"@class":"semantic.path.impl.PathConceptI","concept":{"@class":"decision.impl.DecisionConceptI","id":"cSelection[Candidates]"}}]},"property":{"@class":"semantic.model.impl.ObjectPropertyI","domain":"cBasicSelectionLimitMax","id":"cBasicSelectionLimitMax.selection"}},{"@class":"prescriptive.model.impl.PropertyBindingI","bindingExpr":{"@class":"semantic.numeric.impl.RelationalOperatorI","value":"LESS_OR_EQUAL"},"property":{"@class":"semantic.model.impl.ObjectPropertyI","domain":"cRelationalConstraint","id":"cRelationalConstraint.relationalOperator"}},{"@class":"prescriptive.model.impl.PropertyBindingI","bindingExpr":{"@class":"semantic.numeric.NumericLiteral$Integer","value":5},"property":{"@class":"semantic.model.impl.ObjectPropertyI","domain":"cRelationalConstraint","id":"cRelationalConstraint.rightNumeric"}}]],"relaxed":true,"associatedConcepts":["Candidates","cSelection[Candidates]"],"isConstraint":true,"isSetting":false,"id":"cBasicSelectionLimitMax","verbalization":"the number of Candidates selections  is less than or equal to 5","uniqueId":"6e99d53e-734f-4dae-bd7d-b941b30339ce","associatedProperties":["cSelection[Candidates].Candidates"],"canBeDuplicated":true},{"template":{"@class":"prescriptive.model.impl.ConstraintTemplateI","id":"cBasicSelectionLimitMin"},"canBeRelaxed":true,"canBeDeleted":true,"@class":"prescriptive.model.impl.ConstraintTemplateInstanceI","verbalizationWithAnnotation":"the number of {\"element\": \"cBasicSelectionLimitMin.selection\", \"variable\": \"1:0\", \"textEdit\": \"true\", \"selectable\": \"true\",\"choices\":[{\"value\":{\"@class\":\"semantic.path.impl.TbdPathFilter\"}, \"verb\":\"<Add a condition>\"}, {\"value\":{\"@class\":\"semantic.path.impl.PathI\",\"pathElements\":[{\"@class\":\"semantic.path.impl.PathConceptI\",\"concept\":{\"@class\":\"decision.impl.DecisionConceptI\",\"id\":\"cSelection[Candidates]\"}}]}, \"verb\":\"Candidates selections\"}],\"value\": \"Candidates selections\"}  {\"element\": \"cRelationalConstraint.relationalOperator\", \"variable\": \"2:0\", \"textEdit\": \"false\", \"selectable\": \"true\",\"choices\":[{\"value\":{\"@class\":\"semantic.numeric.impl.RelationalOperatorI\",\"value\":\"GREATER_OR_EQUAL\"}, \"verb\":\"is greater than or equal to\"}, {\"value\":{\"@class\":\"semantic.numeric.impl.RelationalOperatorI\",\"annotations\":[\"java.util.LinkedList\",[{\"@class\":\"semantic.path.impl.SimpleAnnotation\",\"typeName\":\"VAR\",\"identifiableName\":\"cRelationalConstraint.relationalOperator\",\"value\":\"2:0\"}]],\"value\":\"LESS_THAN\"}, \"verb\":\"is less than\"}, {\"value\":{\"@class\":\"semantic.numeric.impl.RelationalOperatorI\",\"annotations\":[\"java.util.LinkedList\",[{\"@class\":\"semantic.path.impl.SimpleAnnotation\",\"typeName\":\"VAR\",\"identifiableName\":\"cRelationalConstraint.relationalOperator\",\"value\":\"2:0\"}]],\"value\":\"LESS_OR_EQUAL\"}, \"verb\":\"is less than or equal to\"}, {\"value\":{\"@class\":\"semantic.numeric.impl.RelationalOperatorI\",\"annotations\":[\"java.util.LinkedList\",[{\"@class\":\"semantic.path.impl.SimpleAnnotation\",\"typeName\":\"VAR\",\"identifiableName\":\"cRelationalConstraint.relationalOperator\",\"value\":\"2:0\"}]],\"value\":\"EQUAL\"}, \"verb\":\"is equal to\"}, {\"value\":{\"@class\":\"semantic.numeric.impl.RelationalOperatorI\",\"annotations\":[\"java.util.LinkedList\",[{\"@class\":\"semantic.path.impl.SimpleAnnotation\",\"typeName\":\"VAR\",\"identifiableName\":\"cRelationalConstraint.relationalOperator\",\"value\":\"2:0\"}]],\"value\":\"GREATER_THAN\"}, \"verb\":\"is greater than\"}, {\"value\":{\"@class\":\"semantic.numeric.impl.RelationalOperatorI\",\"annotations\":[\"java.util.LinkedList\",[{\"@class\":\"semantic.path.impl.SimpleAnnotation\",\"typeName\":\"VAR\",\"identifiableName\":\"cRelationalConstraint.relationalOperator\",\"value\":\"2:0\"}]],\"value\":\"DIFFERENT\"}, \"verb\":\"is different from\"}],\"value\": \"is greater than or equal to\"} {\"element\": \"cRelationalConstraint.rightNumeric\", \"variable\": \"3:0\", \"textEdit\": \"true\", \"selectable\": \"true\",\"choices\":[{\"value\":{\"@class\":\"semantic.numeric.NumericLiteral$Integer\",\"value\":1}, \"verb\":\"1\"}],\"value\": \"1\"}","topics":["cTopicOther"],"concept":{"@class":"prescriptive.model.impl.ConstraintTemplateI","id":"cBasicSelectionLimitMin"},"query":null,"description":null,"label":"cBasicSelectionLimitMin","elicitedBindings":["java.util.ArrayList",[{"@class":"prescriptive.model.impl.PropertyBindingI","bindingExpr":{"@class":"semantic.path.impl.PathI","pathElements":[{"@class":"semantic.path.impl.PathConceptI","concept":{"@class":"decision.impl.DecisionConceptI","id":"cSelection[Candidates]"}}]},"property":{"@class":"semantic.model.impl.ObjectPropertyI","domain":"cBasicSelectionLimitMin","id":"cBasicSelectionLimitMin.selection"}},{"@class":"prescriptive.model.impl.PropertyBindingI","bindingExpr":{"@class":"semantic.numeric.impl.RelationalOperatorI","value":"GREATER_OR_EQUAL"},"property":{"@class":"semantic.model.impl.ObjectPropertyI","domain":"cRelationalConstraint","id":"cRelationalConstraint.relationalOperator"}},{"@class":"prescriptive.model.impl.PropertyBindingI","bindingExpr":{"@class":"semantic.numeric.NumericLiteral$Integer","value":1},"property":{"@class":"semantic.model.impl.ObjectPropertyI","domain":"cRelationalConstraint","id":"cRelationalConstraint.rightNumeric"}}]],"relaxed":true,"associatedConcepts":["Candidates","cSelection[Candidates]"],"isConstraint":true,"isSetting":false,"id":"cBasicSelectionLimitMin","verbalization":"the number of Candidates selections  is greater than or equal to 1","uniqueId":"626c9b07-87f7-405a-953b-a7a5644e2c05","associatedProperties":["cSelection[Candidates].Candidates"],"canBeDuplicated":true},{"template":{"@class":"prescriptive.model.impl.ConstraintTemplateI","id":"cIterativeRelationalConstraint"},"canBeRelaxed":true,"canBeDeleted":true,"@class":"prescriptive.model.impl.ConstraintTemplateInstanceI","verbalizationWithAnnotation":"For each {\"element\": \"cIterativeRelationalConstraint.iterativeConcept\", \"variable\": \"1:0\", \"textEdit\": \"true\", \"selectable\": \"true\",\"choices\":[{\"value\":{\"@class\":\"semantic.path.impl.TbdPathFilter\"}, \"verb\":\"<Add a condition>\"}, {\"value\":{\"@class\":\"semantic.path.impl.PathI\",\"pathElements\":[{\"@class\":\"semantic.path.impl.PathConceptI\",\"concept\":{\"@class\":\"semantic.model.impl.BusinessConceptI\",\"id\":\"Campaign\"}}]}, \"verb\":\"Campaign\"}, {\"value\":{\"@class\":\"semantic.path.impl.PathI\",\"pathElements\":[{\"@class\":\"semantic.path.impl.PathConceptI\",\"concept\":{\"@class\":\"semantic.model.impl.BusinessConceptI\",\"id\":\"Candidates\"}}],\"annotations\":[\"java.util.LinkedList\",[{\"@class\":\"semantic.path.impl.SimpleAnnotation\",\"typeName\":\"SINGULAR\",\"identifiableName\":\"cIterativeRelationalConstraint\",\"value\":\"true\"},{\"@class\":\"semantic.path.impl.SimpleAnnotation\",\"typeName\":\"VAR\",\"identifiableName\":\"cIterativeRelationalConstraint.iterativeConcept\",\"value\":\"1:0\"}]]}, \"verb\":\"Candidates\"}, {\"value\":{\"@class\":\"semantic.path.impl.PathI\",\"pathElements\":[{\"@class\":\"semantic.path.impl.PathConceptI\",\"concept\":{\"@class\":\"semantic.model.impl.BusinessConceptI\",\"id\":\"Customer\"}}],\"annotations\":[\"java.util.LinkedList\",[{\"@class\":\"semantic.path.impl.SimpleAnnotation\",\"typeName\":\"SINGULAR\",\"identifiableName\":\"cIterativeRelationalConstraint\",\"value\":\"true\"},{\"@class\":\"semantic.path.impl.SimpleAnnotation\",\"typeName\":\"VAR\",\"identifiableName\":\"cIterativeRelationalConstraint.iterativeConcept\",\"value\":\"1:0\"}]]}, \"verb\":\"Customer\"}],\"value\": \"Campaign\"}, {\"element\": \"cRelationalConstraint.leftNumeric\", \"variable\": \"2:0\", \"textEdit\": \"true\", \"selectable\": \"true\",\"choices\":[{\"value\":{\"@class\":\"semantic.path.impl.TbdPathFilter\"}, \"verb\":\"<Add a condition>\"}, {\"value\":{\"uniqueValues\":true,\"path\":{\"@class\":\"semantic.path.impl.PathI\",\"pathElements\":[{\"@class\":\"semantic.path.impl.PathConceptI\",\"concept\":{\"@class\":\"semantic.model.impl.BusinessConceptI\",\"id\":\"Campaign\"}},{\"@class\":\"semantic.path.impl.PathInversePropertyI\",\"property\":{\"@class\":\"semantic.model.impl.ObjectPropertyI\",\"domain\":\"Candidates\",\"id\":\"Candidates.Campaign\"}},{\"@class\":\"semantic.path.impl.PathInversePropertyI\",\"property\":{\"@class\":\"semantic.model.impl.ObjectPropertyI\",\"domain\":\"cSelection[Candidates]\",\"id\":\"cSelection[Candidates].Candidates\"}}]},\"@class\":\"prescriptive.model.impl.DecisionPath\"}, \"verb\":\"number of selections of Candidates\"}],\"value\": \"number of selections of Candidates\"} {\"element\": \"cRelationalConstraint.relationalOperator\", \"variable\": \"3:0\", \"textEdit\": \"false\", \"selectable\": \"true\",\"choices\":[{\"value\":{\"@class\":\"semantic.numeric.impl.RelationalOperatorI\",\"annotations\":[\"java.util.LinkedList\",[{\"@class\":\"semantic.path.impl.SimpleAnnotation\",\"typeName\":\"VAR\",\"identifiableName\":\"cRelationalConstraint.relationalOperator\",\"value\":\"3:0\"}]],\"value\":\"LESS_OR_EQUAL\"}, \"verb\":\"is less than or equal to\"}, {\"value\":{\"@class\":\"semantic.numeric.impl.RelationalOperatorI\",\"annotations\":[\"java.util.LinkedList\",[{\"@class\":\"semantic.path.impl.SimpleAnnotation\",\"typeName\":\"VAR\",\"identifiableName\":\"cRelationalConstraint.relationalOperator\",\"value\":\"3:0\"}]],\"value\":\"LESS_THAN\"}, \"verb\":\"is less than\"}, {\"value\":{\"@class\":\"semantic.numeric.impl.RelationalOperatorI\",\"annotations\":[\"java.util.LinkedList\",[{\"@class\":\"semantic.path.impl.SimpleAnnotation\",\"typeName\":\"VAR\",\"identifiableName\":\"cRelationalConstraint.relationalOperator\",\"value\":\"3:0\"}]],\"value\":\"EQUAL\"}, \"verb\":\"is equal to\"}, {\"value\":{\"@class\":\"semantic.numeric.impl.RelationalOperatorI\",\"annotations\":[\"java.util.LinkedList\",[{\"@class\":\"semantic.path.impl.SimpleAnnotation\",\"typeName\":\"VAR\",\"identifiableName\":\"cRelationalConstraint.relationalOperator\",\"value\":\"3:0\"}]],\"value\":\"GREATER_OR_EQUAL\"}, \"verb\":\"is greater than or equal to\"}, {\"value\":{\"@class\":\"semantic.numeric.impl.RelationalOperatorI\",\"annotations\":[\"java.util.LinkedList\",[{\"@class\":\"semantic.path.impl.SimpleAnnotation\",\"typeName\":\"VAR\",\"identifiableName\":\"cRelationalConstraint.relationalOperator\",\"value\":\"3:0\"}]],\"value\":\"GREATER_THAN\"}, \"verb\":\"is greater than\"}, {\"value\":{\"@class\":\"semantic.numeric.impl.RelationalOperatorI\",\"annotations\":[\"java.util.LinkedList\",[{\"@class\":\"semantic.path.impl.SimpleAnnotation\",\"typeName\":\"VAR\",\"identifiableName\":\"cRelationalConstraint.relationalOperator\",\"value\":\"3:0\"}]],\"value\":\"DIFFERENT\"}, \"verb\":\"is different from\"}],\"value\": \"is less than or equal to\"} {\"element\": \"cRelationalConstraint.rightNumeric\", \"variable\": \"4:0\", \"textEdit\": \"true\", \"selectable\": \"true\",\"choices\":[{\"value\":{\"@class\":\"semantic.numeric.impl.NumericPathI\",\"pathElements\":[{\"@class\":\"semantic.path.impl.PathConceptI\",\"concept\":{\"@class\":\"semantic.model.impl.BusinessConceptI\",\"id\":\"Campaign\"}},{\"@class\":\"semantic.path.impl.PathPropertyI\",\"property\":{\"@class\":\"semantic.model.impl.DataPropertyI\",\"domain\":\"Campaign\",\"id\":\"Campaign.max customers\"}}],\"functor\":{\"@class\":\"semantic.numeric.impl.NumericAggregatorI\",\"value\":\"SUM\"}}, \"verb\":\"max customers\"}],\"value\": \"max customers\"}","topics":["cTopicOther"],"concept":{"@class":"prescriptive.model.impl.ConstraintTemplateI","id":"cIterativeRelationalConstraint"},"query":"for each campaign number of selections is less than max customers","description":null,"label":"cIterativeRelationalConstraint","elicitedBindings":["java.util.ArrayList",[{"@class":"prescriptive.model.impl.PropertyBindingI","bindingExpr":{"@class":"semantic.path.impl.PathI","pathElements":[{"@class":"semantic.path.impl.PathConceptI","concept":{"@class":"semantic.model.impl.BusinessConceptI","id":"Campaign"}}]},"property":{"@class":"semantic.model.impl.ObjectPropertyI","domain":"cIterativeRelationalConstraint","id":"cIterativeRelationalConstraint.iterativeConcept"}},{"@class":"prescriptive.model.impl.PropertyBindingI","bindingExpr":{"uniqueValues":true,"path":{"@class":"semantic.path.impl.PathI","pathElements":[{"@class":"semantic.path.impl.PathConceptI","concept":{"@class":"semantic.model.impl.BusinessConceptI","id":"Campaign"}},{"@class":"semantic.path.impl.PathInversePropertyI","property":{"@class":"semantic.model.impl.ObjectPropertyI","domain":"Candidates","id":"Candidates.Campaign"}},{"@class":"semantic.path.impl.PathInversePropertyI","property":{"@class":"semantic.model.impl.ObjectPropertyI","domain":"cSelection[Candidates]","id":"cSelection[Candidates].Candidates"}}]},"@class":"prescriptive.model.impl.DecisionPath"},"property":{"@class":"semantic.model.impl.ObjectPropertyI","domain":"cRelationalConstraint","id":"cRelationalConstraint.leftNumeric"}},{"@class":"prescriptive.model.impl.PropertyBindingI","bindingExpr":{"@class":"semantic.numeric.impl.RelationalOperatorI","annotations":["java.util.LinkedList",[{"@class":"semantic.path.impl.SimpleAnnotation","typeName":"VAR","identifiableName":"cRelationalConstraint.relationalOperator","value":"3:0"}]],"value":"LESS_OR_EQUAL"},"property":{"@class":"semantic.model.impl.ObjectPropertyI","domain":"cRelationalConstraint","id":"cRelationalConstraint.relationalOperator"}},{"@class":"prescriptive.model.impl.PropertyBindingI","bindingExpr":{"@class":"semantic.numeric.impl.NumericPathI","pathElements":[{"@class":"semantic.path.impl.PathConceptI","concept":{"@class":"semantic.model.impl.BusinessConceptI","id":"Campaign"}},{"@class":"semantic.path.impl.PathPropertyI","property":{"@class":"semantic.model.impl.DataPropertyI","domain":"Campaign","id":"Campaign.max customers"}}],"functor":{"@class":"semantic.numeric.impl.NumericAggregatorI","value":"SUM"}},"property":{"@class":"semantic.model.impl.ObjectPropertyI","domain":"cRelationalConstraint","id":"cRelationalConstraint.rightNumeric"}}]],"relaxed":false,"associatedConcepts":["Candidates","Campaign","cSelection[Candidates]"],"isConstraint":true,"isSetting":false,"id":"cIterativeRelationalConstraint","verbalization":"For each Campaign, number of selections of Candidates is less than or equal to max customers","uniqueId":"1c4e297e-99be-4d35-be6a-0f1711cc9c0c","associatedProperties":["Candidates.Campaign","Campaign.max customers","cSelection[Candidates].Candidates"],"canBeDuplicated":true},{"template":{"@class":"prescriptive.model.impl.ConstraintTemplateI","id":"cIterativeRelationalConstraint"},"canBeRelaxed":true,"canBeDeleted":true,"@class":"prescriptive.model.impl.ConstraintTemplateInstanceI","verbalizationWithAnnotation":"For each {\"element\": \"cIterativeRelationalConstraint.iterativeConcept\", \"variable\": \"1:0\", \"textEdit\": \"true\", \"selectable\": \"true\",\"choices\":[{\"value\":{\"@class\":\"semantic.path.impl.TbdPathFilter\"}, \"verb\":\"<Add a condition>\"}, {\"value\":{\"@class\":\"semantic.path.impl.PathI\",\"pathElements\":[{\"@class\":\"semantic.path.impl.PathConceptI\",\"concept\":{\"@class\":\"semantic.model.impl.BusinessConceptI\",\"id\":\"Customer\"}}]}, \"verb\":\"Customer\"}, {\"value\":{\"@class\":\"semantic.path.impl.PathI\",\"pathElements\":[{\"@class\":\"semantic.path.impl.PathConceptI\",\"concept\":{\"@class\":\"semantic.model.impl.BusinessConceptI\",\"id\":\"Campaign\"}}],\"annotations\":[\"java.util.LinkedList\",[{\"@class\":\"semantic.path.impl.SimpleAnnotation\",\"typeName\":\"SINGULAR\",\"identifiableName\":\"cIterativeRelationalConstraint\",\"value\":\"true\"},{\"@class\":\"semantic.path.impl.SimpleAnnotation\",\"typeName\":\"VAR\",\"identifiableName\":\"cIterativeRelationalConstraint.iterativeConcept\",\"value\":\"1:0\"}]]}, \"verb\":\"Campaign\"}, {\"value\":{\"@class\":\"semantic.path.impl.PathI\",\"pathElements\":[{\"@class\":\"semantic.path.impl.PathConceptI\",\"concept\":{\"@class\":\"semantic.model.impl.BusinessConceptI\",\"id\":\"Candidates\"}}],\"annotations\":[\"java.util.LinkedList\",[{\"@class\":\"semantic.path.impl.SimpleAnnotation\",\"typeName\":\"SINGULAR\",\"identifiableName\":\"cIterativeRelationalConstraint\",\"value\":\"true\"},{\"@class\":\"semantic.path.impl.SimpleAnnotation\",\"typeName\":\"VAR\",\"identifiableName\":\"cIterativeRelationalConstraint.iterativeConcept\",\"value\":\"1:0\"}]]}, \"verb\":\"Candidates\"}],\"value\": \"Customer\"}, {\"element\": \"cRelationalConstraint.leftNumeric\", \"variable\": \"2:0\", \"textEdit\": \"true\", \"selectable\": \"true\",\"choices\":[{\"value\":{\"@class\":\"semantic.path.impl.TbdPathFilter\"}, \"verb\":\"<Add a condition>\"}, {\"value\":{\"uniqueValues\":true,\"path\":{\"@class\":\"semantic.path.impl.PathI\",\"pathElements\":[{\"@class\":\"semantic.path.impl.PathConceptI\",\"concept\":{\"@class\":\"semantic.model.impl.BusinessConceptI\",\"id\":\"Customer\"}},{\"@class\":\"semantic.path.impl.PathInversePropertyI\",\"property\":{\"@class\":\"semantic.model.impl.ObjectPropertyI\",\"domain\":\"Candidates\",\"id\":\"Candidates.Customer\"}},{\"@class\":\"semantic.path.impl.PathInversePropertyI\",\"property\":{\"@class\":\"semantic.model.impl.ObjectPropertyI\",\"domain\":\"cSelection[Candidates]\",\"id\":\"cSelection[Candidates].Candidates\"}}]},\"@class\":\"prescriptive.model.impl.DecisionPath\"}, \"verb\":\"number of selections of Candidates\"}],\"value\": \"number of selections of Candidates\"} {\"element\": \"cRelationalConstraint.relationalOperator\", \"variable\": \"3:0\", \"textEdit\": \"false\", \"selectable\": \"true\",\"choices\":[{\"value\":{\"@class\":\"semantic.numeric.impl.RelationalOperatorI\",\"annotations\":[\"java.util.LinkedList\",[{\"@class\":\"semantic.path.impl.SimpleAnnotation\",\"typeName\":\"VAR\",\"identifiableName\":\"cRelationalConstraint.relationalOperator\",\"value\":\"3:0\"}]],\"value\":\"LESS_OR_EQUAL\"}, \"verb\":\"is less than or equal to\"}, {\"value\":{\"@class\":\"semantic.numeric.impl.RelationalOperatorI\",\"annotations\":[\"java.util.LinkedList\",[{\"@class\":\"semantic.path.impl.SimpleAnnotation\",\"typeName\":\"VAR\",\"identifiableName\":\"cRelationalConstraint.relationalOperator\",\"value\":\"3:0\"}]],\"value\":\"LESS_THAN\"}, \"verb\":\"is less than\"}, {\"value\":{\"@class\":\"semantic.numeric.impl.RelationalOperatorI\",\"annotations\":[\"java.util.LinkedList\",[{\"@class\":\"semantic.path.impl.SimpleAnnotation\",\"typeName\":\"VAR\",\"identifiableName\":\"cRelationalConstraint.relationalOperator\",\"value\":\"3:0\"}]],\"value\":\"EQUAL\"}, \"verb\":\"is equal to\"}, {\"value\":{\"@class\":\"semantic.numeric.impl.RelationalOperatorI\",\"annotations\":[\"java.util.LinkedList\",[{\"@class\":\"semantic.path.impl.SimpleAnnotation\",\"typeName\":\"VAR\",\"identifiableName\":\"cRelationalConstraint.relationalOperator\",\"value\":\"3:0\"}]],\"value\":\"GREATER_OR_EQUAL\"}, \"verb\":\"is greater than or equal to\"}, {\"value\":{\"@class\":\"semantic.numeric.impl.RelationalOperatorI\",\"annotations\":[\"java.util.LinkedList\",[{\"@class\":\"semantic.path.impl.SimpleAnnotation\",\"typeName\":\"VAR\",\"identifiableName\":\"cRelationalConstraint.relationalOperator\",\"value\":\"3:0\"}]],\"value\":\"GREATER_THAN\"}, \"verb\":\"is greater than\"}, {\"value\":{\"@class\":\"semantic.numeric.impl.RelationalOperatorI\",\"annotations\":[\"java.util.LinkedList\",[{\"@class\":\"semantic.path.impl.SimpleAnnotation\",\"typeName\":\"VAR\",\"identifiableName\":\"cRelationalConstraint.relationalOperator\",\"value\":\"3:0\"}]],\"value\":\"DIFFERENT\"}, \"verb\":\"is different from\"}],\"value\": \"is less than or equal to\"} {\"element\": \"cRelationalConstraint.rightNumeric\", \"variable\": \"4:0\", \"textEdit\": \"true\", \"selectable\": \"true\",\"choices\":[{\"value\":{\"@class\":\"semantic.numeric.NumericLiteral$Double\",\"value\":1.0}, \"verb\":\"1\"}],\"value\": \"1\"}","topics":["cTopicOther"],"concept":{"@class":"prescriptive.model.impl.ConstraintTemplateI","id":"cIterativeRelationalConstraint"},"query":"for each customer number of selections is less than 1","description":null,"label":"cIterativeRelationalConstraint","elicitedBindings":["java.util.ArrayList",[{"@class":"prescriptive.model.impl.PropertyBindingI","bindingExpr":{"@class":"semantic.path.impl.PathI","pathElements":[{"@class":"semantic.path.impl.PathConceptI","concept":{"@class":"semantic.model.impl.BusinessConceptI","id":"Customer"}}]},"property":{"@class":"semantic.model.impl.ObjectPropertyI","domain":"cIterativeRelationalConstraint","id":"cIterativeRelationalConstraint.iterativeConcept"}},{"@class":"prescriptive.model.impl.PropertyBindingI","bindingExpr":{"uniqueValues":true,"path":{"@class":"semantic.path.impl.PathI","pathElements":[{"@class":"semantic.path.impl.PathConceptI","concept":{"@class":"semantic.model.impl.BusinessConceptI","id":"Customer"}},{"@class":"semantic.path.impl.PathInversePropertyI","property":{"@class":"semantic.model.impl.ObjectPropertyI","domain":"Candidates","id":"Candidates.Customer"}},{"@class":"semantic.path.impl.PathInversePropertyI","property":{"@class":"semantic.model.impl.ObjectPropertyI","domain":"cSelection[Candidates]","id":"cSelection[Candidates].Candidates"}}]},"@class":"prescriptive.model.impl.DecisionPath"},"property":{"@class":"semantic.model.impl.ObjectPropertyI","domain":"cRelationalConstraint","id":"cRelationalConstraint.leftNumeric"}},{"@class":"prescriptive.model.impl.PropertyBindingI","bindingExpr":{"@class":"semantic.numeric.impl.RelationalOperatorI","annotations":["java.util.LinkedList",[{"@class":"semantic.path.impl.SimpleAnnotation","typeName":"VAR","identifiableName":"cRelationalConstraint.relationalOperator","value":"3:0"}]],"value":"LESS_OR_EQUAL"},"property":{"@class":"semantic.model.impl.ObjectPropertyI","domain":"cRelationalConstraint","id":"cRelationalConstraint.relationalOperator"}},{"@class":"prescriptive.model.impl.PropertyBindingI","bindingExpr":{"@class":"semantic.numeric.NumericLiteral$Double","value":1.0},"property":{"@class":"semantic.model.impl.ObjectPropertyI","domain":"cRelationalConstraint","id":"cRelationalConstraint.rightNumeric"}}]],"relaxed":false,"associatedConcepts":["Candidates","Customer","cSelection[Candidates]"],"isConstraint":true,"isSetting":false,"id":"cIterativeRelationalConstraint","verbalization":"For each Customer, number of selections of Candidates is less than or equal to 1","uniqueId":"c795916c-35f4-470f-8661-0ac26a4f2d1c","associatedProperties":["Candidates.Customer","cSelection[Candidates].Candidates"],"canBeDuplicated":true},{"template":{"@class":"prescriptive.model.impl.ConstraintTemplateI","id":"cGlobalRelationalConstraint"},"canBeRelaxed":true,"canBeDeleted":true,"@class":"prescriptive.model.impl.ConstraintTemplateInstanceI","verbalizationWithAnnotation":"{\"element\": \"cRelationalConstraint.leftNumeric\", \"variable\": \"1:0\", \"textEdit\": \"true\", \"selectable\": \"true\",\"choices\":[{\"value\":{\"@class\":\"semantic.path.impl.TbdPathFilter\"}, \"verb\":\"<Add a condition>\"}, {\"value\":{\"uniqueValues\":true,\"path\":{\"@class\":\"semantic.path.impl.PathI\",\"pathElements\":[{\"@class\":\"semantic.path.impl.PathConceptI\",\"concept\":{\"@class\":\"decision.impl.DecisionConceptI\",\"id\":\"cSelection[Candidates]\"}},{\"path\":{\"path\":{\"@class\":\"semantic.path.impl.PathI\",\"pathElements\":[{\"@class\":\"semantic.path.impl.PathConceptI\",\"concept\":{\"@class\":\"decision.impl.DecisionConceptI\",\"id\":\"cSelection[Candidates]\"}},{\"@class\":\"semantic.path.impl.PathPropertyI\",\"property\":{\"@class\":\"semantic.model.impl.ObjectPropertyI\",\"domain\":\"cSelection[Candidates]\",\"id\":\"cSelection[Candidates].Candidates\"}},{\"@class\":\"semantic.path.impl.PathPropertyI\",\"property\":{\"@class\":\"semantic.model.impl.ObjectPropertyI\",\"domain\":\"Candidates\",\"id\":\"Candidates.Customer\"}}]},\"@class\":\"semantic.category.impl.CategoryPathI\"},\"@class\":\"semantic.category.impl.PathCategoryFilterI\",\"test\":{\"@class\":\"semantic.category.impl.PredefinedCategoryTestI\",\"value\":\"IS\"},\"value\":{\"individualIds\":[\"java.util.TreeSet\",[{\"@class\":\"semantic.model.impl.IndividualIdI\",\"concept\":\"Customer\",\"id\":\"Customer 1\"}]],\"@class\":\"semantic.category.impl.CategoryIndividualsI\"}},{\"path\":{\"path\":{\"@class\":\"semantic.path.impl.PathI\",\"pathElements\":[{\"@class\":\"semantic.path.impl.PathConceptI\",\"concept\":{\"@class\":\"decision.impl.DecisionConceptI\",\"id\":\"cSelection[Candidates]\"}},{\"@class\":\"semantic.path.impl.PathPropertyI\",\"property\":{\"@class\":\"semantic.model.impl.ObjectPropertyI\",\"domain\":\"cSelection[Candidates]\",\"id\":\"cSelection[Candidates].Candidates\"}},{\"@class\":\"semantic.path.impl.PathPropertyI\",\"property\":{\"@class\":\"semantic.model.impl.ObjectPropertyI\",\"domain\":\"Candidates\",\"id\":\"Candidates.Campaign\"}}]},\"@class\":\"semantic.category.impl.CategoryPathI\"},\"@class\":\"semantic.category.impl.PathCategoryFilterI\",\"test\":{\"@class\":\"semantic.category.impl.PredefinedCategoryTestI\",\"value\":\"IS\"},\"value\":{\"individualIds\":[\"java.util.TreeSet\",[{\"@class\":\"semantic.model.impl.IndividualIdI\",\"concept\":\"Campaign\",\"id\":\"Home\"}]],\"@class\":\"semantic.category.impl.CategoryIndividualsI\"}}]},\"@class\":\"prescriptive.model.impl.DecisionPath\"}, \"verb\":\"number of Candidates selections\"}],\"value\": \"number of Candidates selections\"} where {\"element\": \"cRelationalConstraint.leftNumeric\", \"variable\": \"0:1\", \"textEdit\": \"true\", \"selectable\": \"true\",\"choices\":[{\"value\":{\"@class\":\"semantic.path.impl.TbdPathFilter\"}, \"verb\":\"<Add a condition>\"}, {\"value\":{\"@class\":\"prescriptive.model.edit.TbrmPathFilter\",\"filterNum\":1}, \"verb\":\"<Remove condition>\"}, {\"value\":{\"path\":{\"path\":{\"@class\":\"semantic.path.impl.PathI\",\"pathElements\":[{\"@class\":\"semantic.path.impl.PathConceptI\",\"concept\":{\"@class\":\"decision.impl.DecisionConceptI\",\"id\":\"cSelection[Candidates]\"}},{\"@class\":\"semantic.path.impl.PathPropertyI\",\"property\":{\"@class\":\"semantic.model.impl.ObjectPropertyI\",\"domain\":\"cSelection[Candidates]\",\"id\":\"cSelection[Candidates].Candidates\"}},{\"@class\":\"semantic.path.impl.PathPropertyI\",\"property\":{\"@class\":\"semantic.model.impl.ObjectPropertyI\",\"domain\":\"Candidates\",\"id\":\"Candidates.Customer\"}}]},\"@class\":\"semantic.category.impl.CategoryPathI\"},\"@class\":\"semantic.category.impl.PathCategoryFilterI\",\"test\":{\"@class\":\"semantic.category.impl.PredefinedCategoryTestI\",\"value\":\"IS\"},\"value\":{\"individualIds\":[\"java.util.TreeSet\",[{\"@class\":\"semantic.model.impl.IndividualIdI\",\"concept\":\"Customer\",\"id\":\"Customer 1\"}]],\"@class\":\"semantic.category.impl.CategoryIndividualsI\"}}, \"verb\":\"Customer of Candidates is Customer 1\"}],\"value\": \"Customer of Candidates is Customer 1\"}  and where  {\"element\": \"cRelationalConstraint.leftNumeric\", \"variable\": \"0:2\", \"textEdit\": \"true\", \"selectable\": \"true\",\"choices\":[{\"value\":{\"@class\":\"semantic.path.impl.TbdPathFilter\"}, \"verb\":\"<Add a condition>\"}, {\"value\":{\"@class\":\"prescriptive.model.edit.TbrmPathFilter\",\"filterNum\":2}, \"verb\":\"<Remove condition>\"}, {\"value\":{\"path\":{\"path\":{\"@class\":\"semantic.path.impl.PathI\",\"pathElements\":[{\"@class\":\"semantic.path.impl.PathConceptI\",\"concept\":{\"@class\":\"decision.impl.DecisionConceptI\",\"id\":\"cSelection[Candidates]\"}},{\"@class\":\"semantic.path.impl.PathPropertyI\",\"property\":{\"@class\":\"semantic.model.impl.ObjectPropertyI\",\"domain\":\"cSelection[Candidates]\",\"id\":\"cSelection[Candidates].Candidates\"}},{\"@class\":\"semantic.path.impl.PathPropertyI\",\"property\":{\"@class\":\"semantic.model.impl.ObjectPropertyI\",\"domain\":\"Candidates\",\"id\":\"Candidates.Campaign\"}}]},\"@class\":\"semantic.category.impl.CategoryPathI\"},\"@class\":\"semantic.category.impl.PathCategoryFilterI\",\"test\":{\"@class\":\"semantic.category.impl.PredefinedCategoryTestI\",\"value\":\"IS\"},\"value\":{\"individualIds\":[\"java.util.TreeSet\",[{\"@class\":\"semantic.model.impl.IndividualIdI\",\"concept\":\"Campaign\",\"id\":\"Home\"}]],\"@class\":\"semantic.category.impl.CategoryIndividualsI\"}}, \"verb\":\"Campaign of Candidates is Home\"}],\"value\": \"Campaign of Candidates is Home\"} {\"element\": \"cRelationalConstraint.relationalOperator\", \"variable\": \"2:0\", \"textEdit\": \"false\", \"selectable\": \"true\",\"choices\":[{\"value\":{\"@class\":\"semantic.numeric.impl.RelationalOperatorI\",\"value\":\"EQUAL\"}, \"verb\":\"is equal to\"}, {\"value\":{\"@class\":\"semantic.numeric.impl.RelationalOperatorI\",\"annotations\":[\"java.util.LinkedList\",[{\"@class\":\"semantic.path.impl.SimpleAnnotation\",\"typeName\":\"VAR\",\"identifiableName\":\"cRelationalConstraint.relationalOperator\",\"value\":\"2:0\"}]],\"value\":\"LESS_THAN\"}, \"verb\":\"is less than\"}, {\"value\":{\"@class\":\"semantic.numeric.impl.RelationalOperatorI\",\"annotations\":[\"java.util.LinkedList\",[{\"@class\":\"semantic.path.impl.SimpleAnnotation\",\"typeName\":\"VAR\",\"identifiableName\":\"cRelationalConstraint.relationalOperator\",\"value\":\"2:0\"}]],\"value\":\"LESS_OR_EQUAL\"}, \"verb\":\"is less than or equal to\"}, {\"value\":{\"@class\":\"semantic.numeric.impl.RelationalOperatorI\",\"annotations\":[\"java.util.LinkedList\",[{\"@class\":\"semantic.path.impl.SimpleAnnotation\",\"typeName\":\"VAR\",\"identifiableName\":\"cRelationalConstraint.relationalOperator\",\"value\":\"2:0\"}]],\"value\":\"GREATER_OR_EQUAL\"}, \"verb\":\"is greater than or equal to\"}, {\"value\":{\"@class\":\"semantic.numeric.impl.RelationalOperatorI\",\"annotations\":[\"java.util.LinkedList\",[{\"@class\":\"semantic.path.impl.SimpleAnnotation\",\"typeName\":\"VAR\",\"identifiableName\":\"cRelationalConstraint.relationalOperator\",\"value\":\"2:0\"}]],\"value\":\"GREATER_THAN\"}, \"verb\":\"is greater than\"}, {\"value\":{\"@class\":\"semantic.numeric.impl.RelationalOperatorI\",\"annotations\":[\"java.util.LinkedList\",[{\"@class\":\"semantic.path.impl.SimpleAnnotation\",\"typeName\":\"VAR\",\"identifiableName\":\"cRelationalConstraint.relationalOperator\",\"value\":\"2:0\"}]],\"value\":\"DIFFERENT\"}, \"verb\":\"is different from\"}],\"value\": \"is equal to\"} {\"element\": \"cRelationalConstraint.rightNumeric\", \"variable\": \"3:0\", \"textEdit\": \"true\", \"selectable\": \"true\",\"choices\":[{\"value\":{\"@class\":\"semantic.numeric.NumericLiteral$Double\",\"value\":1.0}, \"verb\":\"1\"}],\"value\": \"1\"}","topics":["cTopicOther"],"concept":{"@class":"prescriptive.model.impl.ConstraintTemplateI","id":"cGlobalRelationalConstraint"},"query":"number of selection is equal to 1","description":null,"label":"cGlobalRelationalConstraint","elicitedBindings":["java.util.ArrayList",[{"@class":"prescriptive.model.impl.PropertyBindingI","bindingExpr":{"uniqueValues":true,"path":{"@class":"semantic.path.impl.PathI","pathElements":[{"@class":"semantic.path.impl.PathConceptI","concept":{"@class":"decision.impl.DecisionConceptI","id":"cSelection[Candidates]"}},{"path":{"path":{"@class":"semantic.path.impl.PathI","pathElements":[{"@class":"semantic.path.impl.PathConceptI","concept":{"@class":"decision.impl.DecisionConceptI","id":"cSelection[Candidates]"}},{"@class":"semantic.path.impl.PathPropertyI","property":{"@class":"semantic.model.impl.ObjectPropertyI","domain":"cSelection[Candidates]","id":"cSelection[Candidates].Candidates"}},{"@class":"semantic.path.impl.PathPropertyI","property":{"@class":"semantic.model.impl.ObjectPropertyI","domain":"Candidates","id":"Candidates.Customer"}}]},"@class":"semantic.category.impl.CategoryPathI"},"@class":"semantic.category.impl.PathCategoryFilterI","test":{"@class":"semantic.category.impl.PredefinedCategoryTestI","value":"IS"},"value":{"individualIds":["java.util.TreeSet",[{"@class":"semantic.model.impl.IndividualIdI","concept":"Customer","id":"Customer 1"}]],"@class":"semantic.category.impl.CategoryIndividualsI"}},{"path":{"path":{"@class":"semantic.path.impl.PathI","pathElements":[{"@class":"semantic.path.impl.PathConceptI","concept":{"@class":"decision.impl.DecisionConceptI","id":"cSelection[Candidates]"}},{"@class":"semantic.path.impl.PathPropertyI","property":{"@class":"semantic.model.impl.ObjectPropertyI","domain":"cSelection[Candidates]","id":"cSelection[Candidates].Candidates"}},{"@class":"semantic.path.impl.PathPropertyI","property":{"@class":"semantic.model.impl.ObjectPropertyI","domain":"Candidates","id":"Candidates.Campaign"}}]},"@class":"semantic.category.impl.CategoryPathI"},"@class":"semantic.category.impl.PathCategoryFilterI","test":{"@class":"semantic.category.impl.PredefinedCategoryTestI","value":"IS"},"value":{"individualIds":["java.util.TreeSet",[{"@class":"semantic.model.impl.IndividualIdI","concept":"Campaign","id":"Home"}]],"@class":"semantic.category.impl.CategoryIndividualsI"}}]},"@class":"prescriptive.model.impl.DecisionPath"},"property":{"@class":"semantic.model.impl.ObjectPropertyI","domain":"cRelationalConstraint","id":"cRelationalConstraint.leftNumeric"}},{"@class":"prescriptive.model.impl.PropertyBindingI","bindingExpr":{"@class":"semantic.numeric.impl.RelationalOperatorI","value":"EQUAL"},"property":{"@class":"semantic.model.impl.ObjectPropertyI","domain":"cRelationalConstraint","id":"cRelationalConstraint.relationalOperator"}},{"@class":"prescriptive.model.impl.PropertyBindingI","bindingExpr":{"@class":"semantic.numeric.NumericLiteral$Double","value":1.0},"property":{"@class":"semantic.model.impl.ObjectPropertyI","domain":"cRelationalConstraint","id":"cRelationalConstraint.rightNumeric"}}]],"relaxed":false,"associatedConcepts":["Candidates","Campaign","Customer","cSelection[Candidates]"],"isConstraint":true,"isSetting":false,"id":"cGlobalRelationalConstraint","verbalization":"number of Candidates selections where Customer of Candidates is Customer 1 and where Campaign of Candidates is Home is equal to 1","uniqueId":"be0c310d-ca2d-438e-846a-978a88e6bb12","associatedProperties":["Candidates.Campaign","Candidates.Customer","cSelection[Candidates].Candidates"],"canBeDuplicated":true}],"internalLastModificationTimeFlag":true,"scenarioCreator":null,"allTopics":[{"verbalizationExplicit":"Filters","id":"cSelectFilterTopic","verbalization":"Filters"},{"verbalizationExplicit":"Objectives","id":"cSelectGoalTopic","verbalization":"Objectives"},{"verbalizationExplicit":"Others","isOthers":true,"id":"cTopicOther","verbalization":"Others"}],"scenarioCreatedAt":1531828346319,"toVerbalize":false,"datasetId":"Scenario 4 Selection","goalsTopics":["cSelectGoalTopic"],"isReadyToRun":true,"showGuidedTour":false,"suggestedStatements":[{"template":{"@class":"prescriptive.model.impl.GoalTemplateI","id":"cMaximizeSelections"},"canBeRelaxed":true,"canBeDeleted":true,"@class":"prescriptive.model.impl.GoalTemplateInstanceI","verbalizationWithAnnotation":"maximize the number of {\"element\": \"cMaximizeSelections.selection\", \"variable\": \"1:0\", \"textEdit\": \"true\", \"selectable\": \"true\",\"choices\":[{\"value\":{\"@class\":\"semantic.path.impl.TbdPathFilter\"}, \"verb\":\"<Add a condition>\"}, {\"value\":{\"@class\":\"semantic.path.impl.PathI\",\"pathElements\":[{\"@class\":\"semantic.path.impl.PathConceptI\",\"concept\":{\"@class\":\"decision.impl.DecisionConceptI\",\"id\":\"cSelection[Candidates]\"}}]}, \"verb\":\"Candidates selections\"}],\"value\": \"Candidates selections\"}","topics":["cSelectGoalTopic"],"concept":{"@class":"prescriptive.model.impl.GoalTemplateI","id":"cMaximizeSelections"},"query":"Maximize expected value of selection","description":"Maximize selections","label":"cMaximizeSelections","elicitedBindings":["java.util.ArrayList",[{"@class":"prescriptive.model.impl.PropertyBindingI","bindingExpr":{"@class":"semantic.path.impl.PathI","pathElements":[{"@class":"semantic.path.impl.PathConceptI","concept":{"@class":"decision.impl.DecisionConceptI","id":"cSelection[Candidates]"}}]},"property":{"@class":"semantic.model.impl.ObjectPropertyI","domain":"cMaximizeSelections","id":"cMaximizeSelections.selection"}},{"@class":"prescriptive.model.impl.PropertyBindingI","bindingExpr":{"@class":"semantic.numeric.NumericLiteral$Integer","value":1},"property":{"@class":"semantic.model.impl.ObjectPropertyI","domain":"cScaledGoal","id":"cScaledGoal.scaleFactorExpr"}}]],"relaxed":false,"associatedConcepts":[],"isConstraint":false,"isSetting":false,"id":"cMaximizeSelections","verbalization":"maximize the number of Candidates selections","uniqueId":"4b15be1f-8976-4934-b599-b21db623de38","associatedProperties":[],"canBeDuplicated":true},{"template":{"@class":"prescriptive.model.impl.GoalTemplateI","id":"cMinimizeGoalSelect"},"canBeRelaxed":true,"canBeDeleted":true,"@class":"prescriptive.model.impl.GoalTemplateInstanceI","verbalizationWithAnnotation":"Minimize {\"element\": \"cSingleCriterionGoal.numericExpr\", \"variable\": \"1:0\", \"textEdit\": \"true\", \"selectable\": \"true\",\"choices\":[{\"value\":{\"@class\":\"semantic.path.impl.TbdPathFilter\"}, \"verb\":\"<Add a condition>\"}, {\"value\":{\"@class\":\"semantic.numeric.impl.NumericPathI\",\"pathElements\":[{\"@class\":\"semantic.path.impl.PathConceptI\",\"concept\":{\"@class\":\"decision.impl.DecisionConceptI\",\"id\":\"cSelection[Candidates]\"}},{\"@class\":\"semantic.path.impl.PathPropertyI\",\"property\":{\"@class\":\"semantic.model.impl.ObjectPropertyI\",\"domain\":\"cSelection[Candidates]\",\"id\":\"cSelection[Candidates].Candidates\"}},{\"@class\":\"semantic.path.impl.PathPropertyI\",\"property\":{\"@class\":\"semantic.model.impl.DataPropertyI\",\"domain\":\"Candidates\",\"id\":\"Candidates.expected value\"}}],\"functor\":{\"@class\":\"semantic.numeric.impl.NumericAggregatorI\",\"value\":\"SUM\"}}, \"verb\":\"total expected value of Candidates over all selections\"}],\"value\": \"total expected value of Candidates over all selections\"}","topics":["cSelectGoalTopic"],"concept":{"@class":"prescriptive.model.impl.GoalTemplateI","id":"cMinimizeGoalSelect"},"query":"Maximize expected value of selection","description":"Minimize for Assign tagged as objective","label":"cMinimizeGoalSelect","elicitedBindings":["java.util.ArrayList",[{"@class":"prescriptive.model.impl.PropertyBindingI","bindingExpr":{"@class":"semantic.numeric.impl.NumericPathI","pathElements":[{"@class":"semantic.path.impl.PathConceptI","concept":{"@class":"decision.impl.DecisionConceptI","id":"cSelection[Candidates]"}},{"@class":"semantic.path.impl.PathPropertyI","property":{"@class":"semantic.model.impl.ObjectPropertyI","domain":"cSelection[Candidates]","id":"cSelection[Candidates].Candidates"}},{"@class":"semantic.path.impl.PathPropertyI","property":{"@class":"semantic.model.impl.DataPropertyI","domain":"Candidates","id":"Candidates.expected value"}}],"functor":{"@class":"semantic.numeric.impl.NumericAggregatorI","value":"SUM"}},"property":{"@class":"semantic.model.impl.ObjectPropertyI","domain":"cSingleCriterionGoal","id":"cSingleCriterionGoal.numericExpr"}},{"@class":"prescriptive.model.impl.PropertyBindingI","bindingExpr":{"@class":"semantic.numeric.NumericLiteral$Integer","value":1},"property":{"@class":"semantic.model.impl.ObjectPropertyI","domain":"cScaledGoal","id":"cScaledGoal.scaleFactorExpr"}}]],"relaxed":false,"associatedConcepts":[],"isConstraint":false,"isSetting":false,"id":"cMinimizeGoalSelect","verbalization":"Minimize total expected value of Candidates over all selections","uniqueId":"f7960792-1155-4d36-b650-2443fc800a36","associatedProperties":[],"canBeDuplicated":true},{"template":{"@class":"prescriptive.model.impl.ConstraintTemplateI","id":"cGlobalRelationalConstraint"},"canBeRelaxed":true,"canBeDeleted":true,"@class":"prescriptive.model.impl.ConstraintTemplateInstanceI","verbalizationWithAnnotation":"{\"element\": \"cRelationalConstraint.leftNumeric\", \"variable\": \"1:0\", \"textEdit\": \"true\", \"selectable\": \"true\",\"choices\":[{\"value\":{\"@class\":\"semantic.path.impl.TbdPathFilter\"}, \"verb\":\"<Add a condition>\"}, {\"value\":{\"uniqueValues\":true,\"path\":{\"@class\":\"semantic.path.impl.PathI\",\"pathElements\":[{\"@class\":\"semantic.path.impl.PathConceptI\",\"concept\":{\"@class\":\"decision.impl.DecisionConceptI\",\"id\":\"cSelection[Candidates]\"}}]},\"@class\":\"prescriptive.model.impl.DecisionPath\"}, \"verb\":\"number of Candidates selections\"}],\"value\": \"number of Candidates selections\"} {\"element\": \"cRelationalConstraint.relationalOperator\", \"variable\": \"2:0\", \"textEdit\": \"false\", \"selectable\": \"true\",\"choices\":[{\"value\":{\"@class\":\"semantic.numeric.impl.RelationalOperatorI\",\"value\":\"LESS_OR_EQUAL\"}, \"verb\":\"is less than or equal to\"}],\"value\": \"is less than or equal to\"} {\"element\": \"cRelationalConstraint.rightNumeric\", \"variable\": \"3:0\", \"textEdit\": \"true\", \"selectable\": \"true\",\"choices\":[{\"value\":{\"@class\":\"semantic.path.impl.TbdPathFilter\"}, \"verb\":\"<Add a condition>\"}, {\"value\":{\"@class\":\"semantic.numeric.impl.NumericPathI\",\"pathElements\":[{\"@class\":\"semantic.path.impl.PathConceptI\",\"concept\":{\"@class\":\"semantic.model.impl.BusinessConceptI\",\"id\":\"Candidates\"}},{\"@class\":\"semantic.path.impl.PathPropertyI\",\"property\":{\"@class\":\"semantic.model.impl.DataPropertyI\",\"domain\":\"Candidates\",\"id\":\"Candidates.expected value\"}}],\"functor\":{\"@class\":\"semantic.numeric.impl.NumericAggregatorI\",\"value\":\"SUM\"}}, \"verb\":\"total expected value over all Candidates\"}],\"value\": \"total expected value over all Candidates\"}","topics":["cTopicOther"],"concept":{"@class":"prescriptive.model.impl.ConstraintTemplateI","id":"cGlobalRelationalConstraint"},"query":"Maximize expected value of selection","description":null,"label":"cGlobalRelationalConstraint","elicitedBindings":["java.util.ArrayList",[{"@class":"prescriptive.model.impl.PropertyBindingI","bindingExpr":{"uniqueValues":true,"path":{"@class":"semantic.path.impl.PathI","pathElements":[{"@class":"semantic.path.impl.PathConceptI","concept":{"@class":"decision.impl.DecisionConceptI","id":"cSelection[Candidates]"}}]},"@class":"prescriptive.model.impl.DecisionPath"},"property":{"@class":"semantic.model.impl.ObjectPropertyI","domain":"cRelationalConstraint","id":"cRelationalConstraint.leftNumeric"}},{"@class":"prescriptive.model.impl.PropertyBindingI","bindingExpr":{"@class":"semantic.numeric.impl.RelationalOperatorI","value":"LESS_OR_EQUAL"},"property":{"@class":"semantic.model.impl.ObjectPropertyI","domain":"cRelationalConstraint","id":"cRelationalConstraint.relationalOperator"}},{"@class":"prescriptive.model.impl.PropertyBindingI","bindingExpr":{"@class":"semantic.numeric.impl.NumericPathI","pathElements":[{"@class":"semantic.path.impl.PathConceptI","concept":{"@class":"semantic.model.impl.BusinessConceptI","id":"Candidates"}},{"@class":"semantic.path.impl.PathPropertyI","property":{"@class":"semantic.model.impl.DataPropertyI","domain":"Candidates","id":"Candidates.expected value"}}],"functor":{"@class":"semantic.numeric.impl.NumericAggregatorI","value":"SUM"}},"property":{"@class":"semantic.model.impl.ObjectPropertyI","domain":"cRelationalConstraint","id":"cRelationalConstraint.rightNumeric"}}]],"relaxed":false,"associatedConcepts":[],"isConstraint":true,"isSetting":false,"id":"cGlobalRelationalConstraint","verbalization":"number of Candidates selections is less than or equal to total expected value over all Candidates","uniqueId":"4b874990-2a0b-44ec-bcd2-4984a4d0b950","associatedProperties":[],"canBeDuplicated":true},{"template":{"@class":"prescriptive.model.impl.ConstraintTemplateI","id":"cIterativeRelationalConstraint"},"canBeRelaxed":true,"canBeDeleted":true,"@class":"prescriptive.model.impl.ConstraintTemplateInstanceI","verbalizationWithAnnotation":"For each {\"element\": \"cIterativeRelationalConstraint.iterativeConcept\", \"variable\": \"1:0\", \"textEdit\": \"true\", \"selectable\": \"true\",\"choices\":[{\"value\":\"__TOBEMAPPED__\", \"verb\":\"a selected data\"}],\"value\": \"a selected data\"}, {\"element\": \"cRelationalConstraint.leftNumeric\", \"variable\": \"2:0\", \"textEdit\": \"true\", \"selectable\": \"true\",\"choices\":[{\"value\":{\"uniqueValues\":true,\"path\":{\"@class\":\"semantic.path.impl.PathI\",\"pathElements\":[{\"@class\":\"semantic.path.impl.PathConceptI\",\"concept\":{\"@class\":\"decision.impl.DecisionConceptI\",\"id\":\"cSelection[Candidates]\"}}]},\"@class\":\"prescriptive.model.impl.DecisionPath\"}, \"verb\":\"Candidates selection\"}],\"value\": \"Candidates selection\"} {\"element\": \"cRelationalConstraint.relationalOperator\", \"variable\": \"3:0\", \"textEdit\": \"false\", \"selectable\": \"true\",\"choices\":[{\"value\":{\"@class\":\"semantic.numeric.impl.RelationalOperatorI\",\"value\":\"LESS_OR_EQUAL\"}, \"verb\":\"is less than or equal to\"}],\"value\": \"is less than or equal to\"} {\"element\": \"cRelationalConstraint.rightNumeric\", \"variable\": \"4:0\", \"textEdit\": \"true\", \"selectable\": \"true\",\"choices\":[{\"value\":{\"@class\":\"semantic.numeric.impl.NumericPathI\",\"pathElements\":[{\"@class\":\"semantic.path.impl.PathConceptI\",\"concept\":{\"@class\":\"semantic.model.impl.BusinessConceptI\",\"id\":\"Candidates\"}},{\"@class\":\"semantic.path.impl.PathPropertyI\",\"property\":{\"@class\":\"semantic.model.impl.DataPropertyI\",\"domain\":\"Candidates\",\"id\":\"Candidates.expected value\"}}],\"functor\":{\"@class\":\"semantic.numeric.impl.NumericAggregatorI\",\"value\":\"SUM\"}}, \"verb\":\"expected value over all Candidates\"}],\"value\": \"expected value over all Candidates\"}","topics":["cTopicOther"],"concept":{"@class":"prescriptive.model.impl.ConstraintTemplateI","id":"cIterativeRelationalConstraint"},"query":"Maximize expected value of selection","description":null,"label":"cIterativeRelationalConstraint","elicitedBindings":["java.util.ArrayList",[{"@class":"prescriptive.model.impl.PropertyBindingI","bindingExpr":{"@class":"semantic.path.impl.TbdPath","definedProperty":{"@class":"semantic.model.impl.ObjectPropertyI","domain":"cIterativeRelationalConstraint","id":"cIterativeRelationalConstraint.iterativeConcept"},"definedConcept":{"@class":"prescriptive.model.impl.ConstraintTemplateI","id":"cIterativeRelationalConstraint"}},"property":{"@class":"semantic.model.impl.ObjectPropertyI","domain":"cIterativeRelationalConstraint","id":"cIterativeRelationalConstraint.iterativeConcept"}},{"@class":"prescriptive.model.impl.PropertyBindingI","bindingExpr":{"uniqueValues":true,"path":{"@class":"semantic.path.impl.PathI","pathElements":[{"@class":"semantic.path.impl.PathConceptI","concept":{"@class":"decision.impl.DecisionConceptI","id":"cSelection[Candidates]"}}]},"@class":"prescriptive.model.impl.DecisionPath"},"property":{"@class":"semantic.model.impl.ObjectPropertyI","domain":"cRelationalConstraint","id":"cRelationalConstraint.leftNumeric"}},{"@class":"prescriptive.model.impl.PropertyBindingI","bindingExpr":{"@class":"semantic.numeric.impl.RelationalOperatorI","value":"LESS_OR_EQUAL"},"property":{"@class":"semantic.model.impl.ObjectPropertyI","domain":"cRelationalConstraint","id":"cRelationalConstraint.relationalOperator"}},{"@class":"prescriptive.model.impl.PropertyBindingI","bindingExpr":{"@class":"semantic.numeric.impl.NumericPathI","pathElements":[{"@class":"semantic.path.impl.PathConceptI","concept":{"@class":"semantic.model.impl.BusinessConceptI","id":"Candidates"}},{"@class":"semantic.path.impl.PathPropertyI","property":{"@class":"semantic.model.impl.DataPropertyI","domain":"Candidates","id":"Candidates.expected value"}}],"functor":{"@class":"semantic.numeric.impl.NumericAggregatorI","value":"SUM"}},"property":{"@class":"semantic.model.impl.ObjectPropertyI","domain":"cRelationalConstraint","id":"cRelationalConstraint.rightNumeric"}}]],"relaxed":false,"associatedConcepts":[],"isConstraint":true,"isSetting":false,"id":"cIterativeRelationalConstraint","verbalization":"For each a selected data, Candidates selection is less than or equal to expected value over all Candidates","uniqueId":"fef359e6-0557-47f1-aa03-513e90fe7d1f","associatedProperties":[],"canBeDuplicated":true}],"guidedRuleTopics":["constraint","filters","goal","objectives"],"updatedOptimModels":null,"inAlert":false,"vocabularyDefinitionsTopics":[],"goals":[{"template":{"@class":"prescriptive.model.impl.GoalTemplateI","id":"cMaximizeGoalSelect"},"canBeRelaxed":true,"canBeDeleted":true,"associatedDefinitions":["cMaximizeGoalSelect.scaleFactorExpr"],"@class":"prescriptive.model.impl.GoalTemplateInstanceI","verbalizationWithAnnotation":"Maximize {\"element\": \"cSingleCriterionGoal.numericExpr\", \"variable\": \"1:0\", \"textEdit\": \"true\", \"selectable\": \"true\",\"choices\":[{\"value\":{\"@class\":\"semantic.path.impl.TbdPathFilter\"}, \"verb\":\"<Add a condition>\"}, {\"value\":{\"@class\":\"semantic.numeric.impl.NumericPathI\",\"pathElements\":[{\"@class\":\"semantic.path.impl.PathConceptI\",\"concept\":{\"@class\":\"decision.impl.DecisionConceptI\",\"id\":\"cSelection[Candidates]\"}},{\"@class\":\"semantic.path.impl.PathPropertyI\",\"property\":{\"@class\":\"semantic.model.impl.ObjectPropertyI\",\"domain\":\"cSelection[Candidates]\",\"id\":\"cSelection[Candidates].Candidates\"}},{\"@class\":\"semantic.path.impl.PathPropertyI\",\"property\":{\"@class\":\"semantic.model.impl.DataPropertyI\",\"domain\":\"Candidates\",\"id\":\"Candidates.expected value\"}}],\"functor\":{\"@class\":\"semantic.numeric.impl.NumericAggregatorI\",\"value\":\"SUM\"}}, \"verb\":\"total expected value of Candidates over all selections\"}],\"value\": \"total expected value of Candidates over all selections\"}","topics":["cSelectGoalTopic"],"concept":{"@class":"prescriptive.model.impl.GoalTemplateI","id":"cMaximizeGoalSelect"},"query":"Maximize expected value of selection","description":"Maximize for Assign tagged as objective","weight":5.0,"label":"cMaximizeGoalSelect","elicitedBindings":["java.util.ArrayList",[{"@class":"prescriptive.model.impl.PropertyBindingI","bindingExpr":{"@class":"semantic.numeric.impl.NumericPathI","pathElements":[{"@class":"semantic.path.impl.PathConceptI","concept":{"@class":"decision.impl.DecisionConceptI","id":"cSelection[Candidates]"}},{"@class":"semantic.path.impl.PathPropertyI","property":{"@class":"semantic.model.impl.ObjectPropertyI","domain":"cSelection[Candidates]","id":"cSelection[Candidates].Candidates"}},{"@class":"semantic.path.impl.PathPropertyI","property":{"@class":"semantic.model.impl.DataPropertyI","domain":"Candidates","id":"Candidates.expected value"}}],"functor":{"@class":"semantic.numeric.impl.NumericAggregatorI","value":"SUM"}},"property":{"@class":"semantic.model.impl.ObjectPropertyI","domain":"cSingleCriterionGoal","id":"cSingleCriterionGoal.numericExpr"}},{"@class":"prescriptive.model.impl.PropertyBindingI","bindingExpr":{"@class":"semantic.numeric.NumericLiteral$Integer","value":1},"property":{"@class":"semantic.model.impl.ObjectPropertyI","domain":"cScaledGoal","id":"cScaledGoal.scaleFactorExpr"}}]],"relaxed":false,"associatedConcepts":["Candidates","cSelection[Candidates]"],"isConstraint":false,"isSetting":false,"id":"cMaximizeGoalSelect","verbalization":"Maximize total expected value of Candidates over all selections","uniqueId":"b1afdcfb-d804-4160-8b3c-9de0ac0d8df3","associatedProperties":["Candidates.expected value","cSelection[Candidates].Candidates"],"canBeDuplicated":true}],"settings":[{"template":{"@class":"prescriptive.model.impl.SettingTemplateI","id":"cUseExplicitVerbalizationSetting"},"canBeRelaxed":false,"canBeDeleted":false,"@class":"prescriptive.model.impl.SettingTemplateInstanceI","verbalizationWithAnnotation":"Use technical verbalization for rules : {\"element\": \"cUseExplicitVerbalizationSetting.useExplicit\", \"variable\": \"1:0\", \"textEdit\": \"true\", \"selectable\": \"true\",\"choices\":[{\"value\":{\"unit\":null,\"@class\":\"semantic.numeric.NumericLiteral$Boolean\",\"value\":false}, \"verb\":\"false\"}, {\"value\":{\"unit\":null,\"@class\":\"semantic.numeric.NumericLiteral$Boolean\",\"annotations\":[\"java.util.LinkedList\",[{\"@class\":\"semantic.path.impl.SimpleAnnotation\",\"typeName\":\"VAR\",\"identifiableName\":\"cUseExplicitVerbalizationSetting.useExplicit\",\"value\":\"1:0\"}]],\"value\":true}, \"verb\":\"true\"}],\"value\": \"false\"}","topics":["cTopicOther"],"concept":{"@class":"prescriptive.model.impl.SettingTemplateI","id":"cUseExplicitVerbalizationSetting"},"query":null,"description":"Use explicit Verbalization","label":"cUseExplicitVerbalizationSetting","elicitedBindings":["java.util.ArrayList",[{"@class":"prescriptive.model.impl.PropertyBindingI","bindingExpr":{"unit":null,"@class":"semantic.numeric.NumericLiteral$Boolean","value":false},"property":{"@class":"semantic.model.impl.DataPropertyI","domain":"cUseExplicitVerbalizationSetting","id":"cUseExplicitVerbalizationSetting.useExplicit"}}]],"relaxed":false,"associatedConcepts":[],"isConstraint":false,"isSetting":true,"id":"cUseExplicitVerbalizationSetting","verbalization":"Use technical verbalization for rules : false","uniqueId":"b759675e-92ce-48eb-a52f-442390ac3394","associatedProperties":[],"canBeDuplicated":false},{"template":{"@class":"prescriptive.model.impl.SettingTemplateI","id":"cDefaultDurationSetting"},"canBeRelaxed":false,"canBeDeleted":false,"@class":"prescriptive.model.impl.SettingTemplateInstanceI","verbalizationWithAnnotation":"Default duration unit is {\"element\": \"cDefaultDurationSetting.defaultDurationUnit\", \"variable\": \"1:0\", \"textEdit\": \"false\", \"selectable\": \"true\",\"choices\":[{\"value\":{\"@class\":\"semantic.model.impl.DurationUnitI\",\"value\":\"DAYS\"}, \"verb\":\"days\"}, {\"value\":{\"@class\":\"semantic.model.impl.DurationUnitI\",\"annotations\":[\"java.util.LinkedList\",[{\"@class\":\"semantic.path.impl.SimpleAnnotation\",\"typeName\":\"VAR\",\"identifiableName\":\"cDefaultDurationSetting.defaultDurationUnit\",\"value\":\"1:0\"}]],\"value\":\"DEFAULT_DURATION_UNIT\"}, \"verb\":\"default duration unit\"}, {\"value\":{\"@class\":\"semantic.model.impl.DurationUnitI\",\"annotations\":[\"java.util.LinkedList\",[{\"@class\":\"semantic.path.impl.SimpleAnnotation\",\"typeName\":\"VAR\",\"identifiableName\":\"cDefaultDurationSetting.defaultDurationUnit\",\"value\":\"1:0\"}]],\"value\":\"SECONDS\"}, \"verb\":\"seconds\"}, {\"value\":{\"@class\":\"semantic.model.impl.DurationUnitI\",\"annotations\":[\"java.util.LinkedList\",[{\"@class\":\"semantic.path.impl.SimpleAnnotation\",\"typeName\":\"VAR\",\"identifiableName\":\"cDefaultDurationSetting.defaultDurationUnit\",\"value\":\"1:0\"}]],\"value\":\"MINUTES\"}, \"verb\":\"minutes\"}, {\"value\":{\"@class\":\"semantic.model.impl.DurationUnitI\",\"annotations\":[\"java.util.LinkedList\",[{\"@class\":\"semantic.path.impl.SimpleAnnotation\",\"typeName\":\"VAR\",\"identifiableName\":\"cDefaultDurationSetting.defaultDurationUnit\",\"value\":\"1:0\"}]],\"value\":\"HOURS\"}, \"verb\":\"hours\"}, {\"value\":{\"@class\":\"semantic.model.impl.DurationUnitI\",\"annotations\":[\"java.util.LinkedList\",[{\"@class\":\"semantic.path.impl.SimpleAnnotation\",\"typeName\":\"VAR\",\"identifiableName\":\"cDefaultDurationSetting.defaultDurationUnit\",\"value\":\"1:0\"}]],\"value\":\"WEEKS\"}, \"verb\":\"weeks\"}],\"value\": \"days\"}","topics":["cTopicOther"],"concept":{"@class":"prescriptive.model.impl.SettingTemplateI","id":"cDefaultDurationSetting"},"query":null,"description":"Add default duration unit","label":"cDefaultDurationSetting","elicitedBindings":["java.util.ArrayList",[{"@class":"prescriptive.model.impl.PropertyBindingI","bindingExpr":{"@class":"semantic.model.impl.DurationUnitI","value":"DAYS"},"property":{"@class":"semantic.model.impl.ObjectPropertyI","domain":"cDefaultDurationSetting","id":"cDefaultDurationSetting.defaultDurationUnit"}}]],"relaxed":false,"associatedConcepts":[],"isConstraint":false,"isSetting":true,"id":"cDefaultDurationSetting","verbalization":"Default duration unit is days","uniqueId":"6bd0bf4c-6d51-4b89-8655-5d28469690bf","associatedProperties":[],"canBeDuplicated":false},{"template":{"@class":"prescriptive.model.impl.SettingTemplateI","id":"cTimeLimitSetting"},"canBeRelaxed":false,"canBeDeleted":false,"@class":"prescriptive.model.impl.SettingTemplateInstanceI","verbalizationWithAnnotation":"Optimization run time limit is {\"element\": \"cTimeLimitSetting.timeLimit\", \"variable\": \"1:0\", \"textEdit\": \"true\", \"selectable\": \"true\",\"choices\":[{\"value\":{\"@class\":\"semantic.numeric.NumericLiteral$Integer\",\"value\":120}, \"verb\":\"120\"}],\"value\": \"120\"} seconds","topics":["cTopicOther"],"concept":{"@class":"prescriptive.model.impl.SettingTemplateI","id":"cTimeLimitSetting"},"query":null,"description":"Add time limit for optimization run","label":"cTimeLimitSetting","elicitedBindings":["java.util.ArrayList",[{"@class":"prescriptive.model.impl.PropertyBindingI","bindingExpr":{"@class":"semantic.numeric.NumericLiteral$Integer","value":120},"property":{"@class":"semantic.model.impl.ObjectPropertyI","domain":"cTimeLimitSetting","id":"cTimeLimitSetting.timeLimit"}}]],"relaxed":false,"associatedConcepts":[],"isConstraint":false,"isSetting":true,"id":"cTimeLimitSetting","verbalization":"Optimization run time limit is 120 seconds","uniqueId":"305819cc-8dd7-4a5a-8ff8-aea80b3ae284","associatedProperties":[],"canBeDuplicated":false},{"template":{"@class":"prescriptive.model.impl.SettingTemplateI","id":"cCustomDateFormatSetting"},"canBeRelaxed":false,"canBeDeleted":false,"@class":"prescriptive.model.impl.SettingTemplateInstanceI","verbalizationWithAnnotation":"Custom date\/time format is {\"element\": \"cCustomDateFormatSetting.customDateFormat\", \"variable\": \"1:0\", \"textEdit\": \"true\", \"selectable\": \"true\",\"choices\":[{\"value\":{\"@class\":\"semantic.path.impl.StringLiteral\",\"value\":\"yyyy\\\/MM\\\/dd HH:mm:ss\"}, \"verb\":\"yyyy\\\/MM\\\/dd HH:mm:ss\"}],\"value\": \"yyyy\\\/MM\\\/dd HH:mm:ss\"}","topics":["cTopicOther"],"concept":{"@class":"prescriptive.model.impl.SettingTemplateI","id":"cCustomDateFormatSetting"},"query":null,"description":"Add a custom date\/timestamp format","label":"cCustomDateFormatSetting","elicitedBindings":["java.util.ArrayList",[{"@class":"prescriptive.model.impl.PropertyBindingI","bindingExpr":{"@class":"semantic.path.impl.StringLiteral","value":"yyyy\/MM\/dd HH:mm:ss"},"property":{"@class":"semantic.model.impl.DataPropertyI","domain":"cCustomDateFormatSetting","id":"cCustomDateFormatSetting.customDateFormat"}}]],"relaxed":false,"associatedConcepts":[],"isConstraint":false,"isSetting":true,"id":"cCustomDateFormatSetting","verbalization":"Custom date\/time format is yyyy\/MM\/dd HH:mm:ss","uniqueId":"9e186056-b6c7-43cc-8f00-85701fe41428","associatedProperties":[],"canBeDuplicated":false}],"isEditableIntent":true,"sessionKey":"dsx-samples\/MarketingCampaignAssignment\/Scenario 4 Selection-stephane.michel@fr.ibm.com","constraintsTopics":["cTopicOther"],"sessionName":"Scenario 4 Selection","statementQuery":"Maximize expected value of selection","intent":"{\"template\":{\"@class\":\"prescriptive.model.impl.IntentTemplateI\",\"id\":\"cSelectQuestion\"},\"relaxed\":false,\"@class\":\"prescriptive.model.impl.IntentTemplateInstanceI\",\"verbalizationWithAnnotation\":\"Select {\\\"element\\\": \\\"cSelectQuestion.item\\\", \\\"variable\\\": \\\"1:0\\\", \\\"textEdit\\\": \\\"true\\\", \\\"selectable\\\": \\\"true\\\",\\\"choices\\\":[{\\\"value\\\":{\\\"@class\\\":\\\"semantic.path.impl.TbdPathFilter\\\"}, \\\"verb\\\":\\\"<Add a condition>\\\"}, {\\\"value\\\":{\\\"@class\\\":\\\"semantic.path.impl.PathI\\\",\\\"pathElements\\\":[{\\\"@class\\\":\\\"semantic.path.impl.PathConceptI\\\",\\\"concept\\\":{\\\"@class\\\":\\\"semantic.model.impl.BusinessConceptI\\\",\\\"id\\\":\\\"Candidates\\\"}}]}, \\\"verb\\\":\\\"Candidates\\\"}, {\\\"value\\\":{\\\"@class\\\":\\\"semantic.path.impl.PathI\\\",\\\"pathElements\\\":[{\\\"@class\\\":\\\"semantic.path.impl.PathConceptI\\\",\\\"concept\\\":{\\\"@class\\\":\\\"semantic.model.impl.BusinessConceptI\\\",\\\"id\\\":\\\"Campaign\\\"}}],\\\"annotations\\\":[\\\"java.util.LinkedList\\\",[{\\\"@class\\\":\\\"semantic.path.impl.SimpleAnnotation\\\",\\\"typeName\\\":\\\"SINGULAR\\\",\\\"identifiableName\\\":\\\"cSelectQuestion\\\",\\\"value\\\":\\\"false\\\"},{\\\"@class\\\":\\\"semantic.path.impl.SimpleAnnotation\\\",\\\"typeName\\\":\\\"VAR\\\",\\\"identifiableName\\\":\\\"cSelectQuestion.item\\\",\\\"value\\\":\\\"1:0\\\"}]]}, \\\"verb\\\":\\\"Campaigns\\\"}, {\\\"value\\\":{\\\"@class\\\":\\\"semantic.path.impl.PathI\\\",\\\"pathElements\\\":[{\\\"@class\\\":\\\"semantic.path.impl.PathConceptI\\\",\\\"concept\\\":{\\\"@class\\\":\\\"semantic.model.impl.BusinessConceptI\\\",\\\"id\\\":\\\"Customer\\\"}}],\\\"annotations\\\":[\\\"java.util.LinkedList\\\",[{\\\"@class\\\":\\\"semantic.path.impl.SimpleAnnotation\\\",\\\"typeName\\\":\\\"SINGULAR\\\",\\\"identifiableName\\\":\\\"cSelectQuestion\\\",\\\"value\\\":\\\"false\\\"},{\\\"@class\\\":\\\"semantic.path.impl.SimpleAnnotation\\\",\\\"typeName\\\":\\\"VAR\\\",\\\"identifiableName\\\":\\\"cSelectQuestion.item\\\",\\\"value\\\":\\\"1:0\\\"}]]}, \\\"verb\\\":\\\"Customers\\\"}],\\\"value\\\": \\\"Candidates\\\"}\",\"concept\":{\"@class\":\"prescriptive.model.impl.IntentTemplateI\",\"id\":\"cSelectQuestion\"},\"query\":null,\"domain\":\"Select\",\"label\":\"cSelectQuestion\",\"id\":\"cSelectQuestion\",\"verbalization\":\"Select Candidates\",\"uniqueId\":\"5349092c-dfa2-3a5b-a0ea-49ccd79e5d67\",\"elicitedBindings\":[\"java.util.ArrayList\",[{\"@class\":\"prescriptive.model.impl.PropertyBindingI\",\"bindingExpr\":{\"@class\":\"semantic.path.impl.PathI\",\"pathElements\":[{\"@class\":\"semantic.path.impl.PathConceptI\",\"concept\":{\"@class\":\"semantic.model.impl.BusinessConceptI\",\"id\":\"Candidates\"}}]},\"property\":{\"@class\":\"semantic.model.impl.ObjectPropertyI\",\"domain\":\"cSelectQuestion\",\"id\":\"cSelectQuestion.item\"}}]]}","defaultDurationUnit":"days","timeLimit":-1,"alerts":[],"allTopics_flat":[{"verbalizationExplicit":"Objectives","id":"cSelectGoalTopic","verbalization":"Objectives"},{"verbalizationExplicit":"Filters","id":"cSelectFilterTopic","verbalization":"Filters"},{"verbalizationExplicit":"Others","isOthers":true,"id":"cTopicOther","verbalization":"Others"}],"scenarioUSER":"stephane.michel@fr.ibm.com","domainName":"Select","domain":"Select","customDateFormat":"yyyy\/MM\/dd HH:mm:ss","user":"stephane.michel@fr.ibm.com","kpis":[]}