{"goalObjectives":[{"weight":1.0,"weightedValue":725.0,"value":725.0,"verbalization":"Maximize total expected value of selected Candidates","scaledWeight":1.0}],"decisions_sorted_columns":{"Candidates selection":["Candidates line","Candidates expected value","Candidates Campaign id","Candidates Customer id","total expected value of selected Candidates"]},"decisions_schema":{"Candidates selection":[{"domainConcepts":"","semantic":"cSelection[Candidates],Candidates,Campaign","level":2,"isKPI":false,"concept":"Campaign","isKey":false,"isDecision":false,"id":"Candidates Campaign id","type":"STRING"},{"domainConcepts":"","semantic":"cSelection[Candidates],Candidates,Customer","level":2,"isKPI":false,"concept":"Customer","isKey":false,"isDecision":false,"id":"Candidates Customer id","type":"STRING"},{"domainConcepts":"cItem","semantic":"cSelection[Candidates],Candidates","level":1,"isKPI":false,"concept":"Candidates","isKey":false,"isDecision":false,"id":"Candidates expected value","type":"NUMBER"},{"domainConcepts":"cItem","semantic":"cSelection[Candidates],Candidates","level":1,"isKPI":false,"concept":"Candidates","isKey":true,"isDecision":false,"id":"Candidates line","type":"STRING"},{"domainConcepts":"cSelection","level":10,"isKPI":false,"concept":"cSelection[Candidates]","isKey":false,"isDecision":false,"id":"total expected value of selected Candidates","type":"NUMBER"}]},"decisions":{"Candidates selection":[{"Candidates Customer id":"Customer 9","Candidates Campaign id":"Auto","Candidates line":null,"Candidates expected value":110,"total expected value of selected Candidates":110.0},{"Candidates Customer id":"Customer 1","Candidates Campaign id":"Home","Candidates line":null,"Candidates expected value":100,"total expected value of selected Candidates":100.0},{"Candidates Customer id":"Customer 5","Candidates Campaign id":"Home","Candidates line":null,"Candidates expected value":75,"total expected value of selected Candidates":75.0},{"Candidates Customer id":"Customer 3","Candidates Campaign id":"Auto","Candidates line":null,"Candidates expected value":75,"total expected value of selected Candidates":75.0},{"Candidates Customer id":"Customer 4","Candidates Campaign id":"Auto","Candidates line":null,"Candidates expected value":80,"total expected value of selected Candidates":80.0},{"Candidates Customer id":"Customer 8","Candidates Campaign id":"Travel","Candidates line":null,"Candidates expected value":60,"total expected value of selected Candidates":60.0},{"Candidates Customer id":"Customer 2","Candidates Campaign id":"Travel","Candidates line":null,"Candidates expected value":75,"total expected value of selected Candidates":75.0},{"Candidates Customer id":"Customer 6","Candidates Campaign id":"Home","Candidates line":null,"Candidates expected value":75,"total expected value of selected Candidates":75.0},{"Candidates Customer id":"Customer 7","Candidates Campaign id":"Travel","Candidates line":null,"Candidates expected value":75,"total expected value of selected Candidates":75.0}]}}