{"qualifiers":[{"name":"modelType","value":"cognitive"},{"name":"modelMetadata","value":"{\"creationTime\":1557248010981}"}],"parentId":"MarketingCampaignAssignment","category":"scenario","readOnly":false,"creator":"arnaud.schulz@fr.ibm.com","createdAt":1557248010746,"usage":{"lastModificationTime":1557248043537,"lastModifier":"arnaud.schulz@fr.ibm.com"},"dataUsagePerCategory":{"CO_ASSET_SESSION":{"lastModificationTime":1557248011290,"lastModifier":"arnaud.schulz@fr.ibm.com"},"CO_ASSET":{"lastModificationTime":1557248016942,"lastModifier":"arnaud.schulz@fr.ibm.com"},"input":{"lastModificationTime":1557248015096,"lastModifier":"arnaud.schulz@fr.ibm.com"},"output":{"lastModificationTime":1557248016408,"lastModifier":"arnaud.schulz@fr.ibm.com"},"model":{"lastModificationTime":1557248015807,"lastModifier":"arnaud.schulz@fr.ibm.com"}},"state":"available","tables":[{"tableType":{"columns":[{"key":"Customer","dataType":"String"},{"key":"Campaign","dataType":"String"},{"key":"expected value","dataType":"Number"}]},"name":"Candidates","category":"input","numberOfRows":27,"creator":"arnaud.schulz@fr.ibm.com","createdAt":1557248012292,"lastUpdater":"arnaud.schulz@fr.ibm.com","updatedAt":1557248012591,"path":"Candidates.csv"},{"tableType":{"columns":[{"key":"Name","dataType":"String"},{"key":"Value","dataType":"Number"},{"key":"Scale factor","dataType":"Number"},{"key":"Scaled weighted value","dataType":"Number"}]},"name":"kpis","category":"output","numberOfRows":1,"creator":"arnaud.schulz@fr.ibm.com","createdAt":1557248012854,"lastUpdater":"arnaud.schulz@fr.ibm.com","updatedAt":1557248013133,"path":"kpis.csv"},{"tableType":{"columns":[{"key":"id","dataType":"String"},{"key":"max customers","dataType":"Number"}]},"name":"Campaign","category":"input","numberOfRows":3,"creator":"arnaud.schulz@fr.ibm.com","createdAt":1557248013621,"lastUpdater":"arnaud.schulz@fr.ibm.com","updatedAt":1557248013957,"path":"Campaign.csv"},{"tableType":{"columns":[{"key":"id","dataType":"String"},{"key":"age","dataType":"Number"}]},"name":"Customer","category":"input","numberOfRows":9,"creator":"arnaud.schulz@fr.ibm.com","createdAt":1557248014684,"lastUpdater":"arnaud.schulz@fr.ibm.com","updatedAt":1557248015096,"path":"Customer.csv"},{"tableType":{"columns":[{"key":"Candidates __line","dataType":"String"},{"key":"Candidates expected value","dataType":"Number"},{"key":"Candidates Customer id","dataType":"String"},{"key":"Candidates Campaign id","dataType":"String"},{"key":"total expected value of Candidates over all selections","dataType":"Number"}]},"name":"Candidates_selection_report","category":"output","numberOfRows":5,"creator":"arnaud.schulz@fr.ibm.com","createdAt":1557248015285,"lastUpdater":"arnaud.schulz@fr.ibm.com","updatedAt":1557248015528,"path":"Candidates_selection_report.csv"},{"tableType":{"columns":[{"key":"id_of_Candidates","dataType":"Number"},{"key":"selectionVar","dataType":"Number"}]},"name":"list_of_Candidates_solution","category":"output","numberOfRows":27,"creator":"arnaud.schulz@fr.ibm.com","createdAt":1557248016057,"lastUpdater":"arnaud.schulz@fr.ibm.com","updatedAt":1557248016408,"path":"list_of_Candidates_solution.csv"}],"assets":[{"name":"CO_SESSION.json","category":"CO_ASSET_SESSION","creator":"arnaud.schulz@fr.ibm.com","createdAt":1557248011290,"lastUpdater":"arnaud.schulz@fr.ibm.com","updatedAt":1557248011290,"contentType":"text/plain","path":"CO_SESSION.json"},{"name":"CO_SOLUTION_TEXT.json","category":"CO_ASSET","creator":"arnaud.schulz@fr.ibm.com","createdAt":1557248011625,"lastUpdater":"arnaud.schulz@fr.ibm.com","updatedAt":1557248011625,"contentType":"text/plain","path":"CO_SOLUTION_TEXT.json"},{"name":"solveParameters.json","category":"CO_ASSET","creator":"arnaud.schulz@fr.ibm.com","createdAt":1557248011972,"lastUpdater":"arnaud.schulz@fr.ibm.com","updatedAt":1557248011972,"contentType":"text/plain","path":"solveParameters.json"},{"name":"CO_DATASET.json","category":"CO_ASSET","creator":"arnaud.schulz@fr.ibm.com","createdAt":1557248013431,"lastUpdater":"arnaud.schulz@fr.ibm.com","updatedAt":1557248013431,"contentType":"text/plain","path":"CO_DATASET.json"},{"name":"log.txt","category":"output","creator":"arnaud.schulz@fr.ibm.com","createdAt":1557248014336,"lastUpdater":"arnaud.schulz@fr.ibm.com","updatedAt":1557248014336,"contentType":"text/plain","path":"log.txt"},{"name":"model.py","category":"model","creator":"arnaud.schulz@fr.ibm.com","createdAt":1557248015807,"lastUpdater":"arnaud.schulz@fr.ibm.com","updatedAt":1557248015807,"contentType":"text/plain","path":"model.py"},{"name":"CO_SOLUTION_JSON.json","category":"CO_ASSET","creator":"arnaud.schulz@fr.ibm.com","createdAt":1557248016942,"lastUpdater":"arnaud.schulz@fr.ibm.com","updatedAt":1557248016942,"contentType":"text/plain","path":"CO_SOLUTION_JSON.json"}]}