{"retry":0,"creationTime":1531905505359,"lastModificationTime":1531905514742,"state":"TERMINATED","solveConfig":{"containerId":"Scenario 4 Selection","solveParameters":{"oaas.logAttachmentName":"log.txt","oaas.logTailEnabled":"true"}},"jobDetails":{"id":"job.65c47824-281c-4aba-8896-7adf64ce2d30","createdAt":1531905508126,"startedAt":1531905508350,"endedAt":1531905512026,"endReportedAt":1531905512121,"submittedAt":1531905508126,"updatedAt":1531905512026,"applicationVersionUsed":"1.0-dsxl-dev_ce-b4","details":{"MODEL_DETAIL_BOOLEAN_VARS":"27","MODEL_DETAIL_KPIS":"[\"total expected value of selected Candidates\"]","MODEL_DETAIL_CONTINUOUS_VARS":"0","MODEL_DETAIL_CONSTRAINTS":"13","MODEL_DETAIL_INTEGER_VARS":"0","KPI.total expected value of selected Candidates":"725","PROGRESS_BEST_OBJECTIVE":"725.0","PROGRESS_CURRENT_OBJECTIVE.history":"[[1531905510.12, 725]]","MODEL_DETAIL_TYPE":"MILP","PROGRESS_GAP":"0.0","PROGRESS_CURRENT_OBJECTIVE":"725","MODEL_DETAIL_NONZEROS":"55"},"systemDetails":{"worker.process.max.memory":"524288","worker.cores.total":"4","worker.cores.default":"1","worker.process.cpu.set":null,"worker.heap.max":"524288","worker.data.read.bytes":"15514","worker.data.write.duration":"1586","worker.processing.duration":"3581","worker.process.peak.swap":"0","worker.log.write.duration":"13","worker.process.processing.duration":"1398","worker.data.read.duration":"285","worker.jms.write.chars":"21193","worker.log.write.chars":"1287","worker.data.write.bytes":"3530","worker.heap.used":"119855","worker.process.peak.memory":"70152","worker.setup.duration":"93","worker.jms.write.duration":"66"},"executionStatus":"PROCESSED","solveStatus":"OPTIMAL_SOLUTION","logTail":["[2018-07-18T09:18:29Z, INFO] * building wado model","[2018-07-18T09:18:30Z, INFO] model building done in 0.785341978073 secs","[2018-07-18T09:18:30Z, INFO] * running wado model","[2018-07-18T09:18:30Z, INFO] WARNING: Number of workers has been reduced to 1 to comply with platform limitations.","[2018-07-18T09:18:30Z, INFO] CPXPARAM_TimeLimit                               120","[2018-07-18T09:18:30Z, INFO] CPXPARAM_Read_DataCheck                          1","[2018-07-18T09:18:30Z, INFO] CPXPARAM_Threads                                 1","[2018-07-18T09:18:30Z, INFO] Found incumbent of value 100.000000 after 0.00 sec. (0.00 ticks)","[2018-07-18T09:18:30Z, INFO] Tried aggregator 1 time.","[2018-07-18T09:18:30Z, INFO] MIP Presolve eliminated 2 rows and 3 columns.","[2018-07-18T09:18:30Z, INFO] Reduced MIP has 11 rows, 24 columns, and 48 nonzeros.","[2018-07-18T09:18:30Z, INFO] Reduced MIP has 24 binaries, 0 generals, 0 SOSs, and 0 indicators.","[2018-07-18T09:18:30Z, INFO] Presolve time = 0.00 sec. (0.03 ticks)","[2018-07-18T09:18:30Z, INFO] Probing time = 0.00 sec. (0.01 ticks)","[2018-07-18T09:18:30Z, INFO] Tried aggregator 1 time.","[2018-07-18T09:18:30Z, INFO] Reduced MIP has 11 rows, 24 columns, and 48 nonzeros.","[2018-07-18T09:18:30Z, INFO] Reduced MIP has 24 binaries, 0 generals, 0 SOSs, and 0 indicators.","[2018-07-18T09:18:30Z, INFO] Presolve time = 0.01 sec. (0.03 ticks)","[2018-07-18T09:18:30Z, INFO] Probing time = 0.00 sec. (0.01 ticks)","[2018-07-18T09:18:30Z, INFO] Clique table members: 8.","[2018-07-18T09:18:30Z, INFO] MIP emphasis: balance optimality and feasibility.","[2018-07-18T09:18:30Z, INFO] MIP search method: dynamic search.","[2018-07-18T09:18:30Z, INFO] Parallel mode: none, using 1 thread.","[2018-07-18T09:18:30Z, INFO] Root relaxation solution time = 0.00 sec. (0.02 ticks)","[2018-07-18T09:18:30Z, INFO] ","[2018-07-18T09:18:30Z, INFO]         Nodes                                         Cuts/","[2018-07-18T09:18:30Z, INFO]    Node  Left     Objective  IInf  Best Integer    Best Bound    ItCnt     Gap","[2018-07-18T09:18:30Z, INFO] *     0+    0                          100.0000     1765.0000              ---","[2018-07-18T09:18:30Z, INFO] *     0     0      integral     0      725.0000      725.0000       11    0.00%","[2018-07-18T09:18:30Z, INFO] Elapsed time = 0.01 sec. (0.14 ticks, tree = 0.00 MB","[2018-07-18T09:18:30Z, INFO] , solutions = 2","[2018-07-18T09:18:30Z, INFO] )","[2018-07-18T09:18:30Z, INFO] ","[2018-07-18T09:18:30Z, INFO] Root node processing (before b&c):","[2018-07-18T09:18:30Z, INFO]   Real time             =    0.01 sec. (0.14 ticks)","[2018-07-18T09:18:30Z, INFO] Sequential b&c:","[2018-07-18T09:18:30Z, INFO]   Real time             =    0.00 sec. (0.00 ticks)","[2018-07-18T09:18:30Z, INFO]                           ------------","[2018-07-18T09:18:30Z, INFO] Total (root+branch&cut) =    0.01 sec. (0.14 ticks)","[2018-07-18T09:18:30Z, INFO] Solve status:","[2018-07-18T09:18:30Z, INFO] JobSolveStatus.OPTIMAL_SOLUTION","[2018-07-18T09:18:30Z, INFO] * model docplex_model1 solved with objective = 725","[2018-07-18T09:18:30Z, INFO] *  KPI: total expected value of selected Candidates = 725.000","[2018-07-18T09:18:30Z, INFO] model solve done in 0.0843298435211 secs","[2018-07-18T09:18:30Z, INFO] solution export done in 0.00363612174988 secs"]},"runtimeDetails":{"state":"STARTED"},"taskSetupMillis":1408,"taskSolveMillis":4208,"taskTearDownMillis":2969,"ping":0}