{"retry":0,"creationTime":1557233986892,"lastModificationTime":1557234002256,"state":"TERMINATED","solveConfig":{"containerId":"scenario 4 selection","solveParameters":{"oaas.logAttachmentName":"log.txt","oaas.logTailEnabled":"true"}},"jobDetails":{"id":"job.6aa18baf-f38d-42c3-b184-bc88bb748e76","createdAt":1557233992110,"startedAt":1557233992159,"endedAt":1557233995865,"endReportedAt":1557233995874,"submittedAt":1557233992110,"updatedAt":1557233995865,"applicationVersionUsed":"1.0-ws_cloud-b47","details":{"MODEL_DETAIL_INTEGER_VARS":"0","MODEL_DETAIL_CONTINUOUS_VARS":"0","MODEL_DETAIL_CONSTRAINTS":"15","MODEL_DETAIL_BOOLEAN_VARS":"27","MODEL_DETAIL_KPIS":"[\"total expected value of Candidates over all selections\"]","KPI.total expected value of Candidates over all selections":"445","PROGRESS_CURRENT_OBJECTIVE":"445","KPI._time":"0.0051648616790771484","PROGRESS_CURRENT_OBJECTIVE.history":"[[1557233993.81, 445.0]]","MODEL_DETAIL_TYPE":"MILP","MODEL_DETAIL_NONZEROS":"109","PROGRESS_GAP":"0.0","PROGRESS_BEST_OBJECTIVE":"445.0"},"systemDetails":{"worker.process.max.memory":"-1024","worker.cores.total":"2","worker.cores.default":"2","worker.heap.max":"524288","worker.data.read.bytes":"17757","worker.data.write.duration":"1928","worker.processing.duration":"3681","worker.process.peak.swap":"0","worker.log.write.duration":"4","worker.process.processing.duration":"579","worker.data.read.duration":"1063","worker.jms.write.chars":"8753","worker.log.write.chars":"1310","worker.data.write.bytes":"3976","worker.heap.used":"119987","worker.process.peak.memory":"0","worker.setup.duration":"1","worker.jms.write.duration":"15"},"executionStatus":"PROCESSED","solveStatus":"OPTIMAL_SOLUTION","logTail":["[2019-05-07T12:59:53Z, INFO] CPXPARAM_TimeLimit                               120","[2019-05-07T12:59:53Z, INFO] CPXPARAM_Read_DataCheck                          1","[2019-05-07T12:59:53Z, INFO] CPXPARAM_Threads                                 2","[2019-05-07T12:59:53Z, INFO] Found incumbent of value 100.000000 after 0.00 sec. (0.00 ticks)","[2019-05-07T12:59:53Z, INFO] Tried aggregator 1 time.","[2019-05-07T12:59:53Z, INFO] MIP Presolve eliminated 3 rows and 3 columns.","[2019-05-07T12:59:53Z, INFO] Reduced MIP has 12 rows, 24 columns, and 72 nonzeros.","[2019-05-07T12:59:53Z, INFO] Reduced MIP has 24 binaries, 0 generals, 0 SOSs, and 0 indicators.","[2019-05-07T12:59:53Z, INFO] Presolve time = 0.00 sec. (0.05 ticks)","[2019-05-07T12:59:53Z, INFO] Probing time = 0.00 sec. (0.01 ticks)","[2019-05-07T12:59:53Z, INFO] Tried aggregator 1 time.","[2019-05-07T12:59:53Z, INFO] Reduced MIP has 12 rows, 24 columns, and 72 nonzeros.","[2019-05-07T12:59:53Z, INFO] Reduced MIP has 24 binaries, 0 generals, 0 SOSs, and 0 indicators.","[2019-05-07T12:59:53Z, INFO] Presolve time = 0.00 sec. (0.05 ticks)","[2019-05-07T12:59:53Z, INFO] Probing time = 0.00 sec. (0.01 ticks)","[2019-05-07T12:59:53Z, INFO] Clique table members: 8.","[2019-05-07T12:59:53Z, INFO] MIP emphasis: balance optimality and feasibility.","[2019-05-07T12:59:53Z, INFO] MIP search method: dynamic search.","[2019-05-07T12:59:53Z, INFO] Parallel mode: deterministic, using up to 2 threads.","[2019-05-07T12:59:53Z, INFO] Root relaxation solution time = 0.00 sec. (0.02 ticks)","[2019-05-07T12:59:53Z, INFO] ","[2019-05-07T12:59:53Z, INFO]         Nodes                                         Cuts/","[2019-05-07T12:59:53Z, INFO]    Node  Left     Objective  IInf  Best Integer    Best Bound    ItCnt     Gap","[2019-05-07T12:59:53Z, INFO] *     0+    0                          100.0000     1765.0000              ---","[2019-05-07T12:59:53Z, INFO] *     0+    0                          445.0000     1765.0000           296.63%","[2019-05-07T12:59:53Z, INFO]       0     0        cutoff            445.0000      445.0000        3    0.00%","[2019-05-07T12:59:53Z, INFO]       0     0        cutoff            445.0000      445.0000        3    0.00%","[2019-05-07T12:59:53Z, INFO] Elapsed time = 0.01 sec. (0.20 ticks, tree = 0.01 MB","[2019-05-07T12:59:53Z, INFO] , solutions = 2","[2019-05-07T12:59:53Z, INFO] )","[2019-05-07T12:59:53Z, INFO] ","[2019-05-07T12:59:53Z, INFO] Root node processing (before b&c):","[2019-05-07T12:59:53Z, INFO]   Real time             =    0.01 sec. (0.20 ticks)","[2019-05-07T12:59:53Z, INFO] Parallel b&c, 2 threads:","[2019-05-07T12:59:53Z, INFO]   Real time             =    0.00 sec. (0.00 ticks)","[2019-05-07T12:59:53Z, INFO]   Sync time (average)   =    0.00 sec.","[2019-05-07T12:59:53Z, INFO]   Wait time (average)   =    0.00 sec.","[2019-05-07T12:59:53Z, INFO]                           ------------","[2019-05-07T12:59:53Z, INFO] Total (root+branch&cut) =    0.01 sec. (0.20 ticks)","[2019-05-07T12:59:53Z, INFO] Solve status: JobSolveStatus.OPTIMAL_SOLUTION","[2019-05-07T12:59:53Z, INFO] * model docplex_model1 solved with objective = 445","[2019-05-07T12:59:53Z, INFO] *  KPI: total expected value of Candidates over all selections = 445.000","[2019-05-07T12:59:53Z, INFO] model solve done in 0.0425868034362793 secs","[2019-05-07T12:59:53Z, INFO] solution export done in 0.0020880699157714844 secs","[2019-05-07T12:59:53Z, INFO] list_of_Candidates_solution.csv"]},"runtimeDetails":{"state":"STARTED"},"taskSetupMillis":4933,"taskSolveMillis":3909,"taskTearDownMillis":5533}