{"creationTime":1698151711569,"lastModificationTime":1698151751113,"state":"TERMINATED","solveConfig":{"containerId":"Scenario 1","solveParameters":{}},"jobDetails":{"id":"3ae166fe-3dc0-491b-8df3-2abf3103a3ca","createdAt":1698151717911,"startedAt":1698151744306,"endedAt":1698151747929,"submittedAt":1698151717911,"details":{"KPI.PROGRESS_CURRENT_OBJECTIVE":"372","MODEL_DETAIL_BOOLEAN_VARS":"0","MODEL_DETAIL_CONSTRAINTS":"5","MODEL_DETAIL_CONTINUOUS_VARS":"6","MODEL_DETAIL_INTEGER_VARS":"0","MODEL_DETAIL_LINEAR_CONSTRAINTS":"5","MODEL_DETAIL_NON_ZEROS":"12","MODEL_DETAIL_OBJECTIVE_SENSE":"minimize","MODEL_DETAIL_QUADRATIC_CONSTRAINTS":"0","MODEL_DETAIL_TYPE":"LP","PROGRESS_BEST_OBJECTIVE.history":"[]","PROGRESS_CURRENT_OBJECTIVE":"372","PROGRESS_CURRENT_OBJECTIVE.history":"[[1.698151746403E9,372]]","PROGRESS_GAP.history":"[]","STAT.cplex.modelType":"LP","STAT.cplex.size.booleanVariables":"0","STAT.cplex.size.constraints":"5","STAT.cplex.size.continousVariables":"6","STAT.cplex.size.integerVariables":"0","STAT.cplex.size.linearConstraints":"5","STAT.cplex.size.quadraticConstraints":"0","STAT.cplex.size.variables":"6","STAT.job.coresCount":"1","STAT.job.inputsReadMs":"1120","STAT.job.memoryPeakKB":"120652","STAT.job.modelProcessingMs":"1030","STAT.job.outputsWriteMs":"1135","latestOutputUpload":"2023-10-24T12:49:07.925Z"},"executionStatus":"PROCESSED","solveStatus":"OPTIMAL_SOLUTION","logTail":["[2023-10-24T12:49:06.111Z, INFO] No such element: 'input' in OPL model input data.","[2023-10-24T12:49:06.314Z, INFO] Initialization of Consumptions.","[2023-10-24T12:49:06.315Z, INFO] Initialization of TConsumption.","[2023-10-24T12:49:06.315Z, INFO] Initialization of Products.","[2023-10-24T12:49:06.316Z, INFO] Initialization of TProduct.","[2023-10-24T12:49:06.317Z, INFO] Initialization of Resources.","[2023-10-24T12:49:06.317Z, INFO] Initialization of TResource.","[2023-10-24T12:49:06.317Z, INFO] Initialization of totalInsideCost.","[2023-10-24T12:49:06.318Z, INFO] Initialization of Inside.","[2023-10-24T12:49:06.318Z, INFO] Initialization of totalOutsideCost.","[2023-10-24T12:49:06.318Z, INFO] Initialization of Outside.","[2023-10-24T12:49:06.319Z, INFO] Initialization of ctCapacity.","[2023-10-24T12:49:06.319Z, INFO] Initialization of ctDemand.","[2023-10-24T12:49:06.413Z, WARNING] Effective number of workers to be used for solve has been updated to: '1' (original value was: '0')","[2023-10-24T12:49:06.423Z, INFO] Version identifier: 22.1.1.0 | 2023-06-15 | d64d5bd77","[2023-10-24T12:49:06.425Z, INFO] CPXPARAM_Threads                                 1","[2023-10-24T12:49:06.426Z, INFO] Tried aggregator 1 time.","[2023-10-24T12:49:06.427Z, INFO] No LP presolve or aggregator reductions.","[2023-10-24T12:49:06.428Z, INFO] Presolve time = 0.00 sec. (0.00 ticks)","[2023-10-24T12:49:06.429Z, INFO] Iteration log . . .","[2023-10-24T12:49:06.490Z, INFO] Iteration:     1   Dual objective     =            90.000000","[2023-10-24T12:49:06.497Z, INFO] Initialization of plan.","[2023-10-24T12:49:06.498Z, INFO] Initialization of TPlannedProduction.","[2023-10-24T12:49:06.499Z, INFO] Initialization of plan.","[2023-10-24T12:49:06.698Z, INFO] attachments : [plan.csv]","[2023-10-24T12:49:06.716Z, INFO] Total time spent in post processing: 1 msecs.","[2023-10-24T12:49:06.717Z, INFO] Solve finished with status: OPTIMAL_SOLUTION."]},"taskSetupTime":1698151717932,"taskSolveTime":1698151750212,"taskTearDownTime":1698151751113,"jobSpaceId":"1e6362e3-9985-4ea3-b8ba-5d35f3036aa5","jobDeploymentId":"b0802b3d-ecb8-4143-853e-768fe96903cd","jobId":"3ae166fe-3dc0-491b-8df3-2abf3103a3ca","ping":1698151741691}