{"creationTime":1690879935167,"lastModificationTime":1690879986130,"state":"TERMINATED","solveConfig":{"containerId":"Scenario 1","solveParameters":{},"setupWebHook":{"verb":"GET","url":"https://internal.api.dataplatform.test.cloud.ibm.com/v1/cognitive/solve/preprocess/Scenario%201?projectId=234d5525-b0c4-41e7-b340-d72389121295&parentId=PortfolioAllocation","expectedStatus":200,"headers":{}},"tearDownWebHook":{"verb":"GET","url":"https://internal.api.dataplatform.test.cloud.ibm.com/v1/cognitive/solve/postprocess/Scenario%201?projectId=234d5525-b0c4-41e7-b340-d72389121295&parentId=PortfolioAllocation","expectedStatus":200,"headers":{}}},"jobDetails":{"id":"d41aa4c4-237c-4fac-9dbe-cb4f6cd0fbde","createdAt":1690879941894,"startedAt":1690879971242,"endedAt":1690879979903,"submittedAt":1690879941894,"details":{"KPI._time":"1.2218480110168457","KPI.dependencies between investment allocations based on covariances":"18118.268015011476","KPI.total expected return of investments over all allocations":"164.36374358999998","MODEL_DETAIL_BOOLEAN_VARS":"20","MODEL_DETAIL_CONSTRAINTS":"106","MODEL_DETAIL_CONTINUOUS_VARS":"20","MODEL_DETAIL_INTEGER_VARS":"20","MODEL_DETAIL_KPIS":"[\"total expected return of investments over all allocations\", \"dependencies between investment allocations based on covariances\"]","MODEL_DETAIL_NONZEROS":"249","MODEL_DETAIL_OBJECTIVE_SENSE":"minimize","MODEL_DETAIL_TYPE":"MIQP","PROGRESS_BEST_OBJECTIVE":"-1180.358456239082","PROGRESS_BEST_OBJECTIVE.history":"[[1690879977.36, -3347.8591643470736], [1690879978.36, -1317.235671154449]]","PROGRESS_CURRENT_OBJECTIVE":"-1180.358456239082","PROGRESS_CURRENT_OBJECTIVE.history":"[[1690879977.36, 0.0], [1690879978.36, -1180.358456239082]]","PROGRESS_GAP":"0.0","PROGRESS_GAP.history":"[[1690879977.36, 33478591643470.734], [1690879978.36, 0.11596241310582929]]","STAT.cplex.modelType":"MIQP","STAT.cplex.size.booleanVariables":"20","STAT.cplex.size.constraints":"106","STAT.cplex.size.continousVariables":"20","STAT.cplex.size.integerVariables":"20","STAT.cplex.size.linearConstraints":"106","STAT.cplex.size.quadraticConstraints":"0","STAT.cplex.size.variables":"60","STAT.cplex.solve.elapsedTime":"1.2218480110168457","STAT.cplex.solve.explored":"82","STAT.cplex.solve.iterationCount":"161","STAT.cplex.solve.opened":"0","STAT.job.coresCount":"1","STAT.job.inputsReadMs":"3499","STAT.job.memoryPeakKB":"116020","STAT.job.modelProcessingMs":"3066","STAT.job.outputsWriteMs":"628"},"executionStatus":"PROCESSED","solveStatus":"OPTIMAL_SOLUTION","logTail":["[2023-08-01T08:52:57.744Z, INFO] Tried aggregator 1 time.","[2023-08-01T08:52:57.747Z, INFO] MIQP Presolve eliminated 21 rows and 20 columns.","[2023-08-01T08:52:57.759Z, INFO] Reduced MIQP has 40 rows, 33 columns, and 109 nonzeros.","[2023-08-01T08:52:57.762Z, INFO] Reduced MIQP has 11 binaries, 11 generals, 0 SOSs, and 0 indicators.","[2023-08-01T08:52:57.800Z, INFO] Reduced MIQP objective Q matrix has 121 nonzeros.","[2023-08-01T08:52:57.820Z, INFO] Presolve time = 0.00 sec. (0.08 ticks)","[2023-08-01T08:52:57.827Z, INFO] Probing time = 0.00 sec. (0.01 ticks)","[2023-08-01T08:52:57.842Z, INFO] Tried aggregator 1 time.","[2023-08-01T08:52:57.846Z, INFO] Reduced MIQP has 40 rows, 33 columns, and 109 nonzeros.","[2023-08-01T08:52:57.865Z, INFO] Reduced MIQP has 11 binaries, 11 generals, 0 SOSs, and 0 indicators.","[2023-08-01T08:52:57.868Z, INFO] Reduced MIQP objective Q matrix has 121 nonzeros.","[2023-08-01T08:52:57.902Z, INFO] Presolve time = 0.00 sec. (0.06 ticks)","[2023-08-01T08:52:57.918Z, INFO] Represolve time = 0.00 sec. (0.19 ticks)","[2023-08-01T08:52:57.943Z, INFO] Probing time = 0.00 sec. (0.01 ticks)","[2023-08-01T08:52:57.960Z, INFO] MIP emphasis: balance optimality and feasibility.","[2023-08-01T08:52:57.967Z, INFO] MIP search method: dynamic search.","[2023-08-01T08:52:57.983Z, INFO] Parallel mode: none, using 1 thread.","[2023-08-01T08:52:57.987Z, INFO] Root relaxation solution time = 0.00 sec. (0.37 ticks)","[2023-08-01T08:52:58.003Z, INFO] ","[2023-08-01T08:52:58.006Z, INFO]         Nodes                                         Cuts/","[2023-08-01T08:52:58.026Z, INFO]    Node  Left     Objective  IInf  Best Integer    Best Bound    ItCnt     Gap","[2023-08-01T08:52:58.038Z, INFO] ","[2023-08-01T08:52:58.083Z, INFO] *     0+    0                         -544.7177    -1862.6647           241.95%","[2023-08-01T08:52:58.086Z, INFO]       0     0    -1862.6647    22     -544.7177    -1862.6647       29  241.95%","[2023-08-01T08:52:58.099Z, INFO] *     0+    0                         -826.0211    -1862.6647           125.50%","[2023-08-01T08:52:58.148Z, INFO] *     0+    0                         -892.3035    -1862.6647           108.75%","[2023-08-01T08:52:58.150Z, INFO]       0     0  -1.00000e+75     0     -892.3035    -1862.6647       29  108.75%","[2023-08-01T08:52:58.179Z, INFO]       0     2    -1862.6647    22     -892.3035    -1722.1111       29   93.00%","[2023-08-01T08:52:58.200Z, INFO] Elapsed time = 0.12 sec. (5.01 ticks, tree = 0.01 MB, solutions = 4)","[2023-08-01T08:52:58.343Z, INFO] *    20+    9                        -1016.0020    -1585.6182            56.06%","[2023-08-01T08:52:58.362Z, INFO] *    34    11      integral     0    -1180.3585    -1585.6182       80   34.33%","[2023-08-01T08:52:58.847Z, INFO] ","[2023-08-01T08:52:58.859Z, INFO] Root node processing (before b&c):","[2023-08-01T08:52:58.862Z, INFO]   Real time             =    0.11 sec. (5.02 ticks)","[2023-08-01T08:52:58.864Z, INFO] Sequential b&c:","[2023-08-01T08:52:58.867Z, INFO]   Real time             =    1.13 sec. (3.76 ticks)","[2023-08-01T08:52:58.879Z, INFO]                           ------------","[2023-08-01T08:52:58.880Z, INFO] Total (root+branch&cut) =    1.24 sec. (8.78 ticks)","[2023-08-01T08:52:58.926Z, INFO] Solve status: JobSolveStatus.OPTIMAL_SOLUTION","[2023-08-01T08:52:58.938Z, INFO] * model docplex_model1 solved with objective = -1180.358","[2023-08-01T08:52:58.940Z, INFO] *  KPI: total expected return of investments over all allocations        = 164.364","[2023-08-01T08:52:58.943Z, INFO] *  KPI: dependencies between investment allocations based on covariances = 18118.268","[2023-08-01T08:52:58.945Z, INFO] model solve done in 1.404127836227417 secs","[2023-08-01T08:52:58.947Z, INFO] solution export done in 0.08461427688598633 secs","[2023-08-01T08:52:58.959Z, INFO] investmentAllocation.csv"]},"taskSetupMillis":6609,"taskSolveMillis":40301,"taskTearDownMillis":1428,"jobSpaceId":"97b8836e-1fbc-4af4-9adb-e5ae5fa3f705","jobDeploymentId":"3e6d00b6-e8c4-478e-ab96-b41f3dbaa625","jobId":"d41aa4c4-237c-4fac-9dbe-cb4f6cd0fbde","ping":1690879965327}