{"categories":{"output":{"assets":{"Scheduled_activities_report.csv":{"type":"Table"},"kpis.csv":{"type":"Table"},"log.txt":{"type":"Asset"},"list_of_Activity_solution.csv":{"type":"Table"}}},"input":{"assets":{"equipment.csv":{"type":"Table"},"wait.csv":{"type":"Table"},"activity.csv":{"type":"Table"}}},"model":{"assets":{"model.py":{"type":"Asset"}}},"CO_ASSET_SESSION":{"assets":{"CO_SESSION.json":{"type":"Asset"}}},"dashboard-file":{"assets":{"dashboard.json":{"type":"Asset"}}},"CO_ASSET":{"assets":{"CO_CHART_SUGGESTION_JSON.json":{"type":"Asset"},"CO_SOLUTION_TEXT.json":{"type":"Asset"},"CO_SOLUTION_JSON.json":{"type":"Asset"}}}},"modelType":"cognitive","category":"dashboard"}