plant,market,month,product,Delivery decision,market Region,month Next,month Quarter,month Index,product Type,product Price Level,product Maturity
Bucarest,Argentina,Feb-17,200S,20.0,Americas,Mar-17,2007Q1,2,Street,Entry Level,Phase-Out
Bucarest,Argentina,Feb-17,300S,0.0,Americas,Mar-17,2007Q1,2,Street,Mid-Range,Phase-Out
Bucarest,Argentina,Jan-17,200S,0.0,Americas,Feb-17,2007Q1,1,Street,Entry Level,Phase-Out
Bucarest,Argentina,Jan-17,300S,0.0,Americas,Feb-17,2007Q1,1,Street,Mid-Range,Phase-Out
Bucarest,Argentina,Mar-17,200S,0.0,Americas,,2007Q1,3,Street,Entry Level,Phase-Out
Bucarest,Argentina,Mar-17,300S,0.0,Americas,,2007Q1,3,Street,Mid-Range,Phase-Out
Bucarest,Brazil,Feb-17,200S,0.0,Americas,Mar-17,2007Q1,2,Street,Entry Level,Phase-Out
Bucarest,Brazil,Feb-17,300S,30.0,Americas,Mar-17,2007Q1,2,Street,Mid-Range,Phase-Out
Bucarest,Brazil,Jan-17,200S,0.0,Americas,Feb-17,2007Q1,1,Street,Entry Level,Phase-Out
Bucarest,Brazil,Jan-17,300S,0.0,Americas,Feb-17,2007Q1,1,Street,Mid-Range,Phase-Out
Bucarest,Brazil,Mar-17,200S,0.0,Americas,,2007Q1,3,Street,Entry Level,Phase-Out
Bucarest,Brazil,Mar-17,300S,0.0,Americas,,2007Q1,3,Street,Mid-Range,Phase-Out
Bucarest,Canada,Feb-17,200S,0.0,Americas,Mar-17,2007Q1,2,Street,Entry Level,Phase-Out
Bucarest,Canada,Feb-17,300S,0.0,Americas,Mar-17,2007Q1,2,Street,Mid-Range,Phase-Out
Bucarest,Canada,Jan-17,200S,0.0,Americas,Feb-17,2007Q1,1,Street,Entry Level,Phase-Out
Bucarest,Canada,Jan-17,300S,0.0,Americas,Feb-17,2007Q1,1,Street,Mid-Range,Phase-Out
Bucarest,Canada,Mar-17,200S,0.0,Americas,,2007Q1,3,Street,Entry Level,Phase-Out
Bucarest,Canada,Mar-17,300S,0.0,Americas,,2007Q1,3,Street,Mid-Range,Phase-Out
Bucarest,China,Feb-17,200S,0.0,APAC,Mar-17,2007Q1,2,Street,Entry Level,Phase-Out
Bucarest,China,Feb-17,300S,0.0,APAC,Mar-17,2007Q1,2,Street,Mid-Range,Phase-Out
Bucarest,China,Jan-17,200S,0.0,APAC,Feb-17,2007Q1,1,Street,Entry Level,Phase-Out
Bucarest,China,Jan-17,300S,0.0,APAC,Feb-17,2007Q1,1,Street,Mid-Range,Phase-Out
Bucarest,China,Mar-17,200S,0.0,APAC,,2007Q1,3,Street,Entry Level,Phase-Out
Bucarest,China,Mar-17,300S,0.0,APAC,,2007Q1,3,Street,Mid-Range,Phase-Out
Bucarest,France,Feb-17,200S,0.0,EMEA,Mar-17,2007Q1,2,Street,Entry Level,Phase-Out
Bucarest,France,Feb-17,300S,53.0,EMEA,Mar-17,2007Q1,2,Street,Mid-Range,Phase-Out
Bucarest,France,Jan-17,200S,0.0,EMEA,Feb-17,2007Q1,1,Street,Entry Level,Phase-Out
Bucarest,France,Jan-17,300S,59.0,EMEA,Feb-17,2007Q1,1,Street,Mid-Range,Phase-Out
Bucarest,France,Mar-17,200S,75.0,EMEA,,2007Q1,3,Street,Entry Level,Phase-Out
Bucarest,France,Mar-17,300S,34.0,EMEA,,2007Q1,3,Street,Mid-Range,Phase-Out
Bucarest,Germany,Feb-17,200S,0.0,EMEA,Mar-17,2007Q1,2,Street,Entry Level,Phase-Out
Bucarest,Germany,Feb-17,300S,0.0,EMEA,Mar-17,2007Q1,2,Street,Mid-Range,Phase-Out
Bucarest,Germany,Jan-17,200S,0.0,EMEA,Feb-17,2007Q1,1,Street,Entry Level,Phase-Out
Bucarest,Germany,Jan-17,300S,1.0,EMEA,Feb-17,2007Q1,1,Street,Mid-Range,Phase-Out
Bucarest,Germany,Mar-17,200S,0.0,EMEA,,2007Q1,3,Street,Entry Level,Phase-Out
Bucarest,Germany,Mar-17,300S,44.0,EMEA,,2007Q1,3,Street,Mid-Range,Phase-Out
Bucarest,Italy,Feb-17,200S,34.0,EMEA,Mar-17,2007Q1,2,Street,Entry Level,Phase-Out
Bucarest,Italy,Feb-17,300S,0.0,EMEA,Mar-17,2007Q1,2,Street,Mid-Range,Phase-Out
Bucarest,Italy,Jan-17,200S,0.0,EMEA,Feb-17,2007Q1,1,Street,Entry Level,Phase-Out
Bucarest,Italy,Jan-17,300S,5.0,EMEA,Feb-17,2007Q1,1,Street,Mid-Range,Phase-Out
Bucarest,Italy,Mar-17,200S,0.0,EMEA,,2007Q1,3,Street,Entry Level,Phase-Out
Bucarest,Italy,Mar-17,300S,0.0,EMEA,,2007Q1,3,Street,Mid-Range,Phase-Out
Bucarest,Japan,Feb-17,200S,17.0,APAC,Mar-17,2007Q1,2,Street,Entry Level,Phase-Out
Bucarest,Japan,Feb-17,300S,1.0,APAC,Mar-17,2007Q1,2,Street,Mid-Range,Phase-Out
Bucarest,Japan,Jan-17,200S,0.0,APAC,Feb-17,2007Q1,1,Street,Entry Level,Phase-Out
Bucarest,Japan,Jan-17,300S,0.0,APAC,Feb-17,2007Q1,1,Street,Mid-Range,Phase-Out
Bucarest,Japan,Mar-17,200S,0.0,APAC,,2007Q1,3,Street,Entry Level,Phase-Out
Bucarest,Japan,Mar-17,300S,0.0,APAC,,2007Q1,3,Street,Mid-Range,Phase-Out
Bucarest,Spain,Feb-17,200S,0.0,EMEA,Mar-17,2007Q1,2,Street,Entry Level,Phase-Out
Bucarest,Spain,Feb-17,300S,0.0,EMEA,Mar-17,2007Q1,2,Street,Mid-Range,Phase-Out
Bucarest,Spain,Jan-17,200S,0.0,EMEA,Feb-17,2007Q1,1,Street,Entry Level,Phase-Out
Bucarest,Spain,Jan-17,300S,0.0,EMEA,Feb-17,2007Q1,1,Street,Mid-Range,Phase-Out
Bucarest,Spain,Mar-17,200S,28.0,EMEA,,2007Q1,3,Street,Entry Level,Phase-Out
Bucarest,Spain,Mar-17,300S,0.0,EMEA,,2007Q1,3,Street,Mid-Range,Phase-Out
Bucarest,UK,Feb-17,200S,0.0,EMEA,Mar-17,2007Q1,2,Street,Entry Level,Phase-Out
Bucarest,UK,Feb-17,300S,0.0,EMEA,Mar-17,2007Q1,2,Street,Mid-Range,Phase-Out
Bucarest,UK,Jan-17,200S,0.0,EMEA,Feb-17,2007Q1,1,Street,Entry Level,Phase-Out
Bucarest,UK,Jan-17,300S,0.0,EMEA,Feb-17,2007Q1,1,Street,Mid-Range,Phase-Out
Bucarest,UK,Mar-17,200S,31.0,EMEA,,2007Q1,3,Street,Entry Level,Phase-Out
Bucarest,UK,Mar-17,300S,6.0,EMEA,,2007Q1,3,Street,Mid-Range,Phase-Out
Bucarest,US,Feb-17,200S,0.0,Americas,Mar-17,2007Q1,2,Street,Entry Level,Phase-Out
Bucarest,US,Feb-17,300S,0.0,Americas,Mar-17,2007Q1,2,Street,Mid-Range,Phase-Out
Bucarest,US,Jan-17,200S,0.0,Americas,Feb-17,2007Q1,1,Street,Entry Level,Phase-Out
Bucarest,US,Jan-17,300S,19.0,Americas,Feb-17,2007Q1,1,Street,Mid-Range,Phase-Out
Bucarest,US,Mar-17,200S,0.0,Americas,,2007Q1,3,Street,Entry Level,Phase-Out
Bucarest,US,Mar-17,300S,0.0,Americas,,2007Q1,3,Street,Mid-Range,Phase-Out
Dallas,Argentina,Feb-17,200S,0.0,Americas,Mar-17,2007Q1,2,Street,Entry Level,Phase-Out
Dallas,Argentina,Feb-17,300S,0.0,Americas,Mar-17,2007Q1,2,Street,Mid-Range,Phase-Out
Dallas,Argentina,Jan-17,200S,0.0,Americas,Feb-17,2007Q1,1,Street,Entry Level,Phase-Out
Dallas,Argentina,Jan-17,300S,0.0,Americas,Feb-17,2007Q1,1,Street,Mid-Range,Phase-Out
Dallas,Argentina,Mar-17,200S,0.0,Americas,,2007Q1,3,Street,Entry Level,Phase-Out
Dallas,Argentina,Mar-17,300S,0.0,Americas,,2007Q1,3,Street,Mid-Range,Phase-Out
Dallas,Brazil,Feb-17,200S,0.0,Americas,Mar-17,2007Q1,2,Street,Entry Level,Phase-Out
Dallas,Brazil,Feb-17,300S,0.0,Americas,Mar-17,2007Q1,2,Street,Mid-Range,Phase-Out
Dallas,Brazil,Jan-17,200S,0.0,Americas,Feb-17,2007Q1,1,Street,Entry Level,Phase-Out
Dallas,Brazil,Jan-17,300S,0.0,Americas,Feb-17,2007Q1,1,Street,Mid-Range,Phase-Out
Dallas,Brazil,Mar-17,200S,0.0,Americas,,2007Q1,3,Street,Entry Level,Phase-Out
Dallas,Brazil,Mar-17,300S,0.0,Americas,,2007Q1,3,Street,Mid-Range,Phase-Out
Dallas,Canada,Feb-17,200S,0.0,Americas,Mar-17,2007Q1,2,Street,Entry Level,Phase-Out
Dallas,Canada,Feb-17,300S,0.0,Americas,Mar-17,2007Q1,2,Street,Mid-Range,Phase-Out
Dallas,Canada,Jan-17,200S,0.0,Americas,Feb-17,2007Q1,1,Street,Entry Level,Phase-Out
Dallas,Canada,Jan-17,300S,0.0,Americas,Feb-17,2007Q1,1,Street,Mid-Range,Phase-Out
Dallas,Canada,Mar-17,200S,0.0,Americas,,2007Q1,3,Street,Entry Level,Phase-Out
Dallas,Canada,Mar-17,300S,0.0,Americas,,2007Q1,3,Street,Mid-Range,Phase-Out
Dallas,China,Feb-17,200S,0.0,APAC,Mar-17,2007Q1,2,Street,Entry Level,Phase-Out
Dallas,China,Feb-17,300S,0.0,APAC,Mar-17,2007Q1,2,Street,Mid-Range,Phase-Out
Dallas,China,Jan-17,200S,0.0,APAC,Feb-17,2007Q1,1,Street,Entry Level,Phase-Out
Dallas,China,Jan-17,300S,0.0,APAC,Feb-17,2007Q1,1,Street,Mid-Range,Phase-Out
Dallas,China,Mar-17,200S,0.0,APAC,,2007Q1,3,Street,Entry Level,Phase-Out
Dallas,China,Mar-17,300S,0.0,APAC,,2007Q1,3,Street,Mid-Range,Phase-Out
Dallas,France,Feb-17,200S,0.0,EMEA,Mar-17,2007Q1,2,Street,Entry Level,Phase-Out
Dallas,France,Feb-17,300S,0.0,EMEA,Mar-17,2007Q1,2,Street,Mid-Range,Phase-Out
Dallas,France,Jan-17,200S,0.0,EMEA,Feb-17,2007Q1,1,Street,Entry Level,Phase-Out
Dallas,France,Jan-17,300S,0.0,EMEA,Feb-17,2007Q1,1,Street,Mid-Range,Phase-Out
Dallas,France,Mar-17,200S,0.0,EMEA,,2007Q1,3,Street,Entry Level,Phase-Out
Dallas,France,Mar-17,300S,0.0,EMEA,,2007Q1,3,Street,Mid-Range,Phase-Out
Dallas,Germany,Feb-17,200S,0.0,EMEA,Mar-17,2007Q1,2,Street,Entry Level,Phase-Out
Dallas,Germany,Feb-17,300S,0.0,EMEA,Mar-17,2007Q1,2,Street,Mid-Range,Phase-Out
Dallas,Germany,Jan-17,200S,0.0,EMEA,Feb-17,2007Q1,1,Street,Entry Level,Phase-Out
Dallas,Germany,Jan-17,300S,0.0,EMEA,Feb-17,2007Q1,1,Street,Mid-Range,Phase-Out
Dallas,Germany,Mar-17,200S,0.0,EMEA,,2007Q1,3,Street,Entry Level,Phase-Out
Dallas,Germany,Mar-17,300S,0.0,EMEA,,2007Q1,3,Street,Mid-Range,Phase-Out
Dallas,Italy,Feb-17,200S,0.0,EMEA,Mar-17,2007Q1,2,Street,Entry Level,Phase-Out
Dallas,Italy,Feb-17,300S,0.0,EMEA,Mar-17,2007Q1,2,Street,Mid-Range,Phase-Out
Dallas,Italy,Jan-17,200S,0.0,EMEA,Feb-17,2007Q1,1,Street,Entry Level,Phase-Out
Dallas,Italy,Jan-17,300S,0.0,EMEA,Feb-17,2007Q1,1,Street,Mid-Range,Phase-Out
Dallas,Italy,Mar-17,200S,36.0,EMEA,,2007Q1,3,Street,Entry Level,Phase-Out
Dallas,Italy,Mar-17,300S,0.0,EMEA,,2007Q1,3,Street,Mid-Range,Phase-Out
Dallas,Japan,Feb-17,200S,0.0,APAC,Mar-17,2007Q1,2,Street,Entry Level,Phase-Out
Dallas,Japan,Feb-17,300S,0.0,APAC,Mar-17,2007Q1,2,Street,Mid-Range,Phase-Out
Dallas,Japan,Jan-17,200S,0.0,APAC,Feb-17,2007Q1,1,Street,Entry Level,Phase-Out
Dallas,Japan,Jan-17,300S,0.0,APAC,Feb-17,2007Q1,1,Street,Mid-Range,Phase-Out
Dallas,Japan,Mar-17,200S,0.0,APAC,,2007Q1,3,Street,Entry Level,Phase-Out
Dallas,Japan,Mar-17,300S,0.0,APAC,,2007Q1,3,Street,Mid-Range,Phase-Out
Dallas,Spain,Feb-17,200S,65.0,EMEA,Mar-17,2007Q1,2,Street,Entry Level,Phase-Out
Dallas,Spain,Feb-17,300S,0.0,EMEA,Mar-17,2007Q1,2,Street,Mid-Range,Phase-Out
Dallas,Spain,Jan-17,200S,28.0,EMEA,Feb-17,2007Q1,1,Street,Entry Level,Phase-Out
Dallas,Spain,Jan-17,300S,0.0,EMEA,Feb-17,2007Q1,1,Street,Mid-Range,Phase-Out
Dallas,Spain,Mar-17,200S,0.0,EMEA,,2007Q1,3,Street,Entry Level,Phase-Out
Dallas,Spain,Mar-17,300S,0.0,EMEA,,2007Q1,3,Street,Mid-Range,Phase-Out
Dallas,UK,Feb-17,200S,11.0,EMEA,Mar-17,2007Q1,2,Street,Entry Level,Phase-Out
Dallas,UK,Feb-17,300S,0.0,EMEA,Mar-17,2007Q1,2,Street,Mid-Range,Phase-Out
Dallas,UK,Jan-17,200S,48.0,EMEA,Feb-17,2007Q1,1,Street,Entry Level,Phase-Out
Dallas,UK,Jan-17,300S,0.0,EMEA,Feb-17,2007Q1,1,Street,Mid-Range,Phase-Out
Dallas,UK,Mar-17,200S,40.0,EMEA,,2007Q1,3,Street,Entry Level,Phase-Out
Dallas,UK,Mar-17,300S,24.0,EMEA,,2007Q1,3,Street,Mid-Range,Phase-Out
Dallas,US,Feb-17,200S,0.0,Americas,Mar-17,2007Q1,2,Street,Entry Level,Phase-Out
Dallas,US,Feb-17,300S,0.0,Americas,Mar-17,2007Q1,2,Street,Mid-Range,Phase-Out
Dallas,US,Jan-17,200S,0.0,Americas,Feb-17,2007Q1,1,Street,Entry Level,Phase-Out
Dallas,US,Jan-17,300S,0.0,Americas,Feb-17,2007Q1,1,Street,Mid-Range,Phase-Out
Dallas,US,Mar-17,200S,0.0,Americas,,2007Q1,3,Street,Entry Level,Phase-Out
Dallas,US,Mar-17,300S,0.0,Americas,,2007Q1,3,Street,Mid-Range,Phase-Out
Houston,Argentina,Feb-17,200S,0.0,Americas,Mar-17,2007Q1,2,Street,Entry Level,Phase-Out
Houston,Argentina,Feb-17,300S,0.0,Americas,Mar-17,2007Q1,2,Street,Mid-Range,Phase-Out
Houston,Argentina,Jan-17,200S,43.0,Americas,Feb-17,2007Q1,1,Street,Entry Level,Phase-Out
Houston,Argentina,Jan-17,300S,48.0,Americas,Feb-17,2007Q1,1,Street,Mid-Range,Phase-Out
Houston,Argentina,Mar-17,200S,0.0,Americas,,2007Q1,3,Street,Entry Level,Phase-Out
Houston,Argentina,Mar-17,300S,44.0,Americas,,2007Q1,3,Street,Mid-Range,Phase-Out
Houston,Brazil,Feb-17,200S,0.0,Americas,Mar-17,2007Q1,2,Street,Entry Level,Phase-Out
Houston,Brazil,Feb-17,300S,0.0,Americas,Mar-17,2007Q1,2,Street,Mid-Range,Phase-Out
Houston,Brazil,Jan-17,200S,0.0,Americas,Feb-17,2007Q1,1,Street,Entry Level,Phase-Out
Houston,Brazil,Jan-17,300S,41.0,Americas,Feb-17,2007Q1,1,Street,Mid-Range,Phase-Out
Houston,Brazil,Mar-17,200S,90.0,Americas,,2007Q1,3,Street,Entry Level,Phase-Out
Houston,Brazil,Mar-17,300S,0.0,Americas,,2007Q1,3,Street,Mid-Range,Phase-Out
Houston,Canada,Feb-17,200S,40.0,Americas,Mar-17,2007Q1,2,Street,Entry Level,Phase-Out
Houston,Canada,Feb-17,300S,10.0,Americas,Mar-17,2007Q1,2,Street,Mid-Range,Phase-Out
Houston,Canada,Jan-17,200S,90.0,Americas,Feb-17,2007Q1,1,Street,Entry Level,Phase-Out
Houston,Canada,Jan-17,300S,0.0,Americas,Feb-17,2007Q1,1,Street,Mid-Range,Phase-Out
Houston,Canada,Mar-17,200S,44.0,Americas,,2007Q1,3,Street,Entry Level,Phase-Out
Houston,Canada,Mar-17,300S,0.0,Americas,,2007Q1,3,Street,Mid-Range,Phase-Out
Houston,China,Feb-17,200S,82.0,APAC,Mar-17,2007Q1,2,Street,Entry Level,Phase-Out
Houston,China,Feb-17,300S,37.0,APAC,Mar-17,2007Q1,2,Street,Mid-Range,Phase-Out
Houston,China,Jan-17,200S,58.0,APAC,Feb-17,2007Q1,1,Street,Entry Level,Phase-Out
Houston,China,Jan-17,300S,0.0,APAC,Feb-17,2007Q1,1,Street,Mid-Range,Phase-Out
Houston,China,Mar-17,200S,87.0,APAC,,2007Q1,3,Street,Entry Level,Phase-Out
Houston,China,Mar-17,300S,29.0,APAC,,2007Q1,3,Street,Mid-Range,Phase-Out
Houston,France,Feb-17,200S,79.0,EMEA,Mar-17,2007Q1,2,Street,Entry Level,Phase-Out
Houston,France,Feb-17,300S,55.0,EMEA,Mar-17,2007Q1,2,Street,Mid-Range,Phase-Out
Houston,France,Jan-17,200S,25.0,EMEA,Feb-17,2007Q1,1,Street,Entry Level,Phase-Out
Houston,France,Jan-17,300S,13.0,EMEA,Feb-17,2007Q1,1,Street,Mid-Range,Phase-Out
Houston,France,Mar-17,200S,0.0,EMEA,,2007Q1,3,Street,Entry Level,Phase-Out
Houston,France,Mar-17,300S,10.0,EMEA,,2007Q1,3,Street,Mid-Range,Phase-Out
Houston,Germany,Feb-17,200S,30.0,EMEA,Mar-17,2007Q1,2,Street,Entry Level,Phase-Out
Houston,Germany,Feb-17,300S,0.0,EMEA,Mar-17,2007Q1,2,Street,Mid-Range,Phase-Out
Houston,Germany,Jan-17,200S,15.0,EMEA,Feb-17,2007Q1,1,Street,Entry Level,Phase-Out
Houston,Germany,Jan-17,300S,0.0,EMEA,Feb-17,2007Q1,1,Street,Mid-Range,Phase-Out
Houston,Germany,Mar-17,200S,0.0,EMEA,,2007Q1,3,Street,Entry Level,Phase-Out
Houston,Germany,Mar-17,300S,0.0,EMEA,,2007Q1,3,Street,Mid-Range,Phase-Out
Houston,Italy,Feb-17,200S,0.0,EMEA,Mar-17,2007Q1,2,Street,Entry Level,Phase-Out
Houston,Italy,Feb-17,300S,0.0,EMEA,Mar-17,2007Q1,2,Street,Mid-Range,Phase-Out
Houston,Italy,Jan-17,200S,0.0,EMEA,Feb-17,2007Q1,1,Street,Entry Level,Phase-Out
Houston,Italy,Jan-17,300S,0.0,EMEA,Feb-17,2007Q1,1,Street,Mid-Range,Phase-Out
Houston,Italy,Mar-17,200S,0.0,EMEA,,2007Q1,3,Street,Entry Level,Phase-Out
Houston,Italy,Mar-17,300S,0.0,EMEA,,2007Q1,3,Street,Mid-Range,Phase-Out
Houston,Japan,Feb-17,200S,0.0,APAC,Mar-17,2007Q1,2,Street,Entry Level,Phase-Out
Houston,Japan,Feb-17,300S,0.0,APAC,Mar-17,2007Q1,2,Street,Mid-Range,Phase-Out
Houston,Japan,Jan-17,200S,0.0,APAC,Feb-17,2007Q1,1,Street,Entry Level,Phase-Out
Houston,Japan,Jan-17,300S,0.0,APAC,Feb-17,2007Q1,1,Street,Mid-Range,Phase-Out
Houston,Japan,Mar-17,200S,0.0,APAC,,2007Q1,3,Street,Entry Level,Phase-Out
Houston,Japan,Mar-17,300S,0.0,APAC,,2007Q1,3,Street,Mid-Range,Phase-Out
Houston,Spain,Feb-17,200S,0.0,EMEA,Mar-17,2007Q1,2,Street,Entry Level,Phase-Out
Houston,Spain,Feb-17,300S,0.0,EMEA,Mar-17,2007Q1,2,Street,Mid-Range,Phase-Out
Houston,Spain,Jan-17,200S,0.0,EMEA,Feb-17,2007Q1,1,Street,Entry Level,Phase-Out
Houston,Spain,Jan-17,300S,0.0,EMEA,Feb-17,2007Q1,1,Street,Mid-Range,Phase-Out
Houston,Spain,Mar-17,200S,0.0,EMEA,,2007Q1,3,Street,Entry Level,Phase-Out
Houston,Spain,Mar-17,300S,19.0,EMEA,,2007Q1,3,Street,Mid-Range,Phase-Out
Houston,UK,Feb-17,200S,0.0,EMEA,Mar-17,2007Q1,2,Street,Entry Level,Phase-Out
Houston,UK,Feb-17,300S,0.0,EMEA,Mar-17,2007Q1,2,Street,Mid-Range,Phase-Out
Houston,UK,Jan-17,200S,0.0,EMEA,Feb-17,2007Q1,1,Street,Entry Level,Phase-Out
Houston,UK,Jan-17,300S,0.0,EMEA,Feb-17,2007Q1,1,Street,Mid-Range,Phase-Out
Houston,UK,Mar-17,200S,0.0,EMEA,,2007Q1,3,Street,Entry Level,Phase-Out
Houston,UK,Mar-17,300S,0.0,EMEA,,2007Q1,3,Street,Mid-Range,Phase-Out
Houston,US,Feb-17,200S,0.0,Americas,Mar-17,2007Q1,2,Street,Entry Level,Phase-Out
Houston,US,Feb-17,300S,0.0,Americas,Mar-17,2007Q1,2,Street,Mid-Range,Phase-Out
Houston,US,Jan-17,200S,0.0,Americas,Feb-17,2007Q1,1,Street,Entry Level,Phase-Out
Houston,US,Jan-17,300S,0.0,Americas,Feb-17,2007Q1,1,Street,Mid-Range,Phase-Out
Houston,US,Mar-17,200S,10.0,Americas,,2007Q1,3,Street,Entry Level,Phase-Out
Houston,US,Mar-17,300S,0.0,Americas,,2007Q1,3,Street,Mid-Range,Phase-Out
Los Angeles,Argentina,Feb-17,200S,0.0,Americas,Mar-17,2007Q1,2,Street,Entry Level,Phase-Out
Los Angeles,Argentina,Feb-17,300S,24.0,Americas,Mar-17,2007Q1,2,Street,Mid-Range,Phase-Out
Los Angeles,Argentina,Jan-17,200S,0.0,Americas,Feb-17,2007Q1,1,Street,Entry Level,Phase-Out
Los Angeles,Argentina,Jan-17,300S,0.0,Americas,Feb-17,2007Q1,1,Street,Mid-Range,Phase-Out
Los Angeles,Argentina,Mar-17,200S,0.0,Americas,,2007Q1,3,Street,Entry Level,Phase-Out
Los Angeles,Argentina,Mar-17,300S,0.0,Americas,,2007Q1,3,Street,Mid-Range,Phase-Out
Los Angeles,Brazil,Feb-17,200S,0.0,Americas,Mar-17,2007Q1,2,Street,Entry Level,Phase-Out
Los Angeles,Brazil,Feb-17,300S,0.0,Americas,Mar-17,2007Q1,2,Street,Mid-Range,Phase-Out
Los Angeles,Brazil,Jan-17,200S,0.0,Americas,Feb-17,2007Q1,1,Street,Entry Level,Phase-Out
Los Angeles,Brazil,Jan-17,300S,0.0,Americas,Feb-17,2007Q1,1,Street,Mid-Range,Phase-Out
Los Angeles,Brazil,Mar-17,200S,0.0,Americas,,2007Q1,3,Street,Entry Level,Phase-Out
Los Angeles,Brazil,Mar-17,300S,0.0,Americas,,2007Q1,3,Street,Mid-Range,Phase-Out
Los Angeles,Canada,Feb-17,200S,1.0,Americas,Mar-17,2007Q1,2,Street,Entry Level,Phase-Out
Los Angeles,Canada,Feb-17,300S,0.0,Americas,Mar-17,2007Q1,2,Street,Mid-Range,Phase-Out
Los Angeles,Canada,Jan-17,200S,0.0,Americas,Feb-17,2007Q1,1,Street,Entry Level,Phase-Out
Los Angeles,Canada,Jan-17,300S,26.0,Americas,Feb-17,2007Q1,1,Street,Mid-Range,Phase-Out
Los Angeles,Canada,Mar-17,200S,0.0,Americas,,2007Q1,3,Street,Entry Level,Phase-Out
Los Angeles,Canada,Mar-17,300S,0.0,Americas,,2007Q1,3,Street,Mid-Range,Phase-Out
Los Angeles,China,Feb-17,200S,0.0,APAC,Mar-17,2007Q1,2,Street,Entry Level,Phase-Out
Los Angeles,China,Feb-17,300S,0.0,APAC,Mar-17,2007Q1,2,Street,Mid-Range,Phase-Out
Los Angeles,China,Jan-17,200S,0.0,APAC,Feb-17,2007Q1,1,Street,Entry Level,Phase-Out
Los Angeles,China,Jan-17,300S,22.0,APAC,Feb-17,2007Q1,1,Street,Mid-Range,Phase-Out
Los Angeles,China,Mar-17,200S,0.0,APAC,,2007Q1,3,Street,Entry Level,Phase-Out
Los Angeles,China,Mar-17,300S,0.0,APAC,,2007Q1,3,Street,Mid-Range,Phase-Out
Los Angeles,France,Feb-17,200S,0.0,EMEA,Mar-17,2007Q1,2,Street,Entry Level,Phase-Out
Los Angeles,France,Feb-17,300S,0.0,EMEA,Mar-17,2007Q1,2,Street,Mid-Range,Phase-Out
Los Angeles,France,Jan-17,200S,0.0,EMEA,Feb-17,2007Q1,1,Street,Entry Level,Phase-Out
Los Angeles,France,Jan-17,300S,0.0,EMEA,Feb-17,2007Q1,1,Street,Mid-Range,Phase-Out
Los Angeles,France,Mar-17,200S,0.0,EMEA,,2007Q1,3,Street,Entry Level,Phase-Out
Los Angeles,France,Mar-17,300S,61.0,EMEA,,2007Q1,3,Street,Mid-Range,Phase-Out
Los Angeles,Germany,Feb-17,200S,0.0,EMEA,Mar-17,2007Q1,2,Street,Entry Level,Phase-Out
Los Angeles,Germany,Feb-17,300S,0.0,EMEA,Mar-17,2007Q1,2,Street,Mid-Range,Phase-Out
Los Angeles,Germany,Jan-17,200S,0.0,EMEA,Feb-17,2007Q1,1,Street,Entry Level,Phase-Out
Los Angeles,Germany,Jan-17,300S,0.0,EMEA,Feb-17,2007Q1,1,Street,Mid-Range,Phase-Out
Los Angeles,Germany,Mar-17,200S,0.0,EMEA,,2007Q1,3,Street,Entry Level,Phase-Out
Los Angeles,Germany,Mar-17,300S,0.0,EMEA,,2007Q1,3,Street,Mid-Range,Phase-Out
Los Angeles,Italy,Feb-17,200S,0.0,EMEA,Mar-17,2007Q1,2,Street,Entry Level,Phase-Out
Los Angeles,Italy,Feb-17,300S,9.0,EMEA,Mar-17,2007Q1,2,Street,Mid-Range,Phase-Out
Los Angeles,Italy,Jan-17,200S,0.0,EMEA,Feb-17,2007Q1,1,Street,Entry Level,Phase-Out
Los Angeles,Italy,Jan-17,300S,0.0,EMEA,Feb-17,2007Q1,1,Street,Mid-Range,Phase-Out
Los Angeles,Italy,Mar-17,200S,0.0,EMEA,,2007Q1,3,Street,Entry Level,Phase-Out
Los Angeles,Italy,Mar-17,300S,0.0,EMEA,,2007Q1,3,Street,Mid-Range,Phase-Out
Los Angeles,Japan,Feb-17,200S,0.0,APAC,Mar-17,2007Q1,2,Street,Entry Level,Phase-Out
Los Angeles,Japan,Feb-17,300S,0.0,APAC,Mar-17,2007Q1,2,Street,Mid-Range,Phase-Out
Los Angeles,Japan,Jan-17,200S,89.0,APAC,Feb-17,2007Q1,1,Street,Entry Level,Phase-Out
Los Angeles,Japan,Jan-17,300S,13.0,APAC,Feb-17,2007Q1,1,Street,Mid-Range,Phase-Out
Los Angeles,Japan,Mar-17,200S,58.0,APAC,,2007Q1,3,Street,Entry Level,Phase-Out
Los Angeles,Japan,Mar-17,300S,0.0,APAC,,2007Q1,3,Street,Mid-Range,Phase-Out
Los Angeles,Spain,Feb-17,200S,0.0,EMEA,Mar-17,2007Q1,2,Street,Entry Level,Phase-Out
Los Angeles,Spain,Feb-17,300S,0.0,EMEA,Mar-17,2007Q1,2,Street,Mid-Range,Phase-Out
Los Angeles,Spain,Jan-17,200S,0.0,EMEA,Feb-17,2007Q1,1,Street,Entry Level,Phase-Out
Los Angeles,Spain,Jan-17,300S,0.0,EMEA,Feb-17,2007Q1,1,Street,Mid-Range,Phase-Out
Los Angeles,Spain,Mar-17,200S,31.0,EMEA,,2007Q1,3,Street,Entry Level,Phase-Out
Los Angeles,Spain,Mar-17,300S,0.0,EMEA,,2007Q1,3,Street,Mid-Range,Phase-Out
Los Angeles,UK,Feb-17,200S,0.0,EMEA,Mar-17,2007Q1,2,Street,Entry Level,Phase-Out
Los Angeles,UK,Feb-17,300S,0.0,EMEA,Mar-17,2007Q1,2,Street,Mid-Range,Phase-Out
Los Angeles,UK,Jan-17,200S,0.0,EMEA,Feb-17,2007Q1,1,Street,Entry Level,Phase-Out
Los Angeles,UK,Jan-17,300S,0.0,EMEA,Feb-17,2007Q1,1,Street,Mid-Range,Phase-Out
Los Angeles,UK,Mar-17,200S,0.0,EMEA,,2007Q1,3,Street,Entry Level,Phase-Out
Los Angeles,UK,Mar-17,300S,0.0,EMEA,,2007Q1,3,Street,Mid-Range,Phase-Out
Los Angeles,US,Feb-17,200S,88.0,Americas,Mar-17,2007Q1,2,Street,Entry Level,Phase-Out
Los Angeles,US,Feb-17,300S,28.0,Americas,Mar-17,2007Q1,2,Street,Mid-Range,Phase-Out
Los Angeles,US,Jan-17,200S,0.0,Americas,Feb-17,2007Q1,1,Street,Entry Level,Phase-Out
Los Angeles,US,Jan-17,300S,0.0,Americas,Feb-17,2007Q1,1,Street,Mid-Range,Phase-Out
Los Angeles,US,Mar-17,200S,0.0,Americas,,2007Q1,3,Street,Entry Level,Phase-Out
Los Angeles,US,Mar-17,300S,0.0,Americas,,2007Q1,3,Street,Mid-Range,Phase-Out
Mexico,Argentina,Feb-17,200S,0.0,Americas,Mar-17,2007Q1,2,Street,Entry Level,Phase-Out
Mexico,Argentina,Feb-17,300S,0.0,Americas,Mar-17,2007Q1,2,Street,Mid-Range,Phase-Out
Mexico,Argentina,Jan-17,200S,0.0,Americas,Feb-17,2007Q1,1,Street,Entry Level,Phase-Out
Mexico,Argentina,Jan-17,300S,0.0,Americas,Feb-17,2007Q1,1,Street,Mid-Range,Phase-Out
Mexico,Argentina,Mar-17,200S,0.0,Americas,,2007Q1,3,Street,Entry Level,Phase-Out
Mexico,Argentina,Mar-17,300S,0.0,Americas,,2007Q1,3,Street,Mid-Range,Phase-Out
Mexico,Brazil,Feb-17,200S,26.0,Americas,Mar-17,2007Q1,2,Street,Entry Level,Phase-Out
Mexico,Brazil,Feb-17,300S,0.0,Americas,Mar-17,2007Q1,2,Street,Mid-Range,Phase-Out
Mexico,Brazil,Jan-17,200S,0.0,Americas,Feb-17,2007Q1,1,Street,Entry Level,Phase-Out
Mexico,Brazil,Jan-17,300S,0.0,Americas,Feb-17,2007Q1,1,Street,Mid-Range,Phase-Out
Mexico,Brazil,Mar-17,200S,0.0,Americas,,2007Q1,3,Street,Entry Level,Phase-Out
Mexico,Brazil,Mar-17,300S,0.0,Americas,,2007Q1,3,Street,Mid-Range,Phase-Out
Mexico,Canada,Feb-17,200S,27.0,Americas,Mar-17,2007Q1,2,Street,Entry Level,Phase-Out
Mexico,Canada,Feb-17,300S,0.0,Americas,Mar-17,2007Q1,2,Street,Mid-Range,Phase-Out
Mexico,Canada,Jan-17,200S,0.0,Americas,Feb-17,2007Q1,1,Street,Entry Level,Phase-Out
Mexico,Canada,Jan-17,300S,0.0,Americas,Feb-17,2007Q1,1,Street,Mid-Range,Phase-Out
Mexico,Canada,Mar-17,200S,53.0,Americas,,2007Q1,3,Street,Entry Level,Phase-Out
Mexico,Canada,Mar-17,300S,0.0,Americas,,2007Q1,3,Street,Mid-Range,Phase-Out
Mexico,China,Feb-17,200S,0.0,APAC,Mar-17,2007Q1,2,Street,Entry Level,Phase-Out
Mexico,China,Feb-17,300S,0.0,APAC,Mar-17,2007Q1,2,Street,Mid-Range,Phase-Out
Mexico,China,Jan-17,200S,0.0,APAC,Feb-17,2007Q1,1,Street,Entry Level,Phase-Out
Mexico,China,Jan-17,300S,0.0,APAC,Feb-17,2007Q1,1,Street,Mid-Range,Phase-Out
Mexico,China,Mar-17,200S,0.0,APAC,,2007Q1,3,Street,Entry Level,Phase-Out
Mexico,China,Mar-17,300S,0.0,APAC,,2007Q1,3,Street,Mid-Range,Phase-Out
Mexico,France,Feb-17,200S,0.0,EMEA,Mar-17,2007Q1,2,Street,Entry Level,Phase-Out
Mexico,France,Feb-17,300S,0.0,EMEA,Mar-17,2007Q1,2,Street,Mid-Range,Phase-Out
Mexico,France,Jan-17,200S,30.0,EMEA,Feb-17,2007Q1,1,Street,Entry Level,Phase-Out
Mexico,France,Jan-17,300S,0.0,EMEA,Feb-17,2007Q1,1,Street,Mid-Range,Phase-Out
Mexico,France,Mar-17,200S,0.0,EMEA,,2007Q1,3,Street,Entry Level,Phase-Out
Mexico,France,Mar-17,300S,0.0,EMEA,,2007Q1,3,Street,Mid-Range,Phase-Out
Mexico,Germany,Feb-17,200S,0.0,EMEA,Mar-17,2007Q1,2,Street,Entry Level,Phase-Out
Mexico,Germany,Feb-17,300S,0.0,EMEA,Mar-17,2007Q1,2,Street,Mid-Range,Phase-Out
Mexico,Germany,Jan-17,200S,0.0,EMEA,Feb-17,2007Q1,1,Street,Entry Level,Phase-Out
Mexico,Germany,Jan-17,300S,0.0,EMEA,Feb-17,2007Q1,1,Street,Mid-Range,Phase-Out
Mexico,Germany,Mar-17,200S,0.0,EMEA,,2007Q1,3,Street,Entry Level,Phase-Out
Mexico,Germany,Mar-17,300S,0.0,EMEA,,2007Q1,3,Street,Mid-Range,Phase-Out
Mexico,Italy,Feb-17,200S,0.0,EMEA,Mar-17,2007Q1,2,Street,Entry Level,Phase-Out
Mexico,Italy,Feb-17,300S,0.0,EMEA,Mar-17,2007Q1,2,Street,Mid-Range,Phase-Out
Mexico,Italy,Jan-17,200S,0.0,EMEA,Feb-17,2007Q1,1,Street,Entry Level,Phase-Out
Mexico,Italy,Jan-17,300S,0.0,EMEA,Feb-17,2007Q1,1,Street,Mid-Range,Phase-Out
Mexico,Italy,Mar-17,200S,0.0,EMEA,,2007Q1,3,Street,Entry Level,Phase-Out
Mexico,Italy,Mar-17,300S,0.0,EMEA,,2007Q1,3,Street,Mid-Range,Phase-Out
Mexico,Japan,Feb-17,200S,0.0,APAC,Mar-17,2007Q1,2,Street,Entry Level,Phase-Out
Mexico,Japan,Feb-17,300S,0.0,APAC,Mar-17,2007Q1,2,Street,Mid-Range,Phase-Out
Mexico,Japan,Jan-17,200S,0.0,APAC,Feb-17,2007Q1,1,Street,Entry Level,Phase-Out
Mexico,Japan,Jan-17,300S,0.0,APAC,Feb-17,2007Q1,1,Street,Mid-Range,Phase-Out
Mexico,Japan,Mar-17,200S,0.0,APAC,,2007Q1,3,Street,Entry Level,Phase-Out
Mexico,Japan,Mar-17,300S,0.0,APAC,,2007Q1,3,Street,Mid-Range,Phase-Out
Mexico,Spain,Feb-17,200S,0.0,EMEA,Mar-17,2007Q1,2,Street,Entry Level,Phase-Out
Mexico,Spain,Feb-17,300S,0.0,EMEA,Mar-17,2007Q1,2,Street,Mid-Range,Phase-Out
Mexico,Spain,Jan-17,200S,0.0,EMEA,Feb-17,2007Q1,1,Street,Entry Level,Phase-Out
Mexico,Spain,Jan-17,300S,0.0,EMEA,Feb-17,2007Q1,1,Street,Mid-Range,Phase-Out
Mexico,Spain,Mar-17,200S,0.0,EMEA,,2007Q1,3,Street,Entry Level,Phase-Out
Mexico,Spain,Mar-17,300S,0.0,EMEA,,2007Q1,3,Street,Mid-Range,Phase-Out
Mexico,UK,Feb-17,200S,0.0,EMEA,Mar-17,2007Q1,2,Street,Entry Level,Phase-Out
Mexico,UK,Feb-17,300S,0.0,EMEA,Mar-17,2007Q1,2,Street,Mid-Range,Phase-Out
Mexico,UK,Jan-17,200S,0.0,EMEA,Feb-17,2007Q1,1,Street,Entry Level,Phase-Out
Mexico,UK,Jan-17,300S,0.0,EMEA,Feb-17,2007Q1,1,Street,Mid-Range,Phase-Out
Mexico,UK,Mar-17,200S,0.0,EMEA,,2007Q1,3,Street,Entry Level,Phase-Out
Mexico,UK,Mar-17,300S,0.0,EMEA,,2007Q1,3,Street,Mid-Range,Phase-Out
Mexico,US,Feb-17,200S,0.0,Americas,Mar-17,2007Q1,2,Street,Entry Level,Phase-Out
Mexico,US,Feb-17,300S,0.0,Americas,Mar-17,2007Q1,2,Street,Mid-Range,Phase-Out
Mexico,US,Jan-17,200S,23.0,Americas,Feb-17,2007Q1,1,Street,Entry Level,Phase-Out
Mexico,US,Jan-17,300S,0.0,Americas,Feb-17,2007Q1,1,Street,Mid-Range,Phase-Out
Mexico,US,Mar-17,200S,0.0,Americas,,2007Q1,3,Street,Entry Level,Phase-Out
Mexico,US,Mar-17,300S,0.0,Americas,,2007Q1,3,Street,Mid-Range,Phase-Out
Shanghai,Argentina,Feb-17,200S,47.0,Americas,Mar-17,2007Q1,2,Street,Entry Level,Phase-Out
Shanghai,Argentina,Feb-17,300S,0.0,Americas,Mar-17,2007Q1,2,Street,Mid-Range,Phase-Out
Shanghai,Argentina,Jan-17,200S,0.0,Americas,Feb-17,2007Q1,1,Street,Entry Level,Phase-Out
Shanghai,Argentina,Jan-17,300S,0.0,Americas,Feb-17,2007Q1,1,Street,Mid-Range,Phase-Out
Shanghai,Argentina,Mar-17,200S,61.0,Americas,,2007Q1,3,Street,Entry Level,Phase-Out
Shanghai,Argentina,Mar-17,300S,0.0,Americas,,2007Q1,3,Street,Mid-Range,Phase-Out
Shanghai,Brazil,Feb-17,200S,62.0,Americas,Mar-17,2007Q1,2,Street,Entry Level,Phase-Out
Shanghai,Brazil,Feb-17,300S,0.0,Americas,Mar-17,2007Q1,2,Street,Mid-Range,Phase-Out
Shanghai,Brazil,Jan-17,200S,60.0,Americas,Feb-17,2007Q1,1,Street,Entry Level,Phase-Out
Shanghai,Brazil,Jan-17,300S,0.0,Americas,Feb-17,2007Q1,1,Street,Mid-Range,Phase-Out
Shanghai,Brazil,Mar-17,200S,0.0,Americas,,2007Q1,3,Street,Entry Level,Phase-Out
Shanghai,Brazil,Mar-17,300S,0.0,Americas,,2007Q1,3,Street,Mid-Range,Phase-Out
Shanghai,Canada,Feb-17,200S,0.0,Americas,Mar-17,2007Q1,2,Street,Entry Level,Phase-Out
Shanghai,Canada,Feb-17,300S,0.0,Americas,Mar-17,2007Q1,2,Street,Mid-Range,Phase-Out
Shanghai,Canada,Jan-17,200S,0.0,Americas,Feb-17,2007Q1,1,Street,Entry Level,Phase-Out
Shanghai,Canada,Jan-17,300S,0.0,Americas,Feb-17,2007Q1,1,Street,Mid-Range,Phase-Out
Shanghai,Canada,Mar-17,200S,0.0,Americas,,2007Q1,3,Street,Entry Level,Phase-Out
Shanghai,Canada,Mar-17,300S,0.0,Americas,,2007Q1,3,Street,Mid-Range,Phase-Out
Shanghai,China,Feb-17,200S,0.0,APAC,Mar-17,2007Q1,2,Street,Entry Level,Phase-Out
Shanghai,China,Feb-17,300S,0.0,APAC,Mar-17,2007Q1,2,Street,Mid-Range,Phase-Out
Shanghai,China,Jan-17,200S,0.0,APAC,Feb-17,2007Q1,1,Street,Entry Level,Phase-Out
Shanghai,China,Jan-17,300S,0.0,APAC,Feb-17,2007Q1,1,Street,Mid-Range,Phase-Out
Shanghai,China,Mar-17,200S,0.0,APAC,,2007Q1,3,Street,Entry Level,Phase-Out
Shanghai,China,Mar-17,300S,0.0,APAC,,2007Q1,3,Street,Mid-Range,Phase-Out
Shanghai,France,Feb-17,200S,0.0,EMEA,Mar-17,2007Q1,2,Street,Entry Level,Phase-Out
Shanghai,France,Feb-17,300S,0.0,EMEA,Mar-17,2007Q1,2,Street,Mid-Range,Phase-Out
Shanghai,France,Jan-17,200S,0.0,EMEA,Feb-17,2007Q1,1,Street,Entry Level,Phase-Out
Shanghai,France,Jan-17,300S,0.0,EMEA,Feb-17,2007Q1,1,Street,Mid-Range,Phase-Out
Shanghai,France,Mar-17,200S,0.0,EMEA,,2007Q1,3,Street,Entry Level,Phase-Out
Shanghai,France,Mar-17,300S,0.0,EMEA,,2007Q1,3,Street,Mid-Range,Phase-Out
Shanghai,Germany,Feb-17,200S,0.0,EMEA,Mar-17,2007Q1,2,Street,Entry Level,Phase-Out
Shanghai,Germany,Feb-17,300S,0.0,EMEA,Mar-17,2007Q1,2,Street,Mid-Range,Phase-Out
Shanghai,Germany,Jan-17,200S,0.0,EMEA,Feb-17,2007Q1,1,Street,Entry Level,Phase-Out
Shanghai,Germany,Jan-17,300S,0.0,EMEA,Feb-17,2007Q1,1,Street,Mid-Range,Phase-Out
Shanghai,Germany,Mar-17,200S,22.0,EMEA,,2007Q1,3,Street,Entry Level,Phase-Out
Shanghai,Germany,Mar-17,300S,0.0,EMEA,,2007Q1,3,Street,Mid-Range,Phase-Out
Shanghai,Italy,Feb-17,200S,0.0,EMEA,Mar-17,2007Q1,2,Street,Entry Level,Phase-Out
Shanghai,Italy,Feb-17,300S,0.0,EMEA,Mar-17,2007Q1,2,Street,Mid-Range,Phase-Out
Shanghai,Italy,Jan-17,200S,21.0,EMEA,Feb-17,2007Q1,1,Street,Entry Level,Phase-Out
Shanghai,Italy,Jan-17,300S,0.0,EMEA,Feb-17,2007Q1,1,Street,Mid-Range,Phase-Out
Shanghai,Italy,Mar-17,200S,0.0,EMEA,,2007Q1,3,Street,Entry Level,Phase-Out
Shanghai,Italy,Mar-17,300S,0.0,EMEA,,2007Q1,3,Street,Mid-Range,Phase-Out
Shanghai,Japan,Feb-17,200S,0.0,APAC,Mar-17,2007Q1,2,Street,Entry Level,Phase-Out
Shanghai,Japan,Feb-17,300S,0.0,APAC,Mar-17,2007Q1,2,Street,Mid-Range,Phase-Out
Shanghai,Japan,Jan-17,200S,0.0,APAC,Feb-17,2007Q1,1,Street,Entry Level,Phase-Out
Shanghai,Japan,Jan-17,300S,0.0,APAC,Feb-17,2007Q1,1,Street,Mid-Range,Phase-Out
Shanghai,Japan,Mar-17,200S,0.0,APAC,,2007Q1,3,Street,Entry Level,Phase-Out
Shanghai,Japan,Mar-17,300S,0.0,APAC,,2007Q1,3,Street,Mid-Range,Phase-Out
Shanghai,Spain,Feb-17,200S,0.0,EMEA,Mar-17,2007Q1,2,Street,Entry Level,Phase-Out
Shanghai,Spain,Feb-17,300S,0.0,EMEA,Mar-17,2007Q1,2,Street,Mid-Range,Phase-Out
Shanghai,Spain,Jan-17,200S,17.0,EMEA,Feb-17,2007Q1,1,Street,Entry Level,Phase-Out
Shanghai,Spain,Jan-17,300S,0.0,EMEA,Feb-17,2007Q1,1,Street,Mid-Range,Phase-Out
Shanghai,Spain,Mar-17,200S,0.0,EMEA,,2007Q1,3,Street,Entry Level,Phase-Out
Shanghai,Spain,Mar-17,300S,0.0,EMEA,,2007Q1,3,Street,Mid-Range,Phase-Out
Shanghai,UK,Feb-17,200S,20.0,EMEA,Mar-17,2007Q1,2,Street,Entry Level,Phase-Out
Shanghai,UK,Feb-17,300S,0.0,EMEA,Mar-17,2007Q1,2,Street,Mid-Range,Phase-Out
Shanghai,UK,Jan-17,200S,0.0,EMEA,Feb-17,2007Q1,1,Street,Entry Level,Phase-Out
Shanghai,UK,Jan-17,300S,0.0,EMEA,Feb-17,2007Q1,1,Street,Mid-Range,Phase-Out
Shanghai,UK,Mar-17,200S,0.0,EMEA,,2007Q1,3,Street,Entry Level,Phase-Out
Shanghai,UK,Mar-17,300S,0.0,EMEA,,2007Q1,3,Street,Mid-Range,Phase-Out
Shanghai,US,Feb-17,200S,0.0,Americas,Mar-17,2007Q1,2,Street,Entry Level,Phase-Out
Shanghai,US,Feb-17,300S,0.0,Americas,Mar-17,2007Q1,2,Street,Mid-Range,Phase-Out
Shanghai,US,Jan-17,200S,31.0,Americas,Feb-17,2007Q1,1,Street,Entry Level,Phase-Out
Shanghai,US,Jan-17,300S,0.0,Americas,Feb-17,2007Q1,1,Street,Mid-Range,Phase-Out
Shanghai,US,Mar-17,200S,46.0,Americas,,2007Q1,3,Street,Entry Level,Phase-Out
Shanghai,US,Mar-17,300S,0.0,Americas,,2007Q1,3,Street,Mid-Range,Phase-Out
Toledo,Argentina,Feb-17,200S,0.0,Americas,Mar-17,2007Q1,2,Street,Entry Level,Phase-Out
Toledo,Argentina,Feb-17,300S,0.0,Americas,Mar-17,2007Q1,2,Street,Mid-Range,Phase-Out
Toledo,Argentina,Jan-17,200S,0.0,Americas,Feb-17,2007Q1,1,Street,Entry Level,Phase-Out
Toledo,Argentina,Jan-17,300S,0.0,Americas,Feb-17,2007Q1,1,Street,Mid-Range,Phase-Out
Toledo,Argentina,Mar-17,200S,0.0,Americas,,2007Q1,3,Street,Entry Level,Phase-Out
Toledo,Argentina,Mar-17,300S,0.0,Americas,,2007Q1,3,Street,Mid-Range,Phase-Out
Toledo,Brazil,Feb-17,200S,0.0,Americas,Mar-17,2007Q1,2,Street,Entry Level,Phase-Out
Toledo,Brazil,Feb-17,300S,28.0,Americas,Mar-17,2007Q1,2,Street,Mid-Range,Phase-Out
Toledo,Brazil,Jan-17,200S,0.0,Americas,Feb-17,2007Q1,1,Street,Entry Level,Phase-Out
Toledo,Brazil,Jan-17,300S,0.0,Americas,Feb-17,2007Q1,1,Street,Mid-Range,Phase-Out
Toledo,Brazil,Mar-17,200S,0.0,Americas,,2007Q1,3,Street,Entry Level,Phase-Out
Toledo,Brazil,Mar-17,300S,55.0,Americas,,2007Q1,3,Street,Mid-Range,Phase-Out
Toledo,Canada,Feb-17,200S,0.0,Americas,Mar-17,2007Q1,2,Street,Entry Level,Phase-Out
Toledo,Canada,Feb-17,300S,0.0,Americas,Mar-17,2007Q1,2,Street,Mid-Range,Phase-Out
Toledo,Canada,Jan-17,200S,0.0,Americas,Feb-17,2007Q1,1,Street,Entry Level,Phase-Out
Toledo,Canada,Jan-17,300S,0.0,Americas,Feb-17,2007Q1,1,Street,Mid-Range,Phase-Out
Toledo,Canada,Mar-17,200S,0.0,Americas,,2007Q1,3,Street,Entry Level,Phase-Out
Toledo,Canada,Mar-17,300S,22.0,Americas,,2007Q1,3,Street,Mid-Range,Phase-Out
Toledo,China,Feb-17,200S,0.0,APAC,Mar-17,2007Q1,2,Street,Entry Level,Phase-Out
Toledo,China,Feb-17,300S,0.0,APAC,Mar-17,2007Q1,2,Street,Mid-Range,Phase-Out
Toledo,China,Jan-17,200S,0.0,APAC,Feb-17,2007Q1,1,Street,Entry Level,Phase-Out
Toledo,China,Jan-17,300S,0.0,APAC,Feb-17,2007Q1,1,Street,Mid-Range,Phase-Out
Toledo,China,Mar-17,200S,0.0,APAC,,2007Q1,3,Street,Entry Level,Phase-Out
Toledo,China,Mar-17,300S,0.0,APAC,,2007Q1,3,Street,Mid-Range,Phase-Out
Toledo,France,Feb-17,200S,0.0,EMEA,Mar-17,2007Q1,2,Street,Entry Level,Phase-Out
Toledo,France,Feb-17,300S,0.0,EMEA,Mar-17,2007Q1,2,Street,Mid-Range,Phase-Out
Toledo,France,Jan-17,200S,0.0,EMEA,Feb-17,2007Q1,1,Street,Entry Level,Phase-Out
Toledo,France,Jan-17,300S,0.0,EMEA,Feb-17,2007Q1,1,Street,Mid-Range,Phase-Out
Toledo,France,Mar-17,200S,0.0,EMEA,,2007Q1,3,Street,Entry Level,Phase-Out
Toledo,France,Mar-17,300S,0.0,EMEA,,2007Q1,3,Street,Mid-Range,Phase-Out
Toledo,Germany,Feb-17,200S,0.0,EMEA,Mar-17,2007Q1,2,Street,Entry Level,Phase-Out
Toledo,Germany,Feb-17,300S,45.0,EMEA,Mar-17,2007Q1,2,Street,Mid-Range,Phase-Out
Toledo,Germany,Jan-17,200S,0.0,EMEA,Feb-17,2007Q1,1,Street,Entry Level,Phase-Out
Toledo,Germany,Jan-17,300S,23.0,EMEA,Feb-17,2007Q1,1,Street,Mid-Range,Phase-Out
Toledo,Germany,Mar-17,200S,0.0,EMEA,,2007Q1,3,Street,Entry Level,Phase-Out
Toledo,Germany,Mar-17,300S,0.0,EMEA,,2007Q1,3,Street,Mid-Range,Phase-Out
Toledo,Italy,Feb-17,200S,0.0,EMEA,Mar-17,2007Q1,2,Street,Entry Level,Phase-Out
Toledo,Italy,Feb-17,300S,0.0,EMEA,Mar-17,2007Q1,2,Street,Mid-Range,Phase-Out
Toledo,Italy,Jan-17,200S,0.0,EMEA,Feb-17,2007Q1,1,Street,Entry Level,Phase-Out
Toledo,Italy,Jan-17,300S,0.0,EMEA,Feb-17,2007Q1,1,Street,Mid-Range,Phase-Out
Toledo,Italy,Mar-17,200S,0.0,EMEA,,2007Q1,3,Street,Entry Level,Phase-Out
Toledo,Italy,Mar-17,300S,6.0,EMEA,,2007Q1,3,Street,Mid-Range,Phase-Out
Toledo,Japan,Feb-17,200S,0.0,APAC,Mar-17,2007Q1,2,Street,Entry Level,Phase-Out
Toledo,Japan,Feb-17,300S,0.0,APAC,Mar-17,2007Q1,2,Street,Mid-Range,Phase-Out
Toledo,Japan,Jan-17,200S,0.0,APAC,Feb-17,2007Q1,1,Street,Entry Level,Phase-Out
Toledo,Japan,Jan-17,300S,0.0,APAC,Feb-17,2007Q1,1,Street,Mid-Range,Phase-Out
Toledo,Japan,Mar-17,200S,0.0,APAC,,2007Q1,3,Street,Entry Level,Phase-Out
Toledo,Japan,Mar-17,300S,12.0,APAC,,2007Q1,3,Street,Mid-Range,Phase-Out
Toledo,Spain,Feb-17,200S,0.0,EMEA,Mar-17,2007Q1,2,Street,Entry Level,Phase-Out
Toledo,Spain,Feb-17,300S,18.0,EMEA,Mar-17,2007Q1,2,Street,Mid-Range,Phase-Out
Toledo,Spain,Jan-17,200S,0.0,EMEA,Feb-17,2007Q1,1,Street,Entry Level,Phase-Out
Toledo,Spain,Jan-17,300S,13.0,EMEA,Feb-17,2007Q1,1,Street,Mid-Range,Phase-Out
Toledo,Spain,Mar-17,200S,0.0,EMEA,,2007Q1,3,Street,Entry Level,Phase-Out
Toledo,Spain,Mar-17,300S,4.0,EMEA,,2007Q1,3,Street,Mid-Range,Phase-Out
Toledo,UK,Feb-17,200S,42.0,EMEA,Mar-17,2007Q1,2,Street,Entry Level,Phase-Out
Toledo,UK,Feb-17,300S,30.0,EMEA,Mar-17,2007Q1,2,Street,Mid-Range,Phase-Out
Toledo,UK,Jan-17,200S,0.0,EMEA,Feb-17,2007Q1,1,Street,Entry Level,Phase-Out
Toledo,UK,Jan-17,300S,18.0,EMEA,Feb-17,2007Q1,1,Street,Mid-Range,Phase-Out
Toledo,UK,Mar-17,200S,0.0,EMEA,,2007Q1,3,Street,Entry Level,Phase-Out
Toledo,UK,Mar-17,300S,0.0,EMEA,,2007Q1,3,Street,Mid-Range,Phase-Out
Toledo,US,Feb-17,200S,0.0,Americas,Mar-17,2007Q1,2,Street,Entry Level,Phase-Out
Toledo,US,Feb-17,300S,0.0,Americas,Mar-17,2007Q1,2,Street,Mid-Range,Phase-Out
Toledo,US,Jan-17,200S,0.0,Americas,Feb-17,2007Q1,1,Street,Entry Level,Phase-Out
Toledo,US,Jan-17,300S,0.0,Americas,Feb-17,2007Q1,1,Street,Mid-Range,Phase-Out
Toledo,US,Mar-17,200S,25.0,Americas,,2007Q1,3,Street,Entry Level,Phase-Out
Toledo,US,Mar-17,300S,22.0,Americas,,2007Q1,3,Street,Mid-Range,Phase-Out
