id_of_Market,id_of_Month,id_of_Product,Executed sales decision,market Region,month Next Name,month Index,month Quarter,product Maturity,product Price Level,product Type
Argentina,Feb-17,200S,67.0,Americas,Mar-17,2,2007Q1,Phase-Out,Entry Level,Street
Argentina,Feb-17,300S,41.0,Americas,Mar-17,2,2007Q1,Phase-Out,Mid-Range,Street
Argentina,Jan-17,200S,64.0,Americas,Feb-17,1,2007Q1,Phase-Out,Entry Level,Street
Argentina,Jan-17,300S,46.0,Americas,Feb-17,1,2007Q1,Phase-Out,Mid-Range,Street
Argentina,Mar-17,200S,61.0,Americas,,3,2007Q1,Phase-Out,Entry Level,Street
Argentina,Mar-17,300S,44.0,Americas,,3,2007Q1,Phase-Out,Mid-Range,Street
Brazil,Feb-17,200S,88.0,Americas,Mar-17,2,2007Q1,Phase-Out,Entry Level,Street
Brazil,Feb-17,300S,58.0,Americas,Mar-17,2,2007Q1,Phase-Out,Mid-Range,Street
Brazil,Jan-17,200S,90.0,Americas,Feb-17,1,2007Q1,Phase-Out,Entry Level,Street
Brazil,Jan-17,300S,62.0,Americas,Feb-17,1,2007Q1,Phase-Out,Mid-Range,Street
Brazil,Mar-17,200S,90.0,Americas,,3,2007Q1,Phase-Out,Entry Level,Street
Brazil,Mar-17,300S,55.0,Americas,,3,2007Q1,Phase-Out,Mid-Range,Street
Canada,Feb-17,200S,96.0,Americas,Mar-17,2,2007Q1,Phase-Out,Entry Level,Street
Canada,Feb-17,300S,23.0,Americas,Mar-17,2,2007Q1,Phase-Out,Mid-Range,Street
Canada,Jan-17,200S,93.0,Americas,Feb-17,1,2007Q1,Phase-Out,Entry Level,Street
Canada,Jan-17,300S,20.0,Americas,Feb-17,1,2007Q1,Phase-Out,Mid-Range,Street
Canada,Mar-17,200S,97.0,Americas,,3,2007Q1,Phase-Out,Entry Level,Street
Canada,Mar-17,300S,22.0,Americas,,3,2007Q1,Phase-Out,Mid-Range,Street
China,Feb-17,200S,82.0,APAC,Mar-17,2,2007Q1,Phase-Out,Entry Level,Street
China,Feb-17,300S,37.0,APAC,Mar-17,2,2007Q1,Phase-Out,Mid-Range,Street
China,Jan-17,200S,87.0,APAC,Feb-17,1,2007Q1,Phase-Out,Entry Level,Street
China,Jan-17,300S,33.0,APAC,Feb-17,1,2007Q1,Phase-Out,Mid-Range,Street
China,Mar-17,200S,87.0,APAC,,3,2007Q1,Phase-Out,Entry Level,Street
China,Mar-17,300S,29.0,APAC,,3,2007Q1,Phase-Out,Mid-Range,Street
France,Feb-17,200S,79.0,EMEA,Mar-17,2,2007Q1,Phase-Out,Entry Level,Street
France,Feb-17,300S,108.0,EMEA,Mar-17,2,2007Q1,Phase-Out,Mid-Range,Street
France,Jan-17,200S,83.0,EMEA,Feb-17,1,2007Q1,Phase-Out,Entry Level,Street
France,Jan-17,300S,108.0,EMEA,Feb-17,1,2007Q1,Phase-Out,Mid-Range,Street
France,Mar-17,200S,75.0,EMEA,,3,2007Q1,Phase-Out,Entry Level,Street
France,Mar-17,300S,105.0,EMEA,,3,2007Q1,Phase-Out,Mid-Range,Street
Germany,Feb-17,200S,30.0,EMEA,Mar-17,2,2007Q1,Phase-Out,Entry Level,Street
Germany,Feb-17,300S,45.0,EMEA,Mar-17,2,2007Q1,Phase-Out,Mid-Range,Street
Germany,Jan-17,200S,22.0,EMEA,Feb-17,1,2007Q1,Phase-Out,Entry Level,Street
Germany,Jan-17,300S,36.0,EMEA,Feb-17,1,2007Q1,Phase-Out,Mid-Range,Street
Germany,Mar-17,200S,22.0,EMEA,,3,2007Q1,Phase-Out,Entry Level,Street
Germany,Mar-17,300S,44.0,EMEA,,3,2007Q1,Phase-Out,Mid-Range,Street
Italy,Feb-17,200S,34.0,EMEA,Mar-17,2,2007Q1,Phase-Out,Entry Level,Street
Italy,Feb-17,300S,9.0,EMEA,Mar-17,2,2007Q1,Phase-Out,Mid-Range,Street
Italy,Jan-17,200S,32.0,EMEA,Feb-17,1,2007Q1,Phase-Out,Entry Level,Street
Italy,Jan-17,300S,7.0,EMEA,Feb-17,1,2007Q1,Phase-Out,Mid-Range,Street
Italy,Mar-17,200S,36.0,EMEA,,3,2007Q1,Phase-Out,Entry Level,Street
Italy,Mar-17,300S,6.0,EMEA,,3,2007Q1,Phase-Out,Mid-Range,Street
Japan,Feb-17,200S,63.0,APAC,Mar-17,2,2007Q1,Phase-Out,Entry Level,Street
Japan,Feb-17,300S,7.0,APAC,Mar-17,2,2007Q1,Phase-Out,Mid-Range,Street
Japan,Jan-17,200S,64.0,APAC,Feb-17,1,2007Q1,Phase-Out,Entry Level,Street
Japan,Jan-17,300S,11.0,APAC,Feb-17,1,2007Q1,Phase-Out,Mid-Range,Street
Japan,Mar-17,200S,58.0,APAC,,3,2007Q1,Phase-Out,Entry Level,Street
Japan,Mar-17,300S,12.0,APAC,,3,2007Q1,Phase-Out,Mid-Range,Street
Spain,Feb-17,200S,65.0,EMEA,Mar-17,2,2007Q1,Phase-Out,Entry Level,Street
Spain,Feb-17,300S,18.0,EMEA,Mar-17,2,2007Q1,Phase-Out,Mid-Range,Street
Spain,Jan-17,200S,68.0,EMEA,Feb-17,1,2007Q1,Phase-Out,Entry Level,Street
Spain,Jan-17,300S,20.0,EMEA,Feb-17,1,2007Q1,Phase-Out,Mid-Range,Street
Spain,Mar-17,200S,59.0,EMEA,,3,2007Q1,Phase-Out,Entry Level,Street
Spain,Mar-17,300S,23.0,EMEA,,3,2007Q1,Phase-Out,Mid-Range,Street
UK,Feb-17,200S,73.0,EMEA,Mar-17,2,2007Q1,Phase-Out,Entry Level,Street
UK,Feb-17,300S,30.0,EMEA,Mar-17,2,2007Q1,Phase-Out,Mid-Range,Street
UK,Jan-17,200S,72.0,EMEA,Feb-17,1,2007Q1,Phase-Out,Entry Level,Street
UK,Jan-17,300S,27.0,EMEA,Feb-17,1,2007Q1,Phase-Out,Mid-Range,Street
UK,Mar-17,200S,71.0,EMEA,,3,2007Q1,Phase-Out,Entry Level,Street
UK,Mar-17,300S,30.0,EMEA,,3,2007Q1,Phase-Out,Mid-Range,Street
US,Feb-17,200S,88.0,Americas,Mar-17,2,2007Q1,Phase-Out,Entry Level,Street
US,Feb-17,300S,28.0,Americas,Mar-17,2,2007Q1,Phase-Out,Mid-Range,Street
US,Jan-17,200S,81.0,Americas,Feb-17,1,2007Q1,Phase-Out,Entry Level,Street
US,Jan-17,300S,28.0,Americas,Feb-17,1,2007Q1,Phase-Out,Mid-Range,Street
US,Mar-17,200S,81.0,Americas,,3,2007Q1,Phase-Out,Entry Level,Street
US,Mar-17,300S,22.0,Americas,,3,2007Q1,Phase-Out,Mid-Range,Street
