id_of_Market,id_of_Month,id_of_Product,markets inventory decision,market Region,month Next Name,month Index,month Quarter,product Maturity,product Price Level,product Type
Argentina,Feb-17,200S,0.0,Americas,Mar-17,2,2007Q1,Phase-Out,Entry Level,Street
Argentina,Feb-17,300S,17.0,Americas,Mar-17,2,2007Q1,Phase-Out,Mid-Range,Street
Argentina,Jan-17,200S,21.0,Americas,Feb-17,1,2007Q1,Phase-Out,Entry Level,Street
Argentina,Jan-17,300S,15.0,Americas,Feb-17,1,2007Q1,Phase-Out,Mid-Range,Street
Argentina,Mar-17,200S,0.0,Americas,,3,2007Q1,Phase-Out,Entry Level,Street
Argentina,Mar-17,300S,0.0,Americas,,3,2007Q1,Phase-Out,Mid-Range,Street
Brazil,Feb-17,200S,0.0,Americas,Mar-17,2,2007Q1,Phase-Out,Entry Level,Street
Brazil,Feb-17,300S,0.0,Americas,Mar-17,2,2007Q1,Phase-Out,Mid-Range,Street
Brazil,Jan-17,200S,30.0,Americas,Feb-17,1,2007Q1,Phase-Out,Entry Level,Street
Brazil,Jan-17,300S,21.0,Americas,Feb-17,1,2007Q1,Phase-Out,Mid-Range,Street
Brazil,Mar-17,200S,0.0,Americas,,3,2007Q1,Phase-Out,Entry Level,Street
Brazil,Mar-17,300S,0.0,Americas,,3,2007Q1,Phase-Out,Mid-Range,Street
Canada,Feb-17,200S,28.0,Americas,Mar-17,2,2007Q1,Phase-Out,Entry Level,Street
Canada,Feb-17,300S,13.0,Americas,Mar-17,2,2007Q1,Phase-Out,Mid-Range,Street
Canada,Jan-17,200S,31.0,Americas,Feb-17,1,2007Q1,Phase-Out,Entry Level,Street
Canada,Jan-17,300S,7.0,Americas,Feb-17,1,2007Q1,Phase-Out,Mid-Range,Street
Canada,Mar-17,200S,0.0,Americas,,3,2007Q1,Phase-Out,Entry Level,Street
Canada,Mar-17,300S,0.0,Americas,,3,2007Q1,Phase-Out,Mid-Range,Street
China,Feb-17,200S,0.0,APAC,Mar-17,2,2007Q1,Phase-Out,Entry Level,Street
China,Feb-17,300S,0.0,APAC,Mar-17,2,2007Q1,Phase-Out,Mid-Range,Street
China,Jan-17,200S,29.0,APAC,Feb-17,1,2007Q1,Phase-Out,Entry Level,Street
China,Jan-17,300S,11.0,APAC,Feb-17,1,2007Q1,Phase-Out,Mid-Range,Street
China,Mar-17,200S,0.0,APAC,,3,2007Q1,Phase-Out,Entry Level,Street
China,Mar-17,300S,0.0,APAC,,3,2007Q1,Phase-Out,Mid-Range,Street
France,Feb-17,200S,0.0,EMEA,Mar-17,2,2007Q1,Phase-Out,Entry Level,Street
France,Feb-17,300S,0.0,EMEA,Mar-17,2,2007Q1,Phase-Out,Mid-Range,Street
France,Jan-17,200S,28.0,EMEA,Feb-17,1,2007Q1,Phase-Out,Entry Level,Street
France,Jan-17,300S,36.0,EMEA,Feb-17,1,2007Q1,Phase-Out,Mid-Range,Street
France,Mar-17,200S,0.0,EMEA,,3,2007Q1,Phase-Out,Entry Level,Street
France,Mar-17,300S,0.0,EMEA,,3,2007Q1,Phase-Out,Mid-Range,Street
Germany,Feb-17,200S,0.0,EMEA,Mar-17,2,2007Q1,Phase-Out,Entry Level,Street
Germany,Feb-17,300S,0.0,EMEA,Mar-17,2,2007Q1,Phase-Out,Mid-Range,Street
Germany,Jan-17,200S,7.0,EMEA,Feb-17,1,2007Q1,Phase-Out,Entry Level,Street
Germany,Jan-17,300S,12.0,EMEA,Feb-17,1,2007Q1,Phase-Out,Mid-Range,Street
Germany,Mar-17,200S,0.0,EMEA,,3,2007Q1,Phase-Out,Entry Level,Street
Germany,Mar-17,300S,0.0,EMEA,,3,2007Q1,Phase-Out,Mid-Range,Street
Italy,Feb-17,200S,0.0,EMEA,Mar-17,2,2007Q1,Phase-Out,Entry Level,Street
Italy,Feb-17,300S,0.0,EMEA,Mar-17,2,2007Q1,Phase-Out,Mid-Range,Street
Italy,Jan-17,200S,11.0,EMEA,Feb-17,1,2007Q1,Phase-Out,Entry Level,Street
Italy,Jan-17,300S,2.0,EMEA,Feb-17,1,2007Q1,Phase-Out,Mid-Range,Street
Italy,Mar-17,200S,0.0,EMEA,,3,2007Q1,Phase-Out,Entry Level,Street
Italy,Mar-17,300S,0.0,EMEA,,3,2007Q1,Phase-Out,Mid-Range,Street
Japan,Feb-17,200S,46.0,APAC,Mar-17,2,2007Q1,Phase-Out,Entry Level,Street
Japan,Feb-17,300S,6.0,APAC,Mar-17,2,2007Q1,Phase-Out,Mid-Range,Street
Japan,Jan-17,200S,21.0,APAC,Feb-17,1,2007Q1,Phase-Out,Entry Level,Street
Japan,Jan-17,300S,4.0,APAC,Feb-17,1,2007Q1,Phase-Out,Mid-Range,Street
Japan,Mar-17,200S,0.0,APAC,,3,2007Q1,Phase-Out,Entry Level,Street
Japan,Mar-17,300S,0.0,APAC,,3,2007Q1,Phase-Out,Mid-Range,Street
Spain,Feb-17,200S,0.0,EMEA,Mar-17,2,2007Q1,Phase-Out,Entry Level,Street
Spain,Feb-17,300S,0.0,EMEA,Mar-17,2,2007Q1,Phase-Out,Mid-Range,Street
Spain,Jan-17,200S,23.0,EMEA,Feb-17,1,2007Q1,Phase-Out,Entry Level,Street
Spain,Jan-17,300S,7.0,EMEA,Feb-17,1,2007Q1,Phase-Out,Mid-Range,Street
Spain,Mar-17,200S,0.0,EMEA,,3,2007Q1,Phase-Out,Entry Level,Street
Spain,Mar-17,300S,0.0,EMEA,,3,2007Q1,Phase-Out,Mid-Range,Street
UK,Feb-17,200S,0.0,EMEA,Mar-17,2,2007Q1,Phase-Out,Entry Level,Street
UK,Feb-17,300S,0.0,EMEA,Mar-17,2,2007Q1,Phase-Out,Mid-Range,Street
UK,Jan-17,200S,24.0,EMEA,Feb-17,1,2007Q1,Phase-Out,Entry Level,Street
UK,Jan-17,300S,9.0,EMEA,Feb-17,1,2007Q1,Phase-Out,Mid-Range,Street
UK,Mar-17,200S,0.0,EMEA,,3,2007Q1,Phase-Out,Entry Level,Street
UK,Mar-17,300S,0.0,EMEA,,3,2007Q1,Phase-Out,Mid-Range,Street
US,Feb-17,200S,0.0,Americas,Mar-17,2,2007Q1,Phase-Out,Entry Level,Street
US,Feb-17,300S,0.0,Americas,Mar-17,2,2007Q1,Phase-Out,Mid-Range,Street
US,Jan-17,200S,27.0,Americas,Feb-17,1,2007Q1,Phase-Out,Entry Level,Street
US,Jan-17,300S,9.0,Americas,Feb-17,1,2007Q1,Phase-Out,Mid-Range,Street
US,Mar-17,200S,0.0,Americas,,3,2007Q1,Phase-Out,Entry Level,Street
US,Mar-17,300S,0.0,Americas,,3,2007Q1,Phase-Out,Mid-Range,Street
