plant,month,product,Production decision,month Next,month Quarter,month Index,product Type,product Price Level,product Maturity
Bucarest,Feb-17,200S,71.0,Mar-17,2007Q1,2,Street,Entry Level,Phase-Out
Bucarest,Feb-17,300S,84.0,Mar-17,2007Q1,2,Street,Mid-Range,Phase-Out
Bucarest,Jan-17,200S,0.0,Feb-17,2007Q1,1,Street,Entry Level,Phase-Out
Bucarest,Jan-17,300S,84.0,Feb-17,2007Q1,1,Street,Mid-Range,Phase-Out
Bucarest,Mar-17,200S,134.0,,2007Q1,3,Street,Entry Level,Phase-Out
Bucarest,Mar-17,300S,84.0,,2007Q1,3,Street,Mid-Range,Phase-Out
Dallas,Feb-17,200S,76.0,Mar-17,2007Q1,2,Street,Entry Level,Phase-Out
Dallas,Feb-17,300S,0.0,Mar-17,2007Q1,2,Street,Mid-Range,Phase-Out
Dallas,Jan-17,200S,76.0,Feb-17,2007Q1,1,Street,Entry Level,Phase-Out
Dallas,Jan-17,300S,0.0,Feb-17,2007Q1,1,Street,Mid-Range,Phase-Out
Dallas,Mar-17,200S,76.0,,2007Q1,3,Street,Entry Level,Phase-Out
Dallas,Mar-17,300S,24.0,,2007Q1,3,Street,Mid-Range,Phase-Out
Houston,Feb-17,200S,231.0,Mar-17,2007Q1,2,Street,Entry Level,Phase-Out
Houston,Feb-17,300S,102.0,Mar-17,2007Q1,2,Street,Mid-Range,Phase-Out
Houston,Jan-17,200S,231.0,Feb-17,2007Q1,1,Street,Entry Level,Phase-Out
Houston,Jan-17,300S,102.0,Feb-17,2007Q1,1,Street,Mid-Range,Phase-Out
Houston,Mar-17,200S,231.0,,2007Q1,3,Street,Entry Level,Phase-Out
Houston,Mar-17,300S,102.0,,2007Q1,3,Street,Mid-Range,Phase-Out
Los Angeles,Feb-17,200S,89.0,Mar-17,2007Q1,2,Street,Entry Level,Phase-Out
Los Angeles,Feb-17,300S,61.0,Mar-17,2007Q1,2,Street,Mid-Range,Phase-Out
Los Angeles,Jan-17,200S,89.0,Feb-17,2007Q1,1,Street,Entry Level,Phase-Out
Los Angeles,Jan-17,300S,61.0,Feb-17,2007Q1,1,Street,Mid-Range,Phase-Out
Los Angeles,Mar-17,200S,89.0,,2007Q1,3,Street,Entry Level,Phase-Out
Los Angeles,Mar-17,300S,61.0,,2007Q1,3,Street,Mid-Range,Phase-Out
Mexico,Feb-17,200S,53.0,Mar-17,2007Q1,2,Street,Entry Level,Phase-Out
Mexico,Feb-17,300S,0.0,Mar-17,2007Q1,2,Street,Mid-Range,Phase-Out
Mexico,Jan-17,200S,53.0,Feb-17,2007Q1,1,Street,Entry Level,Phase-Out
Mexico,Jan-17,300S,0.0,Feb-17,2007Q1,1,Street,Mid-Range,Phase-Out
Mexico,Mar-17,200S,53.0,,2007Q1,3,Street,Entry Level,Phase-Out
Mexico,Mar-17,300S,0.0,,2007Q1,3,Street,Mid-Range,Phase-Out
Shanghai,Feb-17,200S,129.0,Mar-17,2007Q1,2,Street,Entry Level,Phase-Out
Shanghai,Feb-17,300S,0.0,Mar-17,2007Q1,2,Street,Mid-Range,Phase-Out
Shanghai,Jan-17,200S,129.0,Feb-17,2007Q1,1,Street,Entry Level,Phase-Out
Shanghai,Jan-17,300S,0.0,Feb-17,2007Q1,1,Street,Mid-Range,Phase-Out
Shanghai,Mar-17,200S,129.0,,2007Q1,3,Street,Entry Level,Phase-Out
Shanghai,Mar-17,300S,0.0,,2007Q1,3,Street,Mid-Range,Phase-Out
Toledo,Feb-17,200S,42.0,Mar-17,2007Q1,2,Street,Entry Level,Phase-Out
Toledo,Feb-17,300S,121.0,Mar-17,2007Q1,2,Street,Mid-Range,Phase-Out
Toledo,Jan-17,200S,0.0,Feb-17,2007Q1,1,Street,Entry Level,Phase-Out
Toledo,Jan-17,300S,54.0,Feb-17,2007Q1,1,Street,Mid-Range,Phase-Out
Toledo,Mar-17,200S,25.0,,2007Q1,3,Street,Entry Level,Phase-Out
Toledo,Mar-17,300S,121.0,,2007Q1,3,Street,Mid-Range,Phase-Out
