id_of_Plant,id_of_Month,id_of_Product,Production decision,month Next Name,month Index,month Quarter,product Maturity,product Price Level,product Type
Bucarest,Feb-17,200S,71.0,Mar-17,2,2007Q1,Phase-Out,Entry Level,Street
Bucarest,Feb-17,300S,84.0,Mar-17,2,2007Q1,Phase-Out,Mid-Range,Street
Bucarest,Jan-17,200S,0.0,Feb-17,1,2007Q1,Phase-Out,Entry Level,Street
Bucarest,Jan-17,300S,84.0,Feb-17,1,2007Q1,Phase-Out,Mid-Range,Street
Bucarest,Mar-17,200S,134.0,,3,2007Q1,Phase-Out,Entry Level,Street
Bucarest,Mar-17,300S,84.0,,3,2007Q1,Phase-Out,Mid-Range,Street
Dallas,Feb-17,200S,76.0,Mar-17,2,2007Q1,Phase-Out,Entry Level,Street
Dallas,Feb-17,300S,0.0,Mar-17,2,2007Q1,Phase-Out,Mid-Range,Street
Dallas,Jan-17,200S,76.0,Feb-17,1,2007Q1,Phase-Out,Entry Level,Street
Dallas,Jan-17,300S,0.0,Feb-17,1,2007Q1,Phase-Out,Mid-Range,Street
Dallas,Mar-17,200S,76.0,,3,2007Q1,Phase-Out,Entry Level,Street
Dallas,Mar-17,300S,24.0,,3,2007Q1,Phase-Out,Mid-Range,Street
Houston,Feb-17,200S,231.0,Mar-17,2,2007Q1,Phase-Out,Entry Level,Street
Houston,Feb-17,300S,102.0,Mar-17,2,2007Q1,Phase-Out,Mid-Range,Street
Houston,Jan-17,200S,231.0,Feb-17,1,2007Q1,Phase-Out,Entry Level,Street
Houston,Jan-17,300S,102.0,Feb-17,1,2007Q1,Phase-Out,Mid-Range,Street
Houston,Mar-17,200S,231.0,,3,2007Q1,Phase-Out,Entry Level,Street
Houston,Mar-17,300S,102.0,,3,2007Q1,Phase-Out,Mid-Range,Street
Los Angeles,Feb-17,200S,89.0,Mar-17,2,2007Q1,Phase-Out,Entry Level,Street
Los Angeles,Feb-17,300S,61.0,Mar-17,2,2007Q1,Phase-Out,Mid-Range,Street
Los Angeles,Jan-17,200S,89.0,Feb-17,1,2007Q1,Phase-Out,Entry Level,Street
Los Angeles,Jan-17,300S,61.0,Feb-17,1,2007Q1,Phase-Out,Mid-Range,Street
Los Angeles,Mar-17,200S,89.0,,3,2007Q1,Phase-Out,Entry Level,Street
Los Angeles,Mar-17,300S,61.0,,3,2007Q1,Phase-Out,Mid-Range,Street
Mexico,Feb-17,200S,53.0,Mar-17,2,2007Q1,Phase-Out,Entry Level,Street
Mexico,Feb-17,300S,0.0,Mar-17,2,2007Q1,Phase-Out,Mid-Range,Street
Mexico,Jan-17,200S,53.0,Feb-17,1,2007Q1,Phase-Out,Entry Level,Street
Mexico,Jan-17,300S,0.0,Feb-17,1,2007Q1,Phase-Out,Mid-Range,Street
Mexico,Mar-17,200S,53.0,,3,2007Q1,Phase-Out,Entry Level,Street
Mexico,Mar-17,300S,0.0,,3,2007Q1,Phase-Out,Mid-Range,Street
Shanghai,Feb-17,200S,129.0,Mar-17,2,2007Q1,Phase-Out,Entry Level,Street
Shanghai,Feb-17,300S,0.0,Mar-17,2,2007Q1,Phase-Out,Mid-Range,Street
Shanghai,Jan-17,200S,129.0,Feb-17,1,2007Q1,Phase-Out,Entry Level,Street
Shanghai,Jan-17,300S,0.0,Feb-17,1,2007Q1,Phase-Out,Mid-Range,Street
Shanghai,Mar-17,200S,129.0,,3,2007Q1,Phase-Out,Entry Level,Street
Shanghai,Mar-17,300S,0.0,,3,2007Q1,Phase-Out,Mid-Range,Street
Toledo,Feb-17,200S,42.0,Mar-17,2,2007Q1,Phase-Out,Entry Level,Street
Toledo,Feb-17,300S,121.0,Mar-17,2,2007Q1,Phase-Out,Mid-Range,Street
Toledo,Jan-17,200S,0.0,Feb-17,1,2007Q1,Phase-Out,Entry Level,Street
Toledo,Jan-17,300S,54.0,Feb-17,1,2007Q1,Phase-Out,Mid-Range,Street
Toledo,Mar-17,200S,25.0,,3,2007Q1,Phase-Out,Entry Level,Street
Toledo,Mar-17,300S,121.0,,3,2007Q1,Phase-Out,Mid-Range,Street
