{"creationTime":1622215727265,"lastModificationTime":1622215752049,"state":"TERMINATED","solveConfig":{"containerId":"Scenario 1","solveParameters":{},"setupWebHook":{"verb":"GET","url":"https://api.dataplatform.cloud.ibm.com/v1/cognitive/solve/preprocess/Scenario%201?projectId=5bd7da6b-09da-4521-be71-3c7a69f90b61&parentId=SupplyDemandPlanning","expectedStatus":200,"headers":{}},"tearDownWebHook":{"verb":"GET","url":"https://api.dataplatform.cloud.ibm.com/v1/cognitive/solve/postprocess/Scenario%201?projectId=5bd7da6b-09da-4521-be71-3c7a69f90b61&parentId=SupplyDemandPlanning","expectedStatus":200,"headers":{}}},"jobDetails":{"id":"a959c60c-a8a5-43d7-9760-d18eb93cf088","createdAt":1622215736609,"startedAt":1622215737589,"endedAt":1622215741833,"submittedAt":1622215736609,"details":{"KPI.market sales":"3452.0","KPI.overall production cost based on plant_product_cost":"323091.5","KPI.sales profit based on marginal_profit":"2644191.0","KPI.total inventory at markets":"495.0","MODEL_DETAIL_BOOLEAN_VARS":"0","MODEL_DETAIL_CONSTRAINTS":"10882","MODEL_DETAIL_CONTINUOUS_VARS":"678","MODEL_DETAIL_INTEGER_VARS":"0","MODEL_DETAIL_KPIS":"[\"sales profit based on marginal_profit\", \"overall production cost based on plant_product_cost\", \"market sales\", \"total inventory at markets\"]","MODEL_DETAIL_NONZEROS":"12892","MODEL_DETAIL_OBJECTIVE_SENSE":"minimize","MODEL_DETAIL_TYPE":"LP","PROGRESS_CURRENT_OBJECTIVE":"-37184904.0","PROGRESS_CURRENT_OBJECTIVE.history":"[[1622215740.18, -37184904.0]]","STAT.cplex.modelType":"LP","STAT.cplex.size.booleanVariables":"0","STAT.cplex.size.constraints":"10882","STAT.cplex.size.continousVariables":"678","STAT.cplex.size.integerVariables":"0","STAT.cplex.size.linearConstraints":"10882","STAT.cplex.size.quadraticConstraints":"0","STAT.cplex.size.variables":"678","STAT.job.coresCount":"1","STAT.job.inputsReadMs":"657","STAT.job.memoryPeakKB":"117300","STAT.job.modelProcessingMs":"2150","STAT.job.outputsWriteMs":"1327"},"executionStatus":"PROCESSED","solveStatus":"OPTIMAL_SOLUTION","logTail":["[2021-05-28T15:28:58Z, WARNING] Support for Python 3.7 is now enabled and used as the default.","[2021-05-28T15:28:58Z, INFO] * building wado model","[2021-05-28T15:29:00Z, INFO] model building done in 1.6496479511260986 secs","[2021-05-28T15:29:00Z, INFO] * running wado model","[2021-05-28T15:29:00Z, INFO] Warning: Model: \"docplex_model1\" is not a MIP problem, progress listeners are disabled","[2021-05-28T15:29:00Z, INFO] WARNING: Number of workers has been reduced to 1 to comply with platform limitations.","[2021-05-28T15:29:00Z, INFO] Version identifier: 20.1.0.0 | 2020-11-10 | 9bedb6d68","[2021-05-28T15:29:00Z, INFO] CPXPARAM_Read_DataCheck                          1","[2021-05-28T15:29:00Z, INFO] CPXPARAM_Threads                                 1","[2021-05-28T15:29:00Z, INFO] CPXPARAM_TimeLimit                               120","[2021-05-28T15:29:00Z, INFO] Tried aggregator 1 time.","[2021-05-28T15:29:00Z, INFO] LP Presolve eliminated 10714 rows and 64 columns.","[2021-05-28T15:29:00Z, INFO] Reduced LP has 168 rows, 614 columns, and 1540 nonzeros.","[2021-05-28T15:29:00Z, INFO] Presolve time = 0.01 sec. (3.31 ticks)","[2021-05-28T15:29:00Z, INFO] Initializing dual steep norms . . .","[2021-05-28T15:29:00Z, INFO] ","[2021-05-28T15:29:00Z, INFO] Iteration log . . .","[2021-05-28T15:29:00Z, INFO] Iteration:     1   Dual objective     =     -42344336.000000","[2021-05-28T15:29:00Z, INFO] Iteration:    62   Dual objective     =     -37186392.000000","[2021-05-28T15:29:00Z, INFO] Solve status: JobSolveStatus.OPTIMAL_SOLUTION","[2021-05-28T15:29:00Z, INFO] * model docplex_model1 solved with objective = -37184904.000","[2021-05-28T15:29:00Z, INFO] *  KPI: sales profit based on marginal_profit               = 2644191.000","[2021-05-28T15:29:00Z, INFO] *  KPI: overall production cost based on plant_product_cost = 323091.500","[2021-05-28T15:29:00Z, INFO] *  KPI: market sales                                        = 3452.000","[2021-05-28T15:29:00Z, INFO] *  KPI: total inventory at markets                          = 495.000","[2021-05-28T15:29:00Z, INFO] model solve done in 0.14246225357055664 secs","[2021-05-28T15:29:00Z, INFO] solution export done in 0.11076784133911133 secs","[2021-05-28T15:29:00Z, INFO] delivery.csv","[2021-05-28T15:29:00Z, INFO] marketInventory.csv","[2021-05-28T15:29:00Z, INFO] production.csv","[2021-05-28T15:29:00Z, INFO] plantInventory.csv","[2021-05-28T15:29:00Z, INFO] executedSales.csv"]},"runtimeDetails":{"state":"STARTED"},"taskSetupMillis":8548,"taskSolveMillis":7722,"taskTearDownMillis":6449,"jobSpaceId":"cf8149be-2496-4afc-b3cc-e5aea64024d2","jobId":"a959c60c-a8a5-43d7-9760-d18eb93cf088","ping":1622215728347}