{"creationTime":1631872511779,"lastModificationTime":1631872527211,"state":"TERMINATED","solveConfig":{"containerId":"Scenario 1","solveParameters":{"oaas.docplex.python":"3.8"},"setupWebHook":{"verb":"GET","url":"https://api.dataplatform.test.cloud.ibm.com/v1/cognitive/solve/preprocess/Scenario%201?projectId=70bbbef1-6895-44ef-8d90-70201f1f4f3a&parentId=SupplyDemandPlanning","expectedStatus":200,"headers":{}},"tearDownWebHook":{"verb":"GET","url":"https://api.dataplatform.test.cloud.ibm.com/v1/cognitive/solve/postprocess/Scenario%201?projectId=70bbbef1-6895-44ef-8d90-70201f1f4f3a&parentId=SupplyDemandPlanning","expectedStatus":200,"headers":{}}},"jobDetails":{"id":"4d7abc4d-5061-49e6-a2ed-b919b2299a7c","createdAt":1631872516781,"startedAt":1631872517552,"endedAt":1631872520727,"submittedAt":1631872516781,"details":{"KPI.market sales":"3452.0","KPI.overall production cost based on plant_product_cost":"323091.5","KPI.sales profit based on marginal_profit":"2644191.0","KPI.total inventory at markets":"495.0","MODEL_DETAIL_BOOLEAN_VARS":"0","MODEL_DETAIL_CONSTRAINTS":"1828","MODEL_DETAIL_CONTINUOUS_VARS":"678","MODEL_DETAIL_INTEGER_VARS":"0","MODEL_DETAIL_KPIS":"[\"sales profit based on marginal_profit\", \"overall production cost based on plant_product_cost\", \"market sales\", \"total inventory at markets\"]","MODEL_DETAIL_NONZEROS":"3838","MODEL_DETAIL_OBJECTIVE_SENSE":"minimize","MODEL_DETAIL_TYPE":"LP","PROGRESS_CURRENT_OBJECTIVE":"-37184904.0","PROGRESS_CURRENT_OBJECTIVE.history":"[[1631872519.44, -37184904.0]]","STAT.cplex.modelType":"LP","STAT.cplex.size.booleanVariables":"0","STAT.cplex.size.constraints":"1828","STAT.cplex.size.continousVariables":"678","STAT.cplex.size.integerVariables":"0","STAT.cplex.size.linearConstraints":"1828","STAT.cplex.size.quadraticConstraints":"0","STAT.cplex.size.variables":"678","STAT.job.coresCount":"1","STAT.job.inputsReadMs":"396","STAT.job.memoryPeakKB":"100304","STAT.job.modelProcessingMs":"1610","STAT.job.outputsWriteMs":"1033"},"executionStatus":"PROCESSED","solveStatus":"OPTIMAL_SOLUTION","logTail":["[2021-09-17T09:55:17Z, WARNING] Support for Python 3.8 is now enabled with pandas 1.0.5 libraries.","[2021-09-17T09:55:18Z, INFO] * building wado model","[2021-09-17T09:55:19Z, INFO] model building done in 0.9968655109405518 secs","[2021-09-17T09:55:19Z, INFO] * running wado model","[2021-09-17T09:55:19Z, INFO] Warning: Model: \"docplex_model1\" is not a MIP problem, progress listeners are disabled","[2021-09-17T09:55:19Z, INFO] WARNING: Number of workers has been reduced to 1 to comply with platform limitations.","[2021-09-17T09:55:19Z, INFO] Version identifier: 20.1.0.0 | 2020-11-10 | 9bedb6d68","[2021-09-17T09:55:19Z, INFO] CPXPARAM_Read_DataCheck                          1","[2021-09-17T09:55:19Z, INFO] CPXPARAM_Threads                                 1","[2021-09-17T09:55:19Z, INFO] CPXPARAM_TimeLimit                               120","[2021-09-17T09:55:19Z, INFO] Tried aggregator 1 time.","[2021-09-17T09:55:19Z, INFO] LP Presolve eliminated 1660 rows and 64 columns.","[2021-09-17T09:55:19Z, INFO] Reduced LP has 168 rows, 614 columns, and 1540 nonzeros.","[2021-09-17T09:55:19Z, INFO] Presolve time = 0.00 sec. (1.05 ticks)","[2021-09-17T09:55:19Z, INFO] Initializing dual steep norms . . .","[2021-09-17T09:55:19Z, INFO] ","[2021-09-17T09:55:19Z, INFO] Iteration log . . .","[2021-09-17T09:55:19Z, INFO] Iteration:     1   Dual objective     =     -42344336.000000","[2021-09-17T09:55:19Z, INFO] Iteration:    62   Dual objective     =     -37186392.000000","[2021-09-17T09:55:19Z, INFO] Solve status: JobSolveStatus.OPTIMAL_SOLUTION","[2021-09-17T09:55:19Z, INFO] * model docplex_model1 solved with objective = -37184904.000","[2021-09-17T09:55:19Z, INFO] *  KPI: sales profit based on marginal_profit               = 2644191.000","[2021-09-17T09:55:19Z, INFO] *  KPI: overall production cost based on plant_product_cost = 323091.500","[2021-09-17T09:55:19Z, INFO] *  KPI: market sales                                        = 3452.000","[2021-09-17T09:55:19Z, INFO] *  KPI: total inventory at markets                          = 495.000","[2021-09-17T09:55:19Z, INFO] model solve done in 0.04364824295043945 secs","[2021-09-17T09:55:19Z, INFO] solution export done in 0.09557294845581055 secs","[2021-09-17T09:55:19Z, INFO] delivery.csv","[2021-09-17T09:55:19Z, INFO] marketInventory.csv","[2021-09-17T09:55:19Z, INFO] production.csv","[2021-09-17T09:55:19Z, INFO] plantInventory.csv","[2021-09-17T09:55:19Z, INFO] executedSales.csv"]},"runtimeDetails":{"state":"STARTED"},"taskSetupMillis":4558,"taskSolveMillis":4579,"taskTearDownMillis":5157,"jobSpaceId":"d9bda584-cf9f-4f9b-8b9e-61ec05932519","jobId":"4d7abc4d-5061-49e6-a2ed-b919b2299a7c","ping":1631872512274}