{"creationTime":1651045433841,"lastModificationTime":1651045472389,"state":"TERMINATED","solveConfig":{"containerId":"Scenario 1","solveParameters":{},"setupWebHook":{"verb":"GET","url":"https://api.dataplatform.cloud.ibm.com/v1/cognitive/solve/preprocess/Scenario%201?projectId=d25f1f0d-0115-473b-a5ef-527c4bc8048f&parentId=SupplyDemandPlanning","expectedStatus":200,"headers":{}},"tearDownWebHook":{"verb":"GET","url":"https://api.dataplatform.cloud.ibm.com/v1/cognitive/solve/postprocess/Scenario%201?projectId=d25f1f0d-0115-473b-a5ef-527c4bc8048f&parentId=SupplyDemandPlanning","expectedStatus":200,"headers":{}}},"jobDetails":{"id":"42d18b85-efc6-4e51-a56f-12cb8bc10a75","createdAt":1651045439465,"startedAt":1651045463020,"endedAt":1651045467723,"submittedAt":1651045439465,"details":{"KPI.market sales":"3452.0","KPI.overall production cost based on plant_product_cost":"323091.5","KPI.sales profit based on marginal_profit":"2644191.0","KPI.total inventory at markets":"495.0","MODEL_DETAIL_BOOLEAN_VARS":"0","MODEL_DETAIL_CONSTRAINTS":"1828","MODEL_DETAIL_CONTINUOUS_VARS":"678","MODEL_DETAIL_INTEGER_VARS":"0","MODEL_DETAIL_KPIS":"[\"sales profit based on marginal_profit\", \"overall production cost based on plant_product_cost\", \"market sales\", \"total inventory at markets\"]","MODEL_DETAIL_NONZEROS":"3838","MODEL_DETAIL_OBJECTIVE_SENSE":"minimize","MODEL_DETAIL_TYPE":"LP","PROGRESS_CURRENT_OBJECTIVE":"-37184904.0","PROGRESS_CURRENT_OBJECTIVE.history":"[[1651045466.12, -37184904.0]]","STAT.cplex.modelType":"LP","STAT.cplex.size.booleanVariables":"0","STAT.cplex.size.constraints":"1828","STAT.cplex.size.continousVariables":"678","STAT.cplex.size.integerVariables":"0","STAT.cplex.size.linearConstraints":"1828","STAT.cplex.size.quadraticConstraints":"0","STAT.cplex.size.variables":"678","STAT.job.coresCount":"1","STAT.job.inputsReadMs":"1883","STAT.job.memoryPeakKB":"113308","STAT.job.modelProcessingMs":"1169","STAT.job.outputsWriteMs":"1342"},"executionStatus":"PROCESSED","solveStatus":"OPTIMAL_SOLUTION","logTail":["[2022-04-27T07:44:24Z, WARNING] Support for Python 3.9 is now enabled with pandas 1.3 libraries.","[2022-04-27T07:44:25Z, INFO] * building wado model","[2022-04-27T07:44:26Z, INFO] model building done in 0.611461877822876 secs","[2022-04-27T07:44:26Z, INFO] * running wado model","[2022-04-27T07:44:26Z, INFO] Warning: Model: \"docplex_model1\" is not a MIP problem, progress listeners are disabled","[2022-04-27T07:44:26Z, INFO] WARNING: Number of workers has been reduced to 1 to comply with platform limitations.","[2022-04-27T07:44:26Z, INFO] Version identifier: 20.1.0.1 | 2021-12-07 | 9dfdf6686","[2022-04-27T07:44:26Z, INFO] CPXPARAM_Read_DataCheck                          1","[2022-04-27T07:44:26Z, INFO] CPXPARAM_Threads                                 1","[2022-04-27T07:44:26Z, INFO] CPXPARAM_TimeLimit                               120","[2022-04-27T07:44:26Z, INFO] Tried aggregator 1 time.","[2022-04-27T07:44:26Z, INFO] LP Presolve eliminated 1660 rows and 64 columns.","[2022-04-27T07:44:26Z, INFO] Reduced LP has 168 rows, 614 columns, and 1540 nonzeros.","[2022-04-27T07:44:26Z, INFO] Presolve time = 0.00 sec. (1.05 ticks)","[2022-04-27T07:44:26Z, INFO] Initializing dual steep norms . . .","[2022-04-27T07:44:26Z, INFO] ","[2022-04-27T07:44:26Z, INFO] Iteration log . . .","[2022-04-27T07:44:26Z, INFO] Iteration:     1   Dual objective     =     -42344336.000000","[2022-04-27T07:44:26Z, INFO] Iteration:    62   Dual objective     =     -37186392.000000","[2022-04-27T07:44:26Z, INFO] Solve status: JobSolveStatus.OPTIMAL_SOLUTION","[2022-04-27T07:44:26Z, INFO] * model docplex_model1 solved with objective = -37184904.000","[2022-04-27T07:44:26Z, INFO] *  KPI: sales profit based on marginal_profit               = 2644191.000","[2022-04-27T07:44:26Z, INFO] *  KPI: overall production cost based on plant_product_cost = 323091.500","[2022-04-27T07:44:26Z, INFO] *  KPI: market sales                                        = 3452.000","[2022-04-27T07:44:26Z, INFO] *  KPI: total inventory at markets                          = 495.000","[2022-04-27T07:44:26Z, INFO] model solve done in 0.05762600898742676 secs","[2022-04-27T07:44:26Z, INFO] solution export done in 0.09625840187072754 secs","[2022-04-27T07:44:26Z, INFO] delivery.csv","[2022-04-27T07:44:26Z, INFO] marketInventory.csv","[2022-04-27T07:44:26Z, INFO] production.csv","[2022-04-27T07:44:26Z, INFO] plantInventory.csv","[2022-04-27T07:44:26Z, INFO] executedSales.csv"]},"runtimeDetails":{"state":"STARTED"},"taskSetupMillis":4797,"taskSolveMillis":28449,"taskTearDownMillis":3900,"jobSpaceId":"6d902298-59e9-4647-88fa-075fbff492fc","jobDeploymentId":"eeb06d90-68a1-4751-852e-31e549b35abe","jobId":"42d18b85-efc6-4e51-a56f-12cb8bc10a75","ping":1651045464697}