{"creationTime":1645198567102,"lastModificationTime":1645198604135,"state":"TERMINATED","solveConfig":{"containerId":"Scenario 1","solveParameters":{},"setupWebHook":{"verb":"GET","url":"https://api.dataplatform.test.cloud.ibm.com/v1/cognitive/solve/preprocess/Scenario%201?projectId=e752dffb-5e36-4918-8790-d07f8046816a&parentId=SupplyDemandPlanning","expectedStatus":200,"headers":{}},"tearDownWebHook":{"verb":"GET","url":"https://api.dataplatform.test.cloud.ibm.com/v1/cognitive/solve/postprocess/Scenario%201?projectId=e752dffb-5e36-4918-8790-d07f8046816a&parentId=SupplyDemandPlanning","expectedStatus":200,"headers":{}}},"jobDetails":{"id":"3784e1c3-b293-478c-9a97-5788f6cf7ea6","createdAt":1645198573688,"startedAt":1645198593873,"endedAt":1645198598372,"submittedAt":1645198573688,"details":{"KPI.market sales":"3452.0","KPI.overall production cost based on plant_product_cost":"323091.5","KPI.sales profit based on marginal_profit":"2644191.0","KPI.total inventory at markets":"495.0","MODEL_DETAIL_BOOLEAN_VARS":"0","MODEL_DETAIL_CONSTRAINTS":"1828","MODEL_DETAIL_CONTINUOUS_VARS":"678","MODEL_DETAIL_INTEGER_VARS":"0","MODEL_DETAIL_KPIS":"[\"sales profit based on marginal_profit\", \"overall production cost based on plant_product_cost\", \"market sales\", \"total inventory at markets\"]","MODEL_DETAIL_NONZEROS":"3838","MODEL_DETAIL_OBJECTIVE_SENSE":"minimize","MODEL_DETAIL_TYPE":"LP","PROGRESS_CURRENT_OBJECTIVE":"-37184904.0","PROGRESS_CURRENT_OBJECTIVE.history":"[[1645198596.95, -37184904.0]]","STAT.cplex.modelType":"LP","STAT.cplex.size.booleanVariables":"0","STAT.cplex.size.constraints":"1828","STAT.cplex.size.continousVariables":"678","STAT.cplex.size.integerVariables":"0","STAT.cplex.size.linearConstraints":"1828","STAT.cplex.size.quadraticConstraints":"0","STAT.cplex.size.variables":"678","STAT.job.coresCount":"1","STAT.job.inputsReadMs":"2060","STAT.job.memoryPeakKB":"102564","STAT.job.modelProcessingMs":"994","STAT.job.outputsWriteMs":"1222"},"executionStatus":"PROCESSED","solveStatus":"OPTIMAL_SOLUTION","logTail":["[2022-02-18T15:36:35Z, WARNING] Support for Python 3.8 is now enabled with pandas 1.2.4 libraries.","[2022-02-18T15:36:36Z, INFO] * building wado model","[2022-02-18T15:36:36Z, INFO] model building done in 0.5782442092895508 secs","[2022-02-18T15:36:36Z, INFO] * running wado model","[2022-02-18T15:36:36Z, INFO] Warning: Model: \"docplex_model1\" is not a MIP problem, progress listeners are disabled","[2022-02-18T15:36:36Z, INFO] WARNING: Number of workers has been reduced to 1 to comply with platform limitations.","[2022-02-18T15:36:36Z, INFO] Version identifier: 20.1.0.1 | 2021-12-07 | 9dfdf6686","[2022-02-18T15:36:36Z, INFO] CPXPARAM_Read_DataCheck                          1","[2022-02-18T15:36:36Z, INFO] CPXPARAM_Threads                                 1","[2022-02-18T15:36:36Z, INFO] CPXPARAM_TimeLimit                               120","[2022-02-18T15:36:36Z, INFO] Tried aggregator 1 time.","[2022-02-18T15:36:36Z, INFO] LP Presolve eliminated 1660 rows and 64 columns.","[2022-02-18T15:36:36Z, INFO] Reduced LP has 168 rows, 614 columns, and 1540 nonzeros.","[2022-02-18T15:36:36Z, INFO] Presolve time = 0.00 sec. (1.05 ticks)","[2022-02-18T15:36:36Z, INFO] Initializing dual steep norms . . .","[2022-02-18T15:36:36Z, INFO] ","[2022-02-18T15:36:36Z, INFO] Iteration log . . .","[2022-02-18T15:36:36Z, INFO] Iteration:     1   Dual objective     =     -42344336.000000","[2022-02-18T15:36:36Z, INFO] Iteration:    62   Dual objective     =     -37186392.000000","[2022-02-18T15:36:36Z, INFO] Solve status: JobSolveStatus.OPTIMAL_SOLUTION","[2022-02-18T15:36:36Z, INFO] * model docplex_model1 solved with objective = -37184904.000","[2022-02-18T15:36:36Z, INFO] *  KPI: sales profit based on marginal_profit               = 2644191.000","[2022-02-18T15:36:36Z, INFO] *  KPI: overall production cost based on plant_product_cost = 323091.500","[2022-02-18T15:36:36Z, INFO] *  KPI: market sales                                        = 3452.000","[2022-02-18T15:36:36Z, INFO] *  KPI: total inventory at markets                          = 495.000","[2022-02-18T15:36:36Z, INFO] model solve done in 0.03345322608947754 secs","[2022-02-18T15:36:37Z, INFO] solution export done in 0.08095455169677734 secs","[2022-02-18T15:36:37Z, INFO] delivery.csv","[2022-02-18T15:36:37Z, INFO] marketInventory.csv","[2022-02-18T15:36:37Z, INFO] production.csv","[2022-02-18T15:36:37Z, INFO] plantInventory.csv","[2022-02-18T15:36:37Z, INFO] executedSales.csv"]},"runtimeDetails":{"state":"STARTED"},"taskSetupMillis":6105,"taskSolveMillis":26623,"taskTearDownMillis":3172,"jobSpaceId":"c765df71-66f6-497c-afac-f8a3ee8f12d4","jobDeploymentId":"9df78727-fc41-4e81-80f0-3010e9e9a1f3","jobId":"3784e1c3-b293-478c-9a97-5788f6cf7ea6","ping":1645198598716}