{"creationTime":1690879744600,"lastModificationTime":1690879779085,"state":"TERMINATED","solveConfig":{"containerId":"Scenario 1","solveParameters":{"oaas.logAttachmentName":"log.txt"}},"jobDetails":{"id":"c5dde0c5-3001-4d54-9592-a27898095c8c","createdAt":1690879751107,"startedAt":1690879771941,"endedAt":1690879775957,"submittedAt":1690879751107,"details":{"KPI.Minimal cost":"2.690409171696264","KPI.Total Calcium":"800.0000000000001","KPI.Total Calories":"2000.0","KPI.Total Carbohydrates":"256.80576358904455","KPI.Total Dietary_Fiber":"25.0","KPI.Total Iron":"11.278317739831891","KPI.Total Protein":"51.17372234135308","KPI.Total Vit_A":"8518.432542485823","MODEL_DETAIL_BOOLEAN_VARS":"0","MODEL_DETAIL_CONSTRAINTS":"16","MODEL_DETAIL_CONTINUOUS_VARS":"9","MODEL_DETAIL_INTEGER_VARS":"0","MODEL_DETAIL_KPIS":"[\"Total Calories\", \"Total Calcium\", \"Total Iron\", \"Total Vit_A\", \"Total Dietary_Fiber\", \"Total Carbohydrates\", \"Total Protein\", \"Minimal cost\"]","MODEL_DETAIL_NONZEROS":"66","MODEL_DETAIL_OBJECTIVE_SENSE":"minimize","MODEL_DETAIL_TYPE":"LP","PROGRESS_CURRENT_OBJECTIVE":"2.6904091716962637","PROGRESS_CURRENT_OBJECTIVE.history":"[[1690879775.38, 2.6904091716962637]]","STAT.cplex.modelType":"LP","STAT.cplex.size.booleanVariables":"0","STAT.cplex.size.constraints":"16","STAT.cplex.size.continousVariables":"9","STAT.cplex.size.integerVariables":"0","STAT.cplex.size.linearConstraints":"16","STAT.cplex.size.quadraticConstraints":"0","STAT.cplex.size.variables":"9","STAT.job.coresCount":"1","STAT.job.inputsReadMs":"2693","STAT.job.memoryPeakKB":"110040","STAT.job.modelProcessingMs":"361","STAT.job.outputsWriteMs":"356"},"executionStatus":"PROCESSED","solveStatus":"OPTIMAL_SOLUTION","logTail":["[2023-08-01T08:49:34.702Z, WARNING] Python 3.10 is used as default with pandas 1.4.3 libraries.","[2023-08-01T08:49:35.067Z, INFO] {'diet_food.csv': {'name': 'str'}, 'diet_food_nutrients.csv': {'Food': 'str'}, 'diet_nutrients.csv': {'name': 'str'}}","[2023-08-01T08:49:35.378Z, INFO] Model: diet","[2023-08-01T08:49:35.379Z, INFO]  - number of variables: 9","[2023-08-01T08:49:35.380Z, INFO]    - binary=0, integer=0, continuous=9","[2023-08-01T08:49:35.381Z, INFO]  - number of constraints: 16","[2023-08-01T08:49:35.383Z, INFO]    - linear=16","[2023-08-01T08:49:35.384Z, INFO]  - parameters: defaults","[2023-08-01T08:49:35.386Z, INFO]  - objective: minimize","[2023-08-01T08:49:35.387Z, INFO]  - problem type is: LP","[2023-08-01T08:49:35.388Z, INFO] Warning: Model: \"diet\" is not a MIP problem, progress listeners are disabled","[2023-08-01T08:49:35.421Z, INFO] objective: 2.690","[2023-08-01T08:49:35.423Z, INFO] status: OPTIMAL_SOLUTION(2)","[2023-08-01T08:49:35.424Z, INFO]   \"qty_Spaghetti W/ Sauce\"=2.155","[2023-08-01T08:49:35.439Z, INFO]   \"qty_Chocolate Chip Cookies\"=10.000","[2023-08-01T08:49:35.441Z, INFO]   \"qty_Lowfat Milk\"=1.831","[2023-08-01T08:49:35.443Z, INFO]   \"qty_Hotdog\"=0.930","[2023-08-01T08:49:35.458Z, INFO] solution.csv"]},"taskSetupMillis":6357,"taskSolveMillis":25196,"taskTearDownMillis":1,"jobSpaceId":"97b8836e-1fbc-4af4-9adb-e5ae5fa3f705","jobDeploymentId":"bd62bc08-3888-4e76-85a5-31927336cc0b","jobId":"c5dde0c5-3001-4d54-9592-a27898095c8c","ping":1690879774792}