{"creationTime":1687855635203,"lastModificationTime":1687855650588,"state":"TERMINATED","solveConfig":{"containerId":"Scenario 1","solveParameters":{},"setupWebHook":{"verb":"GET","url":"https://internal-nginx-svc:12443/v1/cognitive/solve/preprocess/Scenario%201?projectId=9d08fb61-4c2d-4eaa-b28e-255cccbc8df8&parentId=PortfolioAllocation","expectedStatus":200,"headers":{}},"tearDownWebHook":{"verb":"GET","url":"https://internal-nginx-svc:12443/v1/cognitive/solve/postprocess/Scenario%201?projectId=9d08fb61-4c2d-4eaa-b28e-255cccbc8df8&parentId=PortfolioAllocation","expectedStatus":200,"headers":{}}},"jobDetails":{"id":"164e52e5-63d2-46d3-9d5d-67f9572142b5","createdAt":1687855638981,"startedAt":1687855639544,"endedAt":1687855645001,"submittedAt":1687855638981,"details":{"KPI._time":"0.1840369701385498","KPI.dependencies between investment allocations based on covariances":"18118.268015011476","KPI.total expected return of investments over all allocations":"164.36374358999998","MODEL_DETAIL_BOOLEAN_VARS":"20","MODEL_DETAIL_CONSTRAINTS":"106","MODEL_DETAIL_CONTINUOUS_VARS":"20","MODEL_DETAIL_INTEGER_VARS":"20","MODEL_DETAIL_KPIS":"[\"total expected return of investments over all allocations\", \"dependencies between investment allocations based on covariances\"]","MODEL_DETAIL_NONZEROS":"249","MODEL_DETAIL_OBJECTIVE_SENSE":"minimize","MODEL_DETAIL_TYPE":"MIQP","PROGRESS_BEST_OBJECTIVE":"-1180.358456239082","PROGRESS_BEST_OBJECTIVE.history":"[[1687855642.51, -3347.8591643470736]]","PROGRESS_CURRENT_OBJECTIVE":"-1180.358456239082","PROGRESS_CURRENT_OBJECTIVE.history":"[[1687855642.51, 0.0]]","PROGRESS_GAP":"0.0","PROGRESS_GAP.history":"[[1687855642.51, 33478591643470.734]]","STAT.cplex.modelType":"MIQP","STAT.cplex.size.booleanVariables":"20","STAT.cplex.size.constraints":"106","STAT.cplex.size.continousVariables":"20","STAT.cplex.size.integerVariables":"20","STAT.cplex.size.linearConstraints":"106","STAT.cplex.size.quadraticConstraints":"0","STAT.cplex.size.variables":"60","STAT.cplex.solve.elapsedTime":"0.1840369701385498","STAT.cplex.solve.explored":"82","STAT.cplex.solve.iterationCount":"161","STAT.cplex.solve.opened":"0","STAT.job.coresCount":"1","STAT.job.inputsReadMs":"2775","STAT.job.memoryPeakKB":"116704","STAT.job.modelProcessingMs":"361","STAT.job.outputsWriteMs":"2131"},"executionStatus":"PROCESSED","solveStatus":"OPTIMAL_SOLUTION","logTail":["[2023-06-27T08:47:22.584Z, INFO] Tried aggregator 1 time.","[2023-06-27T08:47:22.585Z, INFO] MIQP Presolve eliminated 21 rows and 20 columns.","[2023-06-27T08:47:22.585Z, INFO] Reduced MIQP has 40 rows, 33 columns, and 109 nonzeros.","[2023-06-27T08:47:22.586Z, INFO] Reduced MIQP has 11 binaries, 11 generals, 0 SOSs, and 0 indicators.","[2023-06-27T08:47:22.587Z, INFO] Reduced MIQP objective Q matrix has 121 nonzeros.","[2023-06-27T08:47:22.588Z, INFO] Presolve time = 0.00 sec. (0.08 ticks)","[2023-06-27T08:47:22.588Z, INFO] Probing time = 0.00 sec. (0.01 ticks)","[2023-06-27T08:47:22.589Z, INFO] Tried aggregator 1 time.","[2023-06-27T08:47:22.590Z, INFO] Reduced MIQP has 40 rows, 33 columns, and 109 nonzeros.","[2023-06-27T08:47:22.590Z, INFO] Reduced MIQP has 11 binaries, 11 generals, 0 SOSs, and 0 indicators.","[2023-06-27T08:47:22.591Z, INFO] Reduced MIQP objective Q matrix has 121 nonzeros.","[2023-06-27T08:47:22.592Z, INFO] Presolve time = 0.00 sec. (0.06 ticks)","[2023-06-27T08:47:22.592Z, INFO] Represolve time = 0.00 sec. (0.19 ticks)","[2023-06-27T08:47:22.593Z, INFO] Probing time = 0.00 sec. (0.01 ticks)","[2023-06-27T08:47:22.594Z, INFO] MIP emphasis: balance optimality and feasibility.","[2023-06-27T08:47:22.595Z, INFO] MIP search method: dynamic search.","[2023-06-27T08:47:22.595Z, INFO] Parallel mode: none, using 1 thread.","[2023-06-27T08:47:22.596Z, INFO] Root relaxation solution time = 0.00 sec. (0.37 ticks)","[2023-06-27T08:47:22.597Z, INFO] ","[2023-06-27T08:47:22.598Z, INFO]         Nodes                                         Cuts/","[2023-06-27T08:47:22.598Z, INFO]    Node  Left     Objective  IInf  Best Integer    Best Bound    ItCnt     Gap","[2023-06-27T08:47:22.599Z, INFO] ","[2023-06-27T08:47:22.599Z, INFO] *     0+    0                         -544.7177    -1862.6647           241.95%","[2023-06-27T08:47:22.600Z, INFO]       0     0    -1862.6647    22     -544.7177    -1862.6647       29  241.95%","[2023-06-27T08:47:22.600Z, INFO] *     0+    0                         -826.0211    -1862.6647           125.50%","[2023-06-27T08:47:22.601Z, INFO] *     0+    0                         -892.3035    -1862.6647           108.75%","[2023-06-27T08:47:22.602Z, INFO]       0     0  -1.00000e+75     0     -892.3035    -1862.6647       29  108.75%","[2023-06-27T08:47:22.605Z, INFO]       0     2    -1862.6647    22     -892.3035    -1722.1111       29   93.00%","[2023-06-27T08:47:22.605Z, INFO] Elapsed time = 0.02 sec. (5.01 ticks, tree = 0.01 MB, solutions = 4)","[2023-06-27T08:47:22.619Z, INFO] *    20+    9                        -1016.0020    -1585.6182            56.06%","[2023-06-27T08:47:22.622Z, INFO] *    34    11      integral     0    -1180.3585    -1585.6182       80   34.33%","[2023-06-27T08:47:22.701Z, INFO] ","[2023-06-27T08:47:22.701Z, INFO] Root node processing (before b&c):","[2023-06-27T08:47:22.702Z, INFO]   Real time             =    0.02 sec. (5.02 ticks)","[2023-06-27T08:47:22.703Z, INFO] Sequential b&c:","[2023-06-27T08:47:22.703Z, INFO]   Real time             =    0.17 sec. (3.76 ticks)","[2023-06-27T08:47:22.704Z, INFO]                           ------------","[2023-06-27T08:47:22.705Z, INFO] Total (root+branch&cut) =    0.19 sec. (8.78 ticks)","[2023-06-27T08:47:22.709Z, INFO] Solve status: JobSolveStatus.OPTIMAL_SOLUTION","[2023-06-27T08:47:22.709Z, INFO] * model docplex_model1 solved with objective = -1180.358","[2023-06-27T08:47:22.710Z, INFO] *  KPI: total expected return of investments over all allocations        = 164.364","[2023-06-27T08:47:22.711Z, INFO] *  KPI: dependencies between investment allocations based on covariances = 18118.268","[2023-06-27T08:47:22.711Z, INFO] model solve done in 0.20285606384277344 secs","[2023-06-27T08:47:22.717Z, INFO] solution export done in 0.014558792114257812 secs","[2023-06-27T08:47:22.717Z, INFO] investmentAllocation.csv"]},"runtimeDetails":{"state":"STARTED"},"taskSetupMillis":3626,"taskSolveMillis":10072,"taskTearDownMillis":1041,"jobSpaceId":"3d14a570-f6e3-4665-bd9b-5b4b94d83c31","jobDeploymentId":"36853dfe-f841-4d47-9184-e4a6db24b2f0","jobId":"164e52e5-63d2-46d3-9d5d-67f9572142b5","ping":1687855635368}