{"creationTime":1611830035092,"lastModificationTime":1611830035092,"state":"TERMINATED","solveConfig":{"containerId":"Copy 05","solveParameters":{"oaas.logAttachmentName":"log.txt","oaas.logTailEnabled":"true"}},"jobDetails":{"id":"c4e90277-825c-40cb-a966-d275e082e0c1","createdAt":1600789949063,"startedAt":1600789950468,"endedAt":1600789953538,"submittedAt":1600789949063,"details":{"KPI.Nb Fix Used":"40.0","KPI.Nb Temp Used":"28.0","KPI.Total Cost":"5680.0","MODEL_DETAIL_BOOLEAN_VARS":"0","MODEL_DETAIL_CONSTRAINTS":"588","MODEL_DETAIL_CONTINUOUS_VARS":"0","MODEL_DETAIL_INTEGER_VARS":"774","MODEL_DETAIL_KPIS":"[\"Total Cost\", \"Nb Fix Used\", \"Nb Temp Used\"]","MODEL_DETAIL_NONZEROS":"6234","MODEL_DETAIL_OBJECTIVE_SENSE":"minimize","MODEL_DETAIL_TYPE":"MILP","PROGRESS_BEST_OBJECTIVE":"5680.0","PROGRESS_BEST_OBJECTIVE.history":"[[1600789951.53, 5680.0]]","PROGRESS_CURRENT_OBJECTIVE":"5680.0","PROGRESS_CURRENT_OBJECTIVE.history":"[[1600789951.53, 5680.0]]","PROGRESS_GAP":"0.0","PROGRESS_GAP.history":"[[1600789951.53, 0.0]]","STAT.cplex.modelType":"MILP","STAT.cplex.size.booleanVariables":"0","STAT.cplex.size.constraints":"588","STAT.cplex.size.continousVariables":"0","STAT.cplex.size.integerVariables":"774","STAT.cplex.size.linearConstraints":"588","STAT.cplex.size.quadraticConstraints":"0","STAT.cplex.size.variables":"774"},"executionStatus":"PROCESSED","solveStatus":"OPTIMAL_SOLUTION","logTail":["[2020-09-22T15:52:31Z, INFO] WARNING: Number of workers has been reduced to 1 to comply with platform limitations.","[2020-09-22T15:52:31Z, INFO] Version identifier: 12.10.0.0 | 2020-01-09 | 0d94640","[2020-09-22T15:52:31Z, INFO] CPXPARAM_Read_DataCheck                          1","[2020-09-22T15:52:31Z, INFO] CPXPARAM_Threads                                 1","[2020-09-22T15:52:31Z, INFO] CPXPARAM_RandomSeed                              201903125","[2020-09-22T15:52:31Z, INFO] Tried aggregator 2 times.","[2020-09-22T15:52:31Z, INFO] MIP Presolve eliminated 200 rows and 78 columns.","[2020-09-22T15:52:31Z, INFO] Aggregator did 259 substitutions.","[2020-09-22T15:52:31Z, INFO] Reduced MIP has 129 rows, 310 columns, and 3774 nonzeros.","[2020-09-22T15:52:31Z, INFO] Reduced MIP has 0 binaries, 310 generals, 0 SOSs, and 0 indicators.","[2020-09-22T15:52:31Z, INFO] Presolve time = 0.00 sec. (4.02 ticks)","[2020-09-22T15:52:31Z, INFO] Found incumbent of value 6580.000000 after 0.01 sec. (9.07 ticks)","[2020-09-22T15:52:31Z, INFO] Tried aggregator 1 time.","[2020-09-22T15:52:31Z, INFO] Detecting symmetries...","[2020-09-22T15:52:31Z, INFO] Reduced MIP has 129 rows, 310 columns, and 3774 nonzeros.","[2020-09-22T15:52:31Z, INFO] Reduced MIP has 0 binaries, 310 generals, 0 SOSs, and 0 indicators.","[2020-09-22T15:52:31Z, INFO] Presolve time = 0.00 sec. (1.50 ticks)","[2020-09-22T15:52:31Z, INFO] MIP emphasis: balance optimality and feasibility.","[2020-09-22T15:52:31Z, INFO] MIP search method: dynamic search.","[2020-09-22T15:52:31Z, INFO] Parallel mode: none, using 1 thread.","[2020-09-22T15:52:31Z, INFO] Root relaxation solution time = 0.00 sec. (0.87 ticks)","[2020-09-22T15:52:31Z, INFO] ","[2020-09-22T15:52:31Z, INFO]         Nodes                                         Cuts/","[2020-09-22T15:52:31Z, INFO]    Node  Left     Objective  IInf  Best Integer    Best Bound    ItCnt     Gap","[2020-09-22T15:52:31Z, INFO] *     0+    0                         6580.0000     1000.0000            84.80%","[2020-09-22T15:52:31Z, INFO] *     0     0      integral     0     5680.0000     5680.0000       80    0.00%","[2020-09-22T15:52:31Z, INFO] Elapsed time = 0.02 sec. (12.06 ticks, tree = 0.00 MB, solutions = 2)","[2020-09-22T15:52:31Z, INFO] ","[2020-09-22T15:52:31Z, INFO] Root node processing (before b&c):","[2020-09-22T15:52:31Z, INFO]   Real time             =    0.02 sec. (12.09 ticks)","[2020-09-22T15:52:31Z, INFO] Sequential b&c:","[2020-09-22T15:52:31Z, INFO]   Real time             =    0.00 sec. (0.00 ticks)","[2020-09-22T15:52:31Z, INFO]                           ------------","[2020-09-22T15:52:31Z, INFO] Total (root+branch&cut) =    0.02 sec. (12.09 ticks)","[2020-09-22T15:52:31Z, INFO]   Feasible 5680.0","[2020-09-22T15:52:31Z, INFO] starts.csv","[2020-09-22T15:52:31Z, INFO] works.csv","[2020-09-22T15:52:31Z, INFO] nr.csv"]},"runtimeDetails":{"state":"STARTED"},"taskSetupMillis":6151,"taskSolveMillis":4787,"taskTearDownMillis":1,"jobSpaceId":"8244b7aa-de54-4cf1-bd1f-bc80bb9f48cc","jobId":"c4e90277-825c-40cb-a966-d275e082e0c1","transactionId":"9c002bfb-c1e6-4269-81ab-7921fe685787","ping":1600789943599,"taskUserId":"florence.varignier@fr.ibm.com"}