Employee,Shift,Employee assignments,Shift assignments,Employee seniority,Employee qualification,Employee pay rate,Shift week start,Shift start time,Shift start date,Shift requested skills,Shift min req,Shift max req,Shift end time,Shift end date,Shift duration,Shift department,Shift day index,Shift day
Anne,8,1.0,1.0,11,1,25,2021-06-21,8,2021-06-21 08:00:00,CustomerFacing,4,8,12,2021-06-21 12:00:00,4,HelpDesk,1,Monday
Anne,18,1.0,1.0,11,1,25,2021-06-22,8,2021-06-22 08:00:00,CustomerFacing,4,8,12,2021-06-22 12:00:00,4,HelpDesk,2,Tuesday
Anne,28,1.0,1.0,11,1,25,2021-06-23,8,2021-06-23 08:00:00,CustomerFacing,4,8,12,2021-06-23 12:00:00,4,HelpDesk,3,Wednesday
Anne,38,1.0,1.0,11,1,25,2021-06-24,8,2021-06-24 08:00:00,CustomerFacing,4,8,12,2021-06-24 12:00:00,4,HelpDesk,4,Thursday
Anne,48,1.0,1.0,11,1,25,2021-06-25,8,2021-06-25 08:00:00,CustomerFacing,4,8,12,2021-06-25 12:00:00,4,HelpDesk,5,Friday
Bethanie,8,1.0,1.0,4,5,28,2021-06-21,8,2021-06-21 08:00:00,CustomerFacing,4,8,12,2021-06-21 12:00:00,4,HelpDesk,1,Monday
Bethanie,38,1.0,1.0,4,5,28,2021-06-24,8,2021-06-24 08:00:00,CustomerFacing,4,8,12,2021-06-24 12:00:00,4,HelpDesk,4,Thursday
Bethanie,48,1.0,1.0,4,5,28,2021-06-25,8,2021-06-25 08:00:00,CustomerFacing,4,8,12,2021-06-25 12:00:00,4,HelpDesk,5,Friday
Bethanie,51,1.0,1.0,4,5,28,2021-06-25,8,2021-06-26 08:00:00,CustomerFacing,4,8,12,2021-06-26 12:00:00,4,HelpDesk,6,Saturday
Betsy,18,1.0,1.0,2,2,17,2021-06-22,8,2021-06-22 08:00:00,CustomerFacing,4,8,12,2021-06-22 12:00:00,4,HelpDesk,2,Tuesday
Betsy,28,1.0,1.0,2,2,17,2021-06-23,8,2021-06-23 08:00:00,CustomerFacing,4,8,12,2021-06-23 12:00:00,4,HelpDesk,3,Wednesday
Betsy,48,1.0,1.0,2,2,17,2021-06-25,8,2021-06-25 08:00:00,CustomerFacing,4,8,12,2021-06-25 12:00:00,4,HelpDesk,5,Friday
Betsy,51,1.0,1.0,2,2,17,2021-06-25,8,2021-06-26 08:00:00,CustomerFacing,4,8,12,2021-06-26 12:00:00,4,HelpDesk,6,Saturday
Cathy,1,1.0,1.0,2,2,17,2021-06-21,6,2021-06-21 06:00:00,Supervising,3,8,12,2021-06-21 12:00:00,6,Dispatching,1,Monday
Cathy,21,1.0,1.0,2,2,17,2021-06-23,6,2021-06-23 06:00:00,Supervising,3,8,12,2021-06-23 12:00:00,6,Dispatching,3,Wednesday
Cathy,41,1.0,1.0,2,2,17,2021-06-25,6,2021-06-25 06:00:00,Supervising,3,8,12,2021-06-25 12:00:00,6,Dispatching,5,Friday
Cathy,52,1.0,1.0,2,2,17,2021-06-25,12,2021-06-26 12:00:00,CustomerFacing,4,8,18,2021-06-26 18:00:00,6,HelpDesk,6,Saturday
Cecilia,8,1.0,1.0,9,5,38,2021-06-21,8,2021-06-21 08:00:00,CustomerFacing,4,8,12,2021-06-21 12:00:00,4,HelpDesk,1,Monday
Cecilia,18,1.0,1.0,9,5,38,2021-06-22,8,2021-06-22 08:00:00,CustomerFacing,4,8,12,2021-06-22 12:00:00,4,HelpDesk,2,Tuesday
Cecilia,38,1.0,1.0,9,5,38,2021-06-24,8,2021-06-24 08:00:00,CustomerFacing,4,8,12,2021-06-24 12:00:00,4,HelpDesk,4,Thursday
Cecilia,52,1.0,1.0,9,5,38,2021-06-25,12,2021-06-26 12:00:00,CustomerFacing,4,8,18,2021-06-26 18:00:00,6,HelpDesk,6,Saturday
Chris,8,1.0,1.0,11,4,38,2021-06-21,8,2021-06-21 08:00:00,CustomerFacing,4,8,12,2021-06-21 12:00:00,4,HelpDesk,1,Monday
Chris,28,1.0,1.0,11,4,38,2021-06-23,8,2021-06-23 08:00:00,CustomerFacing,4,8,12,2021-06-23 12:00:00,4,HelpDesk,3,Wednesday
Chris,50,1.0,1.0,11,4,38,2021-06-25,17,2021-06-25 17:00:00,CustomerFacing,4,8,21,2021-06-25 21:00:00,4,HelpDesk,5,Friday
Chris,52,1.0,1.0,11,4,38,2021-06-25,12,2021-06-26 12:00:00,CustomerFacing,4,8,18,2021-06-26 18:00:00,6,HelpDesk,6,Saturday
Cindy,9,1.0,1.0,5,2,21,2021-06-21,12,2021-06-21 12:00:00,CustomerFacing,4,8,17,2021-06-21 17:00:00,5,HelpDesk,1,Monday
Cindy,18,1.0,1.0,5,2,21,2021-06-22,8,2021-06-22 08:00:00,CustomerFacing,4,8,12,2021-06-22 12:00:00,4,HelpDesk,2,Tuesday
Cindy,30,1.0,1.0,5,2,21,2021-06-23,17,2021-06-23 17:00:00,CustomerFacing,4,8,21,2021-06-23 21:00:00,4,HelpDesk,3,Wednesday
Cindy,38,1.0,1.0,5,2,21,2021-06-24,8,2021-06-24 08:00:00,CustomerFacing,4,8,12,2021-06-24 12:00:00,4,HelpDesk,4,Thursday
Cindy,45,1.0,1.0,5,2,21,2021-06-25,12,2021-06-25 12:00:00,Handling,3,8,18,2021-06-25 18:00:00,6,Shipping,5,Friday
Cindy,51,1.0,1.0,5,2,21,2021-06-25,8,2021-06-26 08:00:00,CustomerFacing,4,8,12,2021-06-26 12:00:00,4,HelpDesk,6,Saturday
David,18,1.0,1.0,1,2,15,2021-06-22,8,2021-06-22 08:00:00,CustomerFacing,4,8,12,2021-06-22 12:00:00,4,HelpDesk,2,Tuesday
David,28,1.0,1.0,1,2,15,2021-06-23,8,2021-06-23 08:00:00,CustomerFacing,4,8,12,2021-06-23 12:00:00,4,HelpDesk,3,Wednesday
David,38,1.0,1.0,1,2,15,2021-06-24,8,2021-06-24 08:00:00,CustomerFacing,4,8,12,2021-06-24 12:00:00,4,HelpDesk,4,Thursday
David,45,1.0,1.0,1,2,15,2021-06-25,12,2021-06-25 12:00:00,Handling,3,8,18,2021-06-25 18:00:00,6,Shipping,5,Friday
David,52,1.0,1.0,1,2,15,2021-06-25,12,2021-06-26 12:00:00,CustomerFacing,4,8,18,2021-06-26 18:00:00,6,HelpDesk,6,Saturday
Debbie,8,1.0,1.0,7,2,24,2021-06-21,8,2021-06-21 08:00:00,CustomerFacing,4,8,12,2021-06-21 12:00:00,4,HelpDesk,1,Monday
Debbie,13,1.0,1.0,7,2,24,2021-06-22,8,2021-06-22 08:00:00,Handling,2,5,12,2021-06-22 12:00:00,4,Receiving,2,Tuesday
Debbie,38,1.0,1.0,7,2,24,2021-06-24,8,2021-06-24 08:00:00,CustomerFacing,4,8,12,2021-06-24 12:00:00,4,HelpDesk,4,Thursday
Debbie,47,1.0,1.0,7,2,24,2021-06-25,12,2021-06-25 12:00:00,,3,8,17,2021-06-25 17:00:00,5,Packaging,5,Friday
Dee,8,1.0,1.0,3,3,21,2021-06-21,8,2021-06-21 08:00:00,CustomerFacing,4,8,12,2021-06-21 12:00:00,4,HelpDesk,1,Monday
Dee,28,1.0,1.0,3,3,21,2021-06-23,8,2021-06-23 08:00:00,CustomerFacing,4,8,12,2021-06-23 12:00:00,4,HelpDesk,3,Wednesday
Dee,37,1.0,1.0,3,3,21,2021-06-24,12,2021-06-24 12:00:00,,3,8,17,2021-06-24 17:00:00,5,Packaging,4,Thursday
Dee,51,1.0,1.0,3,3,21,2021-06-25,8,2021-06-26 08:00:00,CustomerFacing,4,8,12,2021-06-26 12:00:00,4,HelpDesk,6,Saturday
Gloria,11,1.0,1.0,8,2,25,2021-06-22,6,2021-06-22 06:00:00,Supervising,3,8,12,2021-06-22 12:00:00,6,Dispatching,2,Tuesday
Gloria,21,1.0,1.0,8,2,25,2021-06-23,6,2021-06-23 06:00:00,Supervising,3,8,12,2021-06-23 12:00:00,6,Dispatching,3,Wednesday
Gloria,31,1.0,1.0,8,2,25,2021-06-24,6,2021-06-24 06:00:00,Supervising,3,8,12,2021-06-24 12:00:00,6,Dispatching,4,Thursday
Gloria,41,1.0,1.0,8,2,25,2021-06-25,6,2021-06-25 06:00:00,Supervising,3,8,12,2021-06-25 12:00:00,6,Dispatching,5,Friday
Isabelle,16,1.0,1.0,3,1,16,2021-06-22,8,2021-06-22 08:00:00,,3,8,12,2021-06-22 12:00:00,4,Packaging,2,Tuesday
Isabelle,26,1.0,1.0,3,1,16,2021-06-23,8,2021-06-23 08:00:00,,3,8,12,2021-06-23 12:00:00,4,Packaging,3,Wednesday
Isabelle,47,1.0,1.0,3,1,16,2021-06-25,12,2021-06-25 12:00:00,,3,8,17,2021-06-25 17:00:00,5,Packaging,5,Friday
Jane,6,1.0,1.0,3,4,23,2021-06-21,8,2021-06-21 08:00:00,,3,8,12,2021-06-21 12:00:00,4,Packaging,1,Monday
Jane,16,1.0,1.0,3,4,23,2021-06-22,8,2021-06-22 08:00:00,,3,8,12,2021-06-22 12:00:00,4,Packaging,2,Tuesday
Jane,26,1.0,1.0,3,4,23,2021-06-23,8,2021-06-23 08:00:00,,3,8,12,2021-06-23 12:00:00,4,Packaging,3,Wednesday
Jane,36,1.0,1.0,3,4,23,2021-06-24,8,2021-06-24 08:00:00,,3,8,12,2021-06-24 12:00:00,4,Packaging,4,Thursday
Jane,47,1.0,1.0,3,4,23,2021-06-25,12,2021-06-25 12:00:00,,3,8,17,2021-06-25 17:00:00,5,Packaging,5,Friday
Janelle,7,1.0,1.0,4,3,22,2021-06-21,12,2021-06-21 12:00:00,,3,8,17,2021-06-21 17:00:00,5,Packaging,1,Monday
Janelle,13,1.0,1.0,4,3,22,2021-06-22,8,2021-06-22 08:00:00,Handling,2,5,12,2021-06-22 12:00:00,4,Receiving,2,Tuesday
Janelle,34,1.0,1.0,4,3,22,2021-06-24,13,2021-06-24 13:00:00,Handling,3,5,17,2021-06-24 17:00:00,4,Receiving,4,Thursday
Janice,6,1.0,1.0,2,2,17,2021-06-21,8,2021-06-21 08:00:00,,3,8,12,2021-06-21 12:00:00,4,Packaging,1,Monday
Janice,25,1.0,1.0,2,2,17,2021-06-23,12,2021-06-23 12:00:00,Handling,3,8,18,2021-06-23 18:00:00,6,Shipping,3,Wednesday
Janice,36,1.0,1.0,2,2,17,2021-06-24,8,2021-06-24 08:00:00,,3,8,12,2021-06-24 12:00:00,4,Packaging,4,Thursday
Jemma,6,1.0,1.0,2,4,22,2021-06-21,8,2021-06-21 08:00:00,,3,8,12,2021-06-21 12:00:00,4,Packaging,1,Monday
Jemma,17,1.0,1.0,2,4,22,2021-06-22,12,2021-06-22 12:00:00,,3,8,17,2021-06-22 17:00:00,5,Packaging,2,Tuesday
Jemma,34,1.0,1.0,2,4,22,2021-06-24,13,2021-06-24 13:00:00,Handling,3,5,17,2021-06-24 17:00:00,4,Receiving,4,Thursday
Joan,6,1.0,1.0,5,3,24,2021-06-21,8,2021-06-21 08:00:00,,3,8,12,2021-06-21 12:00:00,4,Packaging,1,Monday
Joan,14,1.0,1.0,5,3,24,2021-06-22,13,2021-06-22 13:00:00,Handling,3,5,17,2021-06-22 17:00:00,4,Receiving,2,Tuesday
Joan,24,1.0,1.0,5,3,24,2021-06-23,13,2021-06-23 13:00:00,Handling,3,5,17,2021-06-23 17:00:00,4,Receiving,3,Wednesday
Joan,46,1.0,1.0,5,3,24,2021-06-25,8,2021-06-25 08:00:00,,3,8,12,2021-06-25 12:00:00,4,Packaging,5,Friday
Joyce,6,1.0,1.0,8,3,29,2021-06-21,8,2021-06-21 08:00:00,,3,8,12,2021-06-21 12:00:00,4,Packaging,1,Monday
Joyce,17,1.0,1.0,8,3,29,2021-06-22,12,2021-06-22 12:00:00,,3,8,17,2021-06-22 17:00:00,5,Packaging,2,Tuesday
Joyce,24,1.0,1.0,8,3,29,2021-06-23,13,2021-06-23 13:00:00,Handling,3,5,17,2021-06-23 17:00:00,4,Receiving,3,Wednesday
Joyce,44,1.0,1.0,8,3,29,2021-06-25,13,2021-06-25 13:00:00,Handling,3,5,17,2021-06-25 17:00:00,4,Receiving,5,Friday
Jude,6,1.0,1.0,4,3,22,2021-06-21,8,2021-06-21 08:00:00,,3,8,12,2021-06-21 12:00:00,4,Packaging,1,Monday
Jude,25,1.0,1.0,4,3,22,2021-06-23,12,2021-06-23 12:00:00,Handling,3,8,18,2021-06-23 18:00:00,6,Shipping,3,Wednesday
Jude,33,1.0,1.0,4,3,22,2021-06-24,8,2021-06-24 08:00:00,Handling,2,5,12,2021-06-24 12:00:00,4,Receiving,4,Thursday
Julie,8,1.0,1.0,6,2,22,2021-06-21,8,2021-06-21 08:00:00,CustomerFacing,4,8,12,2021-06-21 12:00:00,4,HelpDesk,1,Monday
Julie,18,1.0,1.0,6,2,22,2021-06-22,8,2021-06-22 08:00:00,CustomerFacing,4,8,12,2021-06-22 12:00:00,4,HelpDesk,2,Tuesday
Julie,27,1.0,1.0,6,2,22,2021-06-23,12,2021-06-23 12:00:00,,3,8,17,2021-06-23 17:00:00,5,Packaging,3,Wednesday
Julie,38,1.0,1.0,6,2,22,2021-06-24,8,2021-06-24 08:00:00,CustomerFacing,4,8,12,2021-06-24 12:00:00,4,HelpDesk,4,Thursday
Julie,47,1.0,1.0,6,2,22,2021-06-25,12,2021-06-25 12:00:00,,3,8,17,2021-06-25 17:00:00,5,Packaging,5,Friday
Julie,52,1.0,1.0,6,2,22,2021-06-25,12,2021-06-26 12:00:00,CustomerFacing,4,8,18,2021-06-26 18:00:00,6,HelpDesk,6,Saturday
Juliet,4,1.0,1.0,7,4,31,2021-06-21,13,2021-06-21 13:00:00,Handling,3,5,17,2021-06-21 17:00:00,4,Receiving,1,Monday
Juliet,27,1.0,1.0,7,4,31,2021-06-23,12,2021-06-23 12:00:00,,3,8,17,2021-06-23 17:00:00,5,Packaging,3,Wednesday
Juliet,43,1.0,1.0,7,4,31,2021-06-25,8,2021-06-25 08:00:00,Handling,2,5,12,2021-06-25 12:00:00,4,Receiving,5,Friday
Kate,21,1.0,1.0,5,3,24,2021-06-23,6,2021-06-23 06:00:00,Supervising,3,8,12,2021-06-23 12:00:00,6,Dispatching,3,Wednesday
Kate,31,1.0,1.0,5,3,24,2021-06-24,6,2021-06-24 06:00:00,Supervising,3,8,12,2021-06-24 12:00:00,6,Dispatching,4,Thursday
Kate,41,1.0,1.0,5,3,24,2021-06-25,6,2021-06-25 06:00:00,Supervising,3,8,12,2021-06-25 12:00:00,6,Dispatching,5,Friday
Nancy,7,1.0,1.0,8,4,32,2021-06-21,12,2021-06-21 12:00:00,,3,8,17,2021-06-21 17:00:00,5,Packaging,1,Monday
Nancy,16,1.0,1.0,8,4,32,2021-06-22,8,2021-06-22 08:00:00,,3,8,12,2021-06-22 12:00:00,4,Packaging,2,Tuesday
Nancy,24,1.0,1.0,8,4,32,2021-06-23,13,2021-06-23 13:00:00,Handling,3,5,17,2021-06-23 17:00:00,4,Receiving,3,Wednesday
Nancy,33,1.0,1.0,8,4,32,2021-06-24,8,2021-06-24 08:00:00,Handling,2,5,12,2021-06-24 12:00:00,4,Receiving,4,Thursday
Nancy,44,1.0,1.0,8,4,32,2021-06-25,13,2021-06-25 13:00:00,Handling,3,5,17,2021-06-25 17:00:00,4,Receiving,5,Friday
Nathalie,1,1.0,1.0,9,5,38,2021-06-21,6,2021-06-21 06:00:00,Supervising,3,8,12,2021-06-21 12:00:00,6,Dispatching,1,Monday
Nathalie,11,1.0,1.0,9,5,38,2021-06-22,6,2021-06-22 06:00:00,Supervising,3,8,12,2021-06-22 12:00:00,6,Dispatching,2,Tuesday
Nathalie,21,1.0,1.0,9,5,38,2021-06-23,6,2021-06-23 06:00:00,Supervising,3,8,12,2021-06-23 12:00:00,6,Dispatching,3,Wednesday
Nathalie,41,1.0,1.0,9,5,38,2021-06-25,6,2021-06-25 06:00:00,Supervising,3,8,12,2021-06-25 12:00:00,6,Dispatching,5,Friday
Nathalie,52,1.0,1.0,9,5,38,2021-06-25,12,2021-06-26 12:00:00,CustomerFacing,4,8,18,2021-06-26 18:00:00,6,HelpDesk,6,Saturday
Nicole,5,1.0,1.0,0,2,14,2021-06-21,12,2021-06-21 12:00:00,Handling,3,8,18,2021-06-21 18:00:00,6,Shipping,1,Monday
Nicole,17,1.0,1.0,0,2,14,2021-06-22,12,2021-06-22 12:00:00,,3,8,17,2021-06-22 17:00:00,5,Packaging,2,Tuesday
Nicole,35,1.0,1.0,0,2,14,2021-06-24,12,2021-06-24 12:00:00,Handling,3,8,18,2021-06-24 18:00:00,6,Shipping,4,Thursday
Patricia,7,1.0,1.0,1,1,13,2021-06-21,12,2021-06-21 12:00:00,,3,8,17,2021-06-21 17:00:00,5,Packaging,1,Monday
Patricia,14,1.0,1.0,1,1,13,2021-06-22,13,2021-06-22 13:00:00,Handling,3,5,17,2021-06-22 17:00:00,4,Receiving,2,Tuesday
Patricia,37,1.0,1.0,1,1,13,2021-06-24,12,2021-06-24 12:00:00,,3,8,17,2021-06-24 17:00:00,5,Packaging,4,Thursday
Patricia,44,1.0,1.0,1,1,13,2021-06-25,13,2021-06-25 13:00:00,Handling,3,5,17,2021-06-25 17:00:00,4,Receiving,5,Friday
Patrick,8,1.0,1.0,6,1,19,2021-06-21,8,2021-06-21 08:00:00,CustomerFacing,4,8,12,2021-06-21 12:00:00,4,HelpDesk,1,Monday
Patrick,18,1.0,1.0,6,1,19,2021-06-22,8,2021-06-22 08:00:00,CustomerFacing,4,8,12,2021-06-22 12:00:00,4,HelpDesk,2,Tuesday
Patrick,27,1.0,1.0,6,1,19,2021-06-23,12,2021-06-23 12:00:00,,3,8,17,2021-06-23 17:00:00,5,Packaging,3,Wednesday
Patrick,37,1.0,1.0,6,1,19,2021-06-24,12,2021-06-24 12:00:00,,3,8,17,2021-06-24 17:00:00,5,Packaging,4,Thursday
Patrick,47,1.0,1.0,6,1,19,2021-06-25,12,2021-06-25 12:00:00,,3,8,17,2021-06-25 17:00:00,5,Packaging,5,Friday
Roberta,4,1.0,1.0,3,5,26,2021-06-21,13,2021-06-21 13:00:00,Handling,3,5,17,2021-06-21 17:00:00,4,Receiving,1,Monday
Roberta,14,1.0,1.0,3,5,26,2021-06-22,13,2021-06-22 13:00:00,Handling,3,5,17,2021-06-22 17:00:00,4,Receiving,2,Tuesday
Roberta,26,1.0,1.0,3,5,26,2021-06-23,8,2021-06-23 08:00:00,,3,8,12,2021-06-23 12:00:00,4,Packaging,3,Wednesday
Roberta,34,1.0,1.0,3,5,26,2021-06-24,13,2021-06-24 13:00:00,Handling,3,5,17,2021-06-24 17:00:00,4,Receiving,4,Thursday
Suzanne,11,1.0,1.0,5,1,18,2021-06-22,6,2021-06-22 06:00:00,Supervising,3,8,12,2021-06-22 12:00:00,6,Dispatching,2,Tuesday
Suzanne,21,1.0,1.0,5,1,18,2021-06-23,6,2021-06-23 06:00:00,Supervising,3,8,12,2021-06-23 12:00:00,6,Dispatching,3,Wednesday
Suzanne,31,1.0,1.0,5,1,18,2021-06-24,6,2021-06-24 06:00:00,Supervising,3,8,12,2021-06-24 12:00:00,6,Dispatching,4,Thursday
Suzanne,41,1.0,1.0,5,1,18,2021-06-25,6,2021-06-25 06:00:00,Supervising,3,8,12,2021-06-25 12:00:00,6,Dispatching,5,Friday
Vickie,4,1.0,1.0,7,1,20,2021-06-21,13,2021-06-21 13:00:00,Handling,3,5,17,2021-06-21 17:00:00,4,Receiving,1,Monday
Vickie,13,1.0,1.0,7,1,20,2021-06-22,8,2021-06-22 08:00:00,Handling,2,5,12,2021-06-22 12:00:00,4,Receiving,2,Tuesday
Vickie,36,1.0,1.0,7,1,20,2021-06-24,8,2021-06-24 08:00:00,,3,8,12,2021-06-24 12:00:00,4,Packaging,4,Thursday
Wendie,9,1.0,1.0,5,2,21,2021-06-21,12,2021-06-21 12:00:00,CustomerFacing,4,8,17,2021-06-21 17:00:00,5,HelpDesk,1,Monday
Wendie,17,1.0,1.0,5,2,21,2021-06-22,12,2021-06-22 12:00:00,,3,8,17,2021-06-22 17:00:00,5,Packaging,2,Tuesday
Wendie,27,1.0,1.0,5,2,21,2021-06-23,12,2021-06-23 12:00:00,,3,8,17,2021-06-23 17:00:00,5,Packaging,3,Wednesday
Wendie,47,1.0,1.0,5,2,21,2021-06-25,12,2021-06-25 12:00:00,,3,8,17,2021-06-25 17:00:00,5,Packaging,5,Friday
Zoe,6,1.0,1.0,8,3,29,2021-06-21,8,2021-06-21 08:00:00,,3,8,12,2021-06-21 12:00:00,4,Packaging,1,Monday
Zoe,16,1.0,1.0,8,3,29,2021-06-22,8,2021-06-22 08:00:00,,3,8,12,2021-06-22 12:00:00,4,Packaging,2,Tuesday
Zoe,26,1.0,1.0,8,3,29,2021-06-23,8,2021-06-23 08:00:00,,3,8,12,2021-06-23 12:00:00,4,Packaging,3,Wednesday
Zoe,35,1.0,1.0,8,3,29,2021-06-24,12,2021-06-24 12:00:00,Handling,3,8,18,2021-06-24 18:00:00,6,Shipping,4,Thursday
Zoe,47,1.0,1.0,8,3,29,2021-06-25,12,2021-06-25 12:00:00,,3,8,17,2021-06-25 17:00:00,5,Packaging,5,Friday
