{"creationTime":1687855848201,"lastModificationTime":1687855863051,"state":"TERMINATED","solveConfig":{"containerId":"SimpleAssignment","solveParameters":{},"setupWebHook":{"verb":"GET","url":"https://internal-nginx-svc:12443/v1/cognitive/solve/preprocess/SimpleAssignment?projectId=9d08fb61-4c2d-4eaa-b28e-255cccbc8df8&parentId=ShiftAssignment","expectedStatus":200,"headers":{}},"tearDownWebHook":{"verb":"GET","url":"https://internal-nginx-svc:12443/v1/cognitive/solve/postprocess/SimpleAssignment?projectId=9d08fb61-4c2d-4eaa-b28e-255cccbc8df8&parentId=ShiftAssignment","expectedStatus":200,"headers":{}}},"jobDetails":{"id":"7638d089-d94e-43f0-a879-64401e1a0cff","createdAt":1687855851012,"startedAt":1687855851647,"endedAt":1687855854301,"submittedAt":1687855851012,"details":{"KPI.the number of Employee-Shift assignments":"130.0","MODEL_DETAIL_BOOLEAN_VARS":"1664","MODEL_DETAIL_CONSTRAINTS":"246","MODEL_DETAIL_CONTINUOUS_VARS":"0","MODEL_DETAIL_INTEGER_VARS":"0","MODEL_DETAIL_KPIS":"[\"the number of Employee-Shift assignments\"]","MODEL_DETAIL_NONZEROS":"4517","MODEL_DETAIL_OBJECTIVE_SENSE":"maximize","MODEL_DETAIL_TYPE":"MILP","PROGRESS_BEST_OBJECTIVE":"97630.0","PROGRESS_BEST_OBJECTIVE.history":"[[1687855853.9, 97630.0]]","PROGRESS_CURRENT_OBJECTIVE":"97630.0","PROGRESS_CURRENT_OBJECTIVE.history":"[[1687855853.9, 97630.0]]","PROGRESS_GAP":"0.0","PROGRESS_GAP.history":"[[1687855853.9, 0.0]]","STAT.cplex.modelType":"MILP","STAT.cplex.size.booleanVariables":"1664","STAT.cplex.size.constraints":"246","STAT.cplex.size.continousVariables":"0","STAT.cplex.size.integerVariables":"0","STAT.cplex.size.linearConstraints":"246","STAT.cplex.size.quadraticConstraints":"0","STAT.cplex.size.variables":"1664","STAT.job.coresCount":"1","STAT.job.inputsReadMs":"1966","STAT.job.memoryPeakKB":"115128","STAT.job.modelProcessingMs":"296","STAT.job.outputsWriteMs":"139"},"executionStatus":"PROCESSED","solveStatus":"OPTIMAL_SOLUTION","logTail":["[2023-06-27T08:50:53.900Z, INFO] Legacy callback                                  i","[2023-06-27T08:50:53.900Z, INFO] Found incumbent of value 0.000000 after 0.00 sec. (0.04 ticks)","[2023-06-27T08:50:53.900Z, INFO] Tried aggregator 1 time.","[2023-06-27T08:50:53.901Z, INFO] MIP Presolve eliminated 92 rows and 1086 columns.","[2023-06-27T08:50:53.901Z, INFO] Reduced MIP has 154 rows, 578 columns, and 1156 nonzeros.","[2023-06-27T08:50:53.902Z, INFO] Reduced MIP has 578 binaries, 0 generals, 0 SOSs, and 0 indicators.","[2023-06-27T08:50:53.902Z, INFO] Presolve time = 0.00 sec. (1.51 ticks)","[2023-06-27T08:50:53.903Z, INFO] Probing time = 0.00 sec. (0.25 ticks)","[2023-06-27T08:50:53.903Z, INFO] Tried aggregator 1 time.","[2023-06-27T08:50:53.904Z, INFO] MIP Presolve eliminated 122 rows and 449 columns.","[2023-06-27T08:50:53.904Z, INFO] Reduced MIP has 32 rows, 129 columns, and 258 nonzeros.","[2023-06-27T08:50:53.904Z, INFO] Reduced MIP has 129 binaries, 0 generals, 0 SOSs, and 0 indicators.","[2023-06-27T08:50:53.905Z, INFO] Presolve time = 0.00 sec. (0.34 ticks)","[2023-06-27T08:50:53.906Z, INFO] Probing time = 0.00 sec. (0.06 ticks)","[2023-06-27T08:50:53.906Z, INFO] Tried aggregator 1 time.","[2023-06-27T08:50:53.906Z, INFO] Detecting symmetries...","[2023-06-27T08:50:53.907Z, INFO] Reduced MIP has 32 rows, 129 columns, and 258 nonzeros.","[2023-06-27T08:50:53.907Z, INFO] Reduced MIP has 129 binaries, 0 generals, 0 SOSs, and 0 indicators.","[2023-06-27T08:50:53.908Z, INFO] Presolve time = 0.00 sec. (0.27 ticks)","[2023-06-27T08:50:53.908Z, INFO] Probing time = 0.00 sec. (0.06 ticks)","[2023-06-27T08:50:53.908Z, INFO] Clique table members: 24.","[2023-06-27T08:50:53.909Z, INFO] MIP emphasis: balance optimality and feasibility.","[2023-06-27T08:50:53.909Z, INFO] MIP search method: dynamic search.","[2023-06-27T08:50:53.910Z, INFO] Parallel mode: none, using 1 thread.","[2023-06-27T08:50:53.910Z, INFO] Root relaxation solution time = 0.00 sec. (0.17 ticks)","[2023-06-27T08:50:53.910Z, INFO] ","[2023-06-27T08:50:53.911Z, INFO]         Nodes                                         Cuts/","[2023-06-27T08:50:53.911Z, INFO]    Node  Left     Objective  IInf  Best Integer    Best Bound    ItCnt     Gap","[2023-06-27T08:50:53.911Z, INFO] ","[2023-06-27T08:50:53.912Z, INFO] *     0+    0                        79606.0000   176485.0000           121.70%","[2023-06-27T08:50:53.912Z, INFO] *     0     0      integral     0    97630.0000    97630.0000       64    0.00%","[2023-06-27T08:50:53.912Z, INFO] Elapsed time = 0.01 sec. (8.80 ticks, tree = 0.00 MB, solutions = 3)","[2023-06-27T08:50:53.913Z, INFO] ","[2023-06-27T08:50:53.913Z, INFO] Root node processing (before b&c):","[2023-06-27T08:50:53.913Z, INFO]   Real time             =    0.01 sec. (8.88 ticks)","[2023-06-27T08:50:53.914Z, INFO] Sequential b&c:","[2023-06-27T08:50:53.914Z, INFO]   Real time             =    0.00 sec. (0.00 ticks)","[2023-06-27T08:50:53.915Z, INFO]                           ------------","[2023-06-27T08:50:53.915Z, INFO] Total (root+branch&cut) =    0.01 sec. (8.88 ticks)","[2023-06-27T08:50:53.917Z, INFO] Solve status: JobSolveStatus.OPTIMAL_SOLUTION","[2023-06-27T08:50:53.917Z, INFO] * model docplex_model1 solved with objective = 97630.000","[2023-06-27T08:50:53.917Z, INFO] *  KPI: the number of Employee-Shift assignments = 130.000","[2023-06-27T08:50:53.918Z, INFO] model solve done in 0.028759002685546875 secs","[2023-06-27T08:50:53.991Z, INFO] solution export done in 0.029857873916625977 secs","[2023-06-27T08:50:53.992Z, INFO] AssignedShifts.csv"]},"runtimeDetails":{"state":"STARTED"},"taskSetupMillis":2752,"taskSolveMillis":10084,"taskTearDownMillis":1010,"jobSpaceId":"3d14a570-f6e3-4665-bd9b-5b4b94d83c31","jobDeploymentId":"f70d6e8e-8088-4af6-a037-044e49ce750b","jobId":"7638d089-d94e-43f0-a879-64401e1a0cff","ping":1687855848331}