{"creationTime":1690880316069,"lastModificationTime":1690880354509,"state":"TERMINATED","solveConfig":{"containerId":"scenario 4","solveParameters":{"oaas.logAttachmentName":"log.txt","oaas.logTailEnabled":"true"},"setupWebHook":{"verb":"GET","url":"https://internal.api.dataplatform.test.cloud.ibm.com/v1/cognitive/solve/preprocess/scenario%204?projectId=234d5525-b0c4-41e7-b340-d72389121295&parentId=MarketingCampaignAssignment","expectedStatus":200,"headers":{}},"tearDownWebHook":{"verb":"GET","url":"https://internal.api.dataplatform.test.cloud.ibm.com/v1/cognitive/solve/postprocess/scenario%204?projectId=234d5525-b0c4-41e7-b340-d72389121295&parentId=MarketingCampaignAssignment","expectedStatus":200,"headers":{}}},"jobDetails":{"id":"4ab1457c-2ca3-465a-9c59-7fa4d51c76c7","createdAt":1690880322888,"startedAt":1690880343011,"endedAt":1690880346868,"submittedAt":1690880322888,"details":{"KPI.overall quality or value of Customer-Campaign assignments according to Candidates":"715.0","KPI.the number of Customer-Campaign assignments":"9.0","MODEL_DETAIL_BOOLEAN_VARS":"27","MODEL_DETAIL_CONSTRAINTS":"15","MODEL_DETAIL_CONTINUOUS_VARS":"0","MODEL_DETAIL_INTEGER_VARS":"0","MODEL_DETAIL_KPIS":"[\"the number of Customer-Campaign assignments\", \"overall quality or value of Customer-Campaign assignments according to Candidates\"]","MODEL_DETAIL_NONZEROS":"57","MODEL_DETAIL_OBJECTIVE_SENSE":"maximize","MODEL_DETAIL_TYPE":"MILP","PROGRESS_BEST_OBJECTIVE":"11584.0","PROGRESS_BEST_OBJECTIVE.history":"[[1690880346.06, 11584.0]]","PROGRESS_CURRENT_OBJECTIVE":"11584.0","PROGRESS_CURRENT_OBJECTIVE.history":"[[1690880346.06, 11584.0]]","PROGRESS_GAP":"0.0","PROGRESS_GAP.history":"[[1690880346.06, 0.0]]","STAT.cplex.modelType":"MILP","STAT.cplex.size.booleanVariables":"27","STAT.cplex.size.constraints":"15","STAT.cplex.size.continousVariables":"0","STAT.cplex.size.integerVariables":"0","STAT.cplex.size.linearConstraints":"15","STAT.cplex.size.quadraticConstraints":"0","STAT.cplex.size.variables":"27","STAT.job.coresCount":"1","STAT.job.inputsReadMs":"2566","STAT.job.memoryPeakKB":"114556","STAT.job.modelProcessingMs":"376","STAT.job.outputsWriteMs":"485"},"executionStatus":"PROCESSED","solveStatus":"OPTIMAL_SOLUTION","logTail":["[2023-08-01T08:59:06.102Z, INFO] WARNING: Number of workers has been reduced to 1 to comply with platform limitations.","[2023-08-01T08:59:06.103Z, INFO] Version identifier: 22.1.1.0 | 2023-06-15 | d64d5bd77","[2023-08-01T08:59:06.105Z, INFO] CPXPARAM_Read_DataCheck                          1","[2023-08-01T08:59:06.107Z, INFO] CPXPARAM_Threads                                 1","[2023-08-01T08:59:06.108Z, INFO] CPXPARAM_TimeLimit                               120","[2023-08-01T08:59:06.119Z, INFO] Legacy callback                                  i","[2023-08-01T08:59:06.120Z, INFO] Tried aggregator 1 time.","[2023-08-01T08:59:06.122Z, INFO] MIP Presolve eliminated 4 rows and 5 columns.","[2023-08-01T08:59:06.123Z, INFO] Reduced MIP has 11 rows, 22 columns, and 44 nonzeros.","[2023-08-01T08:59:06.124Z, INFO] Reduced MIP has 22 binaries, 0 generals, 0 SOSs, and 0 indicators.","[2023-08-01T08:59:06.139Z, INFO] Presolve time = 0.00 sec. (0.03 ticks)","[2023-08-01T08:59:06.142Z, INFO] Found incumbent of value 1616.000000 after 0.00 sec. (0.04 ticks)","[2023-08-01T08:59:06.143Z, INFO] Probing time = 0.00 sec. (0.01 ticks)","[2023-08-01T08:59:06.144Z, INFO] Tried aggregator 1 time.","[2023-08-01T08:59:06.145Z, INFO] Detecting symmetries...","[2023-08-01T08:59:06.146Z, INFO] Reduced MIP has 11 rows, 22 columns, and 44 nonzeros.","[2023-08-01T08:59:06.147Z, INFO] Reduced MIP has 22 binaries, 0 generals, 0 SOSs, and 0 indicators.","[2023-08-01T08:59:06.158Z, INFO] Presolve time = 0.00 sec. (0.03 ticks)","[2023-08-01T08:59:06.160Z, INFO] Probing time = 0.00 sec. (0.01 ticks)","[2023-08-01T08:59:06.161Z, INFO] Clique table members: 8.","[2023-08-01T08:59:06.162Z, INFO] MIP emphasis: balance optimality and feasibility.","[2023-08-01T08:59:06.163Z, INFO] MIP search method: dynamic search.","[2023-08-01T08:59:06.164Z, INFO] Parallel mode: none, using 1 thread.","[2023-08-01T08:59:06.166Z, INFO] Root relaxation solution time = 0.00 sec. (0.02 ticks)","[2023-08-01T08:59:06.167Z, INFO] ","[2023-08-01T08:59:06.168Z, INFO]         Nodes                                         Cuts/","[2023-08-01T08:59:06.179Z, INFO]    Node  Left     Objective  IInf  Best Integer    Best Bound    ItCnt     Gap","[2023-08-01T08:59:06.180Z, INFO] ","[2023-08-01T08:59:06.181Z, INFO] *     0+    0                         1616.0000    26128.0000              --- ","[2023-08-01T08:59:06.182Z, INFO] *     0     0      integral     0    11584.0000    11584.0000        9    0.00%","[2023-08-01T08:59:06.183Z, INFO] Elapsed time = 0.00 sec. (0.13 ticks, tree = 0.00 MB, solutions = 2)","[2023-08-01T08:59:06.185Z, INFO] ","[2023-08-01T08:59:06.186Z, INFO] Root node processing (before b&c):","[2023-08-01T08:59:06.187Z, INFO]   Real time             =    0.00 sec. (0.13 ticks)","[2023-08-01T08:59:06.188Z, INFO] Sequential b&c:","[2023-08-01T08:59:06.199Z, INFO]   Real time             =    0.00 sec. (0.00 ticks)","[2023-08-01T08:59:06.201Z, INFO]                           ------------","[2023-08-01T08:59:06.202Z, INFO] Total (root+branch&cut) =    0.00 sec. (0.13 ticks)","[2023-08-01T08:59:06.211Z, INFO] Solve status: JobSolveStatus.OPTIMAL_SOLUTION","[2023-08-01T08:59:06.212Z, INFO] * model docplex_model1 solved with objective = 11584.000","[2023-08-01T08:59:06.220Z, INFO] *  KPI: the number of Customer-Campaign assignments                                       = 9.000","[2023-08-01T08:59:06.221Z, INFO] *  KPI: overall quality or value of Customer-Campaign assignments according to Candidates = 715.000","[2023-08-01T08:59:06.223Z, INFO] model solve done in 0.01221156120300293 secs","[2023-08-01T08:59:06.224Z, INFO] solution export done in 0.006653308868408203 secs","[2023-08-01T08:59:06.225Z, INFO] AssignedCampaigns.csv"]},"taskSetupMillis":6680,"taskSolveMillis":25310,"taskTearDownMillis":3835,"jobSpaceId":"97b8836e-1fbc-4af4-9adb-e5ae5fa3f705","jobDeploymentId":"43431b39-aece-4a78-b162-ac87539c2119","jobId":"4ab1457c-2ca3-465a-9c59-7fa4d51c76c7","ping":1690880347458}