{"creationTime":1690879849450,"lastModificationTime":1690879878981,"state":"TERMINATED","solveConfig":{"containerId":"Scenario 1","solveParameters":{}},"jobDetails":{"id":"d85539cf-9a2d-4b06-aec8-d7a296ebe59c","createdAt":1690879855935,"startedAt":1690879872313,"endedAt":1690879875023,"submittedAt":1690879855935,"details":{"MODEL_DETAIL_BOOLEAN_VARS":"0","MODEL_DETAIL_CONSTRAINTS":"5","MODEL_DETAIL_CONTINUOUS_VARS":"6","MODEL_DETAIL_INTEGER_VARS":"0","MODEL_DETAIL_LINEAR_CONSTRAINTS":"5","MODEL_DETAIL_NON_ZEROS":"12","MODEL_DETAIL_OBJECTIVE_SENSE":"minimize","MODEL_DETAIL_QUADRATIC_CONSTRAINTS":"0","MODEL_DETAIL_TYPE":"LP","PROGRESS_BEST_OBJECTIVE.history":"[]","PROGRESS_CURRENT_OBJECTIVE":"372","PROGRESS_CURRENT_OBJECTIVE.history":"[[1.690879874352E9,372]]","PROGRESS_GAP.history":"[]","STAT.cplex.modelType":"LP","STAT.cplex.size.booleanVariables":"0","STAT.cplex.size.constraints":"5","STAT.cplex.size.continousVariables":"6","STAT.cplex.size.integerVariables":"0","STAT.cplex.size.linearConstraints":"5","STAT.cplex.size.quadraticConstraints":"0","STAT.cplex.size.variables":"6","STAT.job.coresCount":"1","STAT.job.inputsReadMs":"1202","STAT.job.memoryPeakKB":"119900","STAT.job.modelProcessingMs":"902","STAT.job.outputsWriteMs":"415"},"executionStatus":"PROCESSED","solveStatus":"OPTIMAL_SOLUTION","logTail":["[2023-08-01T08:51:14.035Z, INFO] No such element: 'input' in OPL model input data.","[2023-08-01T08:51:14.273Z, INFO] Initialization of Products.","[2023-08-01T08:51:14.274Z, INFO] Initialization of TProduct.","[2023-08-01T08:51:14.274Z, INFO] Initialization of Consumptions.","[2023-08-01T08:51:14.275Z, INFO] Initialization of TConsumption.","[2023-08-01T08:51:14.276Z, INFO] Initialization of Resources.","[2023-08-01T08:51:14.277Z, INFO] Initialization of TResource.","[2023-08-01T08:51:14.277Z, INFO] Initialization of totalInsideCost.","[2023-08-01T08:51:14.278Z, INFO] Initialization of Inside.","[2023-08-01T08:51:14.279Z, INFO] Initialization of totalOutsideCost.","[2023-08-01T08:51:14.280Z, INFO] Initialization of Outside.","[2023-08-01T08:51:14.291Z, INFO] Initialization of ctCapacity.","[2023-08-01T08:51:14.292Z, INFO] Initialization of ctDemand.","[2023-08-01T08:51:14.334Z, WARNING] Effective number of workers to be used for solve has been updated to: '1' (original value was: '0')","[2023-08-01T08:51:14.340Z, INFO] Version identifier: 22.1.1.0 | 2023-06-15 | d64d5bd77","[2023-08-01T08:51:14.352Z, INFO] CPXPARAM_Threads                                 1","[2023-08-01T08:51:14.374Z, INFO] Tried aggregator 1 time.","[2023-08-01T08:51:14.412Z, INFO] No LP presolve or aggregator reductions.","[2023-08-01T08:51:14.413Z, INFO] Presolve time = 0.00 sec. (0.00 ticks)","[2023-08-01T08:51:14.432Z, INFO] Iteration log . . .","[2023-08-01T08:51:14.433Z, INFO] Iteration:     1   Dual objective     =            90.000000","[2023-08-01T08:51:14.460Z, INFO] attachment : stats.csv","[2023-08-01T08:51:14.511Z, INFO] Initialization of plan.","[2023-08-01T08:51:14.512Z, INFO] Initialization of TPlannedProduction.","[2023-08-01T08:51:14.512Z, INFO] Initialization of plan.","[2023-08-01T08:51:14.516Z, INFO] attachment : plan.csv","[2023-08-01T08:51:14.535Z, INFO] Total time spent in post processing: 1 msecs.","[2023-08-01T08:51:14.536Z, INFO] Solve finished with status: OPTIMAL_SOLUTION."]},"taskSetupMillis":6324,"taskSolveMillis":20296,"taskTearDownMillis":1,"jobSpaceId":"97b8836e-1fbc-4af4-9adb-e5ae5fa3f705","jobDeploymentId":"722430f1-c1d7-4de1-a28a-54ff3cbeb87a","jobId":"d85539cf-9a2d-4b06-aec8-d7a296ebe59c","ping":1690879881091}