<?xml version="1.0" encoding="utf-8"?><CPLEXSolution version="1.2"><header primalFeasible="1" solutionTypeValue="1" solutionMethodString="dual" writeLevel="1" objectiveValue="2.6904091716962637" solutionTypeString="basic" problemName="model.lp" solutionStatusString="optimal" solutionStatusValue="1" simplexIterations="3" dualFeasible="1"></header><quality maxPi="0.026673346086024577" maxRedCost="0.48611933803276086" epRHS="9.9999999999999995e-07" maxDualResidual="1.1796119636642288e-16" maxX="41481.567457514182" maxPrimalResidual="1.1368683772161603e-13" maxPrimalInfeas="0" maxSlack="0" kappa="4.5217531406433773" epOpt="9.9999999999999995e-07" maxDualInfeas="0"></quality><linearConstraints><constraint dual="0.0012549782286529975" slack="0" name="c1" index="0" status="LL"/><constraint dual="0.0002625434401323112" slack="0" name="c2" index="1" status="LL"/><constraint dual="-0" slack="0" name="c3" index="2" status="LL"/><constraint dual="-0" slack="0" name="c4" index="3" status="LL"/><constraint dual="0.026673346086024577" slack="0" name="c5" index="4" status="LL"/><constraint dual="-0" slack="0" name="c6" index="5" status="LL"/><constraint dual="-0" slack="0" name="c7" index="6" status="LL"/></linearConstraints><variables><variable reducedCost="0.48611933803276086" name="Roasted_Chicken" index="0" value="0" status="LL"/><variable reducedCost="0" name="Spaghetti_W__Sauce" index="1" value="2.1551724137931036" status="BS"/><variable reducedCost="0.19865110785149795" name="Tomato,Red,Ripe,Raw" index="2" value="0" status="LL"/><variable reducedCost="0.036606720300071643" name="Apple,Raw,W_Skin" index="3" value="0" status="LL"/><variable reducedCost="0.29482251183368496" name="Grapes" index="4" value="0" status="LL"/><variable reducedCost="-0.069641568986619426" name="Chocolate_Chip_Cookies" index="5" value="10" status="UL"/><variable reducedCost="0" name="Lowfat_Milk" index="6" value="1.8311671008899097" status="BS"/><variable reducedCost="0.08547181116023489" name="Raisin_Brn" index="7" value="0" status="LL"/><variable reducedCost="0" name="Hotdog" index="8" value="0.92969759913859251" status="BS"/><variable reducedCost="0.0012549782286529975" name="Rgc1" index="9" value="-500" status="LL"/><variable reducedCost="0.0002625434401323112" name="Rgc2" index="10" value="-800" status="LL"/><variable reducedCost="0" name="Rgc3" index="11" value="-18.721682260168105" status="BS"/><variable reducedCost="0" name="Rgc4" index="12" value="-41481.567457514182" status="BS"/><variable reducedCost="0.026673346086024577" name="Rgc5" index="13" value="-75" status="LL"/><variable reducedCost="0" name="Rgc6" index="14" value="-43.194236410955455" status="BS"/><variable reducedCost="0" name="Rgc7" index="15" value="-48.82627765864693" status="BS"/></variables><objectiveValues><objective name="obj" index="0" value="2.6904091716962641"></objective></objectiveValues></CPLEXSolution>