{"qualifiers":[{"name":"modelType","value":"python"}],"categories":{"output":{"assets":{"my_kpis.csv":{"type":"Table"},"solution.json":{"type":"Asset"},"works.csv":{"type":"Table"},"stats.csv":{"type":"Table"},"kpis.csv":{"type":"Table"},"log.txt":{"type":"Asset"},"starts.csv":{"type":"Table"},"nr.csv":{"type":"Table"}}},"input":{"assets":{"resources.csv":{"type":"Table"},"demands.csv":{"type":"Table"}}},"model":{"assets":{"model.py":{"type":"Asset"}}},"dashboard-file":{"assets":{"dashboard.json":{"type":"Asset"}}}},"category":"scenario"}