{"creationTime":1622213382689,"lastModificationTime":1622213382689,"state":"TERMINATED","solveConfig":{"containerId":"Copy 04","solveParameters":{"oaas.logAttachmentName":"log.txt","oaas.logTailEnabled":"true"}},"jobDetails":{"id":"645e4cc2-c0c0-4ecd-b4bf-3cb1c0d023ee","createdAt":1600789926833,"startedAt":1600789927649,"endedAt":1600789933820,"submittedAt":1600789926833,"details":{"KPI.Nb Fix Used":"37.0","KPI.Nb Temp Used":"14.0","KPI.Total Cost":"4540.0","MODEL_DETAIL_BOOLEAN_VARS":"0","MODEL_DETAIL_CONSTRAINTS":"588","MODEL_DETAIL_CONTINUOUS_VARS":"0","MODEL_DETAIL_INTEGER_VARS":"774","MODEL_DETAIL_KPIS":"[\"Total Cost\", \"Nb Fix Used\", \"Nb Temp Used\"]","MODEL_DETAIL_NONZEROS":"6234","MODEL_DETAIL_OBJECTIVE_SENSE":"minimize","MODEL_DETAIL_TYPE":"MILP","PROGRESS_BEST_OBJECTIVE":"4540.0","PROGRESS_BEST_OBJECTIVE.history":"[[1600789931.55, 4540.0]]","PROGRESS_CURRENT_OBJECTIVE":"4540.0","PROGRESS_CURRENT_OBJECTIVE.history":"[[1600789931.55, 4540.0]]","PROGRESS_GAP":"0.0","PROGRESS_GAP.history":"[[1600789931.55, 0.0]]","STAT.cplex.modelType":"MILP","STAT.cplex.size.booleanVariables":"0","STAT.cplex.size.constraints":"588","STAT.cplex.size.continousVariables":"0","STAT.cplex.size.integerVariables":"774","STAT.cplex.size.linearConstraints":"588","STAT.cplex.size.quadraticConstraints":"0","STAT.cplex.size.variables":"774"},"executionStatus":"PROCESSED","solveStatus":"OPTIMAL_SOLUTION","logTail":["[2020-09-22T15:52:11Z, INFO] WARNING: Number of workers has been reduced to 1 to comply with platform limitations.","[2020-09-22T15:52:11Z, INFO] Version identifier: 12.10.0.0 | 2020-01-09 | 0d94640","[2020-09-22T15:52:11Z, INFO] CPXPARAM_Read_DataCheck                          1","[2020-09-22T15:52:11Z, INFO] CPXPARAM_Threads                                 1","[2020-09-22T15:52:11Z, INFO] CPXPARAM_RandomSeed                              201903125","[2020-09-22T15:52:11Z, INFO] Tried aggregator 2 times.","[2020-09-22T15:52:11Z, INFO] MIP Presolve eliminated 218 rows and 93 columns.","[2020-09-22T15:52:11Z, INFO] Aggregator did 247 substitutions.","[2020-09-22T15:52:11Z, INFO] Reduced MIP has 123 rows, 295 columns, and 3604 nonzeros.","[2020-09-22T15:52:11Z, INFO] Reduced MIP has 0 binaries, 295 generals, 0 SOSs, and 0 indicators.","[2020-09-22T15:52:11Z, INFO] Presolve time = 0.01 sec. (3.90 ticks)","[2020-09-22T15:52:11Z, INFO] Found incumbent of value 4780.000000 after 0.01 sec. (8.50 ticks)","[2020-09-22T15:52:11Z, INFO] Tried aggregator 1 time.","[2020-09-22T15:52:11Z, INFO] Detecting symmetries...","[2020-09-22T15:52:11Z, INFO] Reduced MIP has 123 rows, 295 columns, and 3604 nonzeros.","[2020-09-22T15:52:11Z, INFO] Reduced MIP has 0 binaries, 295 generals, 0 SOSs, and 0 indicators.","[2020-09-22T15:52:11Z, INFO] Presolve time = 0.00 sec. (1.45 ticks)","[2020-09-22T15:52:11Z, INFO] MIP emphasis: balance optimality and feasibility.","[2020-09-22T15:52:11Z, INFO] MIP search method: dynamic search.","[2020-09-22T15:52:11Z, INFO] Parallel mode: none, using 1 thread.","[2020-09-22T15:52:11Z, INFO] Root relaxation solution time = 0.00 sec. (0.65 ticks)","[2020-09-22T15:52:11Z, INFO] ","[2020-09-22T15:52:11Z, INFO]         Nodes                                         Cuts/","[2020-09-22T15:52:11Z, INFO]    Node  Left     Objective  IInf  Best Integer    Best Bound    ItCnt     Gap","[2020-09-22T15:52:11Z, INFO] *     0+    0                         4780.0000     1000.0000            79.08%","[2020-09-22T15:52:11Z, INFO] *     0     0      integral     0     4540.0000     4540.0000       55    0.00%","[2020-09-22T15:52:11Z, INFO] Elapsed time = 0.01 sec. (11.20 ticks, tree = 0.00 MB, solutions = 2)","[2020-09-22T15:52:11Z, INFO] ","[2020-09-22T15:52:11Z, INFO] Root node processing (before b&c):","[2020-09-22T15:52:11Z, INFO]   Real time             =    0.01 sec. (11.23 ticks)","[2020-09-22T15:52:11Z, INFO] Sequential b&c:","[2020-09-22T15:52:11Z, INFO]   Real time             =    0.00 sec. (0.00 ticks)","[2020-09-22T15:52:11Z, INFO]                           ------------","[2020-09-22T15:52:11Z, INFO] Total (root+branch&cut) =    0.01 sec. (11.23 ticks)","[2020-09-22T15:52:11Z, INFO]   Feasible 4540.0","[2020-09-22T15:52:11Z, INFO] starts.csv","[2020-09-22T15:52:11Z, INFO] works.csv","[2020-09-22T15:52:11Z, INFO] nr.csv"]},"runtimeDetails":{"state":"STARTED"},"taskSetupMillis":6216,"taskSolveMillis":6686,"taskTearDownMillis":1,"jobSpaceId":"8244b7aa-de54-4cf1-bd1f-bc80bb9f48cc","jobId":"645e4cc2-c0c0-4ecd-b4bf-3cb1c0d023ee","ping":1600789921371}