{"creationTime":1645199886072,"lastModificationTime":1645199893487,"state":"TERMINATED","solveConfig":{"containerId":"Copy 04","solveParameters":{"oaas.logAttachmentName":"log.txt","oaas.logTailEnabled":"true"}},"jobDetails":{"id":"9aea7e81-03c3-4b0b-82d4-fbafc6299986","createdAt":1645199888300,"startedAt":1645199889090,"endedAt":1645199892141,"submittedAt":1645199888300,"details":{"KPI.Nb Fix Used":"38.0","KPI.Nb Temp Used":"14.0","KPI.Total Cost":"4640.0","MODEL_DETAIL_BOOLEAN_VARS":"0","MODEL_DETAIL_CONSTRAINTS":"588","MODEL_DETAIL_CONTINUOUS_VARS":"0","MODEL_DETAIL_INTEGER_VARS":"774","MODEL_DETAIL_KPIS":"[\"Total Cost\", \"Nb Fix Used\", \"Nb Temp Used\"]","MODEL_DETAIL_NONZEROS":"6234","MODEL_DETAIL_OBJECTIVE_SENSE":"minimize","MODEL_DETAIL_TYPE":"MILP","PROGRESS_BEST_OBJECTIVE":"4640.0","PROGRESS_BEST_OBJECTIVE.history":"[[1645199890.91, 4640.0]]","PROGRESS_CURRENT_OBJECTIVE":"4640.0","PROGRESS_CURRENT_OBJECTIVE.history":"[[1645199890.91, 4640.0]]","PROGRESS_GAP":"0.0","PROGRESS_GAP.history":"[[1645199890.91, 0.0]]","STAT.cplex.modelType":"MILP","STAT.cplex.size.booleanVariables":"0","STAT.cplex.size.constraints":"588","STAT.cplex.size.continousVariables":"0","STAT.cplex.size.integerVariables":"774","STAT.cplex.size.linearConstraints":"588","STAT.cplex.size.quadraticConstraints":"0","STAT.cplex.size.variables":"774","STAT.job.coresCount":"1","STAT.job.inputsReadMs":"1255","STAT.job.memoryPeakKB":"102588","STAT.job.modelProcessingMs":"578","STAT.job.outputsWriteMs":"1115"},"executionStatus":"PROCESSED","solveStatus":"OPTIMAL_SOLUTION","logTail":["[2022-02-18T15:58:10Z, WARNING] Support for Python 3.8 is now enabled with pandas 1.2.4 libraries.","[2022-02-18T15:58:10Z, INFO] WARNING: Number of workers has been reduced to 1 to comply with platform limitations.","[2022-02-18T15:58:10Z, INFO] Version identifier: 20.1.0.1 | 2021-12-07 | 9dfdf6686","[2022-02-18T15:58:10Z, INFO] CPXPARAM_Read_DataCheck                          1","[2022-02-18T15:58:10Z, INFO] CPXPARAM_Threads                                 1","[2022-02-18T15:58:10Z, INFO] Legacy callback                                  i","[2022-02-18T15:58:10Z, INFO] Tried aggregator 2 times.","[2022-02-18T15:58:10Z, INFO] MIP Presolve eliminated 209 rows and 90 columns.","[2022-02-18T15:58:10Z, INFO] Aggregator did 253 substitutions.","[2022-02-18T15:58:10Z, INFO] Reduced MIP has 126 rows, 298 columns, and 3689 nonzeros.","[2022-02-18T15:58:10Z, INFO] Reduced MIP has 0 binaries, 298 generals, 0 SOSs, and 0 indicators.","[2022-02-18T15:58:10Z, INFO] Presolve time = 0.00 sec. (3.89 ticks)","[2022-02-18T15:58:10Z, INFO] Found incumbent of value 4780.000000 after 0.01 sec. (8.51 ticks)","[2022-02-18T15:58:10Z, INFO] Tried aggregator 1 time.","[2022-02-18T15:58:10Z, INFO] Detecting symmetries...","[2022-02-18T15:58:10Z, INFO] Reduced MIP has 126 rows, 298 columns, and 3689 nonzeros.","[2022-02-18T15:58:10Z, INFO] Reduced MIP has 0 binaries, 298 generals, 0 SOSs, and 0 indicators.","[2022-02-18T15:58:10Z, INFO] Presolve time = 0.00 sec. (1.46 ticks)","[2022-02-18T15:58:10Z, INFO] MIP emphasis: balance optimality and feasibility.","[2022-02-18T15:58:10Z, INFO] MIP search method: dynamic search.","[2022-02-18T15:58:10Z, INFO] Parallel mode: none, using 1 thread.","[2022-02-18T15:58:10Z, INFO] Root relaxation solution time = 0.00 sec. (0.80 ticks)","[2022-02-18T15:58:10Z, INFO] ","[2022-02-18T15:58:10Z, INFO]         Nodes                                         Cuts/","[2022-02-18T15:58:10Z, INFO]    Node  Left     Objective  IInf  Best Integer    Best Bound    ItCnt     Gap","[2022-02-18T15:58:10Z, INFO] ","[2022-02-18T15:58:10Z, INFO] *     0+    0                         4780.0000     1000.0000            79.08%","[2022-02-18T15:58:10Z, INFO] *     0     0      integral     0     4640.0000     4640.0000       67    0.00%","[2022-02-18T15:58:10Z, INFO] Elapsed time = 0.01 sec. (11.34 ticks, tree = 0.00 MB, solutions = 2)","[2022-02-18T15:58:10Z, INFO] ","[2022-02-18T15:58:10Z, INFO] Root node processing (before b&c):","[2022-02-18T15:58:10Z, INFO]   Real time             =    0.01 sec. (11.37 ticks)","[2022-02-18T15:58:10Z, INFO] Sequential b&c:","[2022-02-18T15:58:10Z, INFO]   Real time             =    0.00 sec. (0.00 ticks)","[2022-02-18T15:58:10Z, INFO]                           ------------","[2022-02-18T15:58:10Z, INFO] Total (root+branch&cut) =    0.01 sec. (11.37 ticks)","[2022-02-18T15:58:10Z, INFO]   Feasible 4640.0","[2022-02-18T15:58:10Z, INFO] starts.csv","[2022-02-18T15:58:10Z, INFO] works.csv","[2022-02-18T15:58:10Z, INFO] nr.csv"]},"runtimeDetails":{"state":"STARTED"},"taskSetupMillis":1969,"taskSolveMillis":4582,"taskTearDownMillis":1,"jobSpaceId":"c765df71-66f6-497c-afac-f8a3ee8f12d4","jobDeploymentId":"b6839822-3047-4216-a4ca-de79cb90189e","jobId":"9aea7e81-03c3-4b0b-82d4-fbafc6299986","ping":1645199886392}