{"retry":0,"creationTime":1527264558081,"lastModificationTime":1527264560748,"state":"TERMINATED","solveConfig":{"containerId":"Copy 02","collectEngineLog":true,"solveParameters":{"oaas.logAttachmentName":"log.txt","oaas.logTailEnabled":"true"}},"jobId":"job.21a13e90-4e45-4a69-95c8-dbbdac046f20","transactionId":"5aa664b2-5daa-4d30-be85-e5fbdce49ec1","dataContainerId":"a324a9de-2707-4392-a530-bea0140cec98","jobDetails":{"id":"job.21a13e90-4e45-4a69-95c8-dbbdac046f20","createdAt":1527264558316,"startedAt":1527264558405,"endedAt":1527264560432,"endReportedAt":1527264560459,"submittedAt":1527264558316,"updatedAt":1527264560432,"applicationVersionUsed":"1.0-release_to_dsxl_ce-b3","details":{"MODEL_DETAIL_BOOLEAN_VARS":"0","MODEL_DETAIL_CONSTRAINTS":"588","MODEL_DETAIL_CONTINUOUS_VARS":"0","MODEL_DETAIL_KPIS":"[\"Total Cost\", \"Nb Fix Used\", \"Nb Temp Used\"]","MODEL_DETAIL_INTEGER_VARS":"774","PROGRESS_GAP":"0.0","MODEL_DETAIL_NONZEROS":"6234","PROGRESS_BEST_OBJECTIVE":"4360.0","KPI.Nb Temp Used":"6.0","KPI.Nb Fix Used":"40.0","MODEL_DETAIL_TYPE":"MILP","PROGRESS_CURRENT_OBJECTIVE":"4360","KPI.Total Cost":"4360"},"systemDetails":{"worker.process.max.memory":"524288","worker.cores.total":"8","worker.cores.default":"1","worker.process.cpu.set":null,"worker.heap.max":"524288","worker.data.read.bytes":"9317","worker.data.write.duration":"352","worker.processing.duration":"1971","worker.process.peak.swap":"0","worker.log.write.duration":"3","worker.process.processing.duration":"1309","worker.data.read.duration":"64","worker.jms.write.chars":"7709","worker.log.write.chars":"1039","worker.data.write.bytes":"11932","worker.heap.used":"114965","worker.process.peak.memory":"0","worker.setup.duration":"41","worker.jms.write.duration":"25"},"executionStatus":"PROCESSED","solveStatus":"OPTIMAL_SOLUTION","logTail":["[2018-05-25T16:09:19Z, INFO] WARNING: Number of workers has been reduced to 1 to comply with platform limitations.","[2018-05-25T16:09:19Z, INFO] CPXPARAM_Read_DataCheck                          1","[2018-05-25T16:09:19Z, INFO] CPXPARAM_Threads                                 1","[2018-05-25T16:09:19Z, INFO] Tried aggregator 2 times.","[2018-05-25T16:09:19Z, INFO] MIP Presolve eliminated 82 rows and 92 columns.","[2018-05-25T16:09:19Z, INFO] Aggregator did 386 substitutions.","[2018-05-25T16:09:19Z, INFO] Reduced MIP has 120 rows, 296 columns, and 3475 nonzeros.","[2018-05-25T16:09:19Z, INFO] Reduced MIP has 0 binaries, 296 generals, 0 SOSs, and 0 indicators.","[2018-05-25T16:09:19Z, INFO] Presolve time = 0.01 sec. (3.83 ticks)","[2018-05-25T16:09:19Z, INFO] Found incumbent of value 6100.000000 after 0.01 sec. (8.20 ticks)","[2018-05-25T16:09:19Z, INFO] Tried aggregator 1 time.","[2018-05-25T16:09:19Z, INFO] Reduced MIP has 120 rows, 296 columns, and 3475 nonzeros.","[2018-05-25T16:09:19Z, INFO] Reduced MIP has 0 binaries, 296 generals, 0 SOSs, and 0 indicators.","[2018-05-25T16:09:19Z, INFO] Presolve time = 0.00 sec. (1.36 ticks)","[2018-05-25T16:09:19Z, INFO] MIP emphasis: balance optimality and feasibility.","[2018-05-25T16:09:19Z, INFO] MIP search method: dynamic search.","[2018-05-25T16:09:19Z, INFO] Parallel mode: none, using 1 thread.","[2018-05-25T16:09:19Z, INFO] Root relaxation solution time = 0.00 sec. (0.97 ticks)","[2018-05-25T16:09:19Z, INFO] ","[2018-05-25T16:09:19Z, INFO]         Nodes                                         Cuts/","[2018-05-25T16:09:19Z, INFO]    Node  Left     Objective  IInf  Best Integer    Best Bound    ItCnt     Gap","[2018-05-25T16:09:19Z, INFO] *     0+    0                         6100.0000     1000.0000            83.61%","[2018-05-25T16:09:19Z, INFO] *     0     0      integral     0     4360.0000     4360.0000       93    0.00%","[2018-05-25T16:09:19Z, INFO] Elapsed time = 0.02 sec. (11.07 ticks, tree = 0.00 MB","[2018-05-25T16:09:19Z, INFO] , solutions = 2","[2018-05-25T16:09:19Z, INFO] )","[2018-05-25T16:09:19Z, INFO] ","[2018-05-25T16:09:19Z, INFO] Root node processing (before b&c):","[2018-05-25T16:09:19Z, INFO]   Real time             =    0.02 sec. (11.11 ticks)","[2018-05-25T16:09:19Z, INFO] Sequential b&c:","[2018-05-25T16:09:19Z, INFO]   Real time             =    0.00 sec. (0.00 ticks)","[2018-05-25T16:09:19Z, INFO]                           ------------","[2018-05-25T16:09:19Z, INFO] Total (root+branch&cut) =    0.02 sec. (11.11 ticks)","[2018-05-25T16:09:19Z, INFO]   Feasible 4360"]},"runtimeDetails":{"state":"STARTED"},"taskSetupMillis":192,"taskSolveMillis":2292,"taskTearDownMillis":1,"jobUri":"http://dods-processor-server-1527263617784-1016-svc/dd-execution/api/v1/solve/job.21a13e90-4e45-4a69-95c8-dbbdac046f20"}