{"id":"62e1aa65-6c2d-4707-95b3-0cb0816af1ce","version":"0.3.0","name":"Dashboard","locked":false,"activePage":1,"pages":[{"id":"604a2434-dd2e-420c-85ec-102349492251","name":"Input","widgets":{"ee36efc6-7f8a-4f19-a144-38eb67be889e":{"name":"Table Diet_nutrients","type":"Table","props":{"container":"","data":"diet_nutrients","spec":{"numbered":true,"compact":false,"columnExpand":true,"columnShrink":false,"columnWidth":0,"sortOrder":[],"columns":[{"property":"name","label":"name","type":"String","visible":true,"width":0,"style":{}},{"property":"qmin","label":"qmin","type":"Number","visible":true,"width":0,"style":{}},{"property":"qmax","label":"qmax","type":"Number","visible":true,"width":0,"style":{}}]}}},"20153e6d-f702-409b-99c6-573463b0b314":{"name":"Table Diet_food_nutrients","type":"Table","props":{"container":"","data":"diet_food_nutrients","spec":{"numbered":true,"compact":false,"columnExpand":true,"columnShrink":false,"columnWidth":0,"sortOrder":[],"columns":[{"property":"Food","label":"Food","type":"String","visible":true,"width":0,"style":{}},{"property":"Calories","label":"Calories","type":"Number","visible":true,"width":0,"style":{}},{"property":"Calcium","label":"Calcium","type":"Number","visible":true,"width":0,"style":{}},{"property":"Iron","label":"Iron","type":"Number","visible":true,"width":0,"style":{}},{"property":"Vit_A","label":"Vit_A","type":"Number","visible":true,"width":0,"style":{}},{"property":"Dietary_Fiber","label":"Dietary_Fiber","type":"Number","visible":true,"width":0,"style":{}},{"property":"Carbohydrates","label":"Carbohydrates","type":"Number","visible":true,"width":0,"style":{}},{"property":"Protein","label":"Protein","type":"Number","visible":true,"width":0,"style":{}}]}}},"3ee8fa38-7031-4f10-90c3-9310972d0db1":{"name":"Table Diet_food","type":"Table","props":{"container":"","data":"diet_food","spec":{"numbered":true,"compact":false,"columnExpand":true,"columnShrink":false,"columnWidth":0,"sortOrder":[],"columns":[{"property":"name","label":"name","type":"String","visible":true,"width":0,"style":{}},{"property":"unit_cost","label":"unit_cost","type":"Number","visible":true,"width":0,"style":{}},{"property":"qmin","label":"qmin","type":"Number","visible":true,"width":0,"style":{}},{"property":"qmax","label":"qmax","type":"Number","visible":true,"width":0,"style":{}}]}}},"cfaef997-dff7-4df2-bb76-8e885ca64b89":{"name":"Nutrients","type":"Chart","props":{"container":"","data":"diet_nutrients","spec":{"mark":"bar","encoding":{"x":{"field":"qmin","type":"quantitative","axis":{"title":"q min/max"}},"x2":{"field":"qmax","type":"quantitative"},"y":{"field":"name","type":"nominal","axis":{"title":"nutrient"}}},"config":{"overlay":{"line":true},"scale":{"useUnaggregatedDomain":true}},"width":800},"search":""}},"a3cefeb3-4984-48ba-afe0-8f379f12ac2d":{"name":"Food","type":"Chart","props":{"container":"","data":"diet_food","spec":{"mark":"bar","encoding":{"x":{"field":"qmin","type":"quantitative","axis":{"title":"q min/max"}},"x2":{"field":"qmax","type":"quantitative"},"y":{"field":"name","type":"nominal","axis":{"title":"nutrient"}}},"config":{"overlay":{"line":true},"scale":{"useUnaggregatedDomain":true}},"width":800},"search":""}}},"layouts":{"SM":[{"i":"ee36efc6-7f8a-4f19-a144-38eb67be889e","x":0,"y":0,"w":1,"h":2,"moved":false,"static":false},{"i":"20153e6d-f702-409b-99c6-573463b0b314","x":0,"y":2,"w":1,"h":2,"moved":false,"static":false},{"i":"3ee8fa38-7031-4f10-90c3-9310972d0db1","x":0,"y":4,"w":1,"h":2,"moved":false,"static":false},{"i":"cfaef997-dff7-4df2-bb76-8e885ca64b89","x":0,"y":6,"w":1,"h":2,"moved":false,"static":false},{"i":"a3cefeb3-4984-48ba-afe0-8f379f12ac2d","x":0,"y":8,"w":1,"h":2,"moved":false,"static":false}],"LG":[{"w":2,"h":2,"x":0,"y":0,"i":"ee36efc6-7f8a-4f19-a144-38eb67be889e","moved":false,"static":false},{"w":6,"h":2,"x":0,"y":2,"i":"20153e6d-f702-409b-99c6-573463b0b314","moved":false,"static":false},{"w":2,"h":3,"x":0,"y":4,"i":"3ee8fa38-7031-4f10-90c3-9310972d0db1","moved":false,"static":false},{"w":4,"h":2,"x":2,"y":0,"i":"cfaef997-dff7-4df2-bb76-8e885ca64b89","moved":false,"static":false},{"w":4,"h":3,"x":2,"y":4,"i":"a3cefeb3-4984-48ba-afe0-8f379f12ac2d","moved":false,"static":false}],"MD":[{"i":"ee36efc6-7f8a-4f19-a144-38eb67be889e","x":0,"y":0,"w":3,"h":2,"moved":false,"static":false},{"i":"20153e6d-f702-409b-99c6-573463b0b314","x":0,"y":2,"w":3,"h":2,"moved":false,"static":false},{"i":"3ee8fa38-7031-4f10-90c3-9310972d0db1","x":0,"y":4,"w":3,"h":2,"moved":false,"static":false},{"i":"cfaef997-dff7-4df2-bb76-8e885ca64b89","x":0,"y":6,"w":1,"h":2,"moved":false,"static":false},{"i":"a3cefeb3-4984-48ba-afe0-8f379f12ac2d","x":1,"y":6,"w":1,"h":2,"moved":false,"static":false}]}},{"id":"969e796d-a36d-4896-807a-c8359a195c7f","name":"Solution","widgets":{"27af2b37-591c-46de-bc61-7eb0d0eb7125":{"name":"Solution","type":"Table","props":{"container":"","data":"solution","spec":{"numbered":true,"compact":false,"columnExpand":true,"columnShrink":false,"columnWidth":0,"sortOrder":[],"columns":[{"property":"name","label":"name","type":"String","visible":true,"width":0,"style":{}},{"property":"value","label":"value","type":"Number","visible":true,"width":0,"style":{}}]},"search":""}},"55a0238e-eb62-495c-b4bc-adbf6e9a8b67":{"name":"","type":"ECharts","props":{"container":"","data":"solution","spec":{"editor":false,"theme":"ibm_shaper","width":500,"height":350,"padding":0,"chartSettings":{"type":"bar","title":" ","subtitle":"","categoriesField":"name","categoriesOrder":"desc","orderBasis":"name","summaryMethod":"sum","valuesField":"value","splitType":"clustered","splitField":"","barTranspose":true,"zoomSlider":false,"mouseTracker":false,"gridLines":true}},"search":""}}},"layouts":{"SM":[{"w":1,"h":2,"x":0,"y":0,"i":"27af2b37-591c-46de-bc61-7eb0d0eb7125","moved":false,"static":false},{"w":1,"h":4,"x":0,"y":2,"i":"55a0238e-eb62-495c-b4bc-adbf6e9a8b67","moved":false,"static":false}],"MD":[{"i":"27af2b37-591c-46de-bc61-7eb0d0eb7125","x":0,"y":0,"w":3,"h":2,"moved":false,"static":false},{"i":"55a0238e-eb62-495c-b4bc-adbf6e9a8b67","x":1,"y":2,"w":2,"h":4,"moved":false,"static":false}],"LG":[{"w":3,"h":3,"x":0,"y":0,"i":"27af2b37-591c-46de-bc61-7eb0d0eb7125","moved":false,"static":false},{"w":3,"h":3,"x":3,"y":0,"i":"55a0238e-eb62-495c-b4bc-adbf6e9a8b67","moved":false,"static":false}]}}],"breakpoints":[{"name":"SM","width":0,"columns":1},{"name":"MD","width":480,"columns":3},{"name":"LG","width":960,"columns":6}],"rowHeight":120}
