{"creationTime":1698151708964,"lastModificationTime":1698151748908,"state":"TERMINATED","solveConfig":{"containerId":"ScenarioWithLPFile","solveParameters":{}},"jobDetails":{"id":"f29a200c-1aec-40cd-ad4b-97531923396b","createdAt":1698151715904,"startedAt":1698151742045,"endedAt":1698151745816,"submittedAt":1698151715904,"details":{"KPI.PROGRESS_CURRENT_OBJECTIVE":"100.0","MODEL_DETAIL_BOOLEAN_VARS":"0","MODEL_DETAIL_CONSTRAINTS":"2","MODEL_DETAIL_CONTINUOUS_VARS":"0","MODEL_DETAIL_INTEGER_VARS":"2","MODEL_DETAIL_KPIS":"[]","MODEL_DETAIL_NONZEROS":"3","MODEL_DETAIL_OBJECTIVE_SENSE":"minimize","MODEL_DETAIL_TYPE":"MILP","PROGRESS_BEST_OBJECTIVE":"100.0","PROGRESS_BEST_OBJECTIVE.history":"[[1698151745.47, 100.0]]","PROGRESS_CURRENT_OBJECTIVE":"100.0","PROGRESS_CURRENT_OBJECTIVE.history":"[[1698151745.47, 100.0]]","PROGRESS_GAP":"0.0","PROGRESS_GAP.history":"[[1698151745.47, 0.0]]","STAT.cplex.modelType":"MILP","STAT.cplex.size.booleanVariables":"0","STAT.cplex.size.constraints":"2","STAT.cplex.size.continousVariables":"0","STAT.cplex.size.integerVariables":"2","STAT.cplex.size.linearConstraints":"2","STAT.cplex.size.quadraticConstraints":"0","STAT.cplex.size.variables":"2","STAT.job.coresCount":"1","STAT.job.inputsReadMs":"2850","STAT.job.memoryPeakKB":"114676","STAT.job.modelProcessingMs":"380","STAT.job.outputsWriteMs":"246","latestOutputUpload":"2023-10-24T12:49:05.812Z"},"executionStatus":"PROCESSED","solveStatus":"OPTIMAL_SOLUTION","logTail":["[2023-10-24T12:49:04.941Z, WARNING] Python 3.10 is used as default with pandas 1.5.3 libraries.","[2023-10-24T12:49:05.112Z, INFO] {}","[2023-10-24T12:49:05.456Z, INFO] Model: diet1","[2023-10-24T12:49:05.457Z, INFO]  - number of variables: 2","[2023-10-24T12:49:05.458Z, INFO]    - binary=0, integer=2, continuous=0","[2023-10-24T12:49:05.459Z, INFO]  - number of constraints: 2","[2023-10-24T12:49:05.460Z, INFO]    - linear=2","[2023-10-24T12:49:05.461Z, INFO]  - parameters: defaults","[2023-10-24T12:49:05.462Z, INFO]  - objective: minimize","[2023-10-24T12:49:05.463Z, INFO]  - problem type is: MILP","[2023-10-24T12:49:05.468Z, INFO] WARNING: Number of workers has been reduced to 1 to comply with platform limitations.","[2023-10-24T12:49:05.469Z, INFO] Version identifier: 22.1.1.0 | 2023-06-15 | d64d5bd77","[2023-10-24T12:49:05.470Z, INFO] CPXPARAM_Read_DataCheck                          1","[2023-10-24T12:49:05.471Z, INFO] CPXPARAM_Threads                                 1","[2023-10-24T12:49:05.471Z, INFO] Legacy callback                                  i","[2023-10-24T12:49:05.472Z, INFO] 1 of 1 MIP starts provided solutions.","[2023-10-24T12:49:05.473Z, INFO] MIP start 'm1' defined initial solution with objective 100.0000.","[2023-10-24T12:49:05.474Z, INFO] Tried aggregator 1 time.","[2023-10-24T12:49:05.475Z, INFO] MIP Presolve eliminated 2 rows and 2 columns.","[2023-10-24T12:49:05.476Z, INFO] All rows and columns eliminated.","[2023-10-24T12:49:05.477Z, INFO] Presolve time = 0.00 sec. (0.00 ticks)","[2023-10-24T12:49:05.478Z, INFO] ","[2023-10-24T12:49:05.478Z, INFO] Root node processing (before b&c):","[2023-10-24T12:49:05.479Z, INFO]   Real time             =    0.00 sec. (0.00 ticks)","[2023-10-24T12:49:05.480Z, INFO] Sequential b&c:","[2023-10-24T12:49:05.481Z, INFO]   Real time             =    0.00 sec. (0.00 ticks)","[2023-10-24T12:49:05.482Z, INFO]                           ------------","[2023-10-24T12:49:05.482Z, INFO] Total (root+branch&cut) =    0.00 sec. (0.00 ticks)","[2023-10-24T12:49:05.490Z, INFO] status: integer optimal solution","[2023-10-24T12:49:05.491Z, INFO] obj val: 100.0"]},"taskSetupTime":1698151715921,"taskSolveTime":1698151747635,"taskTearDownTime":1698151748908,"jobSpaceId":"1e6362e3-9985-4ea3-b8ba-5d35f3036aa5","jobDeploymentId":"9a6039d8-93f0-4346-a99c-f8c2970ab0e2","jobId":"f29a200c-1aec-40cd-ad4b-97531923396b","ping":1698151739088}