{"categories":{"output":{"assets":{"Customer_to_Campaign_assignment_report.csv":{"type":"Table"},"list_of_ResourceAssignment_solution.csv":{"type":"Table"},"Candidates_selection_report.csv":{"type":"Table"},"list_of_Candidates_solution.csv":{"type":"Table"},"kpis.csv":{"type":"Table"},"log.txt":{"type":"Asset"}}},"input":{"assets":{"Customer.csv":{"type":"Table"},"Candidates.csv":{"type":"Table"},"Campaign.csv":{"type":"Table"}}},"model":{"assets":{"model.py":{"type":"Asset"}}},"CO_ASSET_SESSION":{"assets":{"CO_SESSION.json":{"type":"Asset"}}},"CO_ASSET":{"assets":{"CO_SOLUTION_TEXT.json":{"type":"Asset"},"solveParameters.json":{"type":"Asset"},"CO_DATASET.json":{"type":"Asset"},"CO_SOLUTION_JSON.json":{"type":"Asset"}}}},"modelType":"cognitive","category":"scenario"}