{"goalObjectives":[{"weight":5.0,"weightedValue":144.0,"value":9.0,"verbalization":"Maximize the number of Customer to Campaign assignments","scaledWeight":16.0},{"weight":5.0,"weightedValue":11440.0,"value":715.0,"verbalization":"Maximize overall quality or value of Customer to Campaign assignments according to Candidates","scaledWeight":16.0}],"decisions_sorted_columns":{"Customer to Campaign assignment":["Customer id","Campaign id","Customer age","Campaign max customers","Candidates expected value","the number of Customer to Campaign assignments","overall quality or value of Customer to Campaign assignments according to Candidates"]},"decisions_schema":{"Customer to Campaign assignment":[{"domainConcepts":"cResource","semantic":"cResourceAssignment[Customer, Campaign],Customer","level":1,"isKPI":false,"concept":"Customer","isKey":true,"isDecision":false,"id":"Customer id","type":"STRING"},{"domainConcepts":"cResource","semantic":"cResourceAssignment[Customer, Campaign],Customer","level":1,"isKPI":false,"concept":"Customer","isKey":false,"isDecision":false,"id":"Customer age","type":"NUMBER"},{"domainConcepts":"cActivity","semantic":"cResourceAssignment[Customer, Campaign],Campaign","level":1,"isKPI":false,"concept":"Campaign","isKey":true,"isDecision":false,"id":"Campaign id","type":"STRING"},{"domainConcepts":"cActivity","semantic":"cResourceAssignment[Customer, Campaign],Campaign","level":1,"isKPI":false,"concept":"Campaign","isKey":false,"isDecision":false,"id":"Campaign max customers","type":"NUMBER"},{"domainConcepts":"cAssignmentValueConcept","level":10,"isKPI":false,"concept":"Candidates","isKey":false,"isDecision":false,"id":"Candidates expected value","type":"NUMBER"},{"domainConcepts":"cResourceAssignment","level":10,"isKPI":false,"concept":"cResourceAssignment[Customer, Campaign]","isKey":false,"isDecision":false,"id":"the number of Customer to Campaign assignments","type":"NUMBER"},{"domainConcepts":"cResourceAssignment","level":10,"isKPI":false,"concept":"cResourceAssignment[Customer, Campaign]","isKey":false,"isDecision":false,"id":"overall quality or value of Customer to Campaign assignments according to Candidates","type":"NUMBER"}]},"decisions":{"Customer to Campaign assignment":[{"Customer age":25,"Customer id":"Customer 3","overall quality or value of Customer to Campaign assignments according to Candidates":75.0,"Campaign id":"Auto","Candidates expected value":75,"Campaign max customers":3,"the number of Customer to Campaign assignments":1.0},{"Customer age":29,"Customer id":"Customer 4","overall quality or value of Customer to Campaign assignments according to Candidates":80.0,"Campaign id":"Auto","Candidates expected value":80,"Campaign max customers":3,"the number of Customer to Campaign assignments":1.0},{"Customer age":24,"Customer id":"Customer 8","overall quality or value of Customer to Campaign assignments according to Candidates":65.0,"Campaign id":"Home","Candidates expected value":65,"Campaign max customers":3,"the number of Customer to Campaign assignments":1.0},{"Customer age":40,"Customer id":"Customer 1","overall quality or value of Customer to Campaign assignments according to Candidates":100.0,"Campaign id":"Home","Candidates expected value":100,"Campaign max customers":3,"the number of Customer to Campaign assignments":1.0},{"Customer age":48,"Customer id":"Customer 5","overall quality or value of Customer to Campaign assignments according to Candidates":75.0,"Campaign id":"Home","Candidates expected value":75,"Campaign max customers":3,"the number of Customer to Campaign assignments":1.0},{"Customer age":17,"Customer id":"Customer 6","overall quality or value of Customer to Campaign assignments according to Candidates":60.0,"Campaign id":"Travel","Candidates expected value":60,"Campaign max customers":3,"the number of Customer to Campaign assignments":1.0},{"Customer age":33,"Customer id":"Customer 7","overall quality or value of Customer to Campaign assignments according to Candidates":75.0,"Campaign id":"Travel","Candidates expected value":75,"Campaign max customers":3,"the number of Customer to Campaign assignments":1.0},{"Customer age":18,"Customer id":"Customer 9","overall quality or value of Customer to Campaign assignments according to Candidates":110.0,"Campaign id":"Auto","Candidates expected value":110,"Campaign max customers":3,"the number of Customer to Campaign assignments":1.0},{"Customer age":30,"Customer id":"Customer 2","overall quality or value of Customer to Campaign assignments according to Candidates":75.0,"Campaign id":"Travel","Candidates expected value":75,"Campaign max customers":3,"the number of Customer to Campaign assignments":1.0}]}}