{"creationTime":1636561249336,"lastModificationTime":1636561273570,"state":"TERMINATED","solveConfig":{"containerId":"scenario 1","solveParameters":{"oaas.logAttachmentName":"log.txt","oaas.docplex.python":"3.8","oaas.logTailEnabled":"true"},"setupWebHook":{"verb":"GET","url":"https://internal-nginx-svc:12443/v1/cognitive/solve/preprocess/scenario%201?projectId=214bf38c-0e5a-477e-9da8-3899eaee0c65&parentId=MarketingCampaignAssignment","expectedStatus":200,"headers":{}},"tearDownWebHook":{"verb":"GET","url":"https://internal-nginx-svc:12443/v1/cognitive/solve/postprocess/scenario%201?projectId=214bf38c-0e5a-477e-9da8-3899eaee0c65&parentId=MarketingCampaignAssignment","expectedStatus":200,"headers":{}}},"jobDetails":{"id":"7a2158d5-3a30-4a38-92f5-145679ea3f2c","createdAt":1636561259546,"startedAt":1636561262600,"endedAt":1636561264669,"submittedAt":1636561259546,"details":{"KPI.overall quality or value of Customer-Campaign assignments according to Candidates":"745.0","KPI.the number of Customer-Campaign assignments":"9.0","MODEL_DETAIL_BOOLEAN_VARS":"27","MODEL_DETAIL_CONSTRAINTS":"12","MODEL_DETAIL_CONTINUOUS_VARS":"0","MODEL_DETAIL_INTEGER_VARS":"0","MODEL_DETAIL_KPIS":"[\"the number of Customer-Campaign assignments\", \"overall quality or value of Customer-Campaign assignments according to Candidates\"]","MODEL_DETAIL_NONZEROS":"54","MODEL_DETAIL_OBJECTIVE_SENSE":"maximize","MODEL_DETAIL_TYPE":"MILP","PROGRESS_BEST_OBJECTIVE":"12064.0","PROGRESS_BEST_OBJECTIVE.history":"[[1636561263.79, 12064.0]]","PROGRESS_CURRENT_OBJECTIVE":"12064.0","PROGRESS_CURRENT_OBJECTIVE.history":"[[1636561263.79, 12064.0]]","PROGRESS_GAP":"0.0","PROGRESS_GAP.history":"[[1636561263.79, 0.0]]","STAT.cplex.modelType":"MILP","STAT.cplex.size.booleanVariables":"27","STAT.cplex.size.constraints":"12","STAT.cplex.size.continousVariables":"0","STAT.cplex.size.integerVariables":"0","STAT.cplex.size.linearConstraints":"12","STAT.cplex.size.quadraticConstraints":"0","STAT.cplex.size.variables":"27","STAT.job.coresCount":"1","STAT.job.inputsReadMs":"562","STAT.job.memoryPeakKB":"101468","STAT.job.modelProcessingMs":"637","STAT.job.outputsWriteMs":"708"},"executionStatus":"PROCESSED","solveStatus":"OPTIMAL_SOLUTION","logTail":["[2021-11-10T16:21:03Z, INFO] * running wado model","[2021-11-10T16:21:03Z, INFO] WARNING: Number of workers has been reduced to 1 to comply with platform limitations.","[2021-11-10T16:21:03Z, INFO] Version identifier: 20.1.0.1 | 2021-08-16 | c4ad639ec","[2021-11-10T16:21:03Z, INFO] CPXPARAM_Read_DataCheck                          1","[2021-11-10T16:21:03Z, INFO] CPXPARAM_Threads                                 1","[2021-11-10T16:21:03Z, INFO] CPXPARAM_TimeLimit                               120","[2021-11-10T16:21:03Z, INFO] Legacy callback                                  i","[2021-11-10T16:21:03Z, INFO] Found incumbent of value 0.000000 after 0.00 sec. (0.00 ticks)","[2021-11-10T16:21:03Z, INFO] Tried aggregator 1 time.","[2021-11-10T16:21:03Z, INFO] Reduced MIP has 12 rows, 27 columns, and 54 nonzeros.","[2021-11-10T16:21:03Z, INFO] Reduced MIP has 27 binaries, 0 generals, 0 SOSs, and 0 indicators.","[2021-11-10T16:21:03Z, INFO] Presolve time = 0.00 sec. (0.03 ticks)","[2021-11-10T16:21:03Z, INFO] Probing time = 0.00 sec. (0.01 ticks)","[2021-11-10T16:21:03Z, INFO] Tried aggregator 1 time.","[2021-11-10T16:21:03Z, INFO] Detecting symmetries...","[2021-11-10T16:21:03Z, INFO] Reduced MIP has 12 rows, 27 columns, and 54 nonzeros.","[2021-11-10T16:21:03Z, INFO] Reduced MIP has 27 binaries, 0 generals, 0 SOSs, and 0 indicators.","[2021-11-10T16:21:03Z, INFO] Presolve time = 0.00 sec. (0.04 ticks)","[2021-11-10T16:21:03Z, INFO] Probing time = 0.00 sec. (0.01 ticks)","[2021-11-10T16:21:03Z, INFO] Clique table members: 9.","[2021-11-10T16:21:03Z, INFO] MIP emphasis: balance optimality and feasibility.","[2021-11-10T16:21:03Z, INFO] MIP search method: dynamic search.","[2021-11-10T16:21:03Z, INFO] Parallel mode: none, using 1 thread.","[2021-11-10T16:21:03Z, INFO] Root relaxation solution time = 0.00 sec. (0.03 ticks)","[2021-11-10T16:21:03Z, INFO] ","[2021-11-10T16:21:03Z, INFO]         Nodes                                         Cuts/","[2021-11-10T16:21:03Z, INFO]    Node  Left     Objective  IInf  Best Integer    Best Bound    ItCnt     Gap","[2021-11-10T16:21:03Z, INFO] ","[2021-11-10T16:21:03Z, INFO] *     0+    0                            0.0000    32032.0000              --- ","[2021-11-10T16:21:03Z, INFO] *     0     0      integral     0    12064.0000    12064.0000       12    0.00%","[2021-11-10T16:21:03Z, INFO] Elapsed time = 0.00 sec. (0.15 ticks, tree = 0.00 MB, solutions = 2)","[2021-11-10T16:21:03Z, INFO] ","[2021-11-10T16:21:03Z, INFO] Root node processing (before b&c):","[2021-11-10T16:21:03Z, INFO]   Real time             =    0.00 sec. (0.15 ticks)","[2021-11-10T16:21:03Z, INFO] Sequential b&c:","[2021-11-10T16:21:03Z, INFO]   Real time             =    0.00 sec. (0.00 ticks)","[2021-11-10T16:21:03Z, INFO]                           ------------","[2021-11-10T16:21:03Z, INFO] Total (root+branch&cut) =    0.00 sec. (0.15 ticks)","[2021-11-10T16:21:03Z, INFO] Solve status: JobSolveStatus.OPTIMAL_SOLUTION","[2021-11-10T16:21:03Z, INFO] * model docplex_model1 solved with objective = 12064.000","[2021-11-10T16:21:03Z, INFO] *  KPI: the number of Customer-Campaign assignments                                       = 9.000","[2021-11-10T16:21:03Z, INFO] *  KPI: overall quality or value of Customer-Campaign assignments according to Candidates = 745.000","[2021-11-10T16:21:03Z, INFO] model solve done in 0.025800704956054688 secs","[2021-11-10T16:21:03Z, INFO] solution export done in 0.014552831649780273 secs","[2021-11-10T16:21:03Z, INFO] AssignedCampaigns.csv"]},"runtimeDetails":{"state":"STARTED"},"taskSetupMillis":6802,"taskSolveMillis":6481,"taskTearDownMillis":5775,"jobSpaceId":"8bb4e820-5a06-4aa4-a9ab-c19d7bb52bfa","jobId":"7a2158d5-3a30-4a38-92f5-145679ea3f2c","ping":1636561252796}