{"creationTime":1622476211053,"lastModificationTime":1622476221875,"state":"TERMINATED","solveConfig":{"containerId":"scenario 1","solveParameters":{"oaas.logAttachmentName":"log.txt","oaas.logTailEnabled":"true"},"setupWebHook":{"verb":"GET","url":"https://internal-nginx-svc:12443/v1/cognitive/solve/preprocess/scenario%201?projectId=4214eea9-65c3-4605-8236-fb414b499e06&parentId=MarketingCampaignAssignment","expectedStatus":200,"headers":{}},"tearDownWebHook":{"verb":"GET","url":"https://internal-nginx-svc:12443/v1/cognitive/solve/postprocess/scenario%201?projectId=4214eea9-65c3-4605-8236-fb414b499e06&parentId=MarketingCampaignAssignment","expectedStatus":200,"headers":{}}},"jobDetails":{"id":"e2058156-d7bc-42b9-b026-98c84a79b59a","createdAt":1622476216098,"startedAt":1622476217394,"endedAt":1622476218201,"submittedAt":1622476216098,"details":{"KPI.overall quality or value of Customer-Campaign assignments according to Candidates":"745.0","KPI.the number of Customer-Campaign assignments":"9.0","MODEL_DETAIL_BOOLEAN_VARS":"27","MODEL_DETAIL_CONSTRAINTS":"12","MODEL_DETAIL_CONTINUOUS_VARS":"0","MODEL_DETAIL_INTEGER_VARS":"0","MODEL_DETAIL_KPIS":"[\"the number of Customer-Campaign assignments\", \"overall quality or value of Customer-Campaign assignments according to Candidates\"]","MODEL_DETAIL_NONZEROS":"54","MODEL_DETAIL_OBJECTIVE_SENSE":"maximize","MODEL_DETAIL_TYPE":"MILP","PROGRESS_BEST_OBJECTIVE":"12064.0","PROGRESS_BEST_OBJECTIVE.history":"[[1622476217.81, 12064.0]]","PROGRESS_CURRENT_OBJECTIVE":"12064.0","PROGRESS_CURRENT_OBJECTIVE.history":"[[1622476217.81, 12064.0]]","PROGRESS_GAP":"0.0","PROGRESS_GAP.history":"[[1622476217.81, 0.0]]","STAT.cplex.modelType":"MILP","STAT.cplex.size.booleanVariables":"27","STAT.cplex.size.constraints":"12","STAT.cplex.size.continousVariables":"0","STAT.cplex.size.integerVariables":"0","STAT.cplex.size.linearConstraints":"12","STAT.cplex.size.quadraticConstraints":"0","STAT.cplex.size.variables":"27","STAT.job.coresCount":"1","STAT.job.inputsReadMs":"284","STAT.job.memoryPeakKB":"79428","STAT.job.modelProcessingMs":"149","STAT.job.outputsWriteMs":"292"},"executionStatus":"PROCESSED","solveStatus":"OPTIMAL_SOLUTION","logTail":["[2021-05-31T15:50:17Z, INFO] WARNING: Number of workers has been reduced to 1 to comply with platform limitations.","[2021-05-31T15:50:17Z, INFO] Version identifier: 20.1.0.0 | 2020-11-10 | 9bedb6d68","[2021-05-31T15:50:17Z, INFO] CPXPARAM_Read_DataCheck                          1","[2021-05-31T15:50:17Z, INFO] CPXPARAM_Threads                                 1","[2021-05-31T15:50:17Z, INFO] CPXPARAM_TimeLimit                               120","[2021-05-31T15:50:17Z, INFO] Legacy callback                                  i","[2021-05-31T15:50:17Z, INFO] Found incumbent of value 0.000000 after 0.00 sec. (0.00 ticks)","[2021-05-31T15:50:17Z, INFO] Tried aggregator 1 time.","[2021-05-31T15:50:17Z, INFO] Reduced MIP has 12 rows, 27 columns, and 54 nonzeros.","[2021-05-31T15:50:17Z, INFO] Reduced MIP has 27 binaries, 0 generals, 0 SOSs, and 0 indicators.","[2021-05-31T15:50:17Z, INFO] Presolve time = 0.00 sec. (0.03 ticks)","[2021-05-31T15:50:17Z, INFO] Probing time = 0.00 sec. (0.01 ticks)","[2021-05-31T15:50:17Z, INFO] Tried aggregator 1 time.","[2021-05-31T15:50:17Z, INFO] Detecting symmetries...","[2021-05-31T15:50:17Z, INFO] Reduced MIP has 12 rows, 27 columns, and 54 nonzeros.","[2021-05-31T15:50:17Z, INFO] Reduced MIP has 27 binaries, 0 generals, 0 SOSs, and 0 indicators.","[2021-05-31T15:50:17Z, INFO] Presolve time = 0.00 sec. (0.04 ticks)","[2021-05-31T15:50:17Z, INFO] Probing time = 0.00 sec. (0.01 ticks)","[2021-05-31T15:50:17Z, INFO] Clique table members: 9.","[2021-05-31T15:50:17Z, INFO] MIP emphasis: balance optimality and feasibility.","[2021-05-31T15:50:17Z, INFO] MIP search method: dynamic search.","[2021-05-31T15:50:17Z, INFO] Parallel mode: none, using 1 thread.","[2021-05-31T15:50:17Z, INFO] Root relaxation solution time = 0.00 sec. (0.03 ticks)","[2021-05-31T15:50:17Z, INFO] ","[2021-05-31T15:50:17Z, INFO]         Nodes                                         Cuts/","[2021-05-31T15:50:17Z, INFO]    Node  Left     Objective  IInf  Best Integer    Best Bound    ItCnt     Gap","[2021-05-31T15:50:17Z, INFO] ","[2021-05-31T15:50:17Z, INFO] *     0+    0                            0.0000    32032.0000              --- ","[2021-05-31T15:50:17Z, INFO] *     0     0      integral     0    12064.0000    12064.0000       12    0.00%","[2021-05-31T15:50:17Z, INFO] Elapsed time = 0.00 sec. (0.15 ticks, tree = 0.00 MB, solutions = 2)","[2021-05-31T15:50:17Z, INFO] ","[2021-05-31T15:50:17Z, INFO] Root node processing (before b&c):","[2021-05-31T15:50:17Z, INFO]   Real time             =    0.00 sec. (0.15 ticks)","[2021-05-31T15:50:17Z, INFO] Sequential b&c:","[2021-05-31T15:50:17Z, INFO]   Real time             =    0.00 sec. (0.00 ticks)","[2021-05-31T15:50:17Z, INFO]                           ------------","[2021-05-31T15:50:17Z, INFO] Total (root+branch&cut) =    0.00 sec. (0.15 ticks)","[2021-05-31T15:50:17Z, INFO] Solve status: JobSolveStatus.OPTIMAL_SOLUTION","[2021-05-31T15:50:17Z, INFO] * model docplex_model1 solved with objective = 12064.000","[2021-05-31T15:50:17Z, INFO] *  KPI: the number of Customer-Campaign assignments                                       = 9.000","[2021-05-31T15:50:17Z, INFO] *  KPI: overall quality or value of Customer-Campaign assignments according to Candidates = 745.000","[2021-05-31T15:50:17Z, INFO] model solve done in 0.016147613525390625 secs","[2021-05-31T15:50:17Z, INFO] solution export done in 0.01237630844116211 secs","[2021-05-31T15:50:17Z, INFO] AssignedCampaigns.csv","[2021-05-31T15:50:17Z, INFO] NotAssignedCampaigns.csv"]},"runtimeDetails":{"state":"STARTED"},"taskSetupMillis":4506,"taskSolveMillis":2191,"taskTearDownMillis":2460,"jobSpaceId":"35bb88af-4cb7-45f7-b26a-c166c256ea9a","jobId":"e2058156-d7bc-42b9-b026-98c84a79b59a","ping":1622476211606}