Customer id,Campaign id,Customer age,Campaign max customers,Candidates expected value,the number of Customer to Campaign assignments,overall quality of Customer to Campaign assignments according to Candidates
Customer 1,Home,40,3,100,1.0,100.0
Customer 5,Home,48,3,75,1.0,75.0
Customer 6,Travel,17,3,60,1.0,60.0
Customer 4,Auto,29,3,80,1.0,80.0
Customer 3,Auto,25,3,75,1.0,75.0
Customer 8,Home,24,3,65,1.0,65.0
Customer 2,Travel,30,3,75,1.0,75.0
Customer 7,Travel,33,3,75,1.0,75.0
Customer 9,Auto,18,3,110,1.0,110.0
