{"creationTime":1583833111028,"lastModificationTime":1583833163867,"state":"TERMINATED","solveConfig":{"containerId":"Scenario 1","solveParameters":{"oaas.logAttachmentName":"log.txt","oaas.logTailEnabled":"true"}},"jobDetails":{"id":"161f5152-600b-499a-986a-d8460dcea4f1","createdAt":1583833119371,"startedAt":1583833138142,"endedAt":1583833151887,"submittedAt":1583833119371,"details":{"PROGRESS_GAP":"0.0","KPI.Total Cost":"4540","MODEL_DETAIL_NONZEROS":"6234","MODEL_DETAIL_TYPE":"MILP","KPI.Nb Fix Used":"37.0","MODEL_DETAIL_CONTINUOUS_VARS":"0","MODEL_DETAIL_CONSTRAINTS":"588","PROGRESS_CURRENT_OBJECTIVE":"4540","MODEL_DETAIL_INTEGER_VARS":"774","MODEL_DETAIL_KPIS":"[\"Total Cost\", \"Nb Fix Used\", \"Nb Temp Used\"]","PROGRESS_CURRENT_OBJECTIVE.history":"[[1583833146.94, 4540]]","KPI.Nb Temp Used":"14.0","MODEL_DETAIL_BOOLEAN_VARS":"0","PROGRESS_BEST_OBJECTIVE":"4540.0"},"executionStatus":"PROCESSED","solveStatus":"OPTIMAL_SOLUTION","logTail":["[2020-03-10T09:39:06Z, INFO] WARNING: Number of workers has been reduced to 1 to comply with platform limitations.","[2020-03-10T09:39:06Z, INFO] CPXPARAM_Read_DataCheck                          1","[2020-03-10T09:39:06Z, INFO] CPXPARAM_Threads                                 1","[2020-03-10T09:39:06Z, INFO] Tried aggregator 2 times.","[2020-03-10T09:39:06Z, INFO] MIP Presolve eliminated 69 rows and 72 columns.","[2020-03-10T09:39:06Z, INFO] Aggregator did 386 substitutions.","[2020-03-10T09:39:06Z, INFO] Reduced MIP has 133 rows, 316 columns, and 3801 nonzeros.","[2020-03-10T09:39:06Z, INFO] Reduced MIP has 0 binaries, 316 generals, 0 SOSs, and 0 indicators.","[2020-03-10T09:39:06Z, INFO] Presolve time = 0.01 sec. (4.19 ticks)","[2020-03-10T09:39:06Z, INFO] Found incumbent of value 4840.000000 after 0.02 sec. (9.20 ticks)","[2020-03-10T09:39:06Z, INFO] Tried aggregator 1 time.","[2020-03-10T09:39:06Z, INFO] Reduced MIP has 133 rows, 316 columns, and 3801 nonzeros.","[2020-03-10T09:39:06Z, INFO] Reduced MIP has 0 binaries, 316 generals, 0 SOSs, and 0 indicators.","[2020-03-10T09:39:06Z, INFO] Presolve time = 0.01 sec. (1.50 ticks)","[2020-03-10T09:39:06Z, INFO] MIP emphasis: balance optimality and feasibility.","[2020-03-10T09:39:06Z, INFO] MIP search method: dynamic search.","[2020-03-10T09:39:06Z, INFO] Parallel mode: none, using 1 thread.","[2020-03-10T09:39:06Z, INFO] Root relaxation solution time = 0.00 sec. (0.69 ticks)","[2020-03-10T09:39:06Z, INFO] ","[2020-03-10T09:39:06Z, INFO]         Nodes                                         Cuts/","[2020-03-10T09:39:06Z, INFO]    Node  Left     Objective  IInf  Best Integer    Best Bound    ItCnt     Gap","[2020-03-10T09:39:06Z, INFO] *     0+    0                         4840.0000     1000.0000            79.34%","[2020-03-10T09:39:06Z, INFO] *     0     0      integral     0     4540.0000     4540.0000       61    0.00%","[2020-03-10T09:39:06Z, INFO] Elapsed time = 0.03 sec. (12.02 ticks, tree = 0.00 MB","[2020-03-10T09:39:06Z, INFO] , solutions = 2","[2020-03-10T09:39:06Z, INFO] )","[2020-03-10T09:39:06Z, INFO] ","[2020-03-10T09:39:06Z, INFO] Root node processing (before b&c):","[2020-03-10T09:39:06Z, INFO]   Real time             =    0.03 sec. (12.05 ticks)","[2020-03-10T09:39:06Z, INFO] Sequential b&c:","[2020-03-10T09:39:06Z, INFO]   Real time             =    0.00 sec. (0.00 ticks)","[2020-03-10T09:39:06Z, INFO]                           ------------","[2020-03-10T09:39:06Z, INFO] Total (root+branch&cut) =    0.03 sec. (12.05 ticks)","[2020-03-10T09:39:06Z, INFO]   Feasible 4540","[2020-03-10T09:39:06Z, INFO] starts.csv","[2020-03-10T09:39:06Z, INFO] works.csv","[2020-03-10T09:39:06Z, INFO] nr.csv"]},"runtimeDetails":{"state":"STARTED"},"taskSetupMillis":7655,"taskSolveMillis":34876,"taskTearDownMillis":17,"jobId":"161f5152-600b-499a-986a-d8460dcea4f1","transactionId":"4efeb9e1-d448-48ed-b6b8-5a3ec86f6628","ping":1583833142023,"taskUserId":"Victor.Ostertag@ibm.com"}