{"goalObjectives":[{"weight":1.0,"weightedValue":90.0,"value":90.0,"verbalization":"Minimize time to complete all Activities","scaledWeight":1.0}],"decisions_sorted_columns":{"Subcontractor to Activity assignments":["Activity","Subcontractor Name","Activity Duration in days","scheduled start","scheduled duration","scheduled end","Next","Sequence index","predecessors Activity"]},"decisions_schema":{"Subcontractor to Activity assignments":[{"domainConcepts":"cTask","semantic":"assignment,cSchedulingAssignment[Activity, Subcontractor],Activity","level":1,"isKPI":false,"concept":"Activity","isKey":false,"isDecision":false,"id":"Activity Duration in days","type":"NUMBER"},{"domainConcepts":"cTask","semantic":"assignment,cSchedulingAssignment[Activity, Subcontractor],Activity","level":1,"isKPI":false,"concept":"Activity","isKey":true,"isDecision":false,"id":"Activity","type":"STRING"},{"domainConcepts":"cUnaryResource","semantic":"assignment,cSchedulingAssignment[Activity, Subcontractor],Subcontractor","level":1,"isKPI":false,"concept":"Subcontractor","isKey":true,"isDecision":false,"id":"Subcontractor Name","type":"STRING"},{"domainConcepts":"cTemporalDecision","semantic":"task.start","level":10,"isKPI":false,"concept":"cTaskStart","isKey":false,"isDecision":true,"id":"scheduled start","type":"FLOAT"},{"domainConcepts":"cAllocationDecision","semantic":"task.duration","level":11,"isKPI":false,"concept":"cTaskDuration","isKey":false,"isDecision":true,"id":"scheduled duration","type":"FLOAT"},{"domainConcepts":"cTemporalDecision","semantic":"task.end","level":12,"isKPI":false,"concept":"cTaskEnd","isKey":false,"isDecision":true,"id":"scheduled end","type":"FLOAT"},{"domainConcepts":"cSchedulingAssignment","semantic":"sequence.nextTask","level":20,"isKPI":false,"concept":"cSchedulingAssignment[Activity, Subcontractor]","isKey":false,"isDecision":true,"id":"Next","type":"FLOAT"},{"domainConcepts":"cSchedulingAssignment","semantic":"sequence.index","level":20,"isKPI":false,"concept":"cSchedulingAssignment[Activity, Subcontractor]","isKey":false,"isDecision":true,"id":"Sequence index","type":"FLOAT"},{"domainConcepts":"cTask","semantic":"task.predecessors","level":20,"isKPI":false,"concept":"Activity","isKey":false,"isDecision":false,"id":"predecessors Activity","type":"STRING"}]},"decisions":{"Subcontractor to Activity assignments":[{"Subcontractor Name":"Joe","Next":"Activity ceiling","scheduled start":"2018\/01\/03 00:00:00","scheduled duration":35.0,"predecessors Activity":"","Activity":"masonry","scheduled end":"2018\/02\/07 00:00:00","Sequence index":"1","Activity Duration in days":35},{"Subcontractor Name":"Joe","Next":"Activity roofing","scheduled start":"2018\/02\/07 00:00:00","scheduled duration":15.0,"predecessors Activity":"masonry","Activity":"ceiling","scheduled end":"2018\/02\/22 00:00:00","Sequence index":"2","Activity Duration in days":15},{"Subcontractor Name":"Jim","Next":"Activity painting","scheduled start":"2018\/02\/07 00:00:00","scheduled duration":15.0,"predecessors Activity":"masonry","Activity":"carpentry","scheduled end":"2018\/02\/22 00:00:00","Sequence index":"1","Activity Duration in days":15},{"Subcontractor Name":"Jack","scheduled start":"2018\/02\/07 00:00:00","scheduled duration":40.0,"predecessors Activity":"masonry","Activity":"plumbing","scheduled end":"2018\/03\/19 00:00:00","Sequence index":"1","Activity Duration in days":40},{"Subcontractor Name":"Joe","Next":"Activity windows","scheduled start":"2018\/02\/22 00:00:00","scheduled duration":5.0,"predecessors Activity":"carpentry","Activity":"roofing","scheduled end":"2018\/02\/27 00:00:00","Sequence index":"3","Activity Duration in days":5},{"Subcontractor Name":"Jim","Next":"Activity garden","scheduled start":"2018\/02\/22 00:00:00","scheduled duration":10.0,"predecessors Activity":"ceiling","Activity":"painting","scheduled end":"2018\/03\/04 00:00:00","Sequence index":"2","Activity Duration in days":10},{"Subcontractor Name":"Joe","Next":"Activity facade","scheduled start":"2018\/02\/27 00:00:00","scheduled duration":5.0,"predecessors Activity":"roofing","Activity":"windows","scheduled end":"2018\/03\/04 00:00:00","Sequence index":"4","Activity Duration in days":5},{"Subcontractor Name":"Jim","scheduled start":"2018\/03\/19 00:00:00","scheduled duration":5.0,"predecessors Activity":"roofing, plumbing","Activity":"garden","scheduled end":"2018\/03\/24 00:00:00","Sequence index":"3","Activity Duration in days":5},{"Subcontractor Name":"Joe","Next":"Activity moving","scheduled start":"2018\/03\/19 00:00:00","scheduled duration":10.0,"predecessors Activity":"roofing, plumbing","Activity":"facade","scheduled end":"2018\/03\/29 00:00:00","Sequence index":"5","Activity Duration in days":10},{"Subcontractor Name":"Joe","scheduled start":"2018\/03\/29 00:00:00","scheduled duration":5.0,"predecessors Activity":"windows, facade, garden, painting","Activity":"moving","scheduled end":"2018\/04\/03 00:00:00","Sequence index":"6","Activity Duration in days":5}]}}