{"categories":{"output":{"assets":{"solution.json":{"type":"Asset"},"investmentAllocation.csv":{"type":"Table"},"kpis.csv":{"type":"Table"},"stats.csv":{"type":"Table"},"log.txt":{"type":"Asset"}}},"input":{"assets":{"param.csv":{"type":"Table"},"covariance.csv":{"type":"Table"},"investment.csv":{"type":"Table"}}},"model":{"assets":{"model.py":{"type":"Asset"}}},"CO_ASSET_SESSION":{"assets":{"CO_SESSION.json":{"type":"Asset"}}},"dashboard-file":{"assets":{"dashboard.json":{"type":"Asset"}}},"CO_ASSET":{"assets":{"CO_SOLUTION_TEXT.json":{"type":"Asset"},"solveParameters.json":{"type":"Asset"},"CO_DATASET.json":{"type":"Asset"},"CO_SOLUTION_JSON.json":{"type":"Asset"}}}},"category":"dashboard"}