{"goalObjectives":[{"weight":5.0,"weightedValue":144.0,"value":9.0,"verbalization":"Maximize the number of Customer to Campaign assignments","scaledWeight":16.0},{"weight":5.0,"weightedValue":11920.0,"value":745.0,"verbalization":"Maximize overall quality or value of Customer to Campaign assignments according to Candidates","scaledWeight":16.0}],"decisions_sorted_columns":{"Customer_to_Campaign_assignment_solution":["Customer id","Campaign id","Customer age","Campaign max customers"]},"decisions_schema":{"Customer_to_Campaign_assignment_solution":[{"domainConcepts":"cResource","semantic":"cResourceAssignment[Customer, Campaign],Customer","level":1,"isKPI":false,"concept":"Customer","isKey":true,"isDecision":false,"id":"Customer id","type":"STRING"},{"domainConcepts":"cActivity","semantic":"cResourceAssignment[Customer, Campaign],Campaign","level":1,"isKPI":false,"concept":"Campaign","isKey":true,"isDecision":false,"id":"Campaign id","type":"STRING"},{"domainConcepts":"cResource","semantic":"cResourceAssignment[Customer, Campaign],Customer","level":2,"isKPI":false,"concept":"Customer","isKey":false,"isDecision":false,"id":"Customer age","type":"NUMBER"},{"domainConcepts":"cActivity","semantic":"cResourceAssignment[Customer, Campaign],Campaign","level":2,"isKPI":false,"concept":"Campaign","isKey":false,"isDecision":false,"id":"Campaign max customers","type":"NUMBER"}]},"decisions":{"Customer_to_Campaign_assignment_solution":[{"Customer age":40,"Customer id":"Customer 1","Campaign id":"Auto","Campaign max customers":3},{"Customer age":30,"Customer id":"Customer 2","Campaign id":"Travel","Campaign max customers":3},{"Customer age":25,"Customer id":"Customer 3","Campaign id":"Auto","Campaign max customers":3},{"Customer age":29,"Customer id":"Customer 4","Campaign id":"Travel","Campaign max customers":3},{"Customer age":48,"Customer id":"Customer 5","Campaign id":"Home","Campaign max customers":3},{"Customer age":17,"Customer id":"Customer 6","Campaign id":"Home","Campaign max customers":3},{"Customer age":33,"Customer id":"Customer 7","Campaign id":"Travel","Campaign max customers":3},{"Customer age":24,"Customer id":"Customer 8","Campaign id":"Home","Campaign max customers":3},{"Customer age":18,"Customer id":"Customer 9","Campaign id":"Auto","Campaign max customers":3}]}}