{"categories":{"output":{"assets":{"kpis.csv":{"type":"Table"},"no_assignment_solution.csv":{"type":"Table"},"log.txt":{"type":"Asset"},"Customer_to_Campaign_assignment_solution.csv":{"type":"Table"}}},"input":{"assets":{"Customer.csv":{"type":"Table"},"Candidates.csv":{"type":"Table"},"Campaign.csv":{"type":"Table"}}},"model":{"assets":{"model.py":{"type":"Asset"}}},"CO_ASSET_SESSION":{"assets":{"CO_SESSION.json":{"type":"Asset"}}},"CO_ASSET":{"assets":{"CO_SOLUTION_TEXT.json":{"type":"Asset"},"solveParameters.json":{"type":"Asset"},"CO_DATASET.json":{"type":"Asset"},"CO_SOLUTION_JSON.json":{"type":"Asset"}}}},"modelType":"cognitive","category":"scenario"}