{"creationTime":1631873040625,"lastModificationTime":1631873055051,"state":"TERMINATED","solveConfig":{"containerId":"scenario 2","solveParameters":{"oaas.logAttachmentName":"log.txt","oaas.docplex.python":"3.8","oaas.logTailEnabled":"true"},"setupWebHook":{"verb":"GET","url":"https://api.dataplatform.test.cloud.ibm.com/v1/cognitive/solve/preprocess/scenario%202?projectId=70bbbef1-6895-44ef-8d90-70201f1f4f3a&parentId=MarketingCampaignAssignment","expectedStatus":200,"headers":{}},"tearDownWebHook":{"verb":"GET","url":"https://api.dataplatform.test.cloud.ibm.com/v1/cognitive/solve/postprocess/scenario%202?projectId=70bbbef1-6895-44ef-8d90-70201f1f4f3a&parentId=MarketingCampaignAssignment","expectedStatus":200,"headers":{}}},"jobDetails":{"id":"63530671-bb7d-4777-a349-e456665fde27","createdAt":1631873045779,"startedAt":1631873046696,"endedAt":1631873048716,"submittedAt":1631873045779,"details":{"KPI.overall quality or value of Customer-Campaign assignments according to Candidates":"745.0","KPI.the number of Customer-Campaign assignments":"9.0","MODEL_DETAIL_BOOLEAN_VARS":"27","MODEL_DETAIL_CONSTRAINTS":"12","MODEL_DETAIL_CONTINUOUS_VARS":"0","MODEL_DETAIL_INTEGER_VARS":"0","MODEL_DETAIL_KPIS":"[\"the number of Customer-Campaign assignments\", \"overall quality or value of Customer-Campaign assignments according to Candidates\"]","MODEL_DETAIL_NONZEROS":"54","MODEL_DETAIL_OBJECTIVE_SENSE":"maximize","MODEL_DETAIL_TYPE":"MILP","PROGRESS_BEST_OBJECTIVE":"12064.0","PROGRESS_BEST_OBJECTIVE.history":"[[1631873047.76, 12064.0]]","PROGRESS_CURRENT_OBJECTIVE":"12064.0","PROGRESS_CURRENT_OBJECTIVE.history":"[[1631873047.76, 12064.0]]","PROGRESS_GAP":"0.0","PROGRESS_GAP.history":"[[1631873047.76, 0.0]]","STAT.cplex.modelType":"MILP","STAT.cplex.size.booleanVariables":"27","STAT.cplex.size.constraints":"12","STAT.cplex.size.continousVariables":"0","STAT.cplex.size.integerVariables":"0","STAT.cplex.size.linearConstraints":"12","STAT.cplex.size.quadraticConstraints":"0","STAT.cplex.size.variables":"27","STAT.job.coresCount":"1","STAT.job.inputsReadMs":"380","STAT.job.memoryPeakKB":"94732","STAT.job.modelProcessingMs":"706","STAT.job.outputsWriteMs":"803"},"executionStatus":"PROCESSED","solveStatus":"OPTIMAL_SOLUTION","logTail":["[2021-09-17T10:04:07Z, INFO] * running wado model","[2021-09-17T10:04:07Z, INFO] WARNING: Number of workers has been reduced to 1 to comply with platform limitations.","[2021-09-17T10:04:07Z, INFO] Version identifier: 20.1.0.0 | 2020-11-10 | 9bedb6d68","[2021-09-17T10:04:07Z, INFO] CPXPARAM_Read_DataCheck                          1","[2021-09-17T10:04:07Z, INFO] CPXPARAM_Threads                                 1","[2021-09-17T10:04:07Z, INFO] CPXPARAM_TimeLimit                               120","[2021-09-17T10:04:07Z, INFO] Legacy callback                                  i","[2021-09-17T10:04:07Z, INFO] Found incumbent of value 0.000000 after 0.00 sec. (0.00 ticks)","[2021-09-17T10:04:07Z, INFO] Tried aggregator 1 time.","[2021-09-17T10:04:07Z, INFO] Reduced MIP has 12 rows, 27 columns, and 54 nonzeros.","[2021-09-17T10:04:07Z, INFO] Reduced MIP has 27 binaries, 0 generals, 0 SOSs, and 0 indicators.","[2021-09-17T10:04:07Z, INFO] Presolve time = 0.00 sec. (0.03 ticks)","[2021-09-17T10:04:07Z, INFO] Probing time = 0.00 sec. (0.01 ticks)","[2021-09-17T10:04:07Z, INFO] Tried aggregator 1 time.","[2021-09-17T10:04:07Z, INFO] Detecting symmetries...","[2021-09-17T10:04:07Z, INFO] Reduced MIP has 12 rows, 27 columns, and 54 nonzeros.","[2021-09-17T10:04:07Z, INFO] Reduced MIP has 27 binaries, 0 generals, 0 SOSs, and 0 indicators.","[2021-09-17T10:04:07Z, INFO] Presolve time = 0.00 sec. (0.04 ticks)","[2021-09-17T10:04:07Z, INFO] Probing time = 0.00 sec. (0.01 ticks)","[2021-09-17T10:04:07Z, INFO] Clique table members: 9.","[2021-09-17T10:04:07Z, INFO] MIP emphasis: balance optimality and feasibility.","[2021-09-17T10:04:07Z, INFO] MIP search method: dynamic search.","[2021-09-17T10:04:07Z, INFO] Parallel mode: none, using 1 thread.","[2021-09-17T10:04:07Z, INFO] Root relaxation solution time = 0.00 sec. (0.03 ticks)","[2021-09-17T10:04:07Z, INFO] ","[2021-09-17T10:04:07Z, INFO]         Nodes                                         Cuts/","[2021-09-17T10:04:07Z, INFO]    Node  Left     Objective  IInf  Best Integer    Best Bound    ItCnt     Gap","[2021-09-17T10:04:07Z, INFO] ","[2021-09-17T10:04:07Z, INFO] *     0+    0                            0.0000    32032.0000              --- ","[2021-09-17T10:04:07Z, INFO] *     0     0      integral     0    12064.0000    12064.0000       12    0.00%","[2021-09-17T10:04:07Z, INFO] Elapsed time = 0.00 sec. (0.15 ticks, tree = 0.00 MB, solutions = 2)","[2021-09-17T10:04:07Z, INFO] ","[2021-09-17T10:04:07Z, INFO] Root node processing (before b&c):","[2021-09-17T10:04:07Z, INFO]   Real time             =    0.00 sec. (0.15 ticks)","[2021-09-17T10:04:07Z, INFO] Sequential b&c:","[2021-09-17T10:04:07Z, INFO]   Real time             =    0.00 sec. (0.00 ticks)","[2021-09-17T10:04:07Z, INFO]                           ------------","[2021-09-17T10:04:07Z, INFO] Total (root+branch&cut) =    0.00 sec. (0.15 ticks)","[2021-09-17T10:04:07Z, INFO] Solve status: JobSolveStatus.OPTIMAL_SOLUTION","[2021-09-17T10:04:07Z, INFO] * model docplex_model1 solved with objective = 12064.000","[2021-09-17T10:04:07Z, INFO] *  KPI: the number of Customer-Campaign assignments                                       = 9.000","[2021-09-17T10:04:07Z, INFO] *  KPI: overall quality or value of Customer-Campaign assignments according to Candidates = 745.000","[2021-09-17T10:04:07Z, INFO] model solve done in 0.021870136260986328 secs","[2021-09-17T10:04:07Z, INFO] solution export done in 0.019888877868652344 secs","[2021-09-17T10:04:07Z, INFO] AssignedCampaigns.csv"]},"runtimeDetails":{"state":"STARTED"},"taskSetupMillis":4782,"taskSolveMillis":3563,"taskTearDownMillis":4670,"jobSpaceId":"d9bda584-cf9f-4f9b-8b9e-61ec05932519","jobId":"63530671-bb7d-4777-a349-e456665fde27","ping":1631873041075}