{"creationTime":1645198956596,"lastModificationTime":1645198969064,"state":"TERMINATED","solveConfig":{"containerId":"scenario 2","solveParameters":{"oaas.logAttachmentName":"log.txt","oaas.logTailEnabled":"true"},"setupWebHook":{"verb":"GET","url":"https://api.dataplatform.test.cloud.ibm.com/v1/cognitive/solve/preprocess/scenario%202?projectId=e752dffb-5e36-4918-8790-d07f8046816a&parentId=MarketingCampaignAssignment","expectedStatus":200,"headers":{}},"tearDownWebHook":{"verb":"GET","url":"https://api.dataplatform.test.cloud.ibm.com/v1/cognitive/solve/postprocess/scenario%202?projectId=e752dffb-5e36-4918-8790-d07f8046816a&parentId=MarketingCampaignAssignment","expectedStatus":200,"headers":{}}},"jobDetails":{"id":"6bf47065-99e6-4c09-8771-f37976e07d92","createdAt":1645198960405,"startedAt":1645198960979,"endedAt":1645198963705,"submittedAt":1645198960405,"details":{"KPI.overall quality or value of Customer-Campaign assignments according to Candidates":"745.0","KPI.the number of Customer-Campaign assignments":"9.0","MODEL_DETAIL_BOOLEAN_VARS":"27","MODEL_DETAIL_CONSTRAINTS":"12","MODEL_DETAIL_CONTINUOUS_VARS":"0","MODEL_DETAIL_INTEGER_VARS":"0","MODEL_DETAIL_KPIS":"[\"the number of Customer-Campaign assignments\", \"overall quality or value of Customer-Campaign assignments according to Candidates\"]","MODEL_DETAIL_NONZEROS":"54","MODEL_DETAIL_OBJECTIVE_SENSE":"maximize","MODEL_DETAIL_TYPE":"MILP","PROGRESS_BEST_OBJECTIVE":"12064.0","PROGRESS_BEST_OBJECTIVE.history":"[[1645198962.59, 12064.0]]","PROGRESS_CURRENT_OBJECTIVE":"12064.0","PROGRESS_CURRENT_OBJECTIVE.history":"[[1645198962.59, 12064.0]]","PROGRESS_GAP":"0.0","PROGRESS_GAP.history":"[[1645198962.59, 0.0]]","STAT.cplex.modelType":"MILP","STAT.cplex.size.booleanVariables":"27","STAT.cplex.size.constraints":"12","STAT.cplex.size.continousVariables":"0","STAT.cplex.size.integerVariables":"0","STAT.cplex.size.linearConstraints":"12","STAT.cplex.size.quadraticConstraints":"0","STAT.cplex.size.variables":"27","STAT.job.coresCount":"1","STAT.job.inputsReadMs":"1128","STAT.job.memoryPeakKB":"100864","STAT.job.modelProcessingMs":"482","STAT.job.outputsWriteMs":"999"},"executionStatus":"PROCESSED","solveStatus":"OPTIMAL_SOLUTION","logTail":["[2022-02-18T15:42:42Z, INFO] * running wado model","[2022-02-18T15:42:42Z, INFO] WARNING: Number of workers has been reduced to 1 to comply with platform limitations.","[2022-02-18T15:42:42Z, INFO] Version identifier: 20.1.0.1 | 2021-12-07 | 9dfdf6686","[2022-02-18T15:42:42Z, INFO] CPXPARAM_Read_DataCheck                          1","[2022-02-18T15:42:42Z, INFO] CPXPARAM_Threads                                 1","[2022-02-18T15:42:42Z, INFO] CPXPARAM_TimeLimit                               120","[2022-02-18T15:42:42Z, INFO] Legacy callback                                  i","[2022-02-18T15:42:42Z, INFO] Found incumbent of value 0.000000 after 0.00 sec. (0.00 ticks)","[2022-02-18T15:42:42Z, INFO] Tried aggregator 1 time.","[2022-02-18T15:42:42Z, INFO] Reduced MIP has 12 rows, 27 columns, and 54 nonzeros.","[2022-02-18T15:42:42Z, INFO] Reduced MIP has 27 binaries, 0 generals, 0 SOSs, and 0 indicators.","[2022-02-18T15:42:42Z, INFO] Presolve time = 0.00 sec. (0.03 ticks)","[2022-02-18T15:42:42Z, INFO] Probing time = 0.00 sec. (0.01 ticks)","[2022-02-18T15:42:42Z, INFO] Tried aggregator 1 time.","[2022-02-18T15:42:42Z, INFO] Detecting symmetries...","[2022-02-18T15:42:42Z, INFO] Reduced MIP has 12 rows, 27 columns, and 54 nonzeros.","[2022-02-18T15:42:42Z, INFO] Reduced MIP has 27 binaries, 0 generals, 0 SOSs, and 0 indicators.","[2022-02-18T15:42:42Z, INFO] Presolve time = 0.00 sec. (0.04 ticks)","[2022-02-18T15:42:42Z, INFO] Probing time = 0.00 sec. (0.01 ticks)","[2022-02-18T15:42:42Z, INFO] Clique table members: 9.","[2022-02-18T15:42:42Z, INFO] MIP emphasis: balance optimality and feasibility.","[2022-02-18T15:42:42Z, INFO] MIP search method: dynamic search.","[2022-02-18T15:42:42Z, INFO] Parallel mode: none, using 1 thread.","[2022-02-18T15:42:42Z, INFO] Root relaxation solution time = 0.00 sec. (0.03 ticks)","[2022-02-18T15:42:42Z, INFO] ","[2022-02-18T15:42:42Z, INFO]         Nodes                                         Cuts/","[2022-02-18T15:42:42Z, INFO]    Node  Left     Objective  IInf  Best Integer    Best Bound    ItCnt     Gap","[2022-02-18T15:42:42Z, INFO] ","[2022-02-18T15:42:42Z, INFO] *     0+    0                            0.0000    32032.0000              --- ","[2022-02-18T15:42:42Z, INFO] *     0     0      integral     0    12064.0000    12064.0000       12    0.00%","[2022-02-18T15:42:42Z, INFO] Elapsed time = 0.00 sec. (0.15 ticks, tree = 0.00 MB, solutions = 2)","[2022-02-18T15:42:42Z, INFO] ","[2022-02-18T15:42:42Z, INFO] Root node processing (before b&c):","[2022-02-18T15:42:42Z, INFO]   Real time             =    0.00 sec. (0.15 ticks)","[2022-02-18T15:42:42Z, INFO] Sequential b&c:","[2022-02-18T15:42:42Z, INFO]   Real time             =    0.00 sec. (0.00 ticks)","[2022-02-18T15:42:42Z, INFO]                           ------------","[2022-02-18T15:42:42Z, INFO] Total (root+branch&cut) =    0.00 sec. (0.15 ticks)","[2022-02-18T15:42:42Z, INFO] Solve status: JobSolveStatus.OPTIMAL_SOLUTION","[2022-02-18T15:42:42Z, INFO] * model docplex_model1 solved with objective = 12064.000","[2022-02-18T15:42:42Z, INFO] *  KPI: the number of Customer-Campaign assignments                                       = 9.000","[2022-02-18T15:42:42Z, INFO] *  KPI: overall quality or value of Customer-Campaign assignments according to Candidates = 745.000","[2022-02-18T15:42:42Z, INFO] model solve done in 0.017007827758789062 secs","[2022-02-18T15:42:42Z, INFO] solution export done in 0.020340681076049805 secs","[2022-02-18T15:42:42Z, INFO] AssignedCampaigns.csv"]},"runtimeDetails":{"state":"STARTED"},"taskSetupMillis":3412,"taskSolveMillis":4409,"taskTearDownMillis":3547,"jobSpaceId":"c765df71-66f6-497c-afac-f8a3ee8f12d4","jobDeploymentId":"394d139d-80fa-4a49-af52-7a02849e1af0","jobId":"6bf47065-99e6-4c09-8771-f37976e07d92","ping":1645198957041}