{"creationTime":1651064040393,"lastModificationTime":1651064040393,"state":"TERMINATED","solveConfig":{"containerId":"Scenario 1","solveParameters":{},"setupWebHook":{"verb":"GET","url":"https://internal-nginx-svc:12443/v1/cognitive/solve/preprocess/Scenario%201?projectId=0e14ce68-22dd-40e6-b646-df3586b97c0e&parentId=PortfolioAllocation","expectedStatus":200,"headers":{}},"tearDownWebHook":{"verb":"GET","url":"https://internal-nginx-svc:12443/v1/cognitive/solve/postprocess/Scenario%201?projectId=0e14ce68-22dd-40e6-b646-df3586b97c0e&parentId=PortfolioAllocation","expectedStatus":200,"headers":{}}},"jobDetails":{"id":"b127ba84-da6b-458a-9f49-bc635a21fc47","createdAt":1648646319405,"startedAt":1648646887547,"endedAt":1648646890916,"submittedAt":1648646319405,"details":{"KPI._time":"0.380112886428833","KPI.dependencies between investment allocations based on covariances":"18118.268015011476","KPI.total expected return of investments over all allocations":"164.36374358999998","MODEL_DETAIL_BOOLEAN_VARS":"20","MODEL_DETAIL_CONSTRAINTS":"106","MODEL_DETAIL_CONTINUOUS_VARS":"20","MODEL_DETAIL_INTEGER_VARS":"20","MODEL_DETAIL_KPIS":"[\"total expected return of investments over all allocations\", \"dependencies between investment allocations based on covariances\"]","MODEL_DETAIL_NONZEROS":"249","MODEL_DETAIL_OBJECTIVE_SENSE":"minimize","MODEL_DETAIL_TYPE":"MIQP","PROGRESS_BEST_OBJECTIVE":"-1180.358456239082","PROGRESS_BEST_OBJECTIVE.history":"[[1648646889.63, -3347.8591643470736]]","PROGRESS_CURRENT_OBJECTIVE":"-1180.358456239082","PROGRESS_CURRENT_OBJECTIVE.history":"[[1648646889.63, 0.0]]","PROGRESS_GAP":"0.0","PROGRESS_GAP.history":"[[1648646889.63, 33478591643470.734]]","STAT.cplex.modelType":"MIQP","STAT.cplex.size.booleanVariables":"20","STAT.cplex.size.constraints":"106","STAT.cplex.size.continousVariables":"20","STAT.cplex.size.integerVariables":"20","STAT.cplex.size.linearConstraints":"106","STAT.cplex.size.quadraticConstraints":"0","STAT.cplex.size.variables":"60","STAT.cplex.solve.elapsedTime":"0.380112886428833","STAT.cplex.solve.explored":"82","STAT.cplex.solve.iterationCount":"161","STAT.cplex.solve.opened":"0","STAT.job.coresCount":"1","STAT.job.inputsReadMs":"885","STAT.job.memoryPeakKB":"115904","STAT.job.modelProcessingMs":"1224","STAT.job.outputsWriteMs":"641"},"executionStatus":"PROCESSED","solveStatus":"OPTIMAL_SOLUTION","logTail":["[2022-03-30T13:28:09Z, INFO] Tried aggregator 1 time.","[2022-03-30T13:28:09Z, INFO] MIQP Presolve eliminated 21 rows and 20 columns.","[2022-03-30T13:28:09Z, INFO] Reduced MIQP has 40 rows, 33 columns, and 109 nonzeros.","[2022-03-30T13:28:09Z, INFO] Reduced MIQP has 11 binaries, 11 generals, 0 SOSs, and 0 indicators.","[2022-03-30T13:28:09Z, INFO] Reduced MIQP objective Q matrix has 121 nonzeros.","[2022-03-30T13:28:09Z, INFO] Presolve time = 0.00 sec. (0.08 ticks)","[2022-03-30T13:28:09Z, INFO] Probing time = 0.00 sec. (0.01 ticks)","[2022-03-30T13:28:09Z, INFO] Tried aggregator 1 time.","[2022-03-30T13:28:09Z, INFO] Reduced MIQP has 40 rows, 33 columns, and 109 nonzeros.","[2022-03-30T13:28:09Z, INFO] Reduced MIQP has 11 binaries, 11 generals, 0 SOSs, and 0 indicators.","[2022-03-30T13:28:09Z, INFO] Reduced MIQP objective Q matrix has 121 nonzeros.","[2022-03-30T13:28:09Z, INFO] Presolve time = 0.00 sec. (0.06 ticks)","[2022-03-30T13:28:09Z, INFO] Represolve time = 0.00 sec. (0.19 ticks)","[2022-03-30T13:28:09Z, INFO] Probing time = 0.00 sec. (0.01 ticks)","[2022-03-30T13:28:09Z, INFO] MIP emphasis: balance optimality and feasibility.","[2022-03-30T13:28:09Z, INFO] MIP search method: dynamic search.","[2022-03-30T13:28:09Z, INFO] Parallel mode: none, using 1 thread.","[2022-03-30T13:28:09Z, INFO] Root relaxation solution time = 0.00 sec. (0.37 ticks)","[2022-03-30T13:28:09Z, INFO] ","[2022-03-30T13:28:09Z, INFO]         Nodes                                         Cuts/","[2022-03-30T13:28:09Z, INFO]    Node  Left     Objective  IInf  Best Integer    Best Bound    ItCnt     Gap","[2022-03-30T13:28:09Z, INFO] ","[2022-03-30T13:28:09Z, INFO] *     0+    0                         -544.7177    -1862.6647           241.95%","[2022-03-30T13:28:09Z, INFO]       0     0    -1862.6647    22     -544.7177    -1862.6647       29  241.95%","[2022-03-30T13:28:09Z, INFO] *     0+    0                         -826.0211    -1862.6647           125.50%","[2022-03-30T13:28:09Z, INFO] *     0+    0                         -892.3035    -1862.6647           108.75%","[2022-03-30T13:28:09Z, INFO]       0     0  -1.00000e+75     0     -892.3035    -1862.6647       29  108.75%","[2022-03-30T13:28:09Z, INFO]       0     2    -1862.6647    22     -892.3035    -1722.1111       29   93.00%","[2022-03-30T13:28:09Z, INFO] Elapsed time = 0.03 sec. (5.02 ticks, tree = 0.01 MB, solutions = 4)","[2022-03-30T13:28:09Z, INFO] *    20+    9                        -1016.0020    -1585.6182            56.06%","[2022-03-30T13:28:09Z, INFO] *    34    11      integral     0    -1180.3585    -1585.6182       80   34.33%","[2022-03-30T13:28:10Z, INFO] ","[2022-03-30T13:28:10Z, INFO] Root node processing (before b&c):","[2022-03-30T13:28:10Z, INFO]   Real time             =    0.03 sec. (5.02 ticks)","[2022-03-30T13:28:10Z, INFO] Sequential b&c:","[2022-03-30T13:28:10Z, INFO]   Real time             =    0.35 sec. (3.76 ticks)","[2022-03-30T13:28:10Z, INFO]                           ------------","[2022-03-30T13:28:10Z, INFO] Total (root+branch&cut) =    0.38 sec. (8.78 ticks)","[2022-03-30T13:28:10Z, INFO] Solve status: JobSolveStatus.OPTIMAL_SOLUTION","[2022-03-30T13:28:10Z, INFO] * model docplex_model1 solved with objective = -1180.358","[2022-03-30T13:28:10Z, INFO] *  KPI: total expected return of investments over all allocations        = 164.364","[2022-03-30T13:28:10Z, INFO] *  KPI: dependencies between investment allocations based on covariances = 18118.268","[2022-03-30T13:28:10Z, INFO] model solve done in 0.4154624938964844 secs","[2022-03-30T13:28:10Z, INFO] solution export done in 0.01590132713317871 secs","[2022-03-30T13:28:10Z, INFO] investmentAllocation.csv"]},"runtimeDetails":{"state":"STARTED"},"taskSetupMillis":7790,"taskSolveMillis":573120,"taskTearDownMillis":4350,"jobSpaceId":"5f6efc9a-f726-4409-b93e-446a080a3f16","jobDeploymentId":"85267fb1-7699-40de-a8ab-c54874e80b93","jobId":"b127ba84-da6b-458a-9f49-bc635a21fc47","ping":1648646881678}