{
  "cpSerializationFormatVersion" : "1.20",
  "documentId" : "SearchNext",
  "responseTo" : "SearchNext" ,
  "solutionStatus" : { 
    "solveStatus" : "Optimal",
    "failStatus" : "SearchHasFailedNormally",
    "SearchStatus" : "SearchOngoing",
    "SearchStopCause" : "SearchHasNotBeenStopped",
    "nextStatus" : "NextFalse"
  } ,
  "bounds" : [ 115.98840000000003 ] ,
  "objectives" : [ 116.00000000000001 ] ,
  "gaps" : [ 0.0001 ] ,
  "KPIs" : { 
    "time to complete all activities" : 116
  } ,
  "intervalVars" : { 
    "_ITV_1" : { "start": 10080, "end": 15840, "size": 5760 }, 
    "_ITV_2" : { "start": 5760, "end": 8640, "size": 2880 }, 
    "_ITV_3" : { "start": 15840, "end": 18720, "size": 2880 }, 
    "_ITV_4" : { "start": 2880, "end": 5760, "size": 2880 }, 
    "_ITV_5" : { "start": 0, "end": 2880, "size": 2880 }, 
    "_ITV_6" : { "start": 20160, "end": 27360, "size": 7200 }, 
    "_ITV_7" : { "start": 50400, "end": 51840, "size": 1440 }, 
    "_ITV_8" : { "start": 17280, "end": 18720, "size": 1440 }, 
    "_ITV_9" : { "start": 70560, "end": 72000, "size": 1440 }, 
    "_ITV_10" : { "start": 36000, "end": 37440, "size": 1440 }, 
    "_ITV_11" : { "start": 11520, "end": 12960, "size": 1440 }, 
    "_ITV_12" : { "start": 86400, "end": 87840, "size": 1440 }, 
    "_ITV_13" : { "start": 47520, "end": 48960, "size": 1440 }, 
    "_ITV_14" : { "start": 15840, "end": 17280, "size": 1440 }, 
    "_ITV_15" : { "start": 67680, "end": 69120, "size": 1440 }, 
    "_ITV_16" : { "start": 34560, "end": 36000, "size": 1440 }, 
    "_ITV_17" : { "start": 10080, "end": 11520, "size": 1440 }, 
    "_ITV_18" : { "start": 84960, "end": 86400, "size": 1440 }, 
    "_ITV_19" : { "start": 0, "end": 2880, "size": 2880 }, 
    "_ITV_20" : { "start": 53280, "end": 79200, "size": 23040 }, 
    "_ITV_21" : { "start": 25920, "end": 38880, "size": 11520 }, 
    "_ITV_22" : { "start": 80640, "end": 93600, "size": 11520 }, 
    "_ITV_23" : { "start": 40320, "end": 53280, "size": 11520 }, 
    "_ITV_24" : { "start": 12960, "end": 25920, "size": 11520 }, 
    "_ITV_25" : { "start": 93600, "end": 126720, "size": 28800 }, 
    "_ITV_26" : { "start": 27360, "end": 61920, "size": 28800 }, 
    "_ITV_27" : { "start": 5760, "end": 27360, "size": 18720 }, 
    "_ITV_28" : { "start": 0, "end": 0, "size": 0 }, 
    "_ITV_29" : { "start": 167040, "end": 167040, "size": 0 }, 
    "_ITV_30" : { "start": 34560, "end": 47520, "size": 11520 }, 
    "_ITV_31" : { "start": 10080, "end": 15840, "size": 5760 }, 
    "_ITV_32" : { "start": 61920, "end": 67680, "size": 5760 }, 
    "_ITV_33" : { "start": 27360, "end": 34560, "size": 5760 }, 
    "_ITV_34" : { "start": 2880, "end": 8640, "size": 5760 }, 
    "_ITV_35" : { "start": 67680, "end": 84960, "size": 14400 }, 
    "_ITV_36" : { "start": 80640, "end": 99360, "size": 17280 }, 
    "_ITV_37" : { "start": 146880, "end": 167040, "size": 17280 }, 
    "_ITV_38" : { "start": 100800, "end": 119520, "size": 17280 }, 
    "_ITV_39" : { "start": 53280, "end": 73440, "size": 17280 }, 
    "_ITV_40" : { "start": 126720, "end": 146880, "size": 17280 }, 
    "_ITV_41" : { "start": 0, "end": 15840, "size": 14400 }, 
    "_ITV_42" : { "start": 0, "end": 15840, "size": 14400 }, 
    "_ITV_43" : { "start": 100800, "end": 125280, "size": 21600 }, 
    "_ITV_44" : { "start": 146880, "end": 164160, "size": 14400 }
  } ,
  "cpInfo" : { 
    "DepthFirstIdleTime" : 0, 
    "EffectiveDepthFirstWorkers" : 0, 
    "EffectiveIterativeDivingWorkers" : 0, 
    "EffectiveMultiPointWorkers" : 0, 
    "EffectiveNeighborhoodWorkers" : 0, 
    "EffectiveOptimalityTolerance" : 0.0116, 
    "EffectiveRestartWorkers" : 1, 
    "EffectiveWorkers" : 1, 
    "ExtractionTime" : 0.01, 
    "FailStatus" : "SearchHasFailedNormally", 
    "IterativeDivingIdleTime" : 0, 
    "MemoryUsage" : 1404076, 
    "MultiPointIdleTime" : 0, 
    "NeighborhoodIdleTime" : 0, 
    "NumberOfAuxiliaryVariables" : 0, 
    "NumberOfBlackboxCalls" : 0, 
    "NumberOfBlackboxes" : 0, 
    "NumberOfBranches" : 32427, 
    "NumberOfChoicePoints" : 18177, 
    "NumberOfConstraints" : 195, 
    "NumberOfConstraintsAdded" : 0, 
    "NumberOfConstraintsAggregated" : 44, 
    "NumberOfConstraintsGenerated" : 0, 
    "NumberOfConstraintsRemoved" : 0, 
    "NumberOfCriteria" : 1, 
    "NumberOfEngineConstraints" : 13, 
    "NumberOfEngineVariables" : 47, 
    "NumberOfErrors" : 0, 
    "NumberOfFails" : 16653, 
    "NumberOfIntegerVariables" : 0, 
    "NumberOfIntervalVariables" : 44, 
    "NumberOfPresolveTransformations" : 44, 
    "NumberOfSequenceVariables" : 0, 
    "NumberOfSolutions" : 9, 
    "NumberOfStateFunctions" : 0, 
    "NumberOfUnboundModelVariables" : 44, 
    "NumberOfUnboundModelVariablesInLogPeriod" : 44, 
    "NumberOfVariables" : 44, 
    "NumberOfWarnings" : 0, 
    "PeakMemoryUsage" : 1407261, 
    "PresolveTime" : 0.01, 
    "RestartIdleTime" : 0, 
    "SearchStatus" : "SearchOngoing", 
    "SearchStopCause" : "SearchHasNotBeenStopped", 
    "SolveTime" : 0.59, 
    "TotalTime" : 0.59
  } ,
  "parameters" : { 
    "BranchLimit" : "intmax", 
    "CPOFileStrictIdCount" : "Off", 
    "ChoicePointLimit" : "intmax", 
    "ConflictDefinition" : "ConflictInfeasible", 
    "ConflictRefinerAlgorithm" : 3, 
    "ConflictRefinerBranchLimit" : "intmax", 
    "ConflictRefinerFailLimit" : "intmax", 
    "ConflictRefinerIterationLimit" : "intmax", 
    "ConflictRefinerOnLabeledConstraints" : "On", 
    "ConflictRefinerOnVariables" : "Off", 
    "ConflictRefinerTimeLimit" : "infinity", 
    "ConflictRefinerWriteMode" : 1, 
    "DepthFirstWorkers" : 0, 
    "EliminatePresolvedModel" : "On", 
    "FailLimit" : "intmax", 
    "ForbidIncludeDirective" : "Off", 
    "IterativeDivingWorkers" : 0, 
    "KPIDisplay" : "SingleLine", 
    "LogDisplayWorkerIdleTime" : "Off", 
    "MemoryDisplay" : "On", 
    "MultiPointWorkers" : 0, 
    "NeighborhoodWorkers" : 0, 
    "ObjectiveLimit" : "infinity", 
    "ParallelCommunicateEachSolution" : "Off", 
    "ParallelEventQueueCapacity" : "Auto", 
    "ParallelIterativeDivingWorkerIdMask" : 0, 
    "ParallelMode" : "Auto", 
    "ParallelOptimizeSingleWorker" : "On", 
    "ParallelReduceMemoryFragmentation" : "Off", 
    "ParallelRestartProp" : "Auto", 
    "ParallelSkipEquivalentSolutions" : "On", 
    "ParallelSynchronizationSolutionCapacity" : "Auto", 
    "ParallelSynchronizationTicks" : "Auto", 
    "ParallelWorkerStackSize" : "Auto", 
    "PeriodicCallbackMinDelay" : 0.5, 
    "Presolve" : "On", 
    "PresolveConfiguration" : 0, 
    "PresolveIterations" : 1, 
    "PresolveLevel" : "Medium", 
    "PresolveTransformers" : "intmax", 
    "PresolveTransformers2" : "intmax", 
    "PrintModelDetailsInMessages" : "On", 
    "RestartWorkers" : 0, 
    "SameMessageLimit" : 20, 
    "SequentialModelConversion" : "Off", 
    "SolutionLimit" : "intmax", 
    "StrongMaxTuples" : 10000, 
    "TimeLimit" : 120, 
    "TimeMode" : "ElapsedTime", 
    "TraceExtraction" : "Off", 
    "WarningLevel" : 2, 
    "Workers" : 1, 
    "AllDiffInferenceLevel" : "Default", 
    "AllMinDistanceInferenceLevel" : "Default", 
    "CPOFileCompatibility" : "Auto", 
    "CountDifferentInferenceLevel" : "Default", 
    "CountInferenceLevel" : "Default", 
    "CumulFunctionInferenceLevel" : "Default", 
    "DefaultInferenceLevel" : "Basic", 
    "DistributeInferenceLevel" : "Default", 
    "DynamicProbing" : "Auto", 
    "DynamicProbingStrength" : 0.03, 
    "ElementInferenceLevel" : "Default", 
    "EnforceCELimits" : "Off", 
    "EnumerationThreshold" : 1, 
    "ExpressionConfiguration1" : 0, 
    "ExpressionConfiguration2" : 0, 
    "FDSConfiguration" : 0, 
    "FDSDecayFactor" : 0, 
    "FDSExtraFilteringDepth" : "Auto", 
    "FDSFailBonus" : 1, 
    "FDSMinChoicesPerInterval" : 0, 
    "FDSMinRandomDepth" : 20, 
    "FDSPortionForRandomDraw" : 1, 
    "FDSRandomPeriod" : 100, 
    "FDSRootStrongBranches" : 20, 
    "FDSStrongBranchingDepth" : 8, 
    "FDSStrongBranchingStartDepth" : 0, 
    "FailureDirectedSearch" : "On", 
    "FailureDirectedSearchEmphasis" : "Auto", 
    "FailureDirectedSearchMaxMemory" : 104857600, 
    "FloatDisplay" : "IntFixed", 
    "ImpactMeasures" : "Auto", 
    "IntegerPortfolioVersion" : "Auto", 
    "IntervalSequenceInferenceLevel" : "Default", 
    "IntervalSolutionPoolCapacity" : 1, 
    "LogPeriod" : 1000, 
    "LogSearchTags" : "Off", 
    "LogVerbosity" : "Normal", 
    "LowerBoundEffort" : 1, 
    "MaxDivingNoGoodLength" : 2147483647, 
    "MaxExpressionDepth" : 10, 
    "MaxNoGoodLength" : 30, 
    "MaxNoGoods" : "intmax", 
    "MaxPBTCaptureSize" : 1000000, 
    "MinPBTCaptureSize" : 100, 
    "ModelAnonymizer" : "Off", 
    "MultiPointDisableLamarckism" : "Auto", 
    "MultiPointFailLimitInitializer" : 3, 
    "MultiPointIgnorePhases" : "Off", 
    "MultiPointImproveDuringInit" : "On", 
    "MultiPointInitMode" : 0, 
    "MultiPointLearningRatio" : "Auto", 
    "MultiPointMaximumFailLimit" : 1024, 
    "MultiPointNumberOfSearchPoints" : 30, 
    "MultiPointPropagationLimitFactor" : 30, 
    "MultiPointRandomOperatorEncodingFactor" : 0, 
    "MultiPointReduceIntervalPrecedences" : "Off", 
    "MultiPointRewardPropagationPeriod" : 0, 
    "MultiPointStartingPointCompletionFailLimit" : "Auto", 
    "MultiPointUseCrossoverOperator" : "Auto", 
    "MultiPointUseMutationOperator" : "Auto", 
    "MultiPointUseRandomOperator" : "Auto", 
    "NeighborhoodReformulationLimit" : 20000, 
    "NeighborhoodReformulationWorkers" : "Auto", 
    "NoOverlapInferenceLevel" : "Default", 
    "OptimalityTolerance" : 1e-09, 
    "PackApproximationSize" : 512, 
    "ParallelCommunicateSolutions" : "On", 
    "ParallelCommunicatesLowerBounds" : "On", 
    "ParallelCommunicatesNoGoods" : "On", 
    "PrecedenceInferenceLevel" : "Default", 
    "RandomSeed" : 0, 
    "RelativeOptimalityTolerance" : 0.0001, 
    "RestartBroadcastConflictMaxSize" : 8, 
    "RestartFailLimit" : 100, 
    "RestartGrowthFactor" : 1.15, 
    "RestartLexObjectiveAggressiveness" : 0, 
    "RestartProofEmphasis" : 0.3, 
    "RestartPropagationLimitFactor" : 30, 
    "RestartTimeMeasurement" : 1, 
    "RestartWithTDRSearch" : "On", 
    "SACLimit" : 0, 
    "SACSkip" : 6, 
    "SearchConfiguration" : 0, 
    "SearchType" : "Auto", 
    "SeedRandomOnSolve" : "On", 
    "SequenceExpressionInferenceLevel" : "Default", 
    "SequenceInferenceLevel" : "Default", 
    "StateFunctionInferenceLevel" : "Default", 
    "StateFunctionTriangularInequalityCheck" : "On", 
    "StrictNumericalDivision" : "On", 
    "StrongMinReduction" : 0, 
    "SynchronizeByDeterministicTime" : "Auto", 
    "TTEF" : "On", 
    "TemporalRelaxation" : "Auto", 
    "TemporalRelaxationAlgorithm" : 18, 
    "TemporalRelaxationChecksLPCoeffs" : "On", 
    "TemporalRelaxationIterationLimit" : 50000, 
    "TemporalRelaxationLevel" : 3, 
    "TemporalRelaxationRowLimit" : 150000, 
    "TemporalRelaxationTimeFactor" : 1000, 
    "TimeDisplay" : "Seconds", 
    "TimetablingAlgorithm" : 1, 
    "UnaryFunctionAggregatorLimit" : 64, 
    "UseExactQuickScopes" : "Off", 
    "UseFileLocations" : "On", 
    "VersionDisplay" : "On"
  }
}
