{"creationTime":1690879737700,"lastModificationTime":1690879769100,"state":"TERMINATED","solveConfig":{"containerId":"Scenario 1","solveParameters":{"oaas.logAttachmentName":"log.txt","oaas.logTailEnabled":"true"},"setupWebHook":{"verb":"GET","url":"https://internal.api.dataplatform.test.cloud.ibm.com/v1/cognitive/solve/preprocess/Scenario%201?projectId=234d5525-b0c4-41e7-b340-d72389121295&parentId=BridgeScheduling","expectedStatus":200,"headers":{}},"tearDownWebHook":{"verb":"GET","url":"https://internal.api.dataplatform.test.cloud.ibm.com/v1/cognitive/solve/postprocess/Scenario%201?projectId=234d5525-b0c4-41e7-b340-d72389121295&parentId=BridgeScheduling","expectedStatus":200,"headers":{}}},"jobDetails":{"id":"82928a82-db44-45a8-86cc-d81e86005532","createdAt":1690879744365,"startedAt":1690879760358,"endedAt":1690879764383,"submittedAt":1690879744365,"details":{"KPI.time to complete all activities":"116","MODEL_DETAIL_CONSTRAINTS":"195","MODEL_DETAIL_INTEGER_VARS":"0","MODEL_DETAIL_INTERVAL_VARS":"44","MODEL_DETAIL_KPIS":"[\"time to complete all activities\"]","MODEL_DETAIL_OBJECTIVE_SENSE":"minimize","MODEL_DETAIL_SEQUENCE_VARS":"0","MODEL_DETAIL_TYPE":"CPO Scheduling","PROGRESS_BEST_BOUND":"115.98840000000003","PROGRESS_BEST_OBJECTIVE":"115.98840000000003","PROGRESS_BEST_OBJECTIVE.history":"[[1690879763.25, \"68\"], [1690879763.97, \"115.98840000000003\"]]","PROGRESS_CURRENT_OBJECTIVE":"116.00000000000001","PROGRESS_CURRENT_OBJECTIVE.history":"[[1690879763.25, \"159\"], [1690879763.97, \"116.00000000000001\"]]","PROGRESS_GAP":"0.0001","PROGRESS_GAP.history":"[[1690879763.25, \"0.572327\"], [1690879763.97, \"0.0001\"]]","STAT.cpo.modelType":"CPO","STAT.cpo.size.constraints":"195","STAT.cpo.size.integerVariables":"0","STAT.cpo.size.intervalVariables":"44","STAT.cpo.size.sequenceVariables":"0","STAT.cpo.size.variables":"44","STAT.cpo.solve.memoryUsage":"1404076","STAT.cpo.solve.numberOfBranches":"32427","STAT.cpo.solve.time":"0.59","STAT.job.coresCount":"1","STAT.job.inputsReadMs":"2398","STAT.job.memoryPeakKB":"142832","STAT.job.modelProcessingMs":"1073","STAT.job.outputsWriteMs":"297"},"executionStatus":"PROCESSED","solveStatus":"OPTIMAL_SOLUTION","logTail":["[2023-08-01T08:49:23.647Z, INFO]         116.0000    23000          1          30240 != startOf(_ITV_35)","[2023-08-01T08:49:23.657Z, INFO]         116.0000    24000          1          36000 != startOf(_ITV_35)","[2023-08-01T08:49:23.667Z, INFO]         116.0000    25000          1              0  = startOf(_ITV_42)","[2023-08-01T08:49:23.679Z, INFO]         116.0000    26000          1        F         !presenceOf(_ITV_31)","[2023-08-01T08:49:23.689Z, INFO]         116.0000    27000          1           8640  = endOf(_ITV_31)","[2023-08-01T08:49:23.700Z, INFO]         116.0000    28000          1           5760  = startOf(_ITV_5)","[2023-08-01T08:49:23.710Z, INFO]         116.0000    29000          1          73440  = startOf(_ITV_9)","[2023-08-01T08:49:23.711Z, INFO]  ! Time = 0.33s, Average fail depth = 26, Memory usage = 1.4 MB","[2023-08-01T08:49:23.711Z, INFO]  ! Current bound is 106.9999 (gap is 7.76%)","[2023-08-01T08:49:23.712Z, INFO]  !          Best Branches  Non-fixed            Branch decision","[2023-08-01T08:49:23.775Z, INFO]  ! Using failure-directed search.","[2023-08-01T08:49:23.790Z, INFO]         116.0000    30000          1        F  8021 <= startOf(_ITV_28)","[2023-08-01T08:49:23.844Z, INFO]         116.0000    31000         43        F 163286 <= startOf(_ITV_29)","[2023-08-01T08:49:23.894Z, INFO]         116.0000    32000         44        F 65755 <= startOf(_ITV_9)","[2023-08-01T08:49:23.913Z, INFO]         116.0000    32355         44          162640 >= startOf(_ITV_29)","[2023-08-01T08:49:23.914Z, INFO]  + New bound is 112.9444 (gap is 2.63%)","[2023-08-01T08:49:23.914Z, INFO]         116.0000    32357         44          163084 >= startOf(_ITV_29)","[2023-08-01T08:49:23.915Z, INFO]  + New bound is 113.2527 (gap is 2.37%)","[2023-08-01T08:49:23.915Z, INFO]         116.0000    32364         44          164502 >= startOf(_ITV_29)","[2023-08-01T08:49:23.916Z, INFO]  + New bound is 114.2374 (gap is 1.52%)","[2023-08-01T08:49:23.916Z, INFO]         116.0000    32371         44          164555 >= startOf(_ITV_29)","[2023-08-01T08:49:23.917Z, INFO]  + New bound is 114.2743 (gap is 1.49%)","[2023-08-01T08:49:23.917Z, INFO]         116.0000    32376         44          165350 >= startOf(_ITV_29)","[2023-08-01T08:49:23.918Z, INFO]  + New bound is 114.8263 (gap is 1.01%)","[2023-08-01T08:49:23.918Z, INFO]         116.0000    32400         44          165567 >= startOf(_ITV_29)","[2023-08-01T08:49:23.919Z, INFO]  + New bound is 114.9770 (gap is 0.88%)","[2023-08-01T08:49:23.920Z, INFO]         116.0000    32418         44          165582 >= startOf(_ITV_29)","[2023-08-01T08:49:23.920Z, INFO]  + New bound is 114.9874 (gap is 0.87%)","[2023-08-01T08:49:23.921Z, INFO]         116.0000    32426         44        F 36476 >= startOf(_ITV_13)","[2023-08-01T08:49:23.921Z, INFO]  + New bound is 115.9884 (gap is 0.01%)","[2023-08-01T08:49:23.971Z, INFO]  ! ----------------------------------------------------------------------------","[2023-08-01T08:49:23.972Z, INFO]  ! Search completed, 9 solutions found.","[2023-08-01T08:49:23.972Z, INFO]  ! Best objective         : 116.0000 (optimal - effective tol. is 0.0116)","[2023-08-01T08:49:23.973Z, INFO]  ! Best bound             : 115.9884","[2023-08-01T08:49:23.973Z, INFO]  ! time to complete all activities: 116","[2023-08-01T08:49:23.973Z, INFO]  ! ----------------------------------------------------------------------------","[2023-08-01T08:49:23.974Z, INFO]  ! Number of branches     : 32427","[2023-08-01T08:49:23.974Z, INFO]  ! Number of fails        : 16653","[2023-08-01T08:49:23.974Z, INFO]  ! Total memory usage     : 1.5 MB (1.4 MB CP Optimizer + 0.1 MB Concert)","[2023-08-01T08:49:23.975Z, INFO]  ! Time spent in solve    : 0.59s (0.59s engine + 0.01s extraction)","[2023-08-01T08:49:23.975Z, INFO]  ! Search speed (br. / s) : 55908.6","[2023-08-01T08:49:23.976Z, INFO]  ! ----------------------------------------------------------------------------","[2023-08-01T08:49:23.978Z, INFO] solve + export of all intermediate solutions done in 0.761702299118042 secs","[2023-08-01T08:49:23.978Z, INFO] ScheduledActivities.csv","[2023-08-01T08:49:23.979Z, INFO] NotScheduledActivities.csv"]},"taskSetupMillis":6515,"taskSolveMillis":20325,"taskTearDownMillis":1240,"jobSpaceId":"97b8836e-1fbc-4af4-9adb-e5ae5fa3f705","jobDeploymentId":"843b2017-14a2-4984-9e09-8378cfb741b2","jobId":"82928a82-db44-45a8-86cc-d81e86005532","ping":1690879767880}