{"creationTime":1687855117334,"lastModificationTime":1687855165352,"state":"TERMINATED","solveConfig":{"containerId":"Scenario 1","environmentId":"fd8b9ed7-2982-41e7-84dc-928f024f88a6","solveParameters":{}},"jobDetails":{"id":"cfe9cd64-d669-440a-a993-a94e62203572","createdAt":1687855119529,"startedAt":1687855160100,"endedAt":1687855161719,"submittedAt":1687855119529,"details":{"STAT.job.coresCount":"1","STAT.job.inputsReadMs":"1085","STAT.job.memoryPeakKB":"91180","STAT.job.modelProcessingMs":"29","STAT.job.outputsWriteMs":"155"},"executionStatus":"PROCESSED","solveStatus":"UNKNOWN","logTail":["[2023-06-27T08:39:21.241Z, WARNING] Python 3.10 is used as default with pandas 1.4.3 libraries.","[2023-06-27T08:39:21.374Z, INFO] {}","[2023-06-27T08:39:21.389Z, INFO] +---------------+------+-------+","[2023-06-27T08:39:21.390Z, INFO] |      name     | qmin |  qmax |","[2023-06-27T08:39:21.391Z, INFO] +---------------+------+-------+","[2023-06-27T08:39:21.392Z, INFO] |    Calories   | 2000 |  2500 |","[2023-06-27T08:39:21.393Z, INFO] |    Calcium    | 800  |  1600 |","[2023-06-27T08:39:21.394Z, INFO] |      Iron     |  10  |   30  |","[2023-06-27T08:39:21.395Z, INFO] |     Vit_A     | 5000 | 50000 |","[2023-06-27T08:39:21.395Z, INFO] | Dietary_Fiber |  25  |  100  |","[2023-06-27T08:39:21.396Z, INFO] | Carbohydrates |  0   |  300  |","[2023-06-27T08:39:21.397Z, INFO] |    Protein    |  50  |  100  |","[2023-06-27T08:39:21.398Z, INFO] +---------------+------+-------+","[2023-06-27T08:39:21.399Z, INFO] Warning: no outputs written"]},"runtimeDetails":{"state":"STARTED"},"taskSetupMillis":2095,"taskSolveMillis":45072,"taskTearDownMillis":1,"jobSpaceId":"3d14a570-f6e3-4665-bd9b-5b4b94d83c31","jobDeploymentId":"6a2a1590-f860-4609-b0a5-494607516688","jobId":"cfe9cd64-d669-440a-a993-a94e62203572","ping":1687855147858}