{"creationTime":1690880375715,"lastModificationTime":1690880410219,"state":"TERMINATED","solveConfig":{"containerId":"Scenario 1","solveParameters":{}},"jobDetails":{"id":"6dfc9337-5a8b-4441-960c-50904db29109","createdAt":1690880382334,"startedAt":1690880404444,"endedAt":1690880408735,"submittedAt":1690880382334,"details":{"KPI._time":"0.0029120445251464844","MODEL_DETAIL_BOOLEAN_VARS":"36","MODEL_DETAIL_CONSTRAINTS":"210","MODEL_DETAIL_CONTINUOUS_VARS":"0","MODEL_DETAIL_INTEGER_VARS":"0","MODEL_DETAIL_KPIS":"[]","MODEL_DETAIL_NONZEROS":"630","MODEL_DETAIL_OBJECTIVE_SENSE":"maximize","MODEL_DETAIL_TYPE":"MILP","PROGRESS_BEST_OBJECTIVE":"24.0","PROGRESS_BEST_OBJECTIVE.history":"[[1690880408.13, 24.0]]","PROGRESS_CURRENT_OBJECTIVE":"11.0","PROGRESS_CURRENT_OBJECTIVE.history":"[[1690880408.13, 11.0]]","PROGRESS_GAP":"1.181818181807438","PROGRESS_GAP.history":"[[1690880408.13, 1.181818181807438]]","STAT.cplex.modelType":"MILP","STAT.cplex.size.booleanVariables":"36","STAT.cplex.size.constraints":"210","STAT.cplex.size.continousVariables":"0","STAT.cplex.size.integerVariables":"0","STAT.cplex.size.linearConstraints":"210","STAT.cplex.size.quadraticConstraints":"0","STAT.cplex.size.variables":"36","STAT.cplex.solve.elapsedTime":"0.0029120445251464844","STAT.cplex.solve.explored":"0","STAT.cplex.solve.iterationCount":"54","STAT.cplex.solve.opened":"1","STAT.job.coresCount":"1","STAT.job.inputsReadMs":"2618","STAT.job.memoryPeakKB":"112104","STAT.job.modelProcessingMs":"954","STAT.job.outputsWriteMs":"424"},"executionStatus":"PROCESSED","solveStatus":"FEASIBLE_SOLUTION","logTail":["[2023-08-01T09:00:07.085Z, WARNING] Python 3.10 is used as default with pandas 1.4.3 libraries.","[2023-08-01T09:00:07.222Z, INFO] {}","[2023-08-01T09:00:07.570Z, INFO] * running love hearts puzzle with size=8","[2023-08-01T09:00:07.615Z, INFO] ","[2023-08-01T09:00:07.616Z, INFO] Non default CPLEX parameters are:","[2023-08-01T09:00:07.617Z, INFO] solutions:int(2)","[2023-08-01T09:00:07.618Z, INFO] datacheck:int(0)","[2023-08-01T09:00:07.619Z, INFO] End of non default parameters","[2023-08-01T09:00:07.620Z, INFO] ","[2023-08-01T09:00:07.620Z, INFO] ","[2023-08-01T09:00:08.054Z, INFO] Solve with default: 14.0","[2023-08-01T09:00:08.084Z, INFO] Solve with params through solve method and .ops file: 11.0","[2023-08-01T09:00:08.115Z, INFO] Solve with params through Model constructor and .ops file: 11.0","[2023-08-01T09:00:08.146Z, INFO] Solve with params through standard python code: 11.0","[2023-08-01T09:00:08.147Z, INFO] all checks are good","[2023-08-01T09:00:08.148Z, INFO] Warning: no outputs written"]},"taskSetupMillis":6407,"taskSolveMillis":25294,"taskTearDownMillis":1,"jobSpaceId":"97b8836e-1fbc-4af4-9adb-e5ae5fa3f705","jobDeploymentId":"30363184-219c-4dc1-8626-e03901c3c68b","jobId":"6dfc9337-5a8b-4441-960c-50904db29109","ping":1690880406068}