{"goalObjectives":[{"weight":5.0,"weightedValue":144.0,"value":9.0,"verbalization":"Maximize the number of Customer to Campaign assignments","scaledWeight":16.0},{"weight":5.0,"weightedValue":11920.0,"value":745.0,"verbalization":"Maximize overall quality or value of Customer to Campaign assignments according to Candidates","scaledWeight":16.0}],"decisions_sorted_columns":{"Customer_to_Campaign_assignment_solution":["Customer","Campaign"]},"decisions_schema":{"Customer_to_Campaign_assignment_solution":[{"domainConcepts":"cResource","semantic":"cResourceAssignment[Customer, Campaign],Customer","level":1,"isKPI":false,"concept":"Customer","isKey":true,"isDecision":false,"id":"Customer","type":"STRING"},{"domainConcepts":"cActivity","semantic":"cResourceAssignment[Customer, Campaign],Campaign","level":1,"isKPI":false,"concept":"Campaign","isKey":true,"isDecision":false,"id":"Campaign","type":"STRING"}]},"decisions":{"Customer_to_Campaign_assignment_solution":[{"Campaign":"Auto","Customer":"Customer 1"},{"Campaign":"Travel","Customer":"Customer 2"},{"Campaign":"Auto","Customer":"Customer 3"},{"Campaign":"Travel","Customer":"Customer 4"},{"Campaign":"Home","Customer":"Customer 5"},{"Campaign":"Home","Customer":"Customer 6"},{"Campaign":"Travel","Customer":"Customer 7"},{"Campaign":"Home","Customer":"Customer 8"},{"Campaign":"Auto","Customer":"Customer 9"}]}}