{"goalObjectives":[{"weight":5.0,"weightedValue":144.0,"value":9.0,"verbalization":"Maximize the number of Customer-Campaign assignments","scaledWeight":16.0},{"weight":5.0,"weightedValue":11920.0,"value":745.0,"verbalization":"Maximize overall quality or value of Customer-Campaign assignments according to Candidates","scaledWeight":16.0}],"decisions_sorted_columns":{"AssignedCampaigns":["Customer","Campaign","Campaign assignments","Customer assignments"]},"decisions_schema":{"AssignedCampaigns":[{"domainConcepts":"cResource","semantic":"cResourceAssignment,Customer","level":1,"isKPI":false,"concept":"Customer","isKey":true,"isDecision":false,"id":"Customer","type":"STRING"},{"domainConcepts":"cActivity","semantic":"cResourceAssignment,Campaign","level":1,"isKPI":false,"concept":"Campaign","isKey":true,"isDecision":false,"id":"Campaign","type":"STRING"},{"domainConcepts":"","semantic":"","level":1,"isKPI":true,"concept":"cResourceAssignment__Customer__Campaign__","isKey":false,"isDecision":false,"id":"Campaign assignments","type":"NUMBER"},{"domainConcepts":"","semantic":"","level":1,"isKPI":true,"concept":"cResourceAssignment__Customer__Campaign__","isKey":false,"isDecision":false,"id":"Customer assignments","type":"NUMBER"}]},"decisions":{"AssignedCampaigns":[{"Campaign":"Auto","Customer":"Customer 1","Campaign assignments":1.0,"Customer assignments":1.0},{"Campaign":"Travel","Customer":"Customer 2","Campaign assignments":1.0,"Customer assignments":1.0},{"Campaign":"Auto","Customer":"Customer 3","Campaign assignments":1.0,"Customer assignments":1.0},{"Campaign":"Travel","Customer":"Customer 4","Campaign assignments":1.0,"Customer assignments":1.0},{"Campaign":"Home","Customer":"Customer 5","Campaign assignments":1.0,"Customer assignments":1.0},{"Campaign":"Home","Customer":"Customer 6","Campaign assignments":1.0,"Customer assignments":1.0},{"Campaign":"Travel","Customer":"Customer 7","Campaign assignments":1.0,"Customer assignments":1.0},{"Campaign":"Home","Customer":"Customer 8","Campaign assignments":1.0,"Customer assignments":1.0},{"Campaign":"Auto","Customer":"Customer 9","Campaign assignments":1.0,"Customer assignments":1.0}]}}