{"creationTime":1651047104258,"lastModificationTime":1651047115879,"state":"TERMINATED","solveConfig":{"containerId":"scenario 1","solveParameters":{"oaas.logAttachmentName":"log.txt","oaas.logTailEnabled":"true"},"setupWebHook":{"verb":"GET","url":"https://api.dataplatform.cloud.ibm.com/v1/cognitive/solve/preprocess/scenario%201?projectId=d25f1f0d-0115-473b-a5ef-527c4bc8048f&parentId=MarketingCampaignAssignment","expectedStatus":200,"headers":{}},"tearDownWebHook":{"verb":"GET","url":"https://api.dataplatform.cloud.ibm.com/v1/cognitive/solve/postprocess/scenario%201?projectId=d25f1f0d-0115-473b-a5ef-527c4bc8048f&parentId=MarketingCampaignAssignment","expectedStatus":200,"headers":{}}},"jobDetails":{"id":"2981cee3-e514-453f-97c5-96dc11990bf1","createdAt":1651047107926,"startedAt":1651047108536,"endedAt":1651047110965,"submittedAt":1651047107926,"details":{"KPI.overall quality or value of Customer-Campaign assignments according to Candidates":"745.0","KPI.the number of Customer-Campaign assignments":"9.0","MODEL_DETAIL_BOOLEAN_VARS":"27","MODEL_DETAIL_CONSTRAINTS":"12","MODEL_DETAIL_CONTINUOUS_VARS":"0","MODEL_DETAIL_INTEGER_VARS":"0","MODEL_DETAIL_KPIS":"[\"the number of Customer-Campaign assignments\", \"overall quality or value of Customer-Campaign assignments according to Candidates\"]","MODEL_DETAIL_NONZEROS":"54","MODEL_DETAIL_OBJECTIVE_SENSE":"maximize","MODEL_DETAIL_TYPE":"MILP","PROGRESS_BEST_OBJECTIVE":"12064.0","PROGRESS_BEST_OBJECTIVE.history":"[[1651047109.72, 12064.0]]","PROGRESS_CURRENT_OBJECTIVE":"12064.0","PROGRESS_CURRENT_OBJECTIVE.history":"[[1651047109.72, 12064.0]]","PROGRESS_GAP":"0.0","PROGRESS_GAP.history":"[[1651047109.72, 0.0]]","STAT.cplex.modelType":"MILP","STAT.cplex.size.booleanVariables":"27","STAT.cplex.size.constraints":"12","STAT.cplex.size.continousVariables":"0","STAT.cplex.size.integerVariables":"0","STAT.cplex.size.linearConstraints":"12","STAT.cplex.size.quadraticConstraints":"0","STAT.cplex.size.variables":"27","STAT.job.coresCount":"1","STAT.job.inputsReadMs":"245","STAT.job.memoryPeakKB":"113984","STAT.job.modelProcessingMs":"900","STAT.job.outputsWriteMs":"1037"},"executionStatus":"PROCESSED","solveStatus":"OPTIMAL_SOLUTION","logTail":["[2022-04-27T08:11:49Z, INFO] * running wado model","[2022-04-27T08:11:49Z, INFO] WARNING: Number of workers has been reduced to 1 to comply with platform limitations.","[2022-04-27T08:11:49Z, INFO] Version identifier: 20.1.0.1 | 2021-12-07 | 9dfdf6686","[2022-04-27T08:11:49Z, INFO] CPXPARAM_Read_DataCheck                          1","[2022-04-27T08:11:49Z, INFO] CPXPARAM_Threads                                 1","[2022-04-27T08:11:49Z, INFO] CPXPARAM_TimeLimit                               120","[2022-04-27T08:11:49Z, INFO] Legacy callback                                  i","[2022-04-27T08:11:49Z, INFO] Found incumbent of value 0.000000 after 0.00 sec. (0.00 ticks)","[2022-04-27T08:11:49Z, INFO] Tried aggregator 1 time.","[2022-04-27T08:11:49Z, INFO] Reduced MIP has 12 rows, 27 columns, and 54 nonzeros.","[2022-04-27T08:11:49Z, INFO] Reduced MIP has 27 binaries, 0 generals, 0 SOSs, and 0 indicators.","[2022-04-27T08:11:49Z, INFO] Presolve time = 0.00 sec. (0.03 ticks)","[2022-04-27T08:11:49Z, INFO] Probing time = 0.00 sec. (0.01 ticks)","[2022-04-27T08:11:49Z, INFO] Tried aggregator 1 time.","[2022-04-27T08:11:49Z, INFO] Detecting symmetries...","[2022-04-27T08:11:49Z, INFO] Reduced MIP has 12 rows, 27 columns, and 54 nonzeros.","[2022-04-27T08:11:49Z, INFO] Reduced MIP has 27 binaries, 0 generals, 0 SOSs, and 0 indicators.","[2022-04-27T08:11:49Z, INFO] Presolve time = 0.00 sec. (0.04 ticks)","[2022-04-27T08:11:49Z, INFO] Probing time = 0.00 sec. (0.01 ticks)","[2022-04-27T08:11:49Z, INFO] Clique table members: 9.","[2022-04-27T08:11:49Z, INFO] MIP emphasis: balance optimality and feasibility.","[2022-04-27T08:11:49Z, INFO] MIP search method: dynamic search.","[2022-04-27T08:11:49Z, INFO] Parallel mode: none, using 1 thread.","[2022-04-27T08:11:49Z, INFO] Root relaxation solution time = 0.00 sec. (0.03 ticks)","[2022-04-27T08:11:49Z, INFO] ","[2022-04-27T08:11:49Z, INFO]         Nodes                                         Cuts/","[2022-04-27T08:11:49Z, INFO]    Node  Left     Objective  IInf  Best Integer    Best Bound    ItCnt     Gap","[2022-04-27T08:11:49Z, INFO] ","[2022-04-27T08:11:49Z, INFO] *     0+    0                            0.0000    32032.0000              --- ","[2022-04-27T08:11:49Z, INFO] *     0     0      integral     0    12064.0000    12064.0000       12    0.00%","[2022-04-27T08:11:49Z, INFO] Elapsed time = 0.00 sec. (0.15 ticks, tree = 0.00 MB, solutions = 2)","[2022-04-27T08:11:49Z, INFO] ","[2022-04-27T08:11:49Z, INFO] Root node processing (before b&c):","[2022-04-27T08:11:49Z, INFO]   Real time             =    0.00 sec. (0.15 ticks)","[2022-04-27T08:11:49Z, INFO] Sequential b&c:","[2022-04-27T08:11:49Z, INFO]   Real time             =    0.00 sec. (0.00 ticks)","[2022-04-27T08:11:49Z, INFO]                           ------------","[2022-04-27T08:11:49Z, INFO] Total (root+branch&cut) =    0.00 sec. (0.15 ticks)","[2022-04-27T08:11:49Z, INFO] Solve status: JobSolveStatus.OPTIMAL_SOLUTION","[2022-04-27T08:11:49Z, INFO] * model docplex_model1 solved with objective = 12064.000","[2022-04-27T08:11:49Z, INFO] *  KPI: the number of Customer-Campaign assignments                                       = 9.000","[2022-04-27T08:11:49Z, INFO] *  KPI: overall quality or value of Customer-Campaign assignments according to Candidates = 745.000","[2022-04-27T08:11:49Z, INFO] model solve done in 0.02606987953186035 secs","[2022-04-27T08:11:49Z, INFO] solution export done in 0.018521785736083984 secs","[2022-04-27T08:11:49Z, INFO] AssignedCampaigns.csv"]},"runtimeDetails":{"state":"STARTED"},"taskSetupMillis":3547,"taskSolveMillis":4526,"taskTearDownMillis":2843,"jobSpaceId":"6d902298-59e9-4647-88fa-075fbff492fc","jobDeploymentId":"2d0e2fb9-de0e-46cf-a63e-d09e3a2174c2","jobId":"2981cee3-e514-453f-97c5-96dc11990bf1","ping":1651047104424}