{"creationTime":1622217499790,"lastModificationTime":1622217517793,"state":"TERMINATED","solveConfig":{"containerId":"scenario 1","solveParameters":{"oaas.logAttachmentName":"log.txt","oaas.logTailEnabled":"true"},"setupWebHook":{"verb":"GET","url":"https://api.dataplatform.cloud.ibm.com/v1/cognitive/solve/preprocess/scenario%201?projectId=5bd7da6b-09da-4521-be71-3c7a69f90b61&parentId=MarketingCampaignAssignment","expectedStatus":200,"headers":{}},"tearDownWebHook":{"verb":"GET","url":"https://api.dataplatform.cloud.ibm.com/v1/cognitive/solve/postprocess/scenario%201?projectId=5bd7da6b-09da-4521-be71-3c7a69f90b61&parentId=MarketingCampaignAssignment","expectedStatus":200,"headers":{}}},"jobDetails":{"id":"9a8e218c-1a07-453f-9cea-40d1b02cb1c3","createdAt":1622217507576,"startedAt":1622217508612,"endedAt":1622217510171,"submittedAt":1622217507576,"details":{"KPI.overall quality or value of Customer-Campaign assignments according to Candidates":"745.0","KPI.the number of Customer-Campaign assignments":"9.0","MODEL_DETAIL_BOOLEAN_VARS":"27","MODEL_DETAIL_CONSTRAINTS":"12","MODEL_DETAIL_CONTINUOUS_VARS":"0","MODEL_DETAIL_INTEGER_VARS":"0","MODEL_DETAIL_KPIS":"[\"the number of Customer-Campaign assignments\", \"overall quality or value of Customer-Campaign assignments according to Candidates\"]","MODEL_DETAIL_NONZEROS":"54","MODEL_DETAIL_OBJECTIVE_SENSE":"maximize","MODEL_DETAIL_TYPE":"MILP","PROGRESS_BEST_OBJECTIVE":"12064.0","PROGRESS_BEST_OBJECTIVE.history":"[[1622217509.19, 12064.0]]","PROGRESS_CURRENT_OBJECTIVE":"12064.0","PROGRESS_CURRENT_OBJECTIVE.history":"[[1622217509.19, 12064.0]]","PROGRESS_GAP":"0.0","PROGRESS_GAP.history":"[[1622217509.19, 0.0]]","STAT.cplex.modelType":"MILP","STAT.cplex.size.booleanVariables":"27","STAT.cplex.size.constraints":"12","STAT.cplex.size.continousVariables":"0","STAT.cplex.size.integerVariables":"0","STAT.cplex.size.linearConstraints":"12","STAT.cplex.size.quadraticConstraints":"0","STAT.cplex.size.variables":"27","STAT.job.coresCount":"1","STAT.job.inputsReadMs":"332","STAT.job.memoryPeakKB":"92232","STAT.job.modelProcessingMs":"271","STAT.job.outputsWriteMs":"861"},"executionStatus":"PROCESSED","solveStatus":"OPTIMAL_SOLUTION","logTail":["[2021-05-28T15:58:29Z, INFO] * running wado model","[2021-05-28T15:58:29Z, INFO] WARNING: Number of workers has been reduced to 1 to comply with platform limitations.","[2021-05-28T15:58:29Z, INFO] Version identifier: 20.1.0.0 | 2020-11-10 | 9bedb6d68","[2021-05-28T15:58:29Z, INFO] CPXPARAM_Read_DataCheck                          1","[2021-05-28T15:58:29Z, INFO] CPXPARAM_Threads                                 1","[2021-05-28T15:58:29Z, INFO] CPXPARAM_TimeLimit                               120","[2021-05-28T15:58:29Z, INFO] Legacy callback                                  i","[2021-05-28T15:58:29Z, INFO] Found incumbent of value 0.000000 after 0.00 sec. (0.00 ticks)","[2021-05-28T15:58:29Z, INFO] Tried aggregator 1 time.","[2021-05-28T15:58:29Z, INFO] Reduced MIP has 12 rows, 27 columns, and 54 nonzeros.","[2021-05-28T15:58:29Z, INFO] Reduced MIP has 27 binaries, 0 generals, 0 SOSs, and 0 indicators.","[2021-05-28T15:58:29Z, INFO] Presolve time = 0.00 sec. (0.03 ticks)","[2021-05-28T15:58:29Z, INFO] Probing time = 0.00 sec. (0.01 ticks)","[2021-05-28T15:58:29Z, INFO] Tried aggregator 1 time.","[2021-05-28T15:58:29Z, INFO] Detecting symmetries...","[2021-05-28T15:58:29Z, INFO] Reduced MIP has 12 rows, 27 columns, and 54 nonzeros.","[2021-05-28T15:58:29Z, INFO] Reduced MIP has 27 binaries, 0 generals, 0 SOSs, and 0 indicators.","[2021-05-28T15:58:29Z, INFO] Presolve time = 0.00 sec. (0.04 ticks)","[2021-05-28T15:58:29Z, INFO] Probing time = 0.00 sec. (0.01 ticks)","[2021-05-28T15:58:29Z, INFO] Clique table members: 9.","[2021-05-28T15:58:29Z, INFO] MIP emphasis: balance optimality and feasibility.","[2021-05-28T15:58:29Z, INFO] MIP search method: dynamic search.","[2021-05-28T15:58:29Z, INFO] Parallel mode: none, using 1 thread.","[2021-05-28T15:58:29Z, INFO] Root relaxation solution time = 0.01 sec. (0.03 ticks)","[2021-05-28T15:58:29Z, INFO] ","[2021-05-28T15:58:29Z, INFO]         Nodes                                         Cuts/","[2021-05-28T15:58:29Z, INFO]    Node  Left     Objective  IInf  Best Integer    Best Bound    ItCnt     Gap","[2021-05-28T15:58:29Z, INFO] ","[2021-05-28T15:58:29Z, INFO] *     0+    0                            0.0000    32032.0000              --- ","[2021-05-28T15:58:29Z, INFO] *     0     0      integral     0    12064.0000    12064.0000       12    0.00%","[2021-05-28T15:58:29Z, INFO] Elapsed time = 0.01 sec. (0.15 ticks, tree = 0.00 MB, solutions = 2)","[2021-05-28T15:58:29Z, INFO] ","[2021-05-28T15:58:29Z, INFO] Root node processing (before b&amp;c):","[2021-05-28T15:58:29Z, INFO]   Real time             =    0.01 sec. (0.15 ticks)","[2021-05-28T15:58:29Z, INFO] Sequential b&amp;c:","[2021-05-28T15:58:29Z, INFO]   Real time             =    0.00 sec. (0.00 ticks)","[2021-05-28T15:58:29Z, INFO]                           ------------","[2021-05-28T15:58:29Z, INFO] Total (root+branch&amp;cut) =    0.01 sec. (0.15 ticks)","[2021-05-28T15:58:29Z, INFO] Solve status: JobSolveStatus.OPTIMAL_SOLUTION","[2021-05-28T15:58:29Z, INFO] * model docplex_model1 solved with objective = 12064.000","[2021-05-28T15:58:29Z, INFO] *  KPI: the number of Customer-Campaign assignments                                       = 9.000","[2021-05-28T15:58:29Z, INFO] *  KPI: overall quality or value of Customer-Campaign assignments according to Candidates = 745.000","[2021-05-28T15:58:29Z, INFO] model solve done in 0.03724360466003418 secs","[2021-05-28T15:58:29Z, INFO] solution export done in 0.024542808532714844 secs","[2021-05-28T15:58:29Z, INFO] AssignedCampaigns.csv"]},"runtimeDetails":{"state":"STARTED"},"taskSetupMillis":7396,"taskSolveMillis":3912,"taskTearDownMillis":4971,"jobSpaceId":"cf8149be-2496-4afc-b3cc-e5aea64024d2","jobId":"9a8e218c-1a07-453f-9cea-40d1b02cb1c3","ping":1622217500518}