{"goalObjectives":[{"weight":5.0,"weightedValue":2080.0,"value":130.0,"verbalization":"Maximize the number of Employee-Shift assignments","scaledWeight":16.0},{"weight":5.0,"weightedValue":1472.0,"value":92.0,"verbalization":"Balance number of OnCallDuties over Employees","scaledWeight":16.0}],"decisions_sorted_columns":{"AssignedShifts":["Employee","Shift","Employee assignments","Shift assignments","Employee seniority","Employee qualification","Employee pay rate","Shift start time","Shift requested skills","Shift min req","Shift max req","Shift end time","Shift duration","Shift department","Shift day index","Shift day","Shift Week start","Shift Start date","Shift End date"],"OnCallDuty":["Day","Employee","OnCallDuty decision","Day on-call requirement","Day index","Employee seniority","Employee qualification","Employee pay rate"]},"decisions_schema":{"AssignedShifts":[{"domainConcepts":"cResource","semantic":"cResourceAssignment,Employee","level":1,"isKPI":false,"concept":"Employee","isKey":true,"isDecision":false,"id":"Employee","type":"STRING"},{"domainConcepts":"cActivity","semantic":"cResourceAssignment,Shift","level":1,"isKPI":false,"concept":"Shift","isKey":true,"isDecision":false,"id":"Shift","type":"NUMBER"},{"domainConcepts":"","semantic":"","level":1,"isKPI":true,"concept":"cResourceAssignment__Employee__Shift__","isKey":false,"isDecision":false,"id":"Employee assignments","type":"NUMBER"},{"domainConcepts":"","semantic":"","level":1,"isKPI":true,"concept":"cResourceAssignment__Employee__Shift__","isKey":false,"isDecision":false,"id":"Shift assignments","type":"NUMBER"},{"domainConcepts":"cResource","semantic":"cResourceAssignment,Employee","level":2,"isKPI":false,"concept":"Employee","isKey":false,"isDecision":false,"id":"Employee seniority","type":"NUMBER"},{"domainConcepts":"cResource","semantic":"cResourceAssignment,Employee","level":2,"isKPI":false,"concept":"Employee","isKey":false,"isDecision":false,"id":"Employee qualification","type":"NUMBER"},{"domainConcepts":"cResource","semantic":"cResourceAssignment,Employee","level":2,"isKPI":false,"concept":"Employee","isKey":false,"isDecision":false,"id":"Employee pay rate","type":"NUMBER"},{"domainConcepts":"cActivity","semantic":"cResourceAssignment,Shift","level":2,"isKPI":false,"concept":"Shift","isKey":false,"isDecision":false,"id":"Shift start time","type":"NUMBER"},{"domainConcepts":"","semantic":"cResourceAssignment,Shift,skills","level":3,"isKPI":false,"concept":"skills","isKey":false,"isDecision":false,"id":"Shift requested skills","type":"STRING"},{"domainConcepts":"cActivity","semantic":"cResourceAssignment,Shift","level":2,"isKPI":false,"concept":"Shift","isKey":false,"isDecision":false,"id":"Shift min req","type":"NUMBER"},{"domainConcepts":"cActivity","semantic":"cResourceAssignment,Shift","level":2,"isKPI":false,"concept":"Shift","isKey":false,"isDecision":false,"id":"Shift max req","type":"NUMBER"},{"domainConcepts":"cActivity","semantic":"cResourceAssignment,Shift","level":2,"isKPI":false,"concept":"Shift","isKey":false,"isDecision":false,"id":"Shift end time","type":"NUMBER"},{"domainConcepts":"cActivity","semantic":"cResourceAssignment,Shift","level":2,"isKPI":false,"concept":"Shift","isKey":false,"isDecision":false,"id":"Shift duration","type":"NUMBER"},{"domainConcepts":"","semantic":"cResourceAssignment,Shift,department","level":3,"isKPI":false,"concept":"department","isKey":false,"isDecision":false,"id":"Shift department","type":"STRING"},{"domainConcepts":"cActivity","semantic":"cResourceAssignment,Shift","level":2,"isKPI":false,"concept":"Shift","isKey":false,"isDecision":false,"id":"Shift day index","type":"NUMBER"},{"domainConcepts":"","semantic":"cResourceAssignment,Shift,Day","level":3,"isKPI":false,"concept":"Day","isKey":false,"isDecision":false,"id":"Shift day","type":"STRING"},{"domainConcepts":"cActivity","semantic":"cResourceAssignment,Shift","level":2,"isKPI":false,"concept":"Shift","isKey":false,"isDecision":false,"id":"Shift Week start","type":"DateTime"},{"domainConcepts":"cActivity","semantic":"cResourceAssignment,Shift","level":2,"isKPI":false,"concept":"Shift","isKey":false,"isDecision":false,"id":"Shift Start date","type":"DateTime"},{"domainConcepts":"cActivity","semantic":"cResourceAssignment,Shift","level":2,"isKPI":false,"concept":"Shift","isKey":false,"isDecision":false,"id":"Shift End date","type":"DateTime"}],"OnCallDuty":[{"domainConcepts":"","semantic":"OnCallDuty,Day","level":1,"isKPI":false,"concept":"Day","isKey":true,"isDecision":false,"id":"Day","type":"STRING"},{"domainConcepts":"cResource","semantic":"OnCallDuty,Employee","level":1,"isKPI":false,"concept":"Employee","isKey":true,"isDecision":false,"id":"Employee","type":"STRING"},{"domainConcepts":"cAssignmentDecision","semantic":null,"level":10,"isKPI":false,"concept":"OnCallDuty","isKey":false,"isDecision":true,"id":"OnCallDuty decision","type":"BOOLEAN"},{"domainConcepts":"","semantic":"OnCallDuty,Day","level":2,"isKPI":false,"concept":"Day","isKey":false,"isDecision":false,"id":"Day on-call requirement","type":"NUMBER"},{"domainConcepts":"","semantic":"OnCallDuty,Day","level":2,"isKPI":false,"concept":"Day","isKey":false,"isDecision":false,"id":"Day index","type":"NUMBER"},{"domainConcepts":"cResource","semantic":"OnCallDuty,Employee","level":2,"isKPI":false,"concept":"Employee","isKey":false,"isDecision":false,"id":"Employee seniority","type":"NUMBER"},{"domainConcepts":"cResource","semantic":"OnCallDuty,Employee","level":2,"isKPI":false,"concept":"Employee","isKey":false,"isDecision":false,"id":"Employee qualification","type":"NUMBER"},{"domainConcepts":"cResource","semantic":"OnCallDuty,Employee","level":2,"isKPI":false,"concept":"Employee","isKey":false,"isDecision":false,"id":"Employee pay rate","type":"NUMBER"}]},"decisions":{"AssignedShifts":[{"Shift":6,"Shift assignments":1.0,"Shift requested skills":"","Shift min req":3,"Employee pay rate":25,"Employee qualification":1,"Shift end time":12,"Shift day":"Monday","Shift Week start":"2020-09-21 00:00:00","Shift duration":4,"Shift department":"WHOps-Packaging","Employee":"Anne","Employee assignments":1.0,"Employee seniority":11,"Shift max req":8,"Shift Start date":"2020-09-21 08:00:00","Shift day index":1,"Shift End date":"2020-09-21 12:00:00","Shift start time":8},{"Shift":17,"Shift assignments":1.0,"Shift requested skills":"","Shift min req":3,"Employee pay rate":25,"Employee qualification":1,"Shift end time":17,"Shift day":"Tuesday","Shift Week start":"2020-09-22 00:00:00","Shift duration":5,"Shift department":"WHOps-Packaging","Employee":"Anne","Employee assignments":1.0,"Employee seniority":11,"Shift max req":8,"Shift Start date":"2020-09-22 12:00:00","Shift day index":2,"Shift End date":"2020-09-22 17:00:00","Shift start time":12},{"Shift":26,"Shift assignments":1.0,"Shift requested skills":"","Shift min req":3,"Employee pay rate":25,"Employee qualification":1,"Shift end time":12,"Shift day":"Wednesday","Shift Week start":"2020-09-23 00:00:00","Shift duration":4,"Shift department":"WHOps-Packaging","Employee":"Anne","Employee assignments":1.0,"Employee seniority":11,"Shift max req":8,"Shift Start date":"2020-09-23 08:00:00","Shift day index":3,"Shift End date":"2020-09-23 12:00:00","Shift start time":8},{"Shift":31,"Shift assignments":1.0,"Shift requested skills":"","Shift min req":3,"Employee pay rate":25,"Employee qualification":1,"Shift end time":12,"Shift day":"Thursday","Shift Week start":"2020-09-24 00:00:00","Shift duration":6,"Shift department":"WHOps-Picking","Employee":"Anne","Employee assignments":1.0,"Employee seniority":11,"Shift max req":8,"Shift Start date":"2020-09-24 06:00:00","Shift day index":4,"Shift End date":"2020-09-24 12:00:00","Shift start time":6},{"Shift":41,"Shift assignments":1.0,"Shift requested skills":"","Shift min req":3,"Employee pay rate":25,"Employee qualification":1,"Shift end time":12,"Shift day":"Friday","Shift Week start":"2020-09-25 00:00:00","Shift duration":6,"Shift department":"WHOps-Picking","Employee":"Anne","Employee assignments":1.0,"Employee seniority":11,"Shift max req":8,"Shift Start date":"2020-09-25 06:00:00","Shift day index":5,"Shift End date":"2020-09-25 12:00:00","Shift start time":6},{"Shift":2,"Shift assignments":1.0,"Shift requested skills":"","Shift min req":3,"Employee pay rate":28,"Employee qualification":5,"Shift end time":18,"Shift day":"Monday","Shift Week start":"2020-09-21 00:00:00","Shift duration":6,"Shift department":"WHOps-Picking","Employee":"Bethanie","Employee assignments":1.0,"Employee seniority":4,"Shift max req":8,"Shift Start date":"2020-09-21 12:00:00","Shift day index":1,"Shift End date":"2020-09-21 18:00:00","Shift start time":12},{"Shift":36,"Shift assignments":1.0,"Shift requested skills":"","Shift min req":3,"Employee pay rate":28,"Employee qualification":5,"Shift end time":12,"Shift day":"Thursday","Shift Week start":"2020-09-24 00:00:00","Shift duration":4,"Shift department":"WHOps-Packaging","Employee":"Bethanie","Employee assignments":1.0,"Employee seniority":4,"Shift max req":8,"Shift Start date":"2020-09-24 08:00:00","Shift day index":4,"Shift End date":"2020-09-24 12:00:00","Shift start time":8},{"Shift":42,"Shift assignments":1.0,"Shift requested skills":"","Shift min req":3,"Employee pay rate":28,"Employee qualification":5,"Shift end time":18,"Shift day":"Friday","Shift Week start":"2020-09-25 00:00:00","Shift duration":6,"Shift department":"WHOps-Picking","Employee":"Bethanie","Employee assignments":1.0,"Employee seniority":4,"Shift max req":8,"Shift Start date":"2020-09-25 12:00:00","Shift day index":5,"Shift End date":"2020-09-25 18:00:00","Shift start time":12},{"Shift":51,"Shift assignments":1.0,"Shift requested skills":"CustomerService","Shift min req":4,"Employee pay rate":28,"Employee qualification":5,"Shift end time":12,"Shift day":"Saturday","Shift Week start":"2020-09-25 00:00:00","Shift duration":4,"Shift department":"CustomerSupport","Employee":"Bethanie","Employee assignments":1.0,"Employee seniority":4,"Shift max req":8,"Shift Start date":"2020-09-26 08:00:00","Shift day index":6,"Shift End date":"2020-09-26 12:00:00","Shift start time":8},{"Shift":12,"Shift assignments":1.0,"Shift requested skills":"","Shift min req":3,"Employee pay rate":17,"Employee qualification":2,"Shift end time":18,"Shift day":"Tuesday","Shift Week start":"2020-09-22 00:00:00","Shift duration":6,"Shift department":"WHOps-Picking","Employee":"Betsy","Employee assignments":1.0,"Employee seniority":2,"Shift max req":8,"Shift Start date":"2020-09-22 12:00:00","Shift day index":2,"Shift End date":"2020-09-22 18:00:00","Shift start time":12},{"Shift":22,"Shift assignments":1.0,"Shift requested skills":"","Shift min req":3,"Employee pay rate":17,"Employee qualification":2,"Shift end time":18,"Shift day":"Wednesday","Shift Week start":"2020-09-23 00:00:00","Shift duration":6,"Shift department":"WHOps-Picking","Employee":"Betsy","Employee assignments":1.0,"Employee seniority":2,"Shift max req":8,"Shift Start date":"2020-09-23 12:00:00","Shift day index":3,"Shift End date":"2020-09-23 18:00:00","Shift start time":12},{"Shift":46,"Shift assignments":1.0,"Shift requested skills":"","Shift min req":3,"Employee pay rate":17,"Employee qualification":2,"Shift end time":12,"Shift day":"Friday","Shift Week start":"2020-09-25 00:00:00","Shift duration":4,"Shift department":"WHOps-Packaging","Employee":"Betsy","Employee assignments":1.0,"Employee seniority":2,"Shift max req":8,"Shift Start date":"2020-09-25 08:00:00","Shift day index":5,"Shift End date":"2020-09-25 12:00:00","Shift start time":8},{"Shift":52,"Shift assignments":1.0,"Shift requested skills":"CustomerService","Shift min req":4,"Employee pay rate":17,"Employee qualification":2,"Shift end time":18,"Shift day":"Saturday","Shift Week start":"2020-09-25 00:00:00","Shift duration":6,"Shift department":"CustomerSupport","Employee":"Betsy","Employee assignments":1.0,"Employee seniority":2,"Shift max req":8,"Shift Start date":"2020-09-26 12:00:00","Shift day index":6,"Shift End date":"2020-09-26 18:00:00","Shift start time":12},{"Shift":7,"Shift assignments":1.0,"Shift requested skills":"","Shift min req":3,"Employee pay rate":17,"Employee qualification":2,"Shift end time":17,"Shift day":"Monday","Shift Week start":"2020-09-21 00:00:00","Shift duration":5,"Shift department":"WHOps-Packaging","Employee":"Cathy","Employee assignments":1.0,"Employee seniority":2,"Shift max req":8,"Shift Start date":"2020-09-21 12:00:00","Shift day index":1,"Shift End date":"2020-09-21 17:00:00","Shift start time":12},{"Shift":27,"Shift assignments":1.0,"Shift requested skills":"","Shift min req":3,"Employee pay rate":17,"Employee qualification":2,"Shift end time":17,"Shift day":"Wednesday","Shift Week start":"2020-09-23 00:00:00","Shift duration":5,"Shift department":"WHOps-Packaging","Employee":"Cathy","Employee assignments":1.0,"Employee seniority":2,"Shift max req":8,"Shift Start date":"2020-09-23 12:00:00","Shift day index":3,"Shift End date":"2020-09-23 17:00:00","Shift start time":12},{"Shift":47,"Shift assignments":1.0,"Shift requested skills":"","Shift min req":3,"Employee pay rate":17,"Employee qualification":2,"Shift end time":17,"Shift day":"Friday","Shift Week start":"2020-09-25 00:00:00","Shift duration":5,"Shift department":"WHOps-Packaging","Employee":"Cathy","Employee assignments":1.0,"Employee seniority":2,"Shift max req":8,"Shift Start date":"2020-09-25 12:00:00","Shift day index":5,"Shift End date":"2020-09-25 17:00:00","Shift start time":12},{"Shift":51,"Shift assignments":1.0,"Shift requested skills":"CustomerService","Shift min req":4,"Employee pay rate":17,"Employee qualification":2,"Shift end time":12,"Shift day":"Saturday","Shift Week start":"2020-09-25 00:00:00","Shift duration":4,"Shift department":"CustomerSupport","Employee":"Cathy","Employee assignments":1.0,"Employee seniority":2,"Shift max req":8,"Shift Start date":"2020-09-26 08:00:00","Shift day index":6,"Shift End date":"2020-09-26 12:00:00","Shift start time":8},{"Shift":6,"Shift assignments":1.0,"Shift requested skills":"","Shift min req":3,"Employee pay rate":38,"Employee qualification":5,"Shift end time":12,"Shift day":"Monday","Shift Week start":"2020-09-21 00:00:00","Shift duration":4,"Shift department":"WHOps-Packaging","Employee":"Cecilia","Employee assignments":1.0,"Employee seniority":9,"Shift max req":8,"Shift Start date":"2020-09-21 08:00:00","Shift day index":1,"Shift End date":"2020-09-21 12:00:00","Shift start time":8},{"Shift":12,"Shift assignments":1.0,"Shift requested skills":"","Shift min req":3,"Employee pay rate":38,"Employee qualification":5,"Shift end time":18,"Shift day":"Tuesday","Shift Week start":"2020-09-22 00:00:00","Shift duration":6,"Shift department":"WHOps-Picking","Employee":"Cecilia","Employee assignments":1.0,"Employee seniority":9,"Shift max req":8,"Shift Start date":"2020-09-22 12:00:00","Shift day index":2,"Shift End date":"2020-09-22 18:00:00","Shift start time":12},{"Shift":31,"Shift assignments":1.0,"Shift requested skills":"","Shift min req":3,"Employee pay rate":38,"Employee qualification":5,"Shift end time":12,"Shift day":"Thursday","Shift Week start":"2020-09-24 00:00:00","Shift duration":6,"Shift department":"WHOps-Picking","Employee":"Cecilia","Employee assignments":1.0,"Employee seniority":9,"Shift max req":8,"Shift Start date":"2020-09-24 06:00:00","Shift day index":4,"Shift End date":"2020-09-24 12:00:00","Shift start time":6},{"Shift":52,"Shift assignments":1.0,"Shift requested skills":"CustomerService","Shift min req":4,"Employee pay rate":38,"Employee qualification":5,"Shift end time":18,"Shift day":"Saturday","Shift Week start":"2020-09-25 00:00:00","Shift duration":6,"Shift department":"CustomerSupport","Employee":"Cecilia","Employee assignments":1.0,"Employee seniority":9,"Shift max req":8,"Shift Start date":"2020-09-26 12:00:00","Shift day index":6,"Shift End date":"2020-09-26 18:00:00","Shift start time":12},{"Shift":6,"Shift assignments":1.0,"Shift requested skills":"","Shift min req":3,"Employee pay rate":38,"Employee qualification":4,"Shift end time":12,"Shift day":"Monday","Shift Week start":"2020-09-21 00:00:00","Shift duration":4,"Shift department":"WHOps-Packaging","Employee":"Chris","Employee assignments":1.0,"Employee seniority":11,"Shift max req":8,"Shift Start date":"2020-09-21 08:00:00","Shift day index":1,"Shift End date":"2020-09-21 12:00:00","Shift start time":8},{"Shift":26,"Shift assignments":1.0,"Shift requested skills":"","Shift min req":3,"Employee pay rate":38,"Employee qualification":4,"Shift end time":12,"Shift day":"Wednesday","Shift Week start":"2020-09-23 00:00:00","Shift duration":4,"Shift department":"WHOps-Packaging","Employee":"Chris","Employee assignments":1.0,"Employee seniority":11,"Shift max req":8,"Shift Start date":"2020-09-23 08:00:00","Shift day index":3,"Shift End date":"2020-09-23 12:00:00","Shift start time":8},{"Shift":49,"Shift assignments":1.0,"Shift requested skills":"CustomerService","Shift min req":4,"Employee pay rate":38,"Employee qualification":4,"Shift end time":17,"Shift day":"Friday","Shift Week start":"2020-09-25 00:00:00","Shift duration":5,"Shift department":"CustomerSupport","Employee":"Chris","Employee assignments":1.0,"Employee seniority":11,"Shift max req":8,"Shift Start date":"2020-09-25 12:00:00","Shift day index":5,"Shift End date":"2020-09-25 17:00:00","Shift start time":12},{"Shift":51,"Shift assignments":1.0,"Shift requested skills":"CustomerService","Shift min req":4,"Employee pay rate":38,"Employee qualification":4,"Shift end time":12,"Shift day":"Saturday","Shift Week start":"2020-09-25 00:00:00","Shift duration":4,"Shift department":"CustomerSupport","Employee":"Chris","Employee assignments":1.0,"Employee seniority":11,"Shift max req":8,"Shift Start date":"2020-09-26 08:00:00","Shift day index":6,"Shift End date":"2020-09-26 12:00:00","Shift start time":8},{"Shift":5,"Shift assignments":1.0,"Shift requested skills":"Forklift","Shift min req":3,"Employee pay rate":21,"Employee qualification":2,"Shift end time":18,"Shift day":"Monday","Shift Week start":"2020-09-21 00:00:00","Shift duration":6,"Shift department":"WHOps-Shipping","Employee":"Cindy","Employee assignments":1.0,"Employee seniority":5,"Shift max req":8,"Shift Start date":"2020-09-21 12:00:00","Shift day index":1,"Shift End date":"2020-09-21 18:00:00","Shift start time":12},{"Shift":15,"Shift assignments":1.0,"Shift requested skills":"Forklift","Shift min req":3,"Employee pay rate":21,"Employee qualification":2,"Shift end time":18,"Shift day":"Tuesday","Shift Week start":"2020-09-22 00:00:00","Shift duration":6,"Shift department":"WHOps-Shipping","Employee":"Cindy","Employee assignments":1.0,"Employee seniority":5,"Shift max req":8,"Shift Start date":"2020-09-22 12:00:00","Shift day index":2,"Shift End date":"2020-09-22 18:00:00","Shift start time":12},{"Shift":25,"Shift assignments":1.0,"Shift requested skills":"Forklift","Shift min req":3,"Employee pay rate":21,"Employee qualification":2,"Shift end time":18,"Shift day":"Wednesday","Shift Week start":"2020-09-23 00:00:00","Shift duration":6,"Shift department":"WHOps-Shipping","Employee":"Cindy","Employee assignments":1.0,"Employee seniority":5,"Shift max req":8,"Shift Start date":"2020-09-23 12:00:00","Shift day index":3,"Shift End date":"2020-09-23 18:00:00","Shift start time":12},{"Shift":35,"Shift assignments":1.0,"Shift requested skills":"Forklift","Shift min req":3,"Employee pay rate":21,"Employee qualification":2,"Shift end time":18,"Shift day":"Thursday","Shift Week start":"2020-09-24 00:00:00","Shift duration":6,"Shift department":"WHOps-Shipping","Employee":"Cindy","Employee assignments":1.0,"Employee seniority":5,"Shift max req":8,"Shift Start date":"2020-09-24 12:00:00","Shift day index":4,"Shift End date":"2020-09-24 18:00:00","Shift start time":12},{"Shift":49,"Shift assignments":1.0,"Shift requested skills":"CustomerService","Shift min req":4,"Employee pay rate":21,"Employee qualification":2,"Shift end time":17,"Shift day":"Friday","Shift Week start":"2020-09-25 00:00:00","Shift duration":5,"Shift department":"CustomerSupport","Employee":"Cindy","Employee assignments":1.0,"Employee seniority":5,"Shift max req":8,"Shift Start date":"2020-09-25 12:00:00","Shift day index":5,"Shift End date":"2020-09-25 17:00:00","Shift start time":12},{"Shift":51,"Shift assignments":1.0,"Shift requested skills":"CustomerService","Shift min req":4,"Employee pay rate":21,"Employee qualification":2,"Shift end time":12,"Shift day":"Saturday","Shift Week start":"2020-09-25 00:00:00","Shift duration":4,"Shift department":"CustomerSupport","Employee":"Cindy","Employee assignments":1.0,"Employee seniority":5,"Shift max req":8,"Shift Start date":"2020-09-26 08:00:00","Shift day index":6,"Shift End date":"2020-09-26 12:00:00","Shift start time":8},{"Shift":12,"Shift assignments":1.0,"Shift requested skills":"","Shift min req":3,"Employee pay rate":15,"Employee qualification":2,"Shift end time":18,"Shift day":"Tuesday","Shift Week start":"2020-09-22 00:00:00","Shift duration":6,"Shift department":"WHOps-Picking","Employee":"David","Employee assignments":1.0,"Employee seniority":1,"Shift max req":8,"Shift Start date":"2020-09-22 12:00:00","Shift day index":2,"Shift End date":"2020-09-22 18:00:00","Shift start time":12},{"Shift":22,"Shift assignments":1.0,"Shift requested skills":"","Shift min req":3,"Employee pay rate":15,"Employee qualification":2,"Shift end time":18,"Shift day":"Wednesday","Shift Week start":"2020-09-23 00:00:00","Shift duration":6,"Shift department":"WHOps-Picking","Employee":"David","Employee assignments":1.0,"Employee seniority":1,"Shift max req":8,"Shift Start date":"2020-09-23 12:00:00","Shift day index":3,"Shift End date":"2020-09-23 18:00:00","Shift start time":12},{"Shift":32,"Shift assignments":1.0,"Shift requested skills":"","Shift min req":3,"Employee pay rate":15,"Employee qualification":2,"Shift end time":18,"Shift day":"Thursday","Shift Week start":"2020-09-24 00:00:00","Shift duration":6,"Shift department":"WHOps-Picking","Employee":"David","Employee assignments":1.0,"Employee seniority":1,"Shift max req":8,"Shift Start date":"2020-09-24 12:00:00","Shift day index":4,"Shift End date":"2020-09-24 18:00:00","Shift start time":12},{"Shift":41,"Shift assignments":1.0,"Shift requested skills":"","Shift min req":3,"Employee pay rate":15,"Employee qualification":2,"Shift end time":12,"Shift day":"Friday","Shift Week start":"2020-09-25 00:00:00","Shift duration":6,"Shift department":"WHOps-Picking","Employee":"David","Employee assignments":1.0,"Employee seniority":1,"Shift max req":8,"Shift Start date":"2020-09-25 06:00:00","Shift day index":5,"Shift End date":"2020-09-25 12:00:00","Shift start time":6},{"Shift":51,"Shift assignments":1.0,"Shift requested skills":"CustomerService","Shift min req":4,"Employee pay rate":15,"Employee qualification":2,"Shift end time":12,"Shift day":"Saturday","Shift Week start":"2020-09-25 00:00:00","Shift duration":4,"Shift department":"CustomerSupport","Employee":"David","Employee assignments":1.0,"Employee seniority":1,"Shift max req":8,"Shift Start date":"2020-09-26 08:00:00","Shift day index":6,"Shift End date":"2020-09-26 12:00:00","Shift start time":8},{"Shift":2,"Shift assignments":1.0,"Shift requested skills":"","Shift min req":3,"Employee pay rate":24,"Employee qualification":2,"Shift end time":18,"Shift day":"Monday","Shift Week start":"2020-09-21 00:00:00","Shift duration":6,"Shift department":"WHOps-Picking","Employee":"Debbie","Employee assignments":1.0,"Employee seniority":7,"Shift max req":8,"Shift Start date":"2020-09-21 12:00:00","Shift day index":1,"Shift End date":"2020-09-21 18:00:00","Shift start time":12},{"Shift":13,"Shift assignments":1.0,"Shift requested skills":"Forklift","Shift min req":2,"Employee pay rate":24,"Employee qualification":2,"Shift end time":12,"Shift day":"Tuesday","Shift Week start":"2020-09-22 00:00:00","Shift duration":4,"Shift department":"WHOps-Receiving","Employee":"Debbie","Employee assignments":1.0,"Employee seniority":7,"Shift max req":5,"Shift Start date":"2020-09-22 08:00:00","Shift day index":2,"Shift End date":"2020-09-22 12:00:00","Shift start time":8},{"Shift":33,"Shift assignments":1.0,"Shift requested skills":"Forklift","Shift min req":2,"Employee pay rate":24,"Employee qualification":2,"Shift end time":12,"Shift day":"Thursday","Shift Week start":"2020-09-24 00:00:00","Shift duration":4,"Shift department":"WHOps-Receiving","Employee":"Debbie","Employee assignments":1.0,"Employee seniority":7,"Shift max req":5,"Shift Start date":"2020-09-24 08:00:00","Shift day index":4,"Shift End date":"2020-09-24 12:00:00","Shift start time":8},{"Shift":41,"Shift assignments":1.0,"Shift requested skills":"","Shift min req":3,"Employee pay rate":24,"Employee qualification":2,"Shift end time":12,"Shift day":"Friday","Shift Week start":"2020-09-25 00:00:00","Shift duration":6,"Shift department":"WHOps-Picking","Employee":"Debbie","Employee assignments":1.0,"Employee seniority":7,"Shift max req":8,"Shift Start date":"2020-09-25 06:00:00","Shift day index":5,"Shift End date":"2020-09-25 12:00:00","Shift start time":6},{"Shift":3,"Shift assignments":1.0,"Shift requested skills":"Forklift","Shift min req":2,"Employee pay rate":21,"Employee qualification":3,"Shift end time":12,"Shift day":"Monday","Shift Week start":"2020-09-21 00:00:00","Shift duration":4,"Shift department":"WHOps-Receiving","Employee":"Dee","Employee assignments":1.0,"Employee seniority":3,"Shift max req":5,"Shift Start date":"2020-09-21 08:00:00","Shift day index":1,"Shift End date":"2020-09-21 12:00:00","Shift start time":8},{"Shift":23,"Shift assignments":1.0,"Shift requested skills":"Forklift","Shift min req":2,"Employee pay rate":21,"Employee qualification":3,"Shift end time":12,"Shift day":"Wednesday","Shift Week start":"2020-09-23 00:00:00","Shift duration":4,"Shift department":"WHOps-Receiving","Employee":"Dee","Employee assignments":1.0,"Employee seniority":3,"Shift max req":5,"Shift Start date":"2020-09-23 08:00:00","Shift day index":3,"Shift End date":"2020-09-23 12:00:00","Shift start time":8},{"Shift":34,"Shift assignments":1.0,"Shift requested skills":"Forklift","Shift min req":3,"Employee pay rate":21,"Employee qualification":3,"Shift end time":17,"Shift day":"Thursday","Shift Week start":"2020-09-24 00:00:00","Shift duration":4,"Shift department":"WHOps-Receiving","Employee":"Dee","Employee assignments":1.0,"Employee seniority":3,"Shift max req":5,"Shift Start date":"2020-09-24 13:00:00","Shift day index":4,"Shift End date":"2020-09-24 17:00:00","Shift start time":13},{"Shift":51,"Shift assignments":1.0,"Shift requested skills":"CustomerService","Shift min req":4,"Employee pay rate":21,"Employee qualification":3,"Shift end time":12,"Shift day":"Saturday","Shift Week start":"2020-09-25 00:00:00","Shift duration":4,"Shift department":"CustomerSupport","Employee":"Dee","Employee assignments":1.0,"Employee seniority":3,"Shift max req":8,"Shift Start date":"2020-09-26 08:00:00","Shift day index":6,"Shift End date":"2020-09-26 12:00:00","Shift start time":8},{"Shift":17,"Shift assignments":1.0,"Shift requested skills":"","Shift min req":3,"Employee pay rate":25,"Employee qualification":2,"Shift end time":17,"Shift day":"Tuesday","Shift Week start":"2020-09-22 00:00:00","Shift duration":5,"Shift department":"WHOps-Packaging","Employee":"Gloria","Employee assignments":1.0,"Employee seniority":8,"Shift max req":8,"Shift Start date":"2020-09-22 12:00:00","Shift day index":2,"Shift End date":"2020-09-22 17:00:00","Shift start time":12},{"Shift":22,"Shift assignments":1.0,"Shift requested skills":"","Shift min req":3,"Employee pay rate":25,"Employee qualification":2,"Shift end time":18,"Shift day":"Wednesday","Shift Week start":"2020-09-23 00:00:00","Shift duration":6,"Shift department":"WHOps-Picking","Employee":"Gloria","Employee assignments":1.0,"Employee seniority":8,"Shift max req":8,"Shift Start date":"2020-09-23 12:00:00","Shift day index":3,"Shift End date":"2020-09-23 18:00:00","Shift start time":12},{"Shift":31,"Shift assignments":1.0,"Shift requested skills":"","Shift min req":3,"Employee pay rate":25,"Employee qualification":2,"Shift end time":12,"Shift day":"Thursday","Shift Week start":"2020-09-24 00:00:00","Shift duration":6,"Shift department":"WHOps-Picking","Employee":"Gloria","Employee assignments":1.0,"Employee seniority":8,"Shift max req":8,"Shift Start date":"2020-09-24 06:00:00","Shift day index":4,"Shift End date":"2020-09-24 12:00:00","Shift start time":6},{"Shift":42,"Shift assignments":1.0,"Shift requested skills":"","Shift min req":3,"Employee pay rate":25,"Employee qualification":2,"Shift end time":18,"Shift day":"Friday","Shift Week start":"2020-09-25 00:00:00","Shift duration":6,"Shift department":"WHOps-Picking","Employee":"Gloria","Employee assignments":1.0,"Employee seniority":8,"Shift max req":8,"Shift Start date":"2020-09-25 12:00:00","Shift day index":5,"Shift End date":"2020-09-25 18:00:00","Shift start time":12},{"Shift":13,"Shift assignments":1.0,"Shift requested skills":"Forklift","Shift min req":2,"Employee pay rate":16,"Employee qualification":1,"Shift end time":12,"Shift day":"Tuesday","Shift Week start":"2020-09-22 00:00:00","Shift duration":4,"Shift department":"WHOps-Receiving","Employee":"Isabelle","Employee assignments":1.0,"Employee seniority":3,"Shift max req":5,"Shift Start date":"2020-09-22 08:00:00","Shift day index":2,"Shift End date":"2020-09-22 12:00:00","Shift start time":8},{"Shift":23,"Shift assignments":1.0,"Shift requested skills":"Forklift","Shift min req":2,"Employee pay rate":16,"Employee qualification":1,"Shift end time":12,"Shift day":"Wednesday","Shift Week start":"2020-09-23 00:00:00","Shift duration":4,"Shift department":"WHOps-Receiving","Employee":"Isabelle","Employee assignments":1.0,"Employee seniority":3,"Shift max req":5,"Shift Start date":"2020-09-23 08:00:00","Shift day index":3,"Shift End date":"2020-09-23 12:00:00","Shift start time":8},{"Shift":45,"Shift assignments":1.0,"Shift requested skills":"Forklift","Shift min req":3,"Employee pay rate":16,"Employee qualification":1,"Shift end time":18,"Shift day":"Friday","Shift Week start":"2020-09-25 00:00:00","Shift duration":6,"Shift department":"WHOps-Shipping","Employee":"Isabelle","Employee assignments":1.0,"Employee seniority":3,"Shift max req":8,"Shift Start date":"2020-09-25 12:00:00","Shift day index":5,"Shift End date":"2020-09-25 18:00:00","Shift start time":12},{"Shift":3,"Shift assignments":1.0,"Shift requested skills":"Forklift","Shift min req":2,"Employee pay rate":23,"Employee qualification":4,"Shift end time":12,"Shift day":"Monday","Shift Week start":"2020-09-21 00:00:00","Shift duration":4,"Shift department":"WHOps-Receiving","Employee":"Jane","Employee assignments":1.0,"Employee seniority":3,"Shift max req":5,"Shift Start date":"2020-09-21 08:00:00","Shift day index":1,"Shift End date":"2020-09-21 12:00:00","Shift start time":8},{"Shift":14,"Shift assignments":1.0,"Shift requested skills":"Forklift","Shift min req":3,"Employee pay rate":23,"Employee qualification":4,"Shift end time":17,"Shift day":"Tuesday","Shift Week start":"2020-09-22 00:00:00","Shift duration":4,"Shift department":"WHOps-Receiving","Employee":"Jane","Employee assignments":1.0,"Employee seniority":3,"Shift max req":5,"Shift Start date":"2020-09-22 13:00:00","Shift day index":2,"Shift End date":"2020-09-22 17:00:00","Shift start time":13},{"Shift":24,"Shift assignments":1.0,"Shift requested skills":"Forklift","Shift min req":3,"Employee pay rate":23,"Employee qualification":4,"Shift end time":17,"Shift day":"Wednesday","Shift Week start":"2020-09-23 00:00:00","Shift duration":4,"Shift department":"WHOps-Receiving","Employee":"Jane","Employee assignments":1.0,"Employee seniority":3,"Shift max req":5,"Shift Start date":"2020-09-23 13:00:00","Shift day index":3,"Shift End date":"2020-09-23 17:00:00","Shift start time":13},{"Shift":33,"Shift assignments":1.0,"Shift requested skills":"Forklift","Shift min req":2,"Employee pay rate":23,"Employee qualification":4,"Shift end time":12,"Shift day":"Thursday","Shift Week start":"2020-09-24 00:00:00","Shift duration":4,"Shift department":"WHOps-Receiving","Employee":"Jane","Employee assignments":1.0,"Employee seniority":3,"Shift max req":5,"Shift Start date":"2020-09-24 08:00:00","Shift day index":4,"Shift End date":"2020-09-24 12:00:00","Shift start time":8},{"Shift":45,"Shift assignments":1.0,"Shift requested skills":"Forklift","Shift min req":3,"Employee pay rate":23,"Employee qualification":4,"Shift end time":18,"Shift day":"Friday","Shift Week start":"2020-09-25 00:00:00","Shift duration":6,"Shift department":"WHOps-Shipping","Employee":"Jane","Employee assignments":1.0,"Employee seniority":3,"Shift max req":8,"Shift Start date":"2020-09-25 12:00:00","Shift day index":5,"Shift End date":"2020-09-25 18:00:00","Shift start time":12},{"Shift":4,"Shift assignments":1.0,"Shift requested skills":"Forklift","Shift min req":3,"Employee pay rate":22,"Employee qualification":3,"Shift end time":17,"Shift day":"Monday","Shift Week start":"2020-09-21 00:00:00","Shift duration":4,"Shift department":"WHOps-Receiving","Employee":"Janelle","Employee assignments":1.0,"Employee seniority":4,"Shift max req":5,"Shift Start date":"2020-09-21 13:00:00","Shift day index":1,"Shift End date":"2020-09-21 17:00:00","Shift start time":13},{"Shift":16,"Shift assignments":1.0,"Shift requested skills":"","Shift min req":3,"Employee pay rate":22,"Employee qualification":3,"Shift end time":12,"Shift day":"Tuesday","Shift Week start":"2020-09-22 00:00:00","Shift duration":4,"Shift department":"WHOps-Packaging","Employee":"Janelle","Employee assignments":1.0,"Employee seniority":4,"Shift max req":8,"Shift Start date":"2020-09-22 08:00:00","Shift day index":2,"Shift End date":"2020-09-22 12:00:00","Shift start time":8},{"Shift":36,"Shift assignments":1.0,"Shift requested skills":"","Shift min req":3,"Employee pay rate":22,"Employee qualification":3,"Shift end time":12,"Shift day":"Thursday","Shift Week start":"2020-09-24 00:00:00","Shift duration":4,"Shift department":"WHOps-Packaging","Employee":"Janelle","Employee assignments":1.0,"Employee seniority":4,"Shift max req":8,"Shift Start date":"2020-09-24 08:00:00","Shift day index":4,"Shift End date":"2020-09-24 12:00:00","Shift start time":8},{"Shift":6,"Shift assignments":1.0,"Shift requested skills":"","Shift min req":3,"Employee pay rate":17,"Employee qualification":2,"Shift end time":12,"Shift day":"Monday","Shift Week start":"2020-09-21 00:00:00","Shift duration":4,"Shift department":"WHOps-Packaging","Employee":"Janice","Employee assignments":1.0,"Employee seniority":2,"Shift max req":8,"Shift Start date":"2020-09-21 08:00:00","Shift day index":1,"Shift End date":"2020-09-21 12:00:00","Shift start time":8},{"Shift":26,"Shift assignments":1.0,"Shift requested skills":"","Shift min req":3,"Employee pay rate":17,"Employee qualification":2,"Shift end time":12,"Shift day":"Wednesday","Shift Week start":"2020-09-23 00:00:00","Shift duration":4,"Shift department":"WHOps-Packaging","Employee":"Janice","Employee assignments":1.0,"Employee seniority":2,"Shift max req":8,"Shift Start date":"2020-09-23 08:00:00","Shift day index":3,"Shift End date":"2020-09-23 12:00:00","Shift start time":8},{"Shift":37,"Shift assignments":1.0,"Shift requested skills":"","Shift min req":3,"Employee pay rate":17,"Employee qualification":2,"Shift end time":17,"Shift day":"Thursday","Shift Week start":"2020-09-24 00:00:00","Shift duration":5,"Shift department":"WHOps-Packaging","Employee":"Janice","Employee assignments":1.0,"Employee seniority":2,"Shift max req":8,"Shift Start date":"2020-09-24 12:00:00","Shift day index":4,"Shift End date":"2020-09-24 17:00:00","Shift start time":12},{"Shift":7,"Shift assignments":1.0,"Shift requested skills":"","Shift min req":3,"Employee pay rate":22,"Employee qualification":4,"Shift end time":17,"Shift day":"Monday","Shift Week start":"2020-09-21 00:00:00","Shift duration":5,"Shift department":"WHOps-Packaging","Employee":"Jemma","Employee assignments":1.0,"Employee seniority":2,"Shift max req":8,"Shift Start date":"2020-09-21 12:00:00","Shift day index":1,"Shift End date":"2020-09-21 17:00:00","Shift start time":12},{"Shift":17,"Shift assignments":1.0,"Shift requested skills":"","Shift min req":3,"Employee pay rate":22,"Employee qualification":4,"Shift end time":17,"Shift day":"Tuesday","Shift Week start":"2020-09-22 00:00:00","Shift duration":5,"Shift department":"WHOps-Packaging","Employee":"Jemma","Employee assignments":1.0,"Employee seniority":2,"Shift max req":8,"Shift Start date":"2020-09-22 12:00:00","Shift day index":2,"Shift End date":"2020-09-22 17:00:00","Shift start time":12},{"Shift":35,"Shift assignments":1.0,"Shift requested skills":"Forklift","Shift min req":3,"Employee pay rate":22,"Employee qualification":4,"Shift end time":18,"Shift day":"Thursday","Shift Week start":"2020-09-24 00:00:00","Shift duration":6,"Shift department":"WHOps-Shipping","Employee":"Jemma","Employee assignments":1.0,"Employee seniority":2,"Shift max req":8,"Shift Start date":"2020-09-24 12:00:00","Shift day index":4,"Shift End date":"2020-09-24 18:00:00","Shift start time":12},{"Shift":5,"Shift assignments":1.0,"Shift requested skills":"Forklift","Shift min req":3,"Employee pay rate":24,"Employee qualification":3,"Shift end time":18,"Shift day":"Monday","Shift Week start":"2020-09-21 00:00:00","Shift duration":6,"Shift department":"WHOps-Shipping","Employee":"Joan","Employee assignments":1.0,"Employee seniority":5,"Shift max req":8,"Shift Start date":"2020-09-21 12:00:00","Shift day index":1,"Shift End date":"2020-09-21 18:00:00","Shift start time":12},{"Shift":15,"Shift assignments":1.0,"Shift requested skills":"Forklift","Shift min req":3,"Employee pay rate":24,"Employee qualification":3,"Shift end time":18,"Shift day":"Tuesday","Shift Week start":"2020-09-22 00:00:00","Shift duration":6,"Shift department":"WHOps-Shipping","Employee":"Joan","Employee assignments":1.0,"Employee seniority":5,"Shift max req":8,"Shift Start date":"2020-09-22 12:00:00","Shift day index":2,"Shift End date":"2020-09-22 18:00:00","Shift start time":12},{"Shift":25,"Shift assignments":1.0,"Shift requested skills":"Forklift","Shift min req":3,"Employee pay rate":24,"Employee qualification":3,"Shift end time":18,"Shift day":"Wednesday","Shift Week start":"2020-09-23 00:00:00","Shift duration":6,"Shift department":"WHOps-Shipping","Employee":"Joan","Employee assignments":1.0,"Employee seniority":5,"Shift max req":8,"Shift Start date":"2020-09-23 12:00:00","Shift day index":3,"Shift End date":"2020-09-23 18:00:00","Shift start time":12},{"Shift":45,"Shift assignments":1.0,"Shift requested skills":"Forklift","Shift min req":3,"Employee pay rate":24,"Employee qualification":3,"Shift end time":18,"Shift day":"Friday","Shift Week start":"2020-09-25 00:00:00","Shift duration":6,"Shift department":"WHOps-Shipping","Employee":"Joan","Employee assignments":1.0,"Employee seniority":5,"Shift max req":8,"Shift Start date":"2020-09-25 12:00:00","Shift day index":5,"Shift End date":"2020-09-25 18:00:00","Shift start time":12},{"Shift":1,"Shift assignments":1.0,"Shift requested skills":"","Shift min req":3,"Employee pay rate":29,"Employee qualification":3,"Shift end time":12,"Shift day":"Monday","Shift Week start":"2020-09-21 00:00:00","Shift duration":6,"Shift department":"WHOps-Picking","Employee":"Joyce","Employee assignments":1.0,"Employee seniority":8,"Shift max req":8,"Shift Start date":"2020-09-21 06:00:00","Shift day index":1,"Shift End date":"2020-09-21 12:00:00","Shift start time":6},{"Shift":11,"Shift assignments":1.0,"Shift requested skills":"","Shift min req":3,"Employee pay rate":29,"Employee qualification":3,"Shift end time":12,"Shift day":"Tuesday","Shift Week start":"2020-09-22 00:00:00","Shift duration":6,"Shift department":"WHOps-Picking","Employee":"Joyce","Employee assignments":1.0,"Employee seniority":8,"Shift max req":8,"Shift Start date":"2020-09-22 06:00:00","Shift day index":2,"Shift End date":"2020-09-22 12:00:00","Shift start time":6},{"Shift":25,"Shift assignments":1.0,"Shift requested skills":"Forklift","Shift min req":3,"Employee pay rate":29,"Employee qualification":3,"Shift end time":18,"Shift day":"Wednesday","Shift Week start":"2020-09-23 00:00:00","Shift duration":6,"Shift department":"WHOps-Shipping","Employee":"Joyce","Employee assignments":1.0,"Employee seniority":8,"Shift max req":8,"Shift Start date":"2020-09-23 12:00:00","Shift day index":3,"Shift End date":"2020-09-23 18:00:00","Shift start time":12},{"Shift":45,"Shift assignments":1.0,"Shift requested skills":"Forklift","Shift min req":3,"Employee pay rate":29,"Employee qualification":3,"Shift end time":18,"Shift day":"Friday","Shift Week start":"2020-09-25 00:00:00","Shift duration":6,"Shift department":"WHOps-Shipping","Employee":"Joyce","Employee assignments":1.0,"Employee seniority":8,"Shift max req":8,"Shift Start date":"2020-09-25 12:00:00","Shift day index":5,"Shift End date":"2020-09-25 18:00:00","Shift start time":12},{"Shift":2,"Shift assignments":1.0,"Shift requested skills":"","Shift min req":3,"Employee pay rate":22,"Employee qualification":3,"Shift end time":18,"Shift day":"Monday","Shift Week start":"2020-09-21 00:00:00","Shift duration":6,"Shift department":"WHOps-Picking","Employee":"Jude","Employee assignments":1.0,"Employee seniority":4,"Shift max req":8,"Shift Start date":"2020-09-21 12:00:00","Shift day index":1,"Shift End date":"2020-09-21 18:00:00","Shift start time":12},{"Shift":25,"Shift assignments":1.0,"Shift requested skills":"Forklift","Shift min req":3,"Employee pay rate":22,"Employee qualification":3,"Shift end time":18,"Shift day":"Wednesday","Shift Week start":"2020-09-23 00:00:00","Shift duration":6,"Shift department":"WHOps-Shipping","Employee":"Jude","Employee assignments":1.0,"Employee seniority":4,"Shift max req":8,"Shift Start date":"2020-09-23 12:00:00","Shift day index":3,"Shift End date":"2020-09-23 18:00:00","Shift start time":12},{"Shift":31,"Shift assignments":1.0,"Shift requested skills":"","Shift min req":3,"Employee pay rate":22,"Employee qualification":3,"Shift end time":12,"Shift day":"Thursday","Shift Week start":"2020-09-24 00:00:00","Shift duration":6,"Shift department":"WHOps-Picking","Employee":"Jude","Employee assignments":1.0,"Employee seniority":4,"Shift max req":8,"Shift Start date":"2020-09-24 06:00:00","Shift day index":4,"Shift End date":"2020-09-24 12:00:00","Shift start time":6},{"Shift":6,"Shift assignments":1.0,"Shift requested skills":"","Shift min req":3,"Employee pay rate":22,"Employee qualification":2,"Shift end time":12,"Shift day":"Monday","Shift Week start":"2020-09-21 00:00:00","Shift duration":4,"Shift department":"WHOps-Packaging","Employee":"Julie","Employee assignments":1.0,"Employee seniority":6,"Shift max req":8,"Shift Start date":"2020-09-21 08:00:00","Shift day index":1,"Shift End date":"2020-09-21 12:00:00","Shift start time":8},{"Shift":17,"Shift assignments":1.0,"Shift requested skills":"","Shift min req":3,"Employee pay rate":22,"Employee qualification":2,"Shift end time":17,"Shift day":"Tuesday","Shift Week start":"2020-09-22 00:00:00","Shift duration":5,"Shift department":"WHOps-Packaging","Employee":"Julie","Employee assignments":1.0,"Employee seniority":6,"Shift max req":8,"Shift Start date":"2020-09-22 12:00:00","Shift day index":2,"Shift End date":"2020-09-22 17:00:00","Shift start time":12},{"Shift":26,"Shift assignments":1.0,"Shift requested skills":"","Shift min req":3,"Employee pay rate":22,"Employee qualification":2,"Shift end time":12,"Shift day":"Wednesday","Shift Week start":"2020-09-23 00:00:00","Shift duration":4,"Shift department":"WHOps-Packaging","Employee":"Julie","Employee assignments":1.0,"Employee seniority":6,"Shift max req":8,"Shift Start date":"2020-09-23 08:00:00","Shift day index":3,"Shift End date":"2020-09-23 12:00:00","Shift start time":8},{"Shift":31,"Shift assignments":1.0,"Shift requested skills":"","Shift min req":3,"Employee pay rate":22,"Employee qualification":2,"Shift end time":12,"Shift day":"Thursday","Shift Week start":"2020-09-24 00:00:00","Shift duration":6,"Shift department":"WHOps-Picking","Employee":"Julie","Employee assignments":1.0,"Employee seniority":6,"Shift max req":8,"Shift Start date":"2020-09-24 06:00:00","Shift day index":4,"Shift End date":"2020-09-24 12:00:00","Shift start time":6},{"Shift":41,"Shift assignments":1.0,"Shift requested skills":"","Shift min req":3,"Employee pay rate":22,"Employee qualification":2,"Shift end time":12,"Shift day":"Friday","Shift Week start":"2020-09-25 00:00:00","Shift duration":6,"Shift department":"WHOps-Picking","Employee":"Julie","Employee assignments":1.0,"Employee seniority":6,"Shift max req":8,"Shift Start date":"2020-09-25 06:00:00","Shift day index":5,"Shift End date":"2020-09-25 12:00:00","Shift start time":6},{"Shift":51,"Shift assignments":1.0,"Shift requested skills":"CustomerService","Shift min req":4,"Employee pay rate":22,"Employee qualification":2,"Shift end time":12,"Shift day":"Saturday","Shift Week start":"2020-09-25 00:00:00","Shift duration":4,"Shift department":"CustomerSupport","Employee":"Julie","Employee assignments":1.0,"Employee seniority":6,"Shift max req":8,"Shift Start date":"2020-09-26 08:00:00","Shift day index":6,"Shift End date":"2020-09-26 12:00:00","Shift start time":8},{"Shift":3,"Shift assignments":1.0,"Shift requested skills":"Forklift","Shift min req":2,"Employee pay rate":31,"Employee qualification":4,"Shift end time":12,"Shift day":"Monday","Shift Week start":"2020-09-21 00:00:00","Shift duration":4,"Shift department":"WHOps-Receiving","Employee":"Juliet","Employee assignments":1.0,"Employee seniority":7,"Shift max req":5,"Shift Start date":"2020-09-21 08:00:00","Shift day index":1,"Shift End date":"2020-09-21 12:00:00","Shift start time":8},{"Shift":25,"Shift assignments":1.0,"Shift requested skills":"Forklift","Shift min req":3,"Employee pay rate":31,"Employee qualification":4,"Shift end time":18,"Shift day":"Wednesday","Shift Week start":"2020-09-23 00:00:00","Shift duration":6,"Shift department":"WHOps-Shipping","Employee":"Juliet","Employee assignments":1.0,"Employee seniority":7,"Shift max req":8,"Shift Start date":"2020-09-23 12:00:00","Shift day index":3,"Shift End date":"2020-09-23 18:00:00","Shift start time":12},{"Shift":45,"Shift assignments":1.0,"Shift requested skills":"Forklift","Shift min req":3,"Employee pay rate":31,"Employee qualification":4,"Shift end time":18,"Shift day":"Friday","Shift Week start":"2020-09-25 00:00:00","Shift duration":6,"Shift department":"WHOps-Shipping","Employee":"Juliet","Employee assignments":1.0,"Employee seniority":7,"Shift max req":8,"Shift Start date":"2020-09-25 12:00:00","Shift day index":5,"Shift End date":"2020-09-25 18:00:00","Shift start time":12},{"Shift":26,"Shift assignments":1.0,"Shift requested skills":"","Shift min req":3,"Employee pay rate":24,"Employee qualification":3,"Shift end time":12,"Shift day":"Wednesday","Shift Week start":"2020-09-23 00:00:00","Shift duration":4,"Shift department":"WHOps-Packaging","Employee":"Kate","Employee assignments":1.0,"Employee seniority":5,"Shift max req":8,"Shift Start date":"2020-09-23 08:00:00","Shift day index":3,"Shift End date":"2020-09-23 12:00:00","Shift start time":8},{"Shift":31,"Shift assignments":1.0,"Shift requested skills":"","Shift min req":3,"Employee pay rate":24,"Employee qualification":3,"Shift end time":12,"Shift day":"Thursday","Shift Week start":"2020-09-24 00:00:00","Shift duration":6,"Shift department":"WHOps-Picking","Employee":"Kate","Employee assignments":1.0,"Employee seniority":5,"Shift max req":8,"Shift Start date":"2020-09-24 06:00:00","Shift day index":4,"Shift End date":"2020-09-24 12:00:00","Shift start time":6},{"Shift":41,"Shift assignments":1.0,"Shift requested skills":"","Shift min req":3,"Employee pay rate":24,"Employee qualification":3,"Shift end time":12,"Shift day":"Friday","Shift Week start":"2020-09-25 00:00:00","Shift duration":6,"Shift department":"WHOps-Picking","Employee":"Kate","Employee assignments":1.0,"Employee seniority":5,"Shift max req":8,"Shift Start date":"2020-09-25 06:00:00","Shift day index":5,"Shift End date":"2020-09-25 12:00:00","Shift start time":6},{"Shift":5,"Shift assignments":1.0,"Shift requested skills":"Forklift","Shift min req":3,"Employee pay rate":32,"Employee qualification":4,"Shift end time":18,"Shift day":"Monday","Shift Week start":"2020-09-21 00:00:00","Shift duration":6,"Shift department":"WHOps-Shipping","Employee":"Nancy","Employee assignments":1.0,"Employee seniority":8,"Shift max req":8,"Shift Start date":"2020-09-21 12:00:00","Shift day index":1,"Shift End date":"2020-09-21 18:00:00","Shift start time":12},{"Shift":15,"Shift assignments":1.0,"Shift requested skills":"Forklift","Shift min req":3,"Employee pay rate":32,"Employee qualification":4,"Shift end time":18,"Shift day":"Tuesday","Shift Week start":"2020-09-22 00:00:00","Shift duration":6,"Shift department":"WHOps-Shipping","Employee":"Nancy","Employee assignments":1.0,"Employee seniority":8,"Shift max req":8,"Shift Start date":"2020-09-22 12:00:00","Shift day index":2,"Shift End date":"2020-09-22 18:00:00","Shift start time":12},{"Shift":25,"Shift assignments":1.0,"Shift requested skills":"Forklift","Shift min req":3,"Employee pay rate":32,"Employee qualification":4,"Shift end time":18,"Shift day":"Wednesday","Shift Week start":"2020-09-23 00:00:00","Shift duration":6,"Shift department":"WHOps-Shipping","Employee":"Nancy","Employee assignments":1.0,"Employee seniority":8,"Shift max req":8,"Shift Start date":"2020-09-23 12:00:00","Shift day index":3,"Shift End date":"2020-09-23 18:00:00","Shift start time":12},{"Shift":35,"Shift assignments":1.0,"Shift requested skills":"Forklift","Shift min req":3,"Employee pay rate":32,"Employee qualification":4,"Shift end time":18,"Shift day":"Thursday","Shift Week start":"2020-09-24 00:00:00","Shift duration":6,"Shift department":"WHOps-Shipping","Employee":"Nancy","Employee assignments":1.0,"Employee seniority":8,"Shift max req":8,"Shift Start date":"2020-09-24 12:00:00","Shift day index":4,"Shift End date":"2020-09-24 18:00:00","Shift start time":12},{"Shift":45,"Shift assignments":1.0,"Shift requested skills":"Forklift","Shift min req":3,"Employee pay rate":32,"Employee qualification":4,"Shift end time":18,"Shift day":"Friday","Shift Week start":"2020-09-25 00:00:00","Shift duration":6,"Shift department":"WHOps-Shipping","Employee":"Nancy","Employee assignments":1.0,"Employee seniority":8,"Shift max req":8,"Shift Start date":"2020-09-25 12:00:00","Shift day index":5,"Shift End date":"2020-09-25 18:00:00","Shift start time":12},{"Shift":6,"Shift assignments":1.0,"Shift requested skills":"","Shift min req":3,"Employee pay rate":38,"Employee qualification":5,"Shift end time":12,"Shift day":"Monday","Shift Week start":"2020-09-21 00:00:00","Shift duration":4,"Shift department":"WHOps-Packaging","Employee":"Nathalie","Employee assignments":1.0,"Employee seniority":9,"Shift max req":8,"Shift Start date":"2020-09-21 08:00:00","Shift day index":1,"Shift End date":"2020-09-21 12:00:00","Shift start time":8},{"Shift":17,"Shift assignments":1.0,"Shift requested skills":"","Shift min req":3,"Employee pay rate":38,"Employee qualification":5,"Shift end time":17,"Shift day":"Tuesday","Shift Week start":"2020-09-22 00:00:00","Shift duration":5,"Shift department":"WHOps-Packaging","Employee":"Nathalie","Employee assignments":1.0,"Employee seniority":9,"Shift max req":8,"Shift Start date":"2020-09-22 12:00:00","Shift day index":2,"Shift End date":"2020-09-22 17:00:00","Shift start time":12},{"Shift":26,"Shift assignments":1.0,"Shift requested skills":"","Shift min req":3,"Employee pay rate":38,"Employee qualification":5,"Shift end time":12,"Shift day":"Wednesday","Shift Week start":"2020-09-23 00:00:00","Shift duration":4,"Shift department":"WHOps-Packaging","Employee":"Nathalie","Employee assignments":1.0,"Employee seniority":9,"Shift max req":8,"Shift Start date":"2020-09-23 08:00:00","Shift day index":3,"Shift End date":"2020-09-23 12:00:00","Shift start time":8},{"Shift":41,"Shift assignments":1.0,"Shift requested skills":"","Shift min req":3,"Employee pay rate":38,"Employee qualification":5,"Shift end time":12,"Shift day":"Friday","Shift Week start":"2020-09-25 00:00:00","Shift duration":6,"Shift department":"WHOps-Picking","Employee":"Nathalie","Employee assignments":1.0,"Employee seniority":9,"Shift max req":8,"Shift Start date":"2020-09-25 06:00:00","Shift day index":5,"Shift End date":"2020-09-25 12:00:00","Shift start time":6},{"Shift":51,"Shift assignments":1.0,"Shift requested skills":"CustomerService","Shift min req":4,"Employee pay rate":38,"Employee qualification":5,"Shift end time":12,"Shift day":"Saturday","Shift Week start":"2020-09-25 00:00:00","Shift duration":4,"Shift department":"CustomerSupport","Employee":"Nathalie","Employee assignments":1.0,"Employee seniority":9,"Shift max req":8,"Shift Start date":"2020-09-26 08:00:00","Shift day index":6,"Shift End date":"2020-09-26 12:00:00","Shift start time":8},{"Shift":5,"Shift assignments":1.0,"Shift requested skills":"Forklift","Shift min req":3,"Employee pay rate":14,"Employee qualification":2,"Shift end time":18,"Shift day":"Monday","Shift Week start":"2020-09-21 00:00:00","Shift duration":6,"Shift department":"WHOps-Shipping","Employee":"Nicole","Employee assignments":1.0,"Employee seniority":0,"Shift max req":8,"Shift Start date":"2020-09-21 12:00:00","Shift day index":1,"Shift End date":"2020-09-21 18:00:00","Shift start time":12},{"Shift":15,"Shift assignments":1.0,"Shift requested skills":"Forklift","Shift min req":3,"Employee pay rate":14,"Employee qualification":2,"Shift end time":18,"Shift day":"Tuesday","Shift Week start":"2020-09-22 00:00:00","Shift duration":6,"Shift department":"WHOps-Shipping","Employee":"Nicole","Employee assignments":1.0,"Employee seniority":0,"Shift max req":8,"Shift Start date":"2020-09-22 12:00:00","Shift day index":2,"Shift End date":"2020-09-22 18:00:00","Shift start time":12},{"Shift":35,"Shift assignments":1.0,"Shift requested skills":"Forklift","Shift min req":3,"Employee pay rate":14,"Employee qualification":2,"Shift end time":18,"Shift day":"Thursday","Shift Week start":"2020-09-24 00:00:00","Shift duration":6,"Shift department":"WHOps-Shipping","Employee":"Nicole","Employee assignments":1.0,"Employee seniority":0,"Shift max req":8,"Shift Start date":"2020-09-24 12:00:00","Shift day index":4,"Shift End date":"2020-09-24 18:00:00","Shift start time":12},{"Shift":5,"Shift assignments":1.0,"Shift requested skills":"Forklift","Shift min req":3,"Employee pay rate":13,"Employee qualification":1,"Shift end time":18,"Shift day":"Monday","Shift Week start":"2020-09-21 00:00:00","Shift duration":6,"Shift department":"WHOps-Shipping","Employee":"Patricia","Employee assignments":1.0,"Employee seniority":1,"Shift max req":8,"Shift Start date":"2020-09-21 12:00:00","Shift day index":1,"Shift End date":"2020-09-21 18:00:00","Shift start time":12},{"Shift":15,"Shift assignments":1.0,"Shift requested skills":"Forklift","Shift min req":3,"Employee pay rate":13,"Employee qualification":1,"Shift end time":18,"Shift day":"Tuesday","Shift Week start":"2020-09-22 00:00:00","Shift duration":6,"Shift department":"WHOps-Shipping","Employee":"Patricia","Employee assignments":1.0,"Employee seniority":1,"Shift max req":8,"Shift Start date":"2020-09-22 12:00:00","Shift day index":2,"Shift End date":"2020-09-22 18:00:00","Shift start time":12},{"Shift":35,"Shift assignments":1.0,"Shift requested skills":"Forklift","Shift min req":3,"Employee pay rate":13,"Employee qualification":1,"Shift end time":18,"Shift day":"Thursday","Shift Week start":"2020-09-24 00:00:00","Shift duration":6,"Shift department":"WHOps-Shipping","Employee":"Patricia","Employee assignments":1.0,"Employee seniority":1,"Shift max req":8,"Shift Start date":"2020-09-24 12:00:00","Shift day index":4,"Shift End date":"2020-09-24 18:00:00","Shift start time":12},{"Shift":45,"Shift assignments":1.0,"Shift requested skills":"Forklift","Shift min req":3,"Employee pay rate":13,"Employee qualification":1,"Shift end time":18,"Shift day":"Friday","Shift Week start":"2020-09-25 00:00:00","Shift duration":6,"Shift department":"WHOps-Shipping","Employee":"Patricia","Employee assignments":1.0,"Employee seniority":1,"Shift max req":8,"Shift Start date":"2020-09-25 12:00:00","Shift day index":5,"Shift End date":"2020-09-25 18:00:00","Shift start time":12},{"Shift":6,"Shift assignments":1.0,"Shift requested skills":"","Shift min req":3,"Employee pay rate":19,"Employee qualification":1,"Shift end time":12,"Shift day":"Monday","Shift Week start":"2020-09-21 00:00:00","Shift duration":4,"Shift department":"WHOps-Packaging","Employee":"Patrick","Employee assignments":1.0,"Employee seniority":6,"Shift max req":8,"Shift Start date":"2020-09-21 08:00:00","Shift day index":1,"Shift End date":"2020-09-21 12:00:00","Shift start time":8},{"Shift":17,"Shift assignments":1.0,"Shift requested skills":"","Shift min req":3,"Employee pay rate":19,"Employee qualification":1,"Shift end time":17,"Shift day":"Tuesday","Shift Week start":"2020-09-22 00:00:00","Shift duration":5,"Shift department":"WHOps-Packaging","Employee":"Patrick","Employee assignments":1.0,"Employee seniority":6,"Shift max req":8,"Shift Start date":"2020-09-22 12:00:00","Shift day index":2,"Shift End date":"2020-09-22 17:00:00","Shift start time":12},{"Shift":26,"Shift assignments":1.0,"Shift requested skills":"","Shift min req":3,"Employee pay rate":19,"Employee qualification":1,"Shift end time":12,"Shift day":"Wednesday","Shift Week start":"2020-09-23 00:00:00","Shift duration":4,"Shift department":"WHOps-Packaging","Employee":"Patrick","Employee assignments":1.0,"Employee seniority":6,"Shift max req":8,"Shift Start date":"2020-09-23 08:00:00","Shift day index":3,"Shift End date":"2020-09-23 12:00:00","Shift start time":8},{"Shift":31,"Shift assignments":1.0,"Shift requested skills":"","Shift min req":3,"Employee pay rate":19,"Employee qualification":1,"Shift end time":12,"Shift day":"Thursday","Shift Week start":"2020-09-24 00:00:00","Shift duration":6,"Shift department":"WHOps-Picking","Employee":"Patrick","Employee assignments":1.0,"Employee seniority":6,"Shift max req":8,"Shift Start date":"2020-09-24 06:00:00","Shift day index":4,"Shift End date":"2020-09-24 12:00:00","Shift start time":6},{"Shift":41,"Shift assignments":1.0,"Shift requested skills":"","Shift min req":3,"Employee pay rate":19,"Employee qualification":1,"Shift end time":12,"Shift day":"Friday","Shift Week start":"2020-09-25 00:00:00","Shift duration":6,"Shift department":"WHOps-Picking","Employee":"Patrick","Employee assignments":1.0,"Employee seniority":6,"Shift max req":8,"Shift Start date":"2020-09-25 06:00:00","Shift day index":5,"Shift End date":"2020-09-25 12:00:00","Shift start time":6},{"Shift":5,"Shift assignments":1.0,"Shift requested skills":"Forklift","Shift min req":3,"Employee pay rate":26,"Employee qualification":5,"Shift end time":18,"Shift day":"Monday","Shift Week start":"2020-09-21 00:00:00","Shift duration":6,"Shift department":"WHOps-Shipping","Employee":"Roberta","Employee assignments":1.0,"Employee seniority":3,"Shift max req":8,"Shift Start date":"2020-09-21 12:00:00","Shift day index":1,"Shift End date":"2020-09-21 18:00:00","Shift start time":12},{"Shift":15,"Shift assignments":1.0,"Shift requested skills":"Forklift","Shift min req":3,"Employee pay rate":26,"Employee qualification":5,"Shift end time":18,"Shift day":"Tuesday","Shift Week start":"2020-09-22 00:00:00","Shift duration":6,"Shift department":"WHOps-Shipping","Employee":"Roberta","Employee assignments":1.0,"Employee seniority":3,"Shift max req":8,"Shift Start date":"2020-09-22 12:00:00","Shift day index":2,"Shift End date":"2020-09-22 18:00:00","Shift start time":12},{"Shift":25,"Shift assignments":1.0,"Shift requested skills":"Forklift","Shift min req":3,"Employee pay rate":26,"Employee qualification":5,"Shift end time":18,"Shift day":"Wednesday","Shift Week start":"2020-09-23 00:00:00","Shift duration":6,"Shift department":"WHOps-Shipping","Employee":"Roberta","Employee assignments":1.0,"Employee seniority":3,"Shift max req":8,"Shift Start date":"2020-09-23 12:00:00","Shift day index":3,"Shift End date":"2020-09-23 18:00:00","Shift start time":12},{"Shift":35,"Shift assignments":1.0,"Shift requested skills":"Forklift","Shift min req":3,"Employee pay rate":26,"Employee qualification":5,"Shift end time":18,"Shift day":"Thursday","Shift Week start":"2020-09-24 00:00:00","Shift duration":6,"Shift department":"WHOps-Shipping","Employee":"Roberta","Employee assignments":1.0,"Employee seniority":3,"Shift max req":8,"Shift Start date":"2020-09-24 12:00:00","Shift day index":4,"Shift End date":"2020-09-24 18:00:00","Shift start time":12},{"Shift":17,"Shift assignments":1.0,"Shift requested skills":"","Shift min req":3,"Employee pay rate":18,"Employee qualification":1,"Shift end time":17,"Shift day":"Tuesday","Shift Week start":"2020-09-22 00:00:00","Shift duration":5,"Shift department":"WHOps-Packaging","Employee":"Suzanne","Employee assignments":1.0,"Employee seniority":5,"Shift max req":8,"Shift Start date":"2020-09-22 12:00:00","Shift day index":2,"Shift End date":"2020-09-22 17:00:00","Shift start time":12},{"Shift":22,"Shift assignments":1.0,"Shift requested skills":"","Shift min req":3,"Employee pay rate":18,"Employee qualification":1,"Shift end time":18,"Shift day":"Wednesday","Shift Week start":"2020-09-23 00:00:00","Shift duration":6,"Shift department":"WHOps-Picking","Employee":"Suzanne","Employee assignments":1.0,"Employee seniority":5,"Shift max req":8,"Shift Start date":"2020-09-23 12:00:00","Shift day index":3,"Shift End date":"2020-09-23 18:00:00","Shift start time":12},{"Shift":31,"Shift assignments":1.0,"Shift requested skills":"","Shift min req":3,"Employee pay rate":18,"Employee qualification":1,"Shift end time":12,"Shift day":"Thursday","Shift Week start":"2020-09-24 00:00:00","Shift duration":6,"Shift department":"WHOps-Picking","Employee":"Suzanne","Employee assignments":1.0,"Employee seniority":5,"Shift max req":8,"Shift Start date":"2020-09-24 06:00:00","Shift day index":4,"Shift End date":"2020-09-24 12:00:00","Shift start time":6},{"Shift":42,"Shift assignments":1.0,"Shift requested skills":"","Shift min req":3,"Employee pay rate":18,"Employee qualification":1,"Shift end time":18,"Shift day":"Friday","Shift Week start":"2020-09-25 00:00:00","Shift duration":6,"Shift department":"WHOps-Picking","Employee":"Suzanne","Employee assignments":1.0,"Employee seniority":5,"Shift max req":8,"Shift Start date":"2020-09-25 12:00:00","Shift day index":5,"Shift End date":"2020-09-25 18:00:00","Shift start time":12},{"Shift":5,"Shift assignments":1.0,"Shift requested skills":"Forklift","Shift min req":3,"Employee pay rate":20,"Employee qualification":1,"Shift end time":18,"Shift day":"Monday","Shift Week start":"2020-09-21 00:00:00","Shift duration":6,"Shift department":"WHOps-Shipping","Employee":"Vickie","Employee assignments":1.0,"Employee seniority":7,"Shift max req":8,"Shift Start date":"2020-09-21 12:00:00","Shift day index":1,"Shift End date":"2020-09-21 18:00:00","Shift start time":12},{"Shift":15,"Shift assignments":1.0,"Shift requested skills":"Forklift","Shift min req":3,"Employee pay rate":20,"Employee qualification":1,"Shift end time":18,"Shift day":"Tuesday","Shift Week start":"2020-09-22 00:00:00","Shift duration":6,"Shift department":"WHOps-Shipping","Employee":"Vickie","Employee assignments":1.0,"Employee seniority":7,"Shift max req":8,"Shift Start date":"2020-09-22 12:00:00","Shift day index":2,"Shift End date":"2020-09-22 18:00:00","Shift start time":12},{"Shift":35,"Shift assignments":1.0,"Shift requested skills":"Forklift","Shift min req":3,"Employee pay rate":20,"Employee qualification":1,"Shift end time":18,"Shift day":"Thursday","Shift Week start":"2020-09-24 00:00:00","Shift duration":6,"Shift department":"WHOps-Shipping","Employee":"Vickie","Employee assignments":1.0,"Employee seniority":7,"Shift max req":8,"Shift Start date":"2020-09-24 12:00:00","Shift day index":4,"Shift End date":"2020-09-24 18:00:00","Shift start time":12},{"Shift":6,"Shift assignments":1.0,"Shift requested skills":"","Shift min req":3,"Employee pay rate":21,"Employee qualification":2,"Shift end time":12,"Shift day":"Monday","Shift Week start":"2020-09-21 00:00:00","Shift duration":4,"Shift department":"WHOps-Packaging","Employee":"Wendie","Employee assignments":1.0,"Employee seniority":5,"Shift max req":8,"Shift Start date":"2020-09-21 08:00:00","Shift day index":1,"Shift End date":"2020-09-21 12:00:00","Shift start time":8},{"Shift":17,"Shift assignments":1.0,"Shift requested skills":"","Shift min req":3,"Employee pay rate":21,"Employee qualification":2,"Shift end time":17,"Shift day":"Tuesday","Shift Week start":"2020-09-22 00:00:00","Shift duration":5,"Shift department":"WHOps-Packaging","Employee":"Wendie","Employee assignments":1.0,"Employee seniority":5,"Shift max req":8,"Shift Start date":"2020-09-22 12:00:00","Shift day index":2,"Shift End date":"2020-09-22 17:00:00","Shift start time":12},{"Shift":26,"Shift assignments":1.0,"Shift requested skills":"","Shift min req":3,"Employee pay rate":21,"Employee qualification":2,"Shift end time":12,"Shift day":"Wednesday","Shift Week start":"2020-09-23 00:00:00","Shift duration":4,"Shift department":"WHOps-Packaging","Employee":"Wendie","Employee assignments":1.0,"Employee seniority":5,"Shift max req":8,"Shift Start date":"2020-09-23 08:00:00","Shift day index":3,"Shift End date":"2020-09-23 12:00:00","Shift start time":8},{"Shift":41,"Shift assignments":1.0,"Shift requested skills":"","Shift min req":3,"Employee pay rate":21,"Employee qualification":2,"Shift end time":12,"Shift day":"Friday","Shift Week start":"2020-09-25 00:00:00","Shift duration":6,"Shift department":"WHOps-Picking","Employee":"Wendie","Employee assignments":1.0,"Employee seniority":5,"Shift max req":8,"Shift Start date":"2020-09-25 06:00:00","Shift day index":5,"Shift End date":"2020-09-25 12:00:00","Shift start time":6},{"Shift":5,"Shift assignments":1.0,"Shift requested skills":"Forklift","Shift min req":3,"Employee pay rate":29,"Employee qualification":3,"Shift end time":18,"Shift day":"Monday","Shift Week start":"2020-09-21 00:00:00","Shift duration":6,"Shift department":"WHOps-Shipping","Employee":"Zoe","Employee assignments":1.0,"Employee seniority":8,"Shift max req":8,"Shift Start date":"2020-09-21 12:00:00","Shift day index":1,"Shift End date":"2020-09-21 18:00:00","Shift start time":12},{"Shift":15,"Shift assignments":1.0,"Shift requested skills":"Forklift","Shift min req":3,"Employee pay rate":29,"Employee qualification":3,"Shift end time":18,"Shift day":"Tuesday","Shift Week start":"2020-09-22 00:00:00","Shift duration":6,"Shift department":"WHOps-Shipping","Employee":"Zoe","Employee assignments":1.0,"Employee seniority":8,"Shift max req":8,"Shift Start date":"2020-09-22 12:00:00","Shift day index":2,"Shift End date":"2020-09-22 18:00:00","Shift start time":12},{"Shift":25,"Shift assignments":1.0,"Shift requested skills":"Forklift","Shift min req":3,"Employee pay rate":29,"Employee qualification":3,"Shift end time":18,"Shift day":"Wednesday","Shift Week start":"2020-09-23 00:00:00","Shift duration":6,"Shift department":"WHOps-Shipping","Employee":"Zoe","Employee assignments":1.0,"Employee seniority":8,"Shift max req":8,"Shift Start date":"2020-09-23 12:00:00","Shift day index":3,"Shift End date":"2020-09-23 18:00:00","Shift start time":12},{"Shift":35,"Shift assignments":1.0,"Shift requested skills":"Forklift","Shift min req":3,"Employee pay rate":29,"Employee qualification":3,"Shift end time":18,"Shift day":"Thursday","Shift Week start":"2020-09-24 00:00:00","Shift duration":6,"Shift department":"WHOps-Shipping","Employee":"Zoe","Employee assignments":1.0,"Employee seniority":8,"Shift max req":8,"Shift Start date":"2020-09-24 12:00:00","Shift day index":4,"Shift End date":"2020-09-24 18:00:00","Shift start time":12},{"Shift":45,"Shift assignments":1.0,"Shift requested skills":"Forklift","Shift min req":3,"Employee pay rate":29,"Employee qualification":3,"Shift end time":18,"Shift day":"Friday","Shift Week start":"2020-09-25 00:00:00","Shift duration":6,"Shift department":"WHOps-Shipping","Employee":"Zoe","Employee assignments":1.0,"Employee seniority":8,"Shift max req":8,"Shift Start date":"2020-09-25 12:00:00","Shift day index":5,"Shift End date":"2020-09-25 18:00:00","Shift start time":12}],"OnCallDuty":[{"OnCallDuty decision":"1.0","Employee":"Cindy","Employee seniority":5,"Employee pay rate":21,"Employee qualification":2,"Day on-call requirement":8,"Day index":5,"Day":"Friday"},{"OnCallDuty decision":"1.0","Employee":"David","Employee seniority":1,"Employee pay rate":15,"Employee qualification":2,"Day on-call requirement":8,"Day index":5,"Day":"Friday"},{"OnCallDuty decision":"1.0","Employee":"Debbie","Employee seniority":7,"Employee pay rate":24,"Employee qualification":2,"Day on-call requirement":8,"Day index":5,"Day":"Friday"},{"OnCallDuty decision":"1.0","Employee":"Joan","Employee seniority":5,"Employee pay rate":24,"Employee qualification":3,"Day on-call requirement":8,"Day index":5,"Day":"Friday"},{"OnCallDuty decision":"1.0","Employee":"Joyce","Employee seniority":8,"Employee pay rate":29,"Employee qualification":3,"Day on-call requirement":8,"Day index":5,"Day":"Friday"},{"OnCallDuty decision":"1.0","Employee":"Kate","Employee seniority":5,"Employee pay rate":24,"Employee qualification":3,"Day on-call requirement":8,"Day index":5,"Day":"Friday"},{"OnCallDuty decision":"1.0","Employee":"Patricia","Employee seniority":1,"Employee pay rate":13,"Employee qualification":1,"Day on-call requirement":8,"Day index":5,"Day":"Friday"},{"OnCallDuty decision":"1.0","Employee":"Wendie","Employee seniority":5,"Employee pay rate":21,"Employee qualification":2,"Day on-call requirement":8,"Day index":5,"Day":"Friday"},{"OnCallDuty decision":"1.0","Employee":"Anne","Employee seniority":11,"Employee pay rate":25,"Employee qualification":1,"Day on-call requirement":10,"Day index":1,"Day":"Monday"},{"OnCallDuty decision":"1.0","Employee":"Dee","Employee seniority":3,"Employee pay rate":21,"Employee qualification":3,"Day on-call requirement":10,"Day index":1,"Day":"Monday"},{"OnCallDuty decision":"1.0","Employee":"Janice","Employee seniority":2,"Employee pay rate":17,"Employee qualification":2,"Day on-call requirement":10,"Day index":1,"Day":"Monday"},{"OnCallDuty decision":"1.0","Employee":"Jemma","Employee seniority":2,"Employee pay rate":22,"Employee qualification":4,"Day on-call requirement":10,"Day index":1,"Day":"Monday"},{"OnCallDuty decision":"1.0","Employee":"Juliet","Employee seniority":7,"Employee pay rate":31,"Employee qualification":4,"Day on-call requirement":10,"Day index":1,"Day":"Monday"},{"OnCallDuty decision":"1.0","Employee":"Nathalie","Employee seniority":9,"Employee pay rate":38,"Employee qualification":5,"Day on-call requirement":10,"Day index":1,"Day":"Monday"},{"OnCallDuty decision":"1.0","Employee":"Nicole","Employee seniority":0,"Employee pay rate":14,"Employee qualification":2,"Day on-call requirement":10,"Day index":1,"Day":"Monday"},{"OnCallDuty decision":"1.0","Employee":"Patrick","Employee seniority":6,"Employee pay rate":19,"Employee qualification":1,"Day on-call requirement":10,"Day index":1,"Day":"Monday"},{"OnCallDuty decision":"1.0","Employee":"Vickie","Employee seniority":7,"Employee pay rate":20,"Employee qualification":1,"Day on-call requirement":10,"Day index":1,"Day":"Monday"},{"OnCallDuty decision":"1.0","Employee":"Zoe","Employee seniority":8,"Employee pay rate":29,"Employee qualification":3,"Day on-call requirement":10,"Day index":1,"Day":"Monday"},{"OnCallDuty decision":"1.0","Employee":"Bethanie","Employee seniority":4,"Employee pay rate":28,"Employee qualification":5,"Day on-call requirement":4,"Day index":6,"Day":"Saturday"},{"OnCallDuty decision":"1.0","Employee":"Cathy","Employee seniority":2,"Employee pay rate":17,"Employee qualification":2,"Day on-call requirement":4,"Day index":6,"Day":"Saturday"},{"OnCallDuty decision":"1.0","Employee":"Cecilia","Employee seniority":9,"Employee pay rate":38,"Employee qualification":5,"Day on-call requirement":4,"Day index":6,"Day":"Saturday"},{"OnCallDuty decision":"1.0","Employee":"Chris","Employee seniority":11,"Employee pay rate":38,"Employee qualification":4,"Day on-call requirement":4,"Day index":6,"Day":"Saturday"},{"OnCallDuty decision":"1.0","Employee":"Anne","Employee seniority":11,"Employee pay rate":25,"Employee qualification":1,"Day on-call requirement":10,"Day index":4,"Day":"Thursday"},{"OnCallDuty decision":"1.0","Employee":"Cindy","Employee seniority":5,"Employee pay rate":21,"Employee qualification":2,"Day on-call requirement":10,"Day index":4,"Day":"Thursday"},{"OnCallDuty decision":"1.0","Employee":"Debbie","Employee seniority":7,"Employee pay rate":24,"Employee qualification":2,"Day on-call requirement":10,"Day index":4,"Day":"Thursday"},{"OnCallDuty decision":"1.0","Employee":"Dee","Employee seniority":3,"Employee pay rate":21,"Employee qualification":3,"Day on-call requirement":10,"Day index":4,"Day":"Thursday"},{"OnCallDuty decision":"1.0","Employee":"Janelle","Employee seniority":4,"Employee pay rate":22,"Employee qualification":3,"Day on-call requirement":10,"Day index":4,"Day":"Thursday"},{"OnCallDuty decision":"1.0","Employee":"Janice","Employee seniority":2,"Employee pay rate":17,"Employee qualification":2,"Day on-call requirement":10,"Day index":4,"Day":"Thursday"},{"OnCallDuty decision":"1.0","Employee":"Jude","Employee seniority":4,"Employee pay rate":22,"Employee qualification":3,"Day on-call requirement":10,"Day index":4,"Day":"Thursday"},{"OnCallDuty decision":"1.0","Employee":"Nicole","Employee seniority":0,"Employee pay rate":14,"Employee qualification":2,"Day on-call requirement":10,"Day index":4,"Day":"Thursday"},{"OnCallDuty decision":"1.0","Employee":"Patricia","Employee seniority":1,"Employee pay rate":13,"Employee qualification":1,"Day on-call requirement":10,"Day index":4,"Day":"Thursday"},{"OnCallDuty decision":"1.0","Employee":"Suzanne","Employee seniority":5,"Employee pay rate":18,"Employee qualification":1,"Day on-call requirement":10,"Day index":4,"Day":"Thursday"},{"OnCallDuty decision":"1.0","Employee":"Cecilia","Employee seniority":9,"Employee pay rate":38,"Employee qualification":5,"Day on-call requirement":10,"Day index":2,"Day":"Tuesday"},{"OnCallDuty decision":"1.0","Employee":"Isabelle","Employee seniority":3,"Employee pay rate":16,"Employee qualification":1,"Day on-call requirement":10,"Day index":2,"Day":"Tuesday"},{"OnCallDuty decision":"1.0","Employee":"Janelle","Employee seniority":4,"Employee pay rate":22,"Employee qualification":3,"Day on-call requirement":10,"Day index":2,"Day":"Tuesday"},{"OnCallDuty decision":"1.0","Employee":"Jemma","Employee seniority":2,"Employee pay rate":22,"Employee qualification":4,"Day on-call requirement":10,"Day index":2,"Day":"Tuesday"},{"OnCallDuty decision":"1.0","Employee":"Nancy","Employee seniority":8,"Employee pay rate":32,"Employee qualification":4,"Day on-call requirement":10,"Day index":2,"Day":"Tuesday"},{"OnCallDuty decision":"1.0","Employee":"Nathalie","Employee seniority":9,"Employee pay rate":38,"Employee qualification":5,"Day on-call requirement":10,"Day index":2,"Day":"Tuesday"},{"OnCallDuty decision":"1.0","Employee":"Patrick","Employee seniority":6,"Employee pay rate":19,"Employee qualification":1,"Day on-call requirement":10,"Day index":2,"Day":"Tuesday"},{"OnCallDuty decision":"1.0","Employee":"Vickie","Employee seniority":7,"Employee pay rate":20,"Employee qualification":1,"Day on-call requirement":10,"Day index":2,"Day":"Tuesday"},{"OnCallDuty decision":"1.0","Employee":"Wendie","Employee seniority":5,"Employee pay rate":21,"Employee qualification":2,"Day on-call requirement":10,"Day index":2,"Day":"Tuesday"},{"OnCallDuty decision":"1.0","Employee":"Zoe","Employee seniority":8,"Employee pay rate":29,"Employee qualification":3,"Day on-call requirement":10,"Day index":2,"Day":"Tuesday"},{"OnCallDuty decision":"1.0","Employee":"Betsy","Employee seniority":2,"Employee pay rate":17,"Employee qualification":2,"Day on-call requirement":10,"Day index":3,"Day":"Wednesday"},{"OnCallDuty decision":"1.0","Employee":"Gloria","Employee seniority":8,"Employee pay rate":25,"Employee qualification":2,"Day on-call requirement":10,"Day index":3,"Day":"Wednesday"},{"OnCallDuty decision":"1.0","Employee":"Isabelle","Employee seniority":3,"Employee pay rate":16,"Employee qualification":1,"Day on-call requirement":10,"Day index":3,"Day":"Wednesday"},{"OnCallDuty decision":"1.0","Employee":"Jane","Employee seniority":3,"Employee pay rate":23,"Employee qualification":4,"Day on-call requirement":10,"Day index":3,"Day":"Wednesday"},{"OnCallDuty decision":"1.0","Employee":"Jude","Employee seniority":4,"Employee pay rate":22,"Employee qualification":3,"Day on-call requirement":10,"Day index":3,"Day":"Wednesday"},{"OnCallDuty decision":"1.0","Employee":"Julie","Employee seniority":6,"Employee pay rate":22,"Employee qualification":2,"Day on-call requirement":10,"Day index":3,"Day":"Wednesday"},{"OnCallDuty decision":"1.0","Employee":"Juliet","Employee seniority":7,"Employee pay rate":31,"Employee qualification":4,"Day on-call requirement":10,"Day index":3,"Day":"Wednesday"},{"OnCallDuty decision":"1.0","Employee":"Kate","Employee seniority":5,"Employee pay rate":24,"Employee qualification":3,"Day on-call requirement":10,"Day index":3,"Day":"Wednesday"},{"OnCallDuty decision":"1.0","Employee":"Roberta","Employee seniority":3,"Employee pay rate":26,"Employee qualification":5,"Day on-call requirement":10,"Day index":3,"Day":"Wednesday"},{"OnCallDuty decision":"1.0","Employee":"Suzanne","Employee seniority":5,"Employee pay rate":18,"Employee qualification":1,"Day on-call requirement":10,"Day index":3,"Day":"Wednesday"}]}}