{"creationTime":1698152942187,"lastModificationTime":1698153256356,"state":"TERMINATED","solveConfig":{"containerId":"docplex - cp","solveParameters":{"oaas.outputUploadPeriod":"1"}},"jobDetails":{"id":"d8d7804f-1e71-4972-bee4-e822802587e9","createdAt":1698152948750,"startedAt":1698152949341,"endedAt":1698153250899,"submittedAt":1698152948750,"details":{"KPI.PROGRESS_CURRENT_OBJECTIVE":"26;13","KPI.cost":"26","KPI.nbDeliveries":"13","MODEL_DETAIL_CONSTRAINTS":"114","MODEL_DETAIL_INTEGER_VARS":"102","MODEL_DETAIL_INTERVAL_VARS":"0","MODEL_DETAIL_KPIS":"[\"cost\", \"nbDeliveries\"]","MODEL_DETAIL_OBJECTIVE_SENSE":"minimize","MODEL_DETAIL_SEQUENCE_VARS":"0","MODEL_DETAIL_TYPE":"CPO CP","PROGRESS_BEST_BOUND":"20;10","PROGRESS_BEST_OBJECTIVE":"20;10","PROGRESS_BEST_OBJECTIVE.history":"[[1698152950.12, \"3;12\"], [1698153250.12, \"20;10\"]]","PROGRESS_CURRENT_OBJECTIVE":"26;13","PROGRESS_CURRENT_OBJECTIVE.history":"[[1698152950.12, \"40;11\"], [1698153250.12, \"26;13\"]]","PROGRESS_GAP":"0.230769;inf","PROGRESS_GAP.history":"[[1698152950.12, \"0.925;inf\"], [1698153250.12, \"0.230769;inf\"]]","STAT.cpo.modelType":"CPO","STAT.cpo.size.constraints":"114","STAT.cpo.size.integerVariables":"102","STAT.cpo.size.intervalVariables":"0","STAT.cpo.size.sequenceVariables":"0","STAT.cpo.size.variables":"102","STAT.cpo.solve.memoryUsage":"6821616","STAT.cpo.solve.numberOfBranches":"23767101","STAT.cpo.solve.time":"300","STAT.job.coresCount":"1","STAT.job.inputsReadMs":"347","STAT.job.memoryPeakKB":"129824","STAT.job.modelProcessingMs":"300390","STAT.job.outputsWriteMs":"1941","latestOutputUpload":"2023-10-24T13:14:10.898Z"},"executionStatus":"PROCESSED","solveStatus":"FEASIBLE_SOLUTION","logTail":["[2023-10-24T13:14:10.131Z, INFO] ","[2023-10-24T13:14:10.131Z, INFO]    Delivery  2: config=2","[2023-10-24T13:14:10.131Z, INFO] ","[2023-10-24T13:14:10.131Z, INFO]  <10, 2, 4> <11, 2, 7>","[2023-10-24T13:14:10.131Z, INFO] ","[2023-10-24T13:14:10.131Z, INFO]    Delivery  3: config=2","[2023-10-24T13:14:10.131Z, INFO] ","[2023-10-24T13:14:10.131Z, INFO]  <12, 2, 3> <14, 2, 2>","[2023-10-24T13:14:10.132Z, INFO] ","[2023-10-24T13:14:10.132Z, INFO]    Delivery  4: config=0","[2023-10-24T13:14:10.132Z, INFO] ","[2023-10-24T13:14:10.132Z, INFO]  <16, 0, 6>","[2023-10-24T13:14:10.132Z, INFO] ","[2023-10-24T13:14:10.132Z, INFO]    Delivery  5: config=0","[2023-10-24T13:14:10.132Z, INFO] ","[2023-10-24T13:14:10.132Z, INFO]  <18, 0, 1> <19, 0, 6> <20, 0, 3>","[2023-10-24T13:14:10.132Z, INFO] ","[2023-10-24T13:14:10.132Z, INFO]    Delivery  6: config=0","[2023-10-24T13:14:10.132Z, INFO] ","[2023-10-24T13:14:10.132Z, INFO]  <6, 0, 11>","[2023-10-24T13:14:10.133Z, INFO] ","[2023-10-24T13:14:10.133Z, INFO]    Delivery  7: config=0","[2023-10-24T13:14:10.133Z, INFO] ","[2023-10-24T13:14:10.133Z, INFO]  <8, 0, 5> <9, 0, 2>","[2023-10-24T13:14:10.133Z, INFO] ","[2023-10-24T13:14:10.133Z, INFO]    Delivery  8: config=0","[2023-10-24T13:14:10.133Z, INFO] ","[2023-10-24T13:14:10.133Z, INFO]  <2, 0, 3>","[2023-10-24T13:14:10.133Z, INFO] ","[2023-10-24T13:14:10.133Z, INFO]    Delivery  9: config=0","[2023-10-24T13:14:10.133Z, INFO] ","[2023-10-24T13:14:10.133Z, INFO]  <7, 0, 4> <13, 0, 5>","[2023-10-24T13:14:10.133Z, INFO] ","[2023-10-24T13:14:10.133Z, INFO]    Delivery 10: config=1","[2023-10-24T13:14:10.133Z, INFO] ","[2023-10-24T13:14:10.134Z, INFO]  <4, 1, 5>","[2023-10-24T13:14:10.134Z, INFO] ","[2023-10-24T13:14:10.134Z, INFO]    Delivery 11: config=1","[2023-10-24T13:14:10.134Z, INFO] ","[2023-10-24T13:14:10.134Z, INFO]  <15, 1, 5>","[2023-10-24T13:14:10.134Z, INFO] ","[2023-10-24T13:14:10.134Z, INFO]    Delivery 12: config=1","[2023-10-24T13:14:10.134Z, INFO] ","[2023-10-24T13:14:10.134Z, INFO]  <0, 1, 3> <3, 1, 2> <5, 1, 4>","[2023-10-24T13:14:10.134Z, INFO] "]},"taskSetupTime":1698152948765,"taskSolveTime":1698153255298,"taskTearDownTime":1698153256356,"jobSpaceId":"1e6362e3-9985-4ea3-b8ba-5d35f3036aa5","jobDeploymentId":"97dbe690-6dcf-4ed4-97dc-98865da9f894","jobId":"d8d7804f-1e71-4972-bee4-e822802587e9","ping":1698153242473}