{"creationTime":1645199849992,"lastModificationTime":1645199858136,"state":"TERMINATED","solveConfig":{"containerId":"Copy 02","solveParameters":{"oaas.logAttachmentName":"log.txt","oaas.logTailEnabled":"true"}},"jobDetails":{"id":"158f837d-41ec-4e2b-a333-a297f2441049","createdAt":1645199852862,"startedAt":1645199853690,"endedAt":1645199856233,"submittedAt":1645199852862,"details":{"KPI.Nb Fix Used":"40.0","KPI.Nb Temp Used":"34.0","KPI.Total Cost":"6040.0","MODEL_DETAIL_BOOLEAN_VARS":"0","MODEL_DETAIL_CONSTRAINTS":"588","MODEL_DETAIL_CONTINUOUS_VARS":"0","MODEL_DETAIL_INTEGER_VARS":"774","MODEL_DETAIL_KPIS":"[\"Total Cost\", \"Nb Fix Used\", \"Nb Temp Used\"]","MODEL_DETAIL_NONZEROS":"6234","MODEL_DETAIL_OBJECTIVE_SENSE":"minimize","MODEL_DETAIL_TYPE":"MILP","PROGRESS_BEST_OBJECTIVE":"6040.0","PROGRESS_BEST_OBJECTIVE.history":"[[1645199854.53, 6040.0]]","PROGRESS_CURRENT_OBJECTIVE":"6040.0","PROGRESS_CURRENT_OBJECTIVE.history":"[[1645199854.53, 6040.0]]","PROGRESS_GAP":"0.0","PROGRESS_GAP.history":"[[1645199854.53, 0.0]]","STAT.cplex.modelType":"MILP","STAT.cplex.size.booleanVariables":"0","STAT.cplex.size.constraints":"588","STAT.cplex.size.continousVariables":"0","STAT.cplex.size.integerVariables":"774","STAT.cplex.size.linearConstraints":"588","STAT.cplex.size.quadraticConstraints":"0","STAT.cplex.size.variables":"774","STAT.job.coresCount":"1","STAT.job.inputsReadMs":"256","STAT.job.memoryPeakKB":"102492","STAT.job.modelProcessingMs":"600","STAT.job.outputsWriteMs":"1597"},"executionStatus":"PROCESSED","solveStatus":"OPTIMAL_SOLUTION","logTail":["[2022-02-18T15:57:33Z, WARNING] Support for Python 3.8 is now enabled with pandas 1.2.4 libraries.","[2022-02-18T15:57:34Z, INFO] WARNING: Number of workers has been reduced to 1 to comply with platform limitations.","[2022-02-18T15:57:34Z, INFO] Version identifier: 20.1.0.1 | 2021-12-07 | 9dfdf6686","[2022-02-18T15:57:34Z, INFO] CPXPARAM_Read_DataCheck                          1","[2022-02-18T15:57:34Z, INFO] CPXPARAM_Threads                                 1","[2022-02-18T15:57:34Z, INFO] Legacy callback                                  i","[2022-02-18T15:57:34Z, INFO] Tried aggregator 2 times.","[2022-02-18T15:57:34Z, INFO] MIP Presolve eliminated 197 rows and 91 columns.","[2022-02-18T15:57:34Z, INFO] Aggregator did 261 substitutions.","[2022-02-18T15:57:34Z, INFO] Reduced MIP has 130 rows, 297 columns, and 3710 nonzeros.","[2022-02-18T15:57:34Z, INFO] Reduced MIP has 0 binaries, 297 generals, 0 SOSs, and 0 indicators.","[2022-02-18T15:57:34Z, INFO] Presolve time = 0.01 sec. (4.07 ticks)","[2022-02-18T15:57:34Z, INFO] Found incumbent of value 6700.000000 after 0.01 sec. (8.76 ticks)","[2022-02-18T15:57:34Z, INFO] Tried aggregator 1 time.","[2022-02-18T15:57:34Z, INFO] Detecting symmetries...","[2022-02-18T15:57:34Z, INFO] Reduced MIP has 130 rows, 297 columns, and 3710 nonzeros.","[2022-02-18T15:57:34Z, INFO] Reduced MIP has 0 binaries, 297 generals, 0 SOSs, and 0 indicators.","[2022-02-18T15:57:34Z, INFO] Presolve time = 0.00 sec. (1.47 ticks)","[2022-02-18T15:57:34Z, INFO] MIP emphasis: balance optimality and feasibility.","[2022-02-18T15:57:34Z, INFO] MIP search method: dynamic search.","[2022-02-18T15:57:34Z, INFO] Parallel mode: none, using 1 thread.","[2022-02-18T15:57:34Z, INFO] Root relaxation solution time = 0.00 sec. (0.74 ticks)","[2022-02-18T15:57:34Z, INFO] ","[2022-02-18T15:57:34Z, INFO]         Nodes                                         Cuts/","[2022-02-18T15:57:34Z, INFO]    Node  Left     Objective  IInf  Best Integer    Best Bound    ItCnt     Gap","[2022-02-18T15:57:34Z, INFO] ","[2022-02-18T15:57:34Z, INFO] *     0+    0                         6700.0000     1000.0000            85.07%","[2022-02-18T15:57:34Z, INFO] *     0     0      integral     0     6040.0000     6040.0000       62    0.00%","[2022-02-18T15:57:34Z, INFO] Elapsed time = 0.01 sec. (11.54 ticks, tree = 0.00 MB, solutions = 2)","[2022-02-18T15:57:34Z, INFO] ","[2022-02-18T15:57:34Z, INFO] Root node processing (before b&c):","[2022-02-18T15:57:34Z, INFO]   Real time             =    0.01 sec. (11.57 ticks)","[2022-02-18T15:57:34Z, INFO] Sequential b&c:","[2022-02-18T15:57:34Z, INFO]   Real time             =    0.00 sec. (0.00 ticks)","[2022-02-18T15:57:34Z, INFO]                           ------------","[2022-02-18T15:57:34Z, INFO] Total (root+branch&cut) =    0.01 sec. (11.57 ticks)","[2022-02-18T15:57:34Z, INFO]   Feasible 6040.0","[2022-02-18T15:57:34Z, INFO] starts.csv","[2022-02-18T15:57:34Z, INFO] works.csv","[2022-02-18T15:57:34Z, INFO] nr.csv"]},"runtimeDetails":{"state":"STARTED"},"taskSetupMillis":2629,"taskSolveMillis":4627,"taskTearDownMillis":1,"jobSpaceId":"c765df71-66f6-497c-afac-f8a3ee8f12d4","jobDeploymentId":"b6839822-3047-4216-a4ca-de79cb90189e","jobId":"158f837d-41ec-4e2b-a333-a297f2441049","ping":1645199850280}