{"id":"b887cd48-011e-4e82-ac17-ade5d4c31400","version":"0.3.0","name":"Dashboard","locked":false,"activePage":1,"pages":[{"id":"734535db-336c-496c-a95d-6bb462a832e1","name":"Solution charts","widgets":{"71cd89ee-1b45-4ab3-a161-9c55c98b8f5f":{"name":"Chart Candidates","type":"Chart","props":{"container":"","data":"Customer_to_Campaign_assignment_report","spec":{"mark":"bar","encoding":{"x":{"field":"Customer id","type":"nominal"},"y":{"field":"Candidates expected value","type":"quantitative"},"color":{"field":"Campaign id","type":"nominal"}},"config":{"overlay":{"line":true},"scale":{"useUnaggregatedDomain":true}}},"search":""}},"f74bde8b-c108-4b60-b8c3-0ee686cd1deb":{"name":"Chart Candidates","type":"Chart","props":{"container":"","data":"Customer_to_Campaign_assignment_report","spec":{"mark":"bar","encoding":{"x":{"field":"Campaign id","type":"nominal"},"y":{"field":"Candidates expected value","type":"quantitative"},"color":{"field":"Customer id","type":"nominal"}},"config":{"overlay":{"line":true},"scale":{"useUnaggregatedDomain":true}}},"search":""}}},"layouts":{"SM":[{"i":"71cd89ee-1b45-4ab3-a161-9c55c98b8f5f","x":0,"y":0,"w":1,"h":2,"moved":false,"static":false},{"i":"f74bde8b-c108-4b60-b8c3-0ee686cd1deb","x":0,"y":2,"w":1,"h":2,"moved":false,"static":false}],"MD":[{"i":"71cd89ee-1b45-4ab3-a161-9c55c98b8f5f","x":0,"y":0,"w":1,"h":2,"moved":false,"static":false},{"i":"f74bde8b-c108-4b60-b8c3-0ee686cd1deb","x":1,"y":0,"w":1,"h":2,"moved":false,"static":false}],"LG":[{"w":2,"h":3,"x":0,"y":0,"i":"71cd89ee-1b45-4ab3-a161-9c55c98b8f5f","moved":false,"static":false},{"w":2,"h":3,"x":2,"y":0,"i":"f74bde8b-c108-4b60-b8c3-0ee686cd1deb","moved":false,"static":false}]}},{"id":"25264bd4-0422-4e16-b4b9-c11edadad339","name":"Multi-Scenarios","widgets":{"62cea0e6-c8ab-4499-811b-a3bf91446b12":{"name":"Chart Candidates","type":"Chart","props":{"container":"*","data":"kpis","spec":{"mark":"bar","encoding":{"x":{"field":"VALUE","type":"quantitative"},"y":{"field":"$scenario","type":"nominal"},"row":{"field":"NAME","type":"nominal"},"color":{"field":"$scenario","type":"nominal"},"tooltip":{"field":"VALUE","type":"quantitative"}},"config":{"overlay":{"line":true},"scale":{"useUnaggregatedDomain":true}},"width":600,"height":300},"search":""}}},"layouts":{"SM":[{"i":"62cea0e6-c8ab-4499-811b-a3bf91446b12","x":0,"y":0,"w":1,"h":2,"moved":false,"static":false}],"MD":[{"i":"62cea0e6-c8ab-4499-811b-a3bf91446b12","x":0,"y":0,"w":1,"h":2,"moved":false,"static":false}],"LG":[{"w":6,"h":4,"x":0,"y":0,"i":"62cea0e6-c8ab-4499-811b-a3bf91446b12","moved":false,"static":false}]}}],"breakpoints":[{"name":"SM","width":0,"columns":1},{"name":"MD","width":480,"columns":3},{"name":"LG","width":960,"columns":6}],"rowHeight":120}