{"parentId":"MarketingCampaignAssignment","category":"dashboard","creator":"stephane.michel@fr.ibm.com","createdAt":1519212117845,"usage":{"lastModificationTime":1521538034938,"lastModifier":"stephane.michel@fr.ibm.com"},"dataUsagePerCategory":{"":{"lastModificationTime":1521538034938,"lastModifier":"stephane.michel@fr.ibm.com"}},"state":"available","assets":[{"name":"dashboard.json","creator":"stephane.michel@fr.ibm.com","createdAt":1519212119665,"lastUpdater":"stephane.michel@fr.ibm.com","updatedAt":1521538034938,"contentType":"application/json","path":"dashboard.json"}]}