{"creationTime":1687854928686,"lastModificationTime":1687854969044,"state":"TERMINATED","solveConfig":{"containerId":"Scenario 1","solveParameters":{"oaas.logAttachmentName":"log.txt","oaas.logTailEnabled":"true"},"setupWebHook":{"verb":"GET","url":"https://internal-nginx-svc:12443/v1/cognitive/solve/preprocess/Scenario%201?projectId=9d08fb61-4c2d-4eaa-b28e-255cccbc8df8&parentId=BridgeScheduling","expectedStatus":200,"headers":{}},"tearDownWebHook":{"verb":"GET","url":"https://internal-nginx-svc:12443/v1/cognitive/solve/postprocess/Scenario%201?projectId=9d08fb61-4c2d-4eaa-b28e-255cccbc8df8&parentId=BridgeScheduling","expectedStatus":200,"headers":{}}},"jobDetails":{"id":"35babd6c-e953-4681-881e-58c7df91a2a5","createdAt":1687854931885,"startedAt":1687854958024,"endedAt":1687854962565,"submittedAt":1687854931885,"details":{"KPI.time to complete all activities":"116","MODEL_DETAIL_CONSTRAINTS":"195","MODEL_DETAIL_INTEGER_VARS":"0","MODEL_DETAIL_INTERVAL_VARS":"44","MODEL_DETAIL_KPIS":"[\"time to complete all activities\"]","MODEL_DETAIL_OBJECTIVE_SENSE":"minimize","MODEL_DETAIL_SEQUENCE_VARS":"0","MODEL_DETAIL_TYPE":"CPO Scheduling","PROGRESS_BEST_BOUND":"115.98840000000003","PROGRESS_BEST_OBJECTIVE":"115.98840000000003","PROGRESS_BEST_OBJECTIVE.history":"[[1687854961.3, \"68\"], [1687854962.13, \"115.98840000000003\"]]","PROGRESS_CURRENT_OBJECTIVE":"116.00000000000001","PROGRESS_CURRENT_OBJECTIVE.history":"[[1687854961.3, \"159\"], [1687854962.13, \"116.00000000000001\"]]","PROGRESS_GAP":"0.0001","PROGRESS_GAP.history":"[[1687854961.3, \"0.572327\"], [1687854962.13, \"0.0001\"]]","STAT.cpo.modelType":"CPO","STAT.cpo.size.constraints":"195","STAT.cpo.size.integerVariables":"0","STAT.cpo.size.intervalVariables":"44","STAT.cpo.size.sequenceVariables":"0","STAT.cpo.size.variables":"44","STAT.cpo.solve.memoryUsage":"1404076","STAT.cpo.solve.numberOfBranches":"32427","STAT.cpo.solve.time":"0.57","STAT.job.coresCount":"1","STAT.job.inputsReadMs":"2717","STAT.job.memoryPeakKB":"146900","STAT.job.modelProcessingMs":"1235","STAT.job.outputsWriteMs":"151"},"executionStatus":"PROCESSED","solveStatus":"OPTIMAL_SOLUTION","logTail":["[2023-06-27T08:36:01.806Z, INFO]         116.0000    23000          1          30240 != startOf(_ITV_35)","[2023-06-27T08:36:01.816Z, INFO]         116.0000    24000          1          36000 != startOf(_ITV_35)","[2023-06-27T08:36:01.823Z, INFO]         116.0000    25000          1              0  = startOf(_ITV_42)","[2023-06-27T08:36:01.835Z, INFO]         116.0000    26000          1        F         !presenceOf(_ITV_31)","[2023-06-27T08:36:01.845Z, INFO]         116.0000    27000          1           8640  = endOf(_ITV_31)","[2023-06-27T08:36:01.856Z, INFO]         116.0000    28000          1           5760  = startOf(_ITV_5)","[2023-06-27T08:36:01.866Z, INFO]         116.0000    29000          1          73440  = startOf(_ITV_9)","[2023-06-27T08:36:01.866Z, INFO]  ! Time = 0.32s, Average fail depth = 26, Memory usage = 1.4 MB","[2023-06-27T08:36:01.867Z, INFO]  ! Current bound is 106.9999 (gap is 7.76%)","[2023-06-27T08:36:01.867Z, INFO]  !          Best Branches  Non-fixed            Branch decision","[2023-06-27T08:36:01.939Z, INFO]  ! Using failure-directed search.","[2023-06-27T08:36:01.956Z, INFO]         116.0000    30000          1        F  8021 <= startOf(_ITV_28)","[2023-06-27T08:36:02.015Z, INFO]         116.0000    31000         43        F 163286 <= startOf(_ITV_29)","[2023-06-27T08:36:02.069Z, INFO]         116.0000    32000         44        F 65755 <= startOf(_ITV_9)","[2023-06-27T08:36:02.089Z, INFO]         116.0000    32355         44          162640 >= startOf(_ITV_29)","[2023-06-27T08:36:02.090Z, INFO]  + New bound is 112.9444 (gap is 2.63%)","[2023-06-27T08:36:02.090Z, INFO]         116.0000    32357         44          163084 >= startOf(_ITV_29)","[2023-06-27T08:36:02.091Z, INFO]  + New bound is 113.2527 (gap is 2.37%)","[2023-06-27T08:36:02.091Z, INFO]         116.0000    32364         44          164502 >= startOf(_ITV_29)","[2023-06-27T08:36:02.092Z, INFO]  + New bound is 114.2374 (gap is 1.52%)","[2023-06-27T08:36:02.092Z, INFO]         116.0000    32371         44          164555 >= startOf(_ITV_29)","[2023-06-27T08:36:02.092Z, INFO]  + New bound is 114.2743 (gap is 1.49%)","[2023-06-27T08:36:02.093Z, INFO]         116.0000    32376         44          165350 >= startOf(_ITV_29)","[2023-06-27T08:36:02.093Z, INFO]  + New bound is 114.8263 (gap is 1.01%)","[2023-06-27T08:36:02.094Z, INFO]         116.0000    32400         44          165567 >= startOf(_ITV_29)","[2023-06-27T08:36:02.094Z, INFO]  + New bound is 114.9770 (gap is 0.88%)","[2023-06-27T08:36:02.095Z, INFO]         116.0000    32418         44          165582 >= startOf(_ITV_29)","[2023-06-27T08:36:02.095Z, INFO]  + New bound is 114.9874 (gap is 0.87%)","[2023-06-27T08:36:02.096Z, INFO]         116.0000    32426         44        F 36476 >= startOf(_ITV_13)","[2023-06-27T08:36:02.097Z, INFO]  + New bound is 115.9884 (gap is 0.01%)","[2023-06-27T08:36:02.131Z, INFO]  ! ----------------------------------------------------------------------------","[2023-06-27T08:36:02.132Z, INFO]  ! Search completed, 9 solutions found.","[2023-06-27T08:36:02.133Z, INFO]  ! Best objective         : 116.0000 (optimal - effective tol. is 0.0116)","[2023-06-27T08:36:02.133Z, INFO]  ! Best bound             : 115.9884","[2023-06-27T08:36:02.134Z, INFO]  ! time to complete all activities: 116","[2023-06-27T08:36:02.135Z, INFO]  ! ----------------------------------------------------------------------------","[2023-06-27T08:36:02.135Z, INFO]  ! Number of branches     : 32427","[2023-06-27T08:36:02.136Z, INFO]  ! Number of fails        : 16653","[2023-06-27T08:36:02.137Z, INFO]  ! Total memory usage     : 1.5 MB (1.4 MB CP Optimizer + 0.1 MB Concert)","[2023-06-27T08:36:02.137Z, INFO]  ! Time spent in solve    : 0.58s (0.57s engine + 0.01s extraction)","[2023-06-27T08:36:02.138Z, INFO]  ! Search speed (br. / s) : 57905.4","[2023-06-27T08:36:02.138Z, INFO]  ! ----------------------------------------------------------------------------","[2023-06-27T08:36:02.141Z, INFO] solve + export of all intermediate solutions done in 0.8916623592376709 secs","[2023-06-27T08:36:02.141Z, INFO] ScheduledActivities.csv","[2023-06-27T08:36:02.142Z, INFO] NotScheduledActivities.csv"]},"runtimeDetails":{"state":"STARTED"},"taskSetupMillis":3087,"taskSolveMillis":35084,"taskTearDownMillis":1041,"jobSpaceId":"3d14a570-f6e3-4665-bd9b-5b4b94d83c31","jobDeploymentId":"2a1e07c3-f790-40f8-87a5-fad1258b3dd8","jobId":"35babd6c-e953-4681-881e-58c7df91a2a5","ping":1687854958807}