{
    "cpSerializationFormatVersion" : "1.20",
    "responseTo" : "Solve" ,
    "solutionStatus" : { 
        "solveStatus" : "Optimal",
        "failStatus" : "SearchHasFailedNormally",
        "SearchStatus" : "SearchCompleted",
        "SearchStopCause" : "SearchHasNotBeenStopped"
    } ,
    "bounds" : [ 17 ] ,
    "objectives" : [ 17 ] ,
    "gaps" : [ 0 ] ,
    "intVars" : { 
        "SC[0]" : 2, 
        "SC[1]" : 7, 
        "SC[2]" : 1, 
        "SC[3]" : 6, 
        "SC[4]" : 0, 
        "SC[5]" : 5, 
        "SC[6]" : 4, 
        "SC[7]" : 3, 
        "SC[8]" : 8, 
        "SL[0]" : 4, 
        "SL[1]" : 2, 
        "SL[2]" : 0, 
        "SL[3]" : 7, 
        "SL[4]" : 6, 
        "SL[5]" : 5, 
        "SL[6]" : 3, 
        "SL[7]" : 1, 
        "SL[8]" : 8
    }
}
