{"creationTime":1632990477603,"lastModificationTime":1632990490134,"state":"TERMINATED","solveConfig":{"containerId":"Copy 05","solveParameters":{"oaas.logAttachmentName":"log.txt","oaas.logTailEnabled":"true","oaas.docplex.python":"3.8"}},"jobDetails":{"id":"afbcacce-d845-4831-a916-5c2a66004ab7","createdAt":1632990482946,"startedAt":1632990484435,"endedAt":1632990488022,"submittedAt":1632990482946,"details":{"KPI.Nb Fix Used":"37.0","KPI.Nb Temp Used":"8.0","KPI.Total Cost":"4180.0","KPI._time":"0.026161909103393555","MODEL_DETAIL_BOOLEAN_VARS":"0","MODEL_DETAIL_CONSTRAINTS":"588","MODEL_DETAIL_CONTINUOUS_VARS":"0","MODEL_DETAIL_INTEGER_VARS":"774","MODEL_DETAIL_KPIS":"[\"Total Cost\", \"Nb Fix Used\", \"Nb Temp Used\"]","MODEL_DETAIL_NONZEROS":"6234","MODEL_DETAIL_OBJECTIVE_SENSE":"minimize","MODEL_DETAIL_TYPE":"MILP","PROGRESS_BEST_OBJECTIVE":"4180.0","PROGRESS_BEST_OBJECTIVE.history":"[[1632990487.42, 4165.0]]","PROGRESS_CURRENT_OBJECTIVE":"4180.0","PROGRESS_CURRENT_OBJECTIVE.history":"[[1632990487.42, 5680.0]]","PROGRESS_GAP":"0.0","PROGRESS_GAP.history":"[[1632990487.42, 0.26672535211267134]]","STAT.cplex.modelType":"MILP","STAT.cplex.size.booleanVariables":"0","STAT.cplex.size.constraints":"588","STAT.cplex.size.continousVariables":"0","STAT.cplex.size.integerVariables":"774","STAT.cplex.size.linearConstraints":"588","STAT.cplex.size.quadraticConstraints":"0","STAT.cplex.size.variables":"774","STAT.cplex.solve.elapsedTime":"0.026161909103393555","STAT.cplex.solve.explored":"0","STAT.cplex.solve.iterationCount":"53","STAT.cplex.solve.opened":"1","STAT.job.coresCount":"1","STAT.job.inputsReadMs":"2312","STAT.job.memoryPeakKB":"93552","STAT.job.modelProcessingMs":"706","STAT.job.outputsWriteMs":"437"},"executionStatus":"PROCESSED","solveStatus":"OPTIMAL_SOLUTION","logTail":["[2021-09-30T08:28:07Z, INFO] WARNING: Number of workers has been reduced to 1 to comply with platform limitations.","[2021-09-30T08:28:07Z, INFO] Version identifier: 20.1.0.0 | 2020-11-10 | 9bedb6d68","[2021-09-30T08:28:07Z, INFO] CPXPARAM_Read_DataCheck                          1","[2021-09-30T08:28:07Z, INFO] CPXPARAM_Threads                                 1","[2021-09-30T08:28:07Z, INFO] Legacy callback                                  i","[2021-09-30T08:28:07Z, INFO] Tried aggregator 2 times.","[2021-09-30T08:28:07Z, INFO] MIP Presolve eliminated 209 rows and 93 columns.","[2021-09-30T08:28:07Z, INFO] Aggregator did 253 substitutions.","[2021-09-30T08:28:07Z, INFO] Reduced MIP has 126 rows, 295 columns, and 3660 nonzeros.","[2021-09-30T08:28:07Z, INFO] Reduced MIP has 0 binaries, 295 generals, 0 SOSs, and 0 indicators.","[2021-09-30T08:28:07Z, INFO] Presolve time = 0.01 sec. (3.91 ticks)","[2021-09-30T08:28:07Z, INFO] Found incumbent of value 5680.000000 after 0.02 sec. (8.71 ticks)","[2021-09-30T08:28:07Z, INFO] Tried aggregator 1 time.","[2021-09-30T08:28:07Z, INFO] Detecting symmetries...","[2021-09-30T08:28:07Z, INFO] Reduced MIP has 126 rows, 295 columns, and 3660 nonzeros.","[2021-09-30T08:28:07Z, INFO] Reduced MIP has 0 binaries, 295 generals, 0 SOSs, and 0 indicators.","[2021-09-30T08:28:07Z, INFO] Presolve time = 0.00 sec. (1.46 ticks)","[2021-09-30T08:28:07Z, INFO] MIP emphasis: balance optimality and feasibility.","[2021-09-30T08:28:07Z, INFO] MIP search method: dynamic search.","[2021-09-30T08:28:07Z, INFO] Parallel mode: none, using 1 thread.","[2021-09-30T08:28:07Z, INFO] Root relaxation solution time = 0.00 sec. (0.62 ticks)","[2021-09-30T08:28:07Z, INFO] ","[2021-09-30T08:28:07Z, INFO]         Nodes                                         Cuts/","[2021-09-30T08:28:07Z, INFO]    Node  Left     Objective  IInf  Best Integer    Best Bound    ItCnt     Gap","[2021-09-30T08:28:07Z, INFO] ","[2021-09-30T08:28:07Z, INFO] *     0+    0                         5680.0000     1000.0000            82.39%","[2021-09-30T08:28:07Z, INFO]       0     0     4165.0000     6     5680.0000     4165.0000       53   26.67%","[2021-09-30T08:28:07Z, INFO] *     0+    0                         4240.0000     4165.0000             1.77%","[2021-09-30T08:28:07Z, INFO] *     0     0      integral     0     4180.0000       Cuts: 3       55    0.00%","[2021-09-30T08:28:07Z, INFO]       0     0        cutoff           4180.0000     4180.0000       55    0.00%","[2021-09-30T08:28:07Z, INFO] Elapsed time = 0.03 sec. (13.23 ticks, tree = 0.01 MB, solutions = 3)","[2021-09-30T08:28:07Z, INFO] ","[2021-09-30T08:28:07Z, INFO] Zero-half cuts applied:  2","[2021-09-30T08:28:07Z, INFO] Gomory fractional cuts applied:  1","[2021-09-30T08:28:07Z, INFO] ","[2021-09-30T08:28:07Z, INFO] Root node processing (before b&c):","[2021-09-30T08:28:07Z, INFO]   Real time             =    0.03 sec. (13.26 ticks)","[2021-09-30T08:28:07Z, INFO] Sequential b&c:","[2021-09-30T08:28:07Z, INFO]   Real time             =    0.00 sec. (0.00 ticks)","[2021-09-30T08:28:07Z, INFO]                           ------------","[2021-09-30T08:28:07Z, INFO] Total (root+branch&cut) =    0.03 sec. (13.26 ticks)","[2021-09-30T08:28:07Z, INFO]   Feasible 4180.0","[2021-09-30T08:28:07Z, INFO] starts.csv","[2021-09-30T08:28:07Z, INFO] works.csv","[2021-09-30T08:28:07Z, INFO] nr.csv"]},"runtimeDetails":{"state":"STARTED"},"taskSetupMillis":4818,"taskSolveMillis":5520,"taskTearDownMillis":0,"jobSpaceId":"9d2c73ef-2521-4130-bd91-1898668084a3","jobId":"afbcacce-d845-4831-a916-5c2a66004ab7","ping":1632990478150}