{"creationTime":1670335218276,"lastModificationTime":1670335271121,"state":"TERMINATED","solveConfig":{"containerId":"Scenario 1","environmentId":"b9867748-81e2-46d3-a701-8d8a4378c71e","solveParameters":{}},"jobDetails":{"id":"2ec3c0e8-47dd-40c8-9036-c22c7e62a6f2","createdAt":1670335220337,"startedAt":1670335264728,"endedAt":1670335267112,"submittedAt":1670335220337,"details":{"STAT.job.coresCount":"1","STAT.job.inputsReadMs":"1234","STAT.job.memoryPeakKB":"84512","STAT.job.modelProcessingMs":"116","STAT.job.outputsWriteMs":"689"},"executionStatus":"PROCESSED","solveStatus":"UNKNOWN","logTail":["[2022-12-06T14:01:06Z, WARNING] Python 3.9 is used as default with pandas 1.3 libraries.","[2022-12-06T14:01:06Z, INFO] {}","[2022-12-06T14:01:06Z, INFO] +---------------+------+-------+","[2022-12-06T14:01:06Z, INFO] |      name     | qmin |  qmax |","[2022-12-06T14:01:06Z, INFO] +---------------+------+-------+","[2022-12-06T14:01:06Z, INFO] |    Calories   | 2000 |  2500 |","[2022-12-06T14:01:06Z, INFO] |    Calcium    | 800  |  1600 |","[2022-12-06T14:01:06Z, INFO] |      Iron     |  10  |   30  |","[2022-12-06T14:01:06Z, INFO] |     Vit_A     | 5000 | 50000 |","[2022-12-06T14:01:06Z, INFO] | Dietary_Fiber |  25  |  100  |","[2022-12-06T14:01:06Z, INFO] | Carbohydrates |  0   |  300  |","[2022-12-06T14:01:06Z, INFO] |    Protein    |  50  |  100  |","[2022-12-06T14:01:06Z, INFO] +---------------+------+-------+","[2022-12-06T14:01:06Z, INFO] Warning: no outputs written"]},"runtimeDetails":{"state":"STARTED"},"taskSetupMillis":1760,"taskSolveMillis":50277,"taskTearDownMillis":3,"jobSpaceId":"61668b62-2035-47e2-afd6-1557a2c69999","jobDeploymentId":"b9518c6d-b419-4150-a5e2-4fb003c68cf0","jobId":"2ec3c0e8-47dd-40c8-9036-c22c7e62a6f2","ping":1670335248637}