{
  "$schema": "http://json-schema.org/draft-04/schema#",
  "title": "CPLEX Conflict",
  "description": "JSON representation of a CPLEX conflict",
  "type": "object",
  "properties": {
    "CPLEXConflict": {
      "description": "CPLEX conflict information",
      "type": "object",
      "properties": {
        "row": {
          "description": "Conflict statuses of rows. Unlisted rows have status 'excluded'",
          "type": "array",
          "items": { "$ref": "#definitions/row" }
        },
        "col": {
          "description": "Conflict statuses of columns. Unlisted columns have status 'excluded'",
          "type": "array",
          "items": { "$ref": "#definitions/col" }
        },
        "grp": {
          "description": "Conflict statuses of groups. Unlisted columns have status 'excluded'",
          "type": "array",
          "items": { "$ref": "#definitions/grp" }
        }
      }
    }
  },
  "definitions": {
    "col": {
      "type": "object",
      "properties": {
        "index": { "$ref": "#definitions/index" },
        "status": { "$ref": "#definitions/colstat" }
      }
    },
    "row": {
      "type": "object",
      "properties": {
        "index": { "$ref": "#definitions/index" },
        "status": { "$ref": "#definitions/rowgrpstat" }
      }
    },
    "grp": {
      "type": "object",
      "properties": {
        "index": { "$ref": "#definitions/index" },
        "status": { "$ref": "#definitions/rowgrpstat" }
      }
    },
    "colstat": {
      "description": "Conflict status",
      "type": "string",
      "enum": [ "excluded", "possible", "possible_lb", "possible_ub", "member", "member_lb", "member_ub" ]
    },
    "rowgrpstat": {
      "description": "Conflict status",
      "type": "string",
      "enum": [ "excluded", "possible", "member" ]
    },
    "index": {
      "description": "Variable, constraint, or group index (non-negative integer)",
      "type": "integer",
      "minimum": 0,
      "exclusiveMinimum": false
    }
  }
}
