{
  "$schema": "http://json-schema.org/draft-04/schema#",
  "title": "CPLEX Solution",
  "description": "JSON representation of a CPLEX solution",
  "type": "object",
  "properties": {
    "CPLEXSolution": {
      "description": "CPLEX solution information",
      "type": "object",
      "properties": {
        "version": {
          "description": "Version number of the solution format specification",
          "type": "string"
        },
        "header": {
          "description": "Solution statistics and properties",
          "type": "object",
          "properties": {
            "solutionMethodString": {
              "type": "string",
              "enum": [ "primal", "dual", "barrier", "mip", "unknown" ]
            },
            "solutionTypeString": {
              "type": "string",
              "enum": [ "basic", "nonbasic", "primal", "unknown" ]
            },
            "problemName": { "type": "string" },
            "solutionName": { "type": "string" },
            "solutionIndex": { "type": "integer" },
            "solutionStatusString": { "type": "string" },
            "solutionTypeValue": { "type": "integer" },
            "solutionMethodValue": { "type": "integer" },
            "solutionStatusValue": { "type": "integer" },
            "simplexIterations": { "type": "integer" },
            "barrierIterations": { "type": "integer" },
            "MIPIterations": { "type": "integer" },
            "MIPNodes": { "type": "integer" },
            "objectiveValue": { "$ref": "#definitions/ieeeDouble" },
            "primalFeasible": { "type": "boolean" },
            "dualFeasible": { "type": "boolean" },
            "MIPStartEffortLevel": { "type": "integer" },
            "writeLevel": { "type": "integer" }
          }
        },
        "quality": {
          "description": "Solution quality metrics",
          "type": "object",
          "properties": {
            "epOpt": { "$ref": "#definitions/ieeeDouble" },
            "epRHS": { "$ref": "#definitions/ieeeDouble" },
            "epInt": { "$ref": "#definitions/ieeeDouble" },
            "barEpComp": { "$ref": "#definitions/ieeeDouble" },
            "barQCPEpComp": { "$ref": "#definitions/ieeeDouble" },
            "maxIntInfeas": { "$ref": "#definitions/ieeeDouble" },
            "maxPrimalInfeas": { "$ref": "#definitions/ieeeDouble" },
            "maxDualInfeas": { "$ref": "#definitions/ieeeDouble" },
            "maxPrimalResidual": { "$ref": "#definitions/ieeeDouble" },
            "maxDualResidual": { "$ref": "#definitions/ieeeDouble" },
            "maxX": { "$ref": "#definitions/ieeeDouble" },
            "maxPi": { "$ref": "#definitions/ieeeDouble" },
            "maxSlack": { "$ref": "#definitions/ieeeDouble" },
            "maxRedCost": { "$ref": "#definitions/ieeeDouble" },
            "kappa": { "$ref": "#definitions/ieeeDouble" },
            "maxQCPrimalResidual": { "$ref": "#definitions/ieeeDouble" },
            "maxQCSlackInfeas": { "$ref": "#definitions/ieeeDouble" },
            "maxQCSlack": { "$ref": "#definitions/ieeeDouble" },
            "maxCompSlack": { "$ref": "#definitions/ieeeDouble" },
            "objGap": { "$ref": "#definitions/ieeeDouble" }
          }
        },
        "linearConstraints": {
          "type": "array",
          "items": { "$ref": "#definitions/constraint" }
        },
        "quadraticConstraints": {
          "type": "array",
          "items": { "$ref": "#definitions/constraint" }
        },
        "indicatorConstraints": {
          "type": "array",
          "items": { "$ref": "#definitions/constraint" }
        },
        "variables": {
          "type": "array",
          "items": { "$ref": "#/definitions/variable" }
        }
      }
    }
  },
  "definitions": {
    "constraint": {
      "type": "object",
      "properties": {
        "index": { "$ref": "#definitions/index" },
        "name": { "type": "string" },
        "slack": { "$ref": "#definitions/ieeeDouble" },
        "dual": { "$ref": "#definitions/ieeeDouble" },
        "status": { "$ref": "#definitions/basisStatus" }
      }
    },
    "variable": {
      "type": "object",
      "properties": {
        "index": { "$ref": "#definitions/index" },
        "name": { "type": "string" },
        "value": { "$ref": "#definitions/ieeeDouble" },
        "dual": { "$ref": "#definitions/ieeeDouble" },
        "status": { "$ref": "#definitions/basisStatus" }
      }
    },
    "basisStatus": {
      "description": "Simplex row or column basis status",
      "type": "string",
      "enum": [ "LL", "UL", "BS", "SB" ]
    },
    "ieeeDouble": {
      "description": "Double precision number. String type is used so that we can represent nan and inf",
      "type": "string"
    },
    "index": {
      "description": "Variable or constraint index (non-negative integer)",
      "type": "integer",
      "minimum": 0,
      "exclusiveMinimum": false
    }
  }
}
