{"creationTime":1631872445816,"lastModificationTime":1631872474509,"state":"TERMINATED","solveConfig":{"containerId":"Scenario 1","solveParameters":{}},"jobDetails":{"id":"8b79fe1b-8e61-4892-88c7-2881b9e75569","createdAt":1631872452234,"startedAt":1631872470948,"endedAt":1631872473132,"submittedAt":1631872452234,"details":{"MODEL_DETAIL_BOOLEAN_VARS":"0","MODEL_DETAIL_CONSTRAINTS":"5","MODEL_DETAIL_CONTINUOUS_VARS":"6","MODEL_DETAIL_INTEGER_VARS":"0","MODEL_DETAIL_LINEAR_CONSTRAINTS":"5","MODEL_DETAIL_NON_ZEROS":"12","MODEL_DETAIL_OBJECTIVE_SENSE":"minimize","MODEL_DETAIL_QUADRATIC_CONSTRAINTS":"0","MODEL_DETAIL_TYPE":"LP","PROGRESS_BEST_OBJECTIVE.history":"[]","PROGRESS_CURRENT_OBJECTIVE":"372","PROGRESS_CURRENT_OBJECTIVE.history":"[[1.63187247225E9,372]]","PROGRESS_GAP.history":"[]","STAT.cplex.modelType":"LP","STAT.cplex.size.booleanVariables":"0","STAT.cplex.size.constraints":"5","STAT.cplex.size.continousVariables":"6","STAT.cplex.size.integerVariables":"0","STAT.cplex.size.linearConstraints":"5","STAT.cplex.size.quadraticConstraints":"0","STAT.cplex.size.variables":"6","STAT.job.coresCount":"1","STAT.job.inputsReadMs":"879","STAT.job.memoryPeakKB":"120452","STAT.job.modelProcessingMs":"418","STAT.job.outputsWriteMs":"727"},"executionStatus":"PROCESSED","solveStatus":"OPTIMAL_SOLUTION","logTail":["[2021-09-17T09:54:32Z, INFO] Initialization of Resources.","[2021-09-17T09:54:32Z, INFO] Initialization of TResource.","[2021-09-17T09:54:32Z, INFO] Initialization of Products.","[2021-09-17T09:54:32Z, INFO] Initialization of TProduct.","[2021-09-17T09:54:32Z, INFO] Initialization of Consumptions.","[2021-09-17T09:54:32Z, INFO] Initialization of TConsumption.","[2021-09-17T09:54:32Z, INFO] Initialization of totalInsideCost.","[2021-09-17T09:54:32Z, INFO] Initialization of Inside.","[2021-09-17T09:54:32Z, INFO] Initialization of totalOutsideCost.","[2021-09-17T09:54:32Z, INFO] Initialization of Outside.","[2021-09-17T09:54:32Z, INFO] Initialization of ctCapacity.","[2021-09-17T09:54:32Z, INFO] Initialization of ctDemand.","[2021-09-17T09:54:32Z, WARNING] Effective number of workers to be used for solve has been updated to: '1' (original value was: '0')","[2021-09-17T09:54:32Z, INFO] Version identifier: 20.1.0.0 | 2020-11-10 | 9bedb6d68","[2021-09-17T09:54:32Z, INFO] CPXPARAM_Threads                                 1","[2021-09-17T09:54:32Z, INFO] Tried aggregator 1 time.","[2021-09-17T09:54:32Z, INFO] No LP presolve or aggregator reductions.","[2021-09-17T09:54:32Z, INFO] Presolve time = 0.00 sec. (0.00 ticks)","[2021-09-17T09:54:32Z, INFO] Iteration log . . .","[2021-09-17T09:54:32Z, INFO] Iteration:     1   Dual objective     =            90.000000","[2021-09-17T09:54:32Z, INFO] attachment : stats.csv","[2021-09-17T09:54:32Z, INFO] Initialization of plan.","[2021-09-17T09:54:32Z, INFO] Initialization of TPlannedProduction.","[2021-09-17T09:54:32Z, INFO] Initialization of plan.","[2021-09-17T09:54:32Z, INFO] attachment : plan.csv","[2021-09-17T09:54:32Z, INFO] Total time spent in post processing: 0 msecs.","[2021-09-17T09:54:32Z, INFO] Solve finished with status: OPTIMAL_SOLUTION."]},"runtimeDetails":{"state":"STARTED"},"taskSetupMillis":5881,"taskSolveMillis":21536,"taskTearDownMillis":0,"jobSpaceId":"d9bda584-cf9f-4f9b-8b9e-61ec05932519","jobId":"8b79fe1b-8e61-4892-88c7-2881b9e75569","ping":1631872446401}