{"creationTime":1622215131688,"lastModificationTime":1622215180179,"state":"TERMINATED","solveConfig":{"containerId":"Scenario 1","solveParameters":{}},"jobDetails":{"id":"68481d3d-8f15-40d3-89b5-8d32346fb7ec","createdAt":1622215143263,"startedAt":1622215174606,"endedAt":1622215177468,"submittedAt":1622215143263,"details":{"MODEL_DETAIL_BOOLEAN_VARS":"0","MODEL_DETAIL_CONSTRAINTS":"5","MODEL_DETAIL_CONTINUOUS_VARS":"6","MODEL_DETAIL_INTEGER_VARS":"0","MODEL_DETAIL_LINEAR_CONSTRAINTS":"5","MODEL_DETAIL_NON_ZEROS":"12","MODEL_DETAIL_OBJECTIVE_SENSE":"minimize","MODEL_DETAIL_QUADRATIC_CONSTRAINTS":"0","MODEL_DETAIL_TYPE":"LP","PROGRESS_BEST_OBJECTIVE.history":"[]","PROGRESS_CURRENT_OBJECTIVE":"372","PROGRESS_CURRENT_OBJECTIVE.history":"[[1.622215176668E9,372]]","PROGRESS_GAP.history":"[]","STAT.cplex.modelType":"LP","STAT.cplex.size.booleanVariables":"0","STAT.cplex.size.constraints":"5","STAT.cplex.size.continousVariables":"6","STAT.cplex.size.integerVariables":"0","STAT.cplex.size.linearConstraints":"5","STAT.cplex.size.quadraticConstraints":"0","STAT.cplex.size.variables":"6","STAT.job.coresCount":"1","STAT.job.inputsReadMs":"1421","STAT.job.memoryPeakKB":"115236","STAT.job.modelProcessingMs":"578","STAT.job.outputsWriteMs":"621"},"executionStatus":"PROCESSED","solveStatus":"OPTIMAL_SOLUTION","logTail":["[2021-05-28T15:19:36Z, INFO] Initialization of Products.","[2021-05-28T15:19:36Z, INFO] Initialization of TProduct.","[2021-05-28T15:19:36Z, INFO] Initialization of Resources.","[2021-05-28T15:19:36Z, INFO] Initialization of TResource.","[2021-05-28T15:19:36Z, INFO] Initialization of Consumptions.","[2021-05-28T15:19:36Z, INFO] Initialization of TConsumption.","[2021-05-28T15:19:36Z, INFO] Initialization of totalInsideCost.","[2021-05-28T15:19:36Z, INFO] Initialization of Inside.","[2021-05-28T15:19:36Z, INFO] Initialization of totalOutsideCost.","[2021-05-28T15:19:36Z, INFO] Initialization of Outside.","[2021-05-28T15:19:36Z, INFO] Initialization of ctCapacity.","[2021-05-28T15:19:36Z, INFO] Initialization of ctDemand.","[2021-05-28T15:19:36Z, WARNING] Effective number of workers to be used for solve has been updated to: '1' (original value was: '0')","[2021-05-28T15:19:36Z, INFO] Version identifier: 20.1.0.0 | 2020-11-10 | 9bedb6d68","[2021-05-28T15:19:36Z, INFO] CPXPARAM_Threads                                 1","[2021-05-28T15:19:36Z, INFO] Tried aggregator 1 time.","[2021-05-28T15:19:36Z, INFO] No LP presolve or aggregator reductions.","[2021-05-28T15:19:36Z, INFO] Presolve time = 0.00 sec. (0.00 ticks)","[2021-05-28T15:19:36Z, INFO] Iteration log . . .","[2021-05-28T15:19:36Z, INFO] Iteration:     1   Dual objective     =            90.000000","[2021-05-28T15:19:36Z, INFO] attachment : stats.csv","[2021-05-28T15:19:36Z, INFO] Initialization of plan.","[2021-05-28T15:19:36Z, INFO] Initialization of TPlannedProduction.","[2021-05-28T15:19:36Z, INFO] Initialization of plan.","[2021-05-28T15:19:36Z, INFO] attachment : plan.csv","[2021-05-28T15:19:36Z, INFO] Total time spent in post processing: 1 msecs.","[2021-05-28T15:19:36Z, INFO] Solve finished with status: OPTIMAL_SOLUTION."]},"runtimeDetails":{"state":"STARTED"},"taskSetupMillis":11043,"taskSolveMillis":35394,"taskTearDownMillis":1,"jobSpaceId":"cf8149be-2496-4afc-b3cc-e5aea64024d2","jobId":"68481d3d-8f15-40d3-89b5-8d32346fb7ec","ping":1622215162386}