{"creationTime":1651045399107,"lastModificationTime":1651045432609,"state":"TERMINATED","solveConfig":{"containerId":"Scenario 1","solveParameters":{}},"jobDetails":{"id":"e2a989e2-27fc-493d-ac18-dd543d9a4968","createdAt":1651045401802,"startedAt":1651045426869,"endedAt":1651045430407,"submittedAt":1651045401802,"details":{"MODEL_DETAIL_BOOLEAN_VARS":"0","MODEL_DETAIL_CONSTRAINTS":"5","MODEL_DETAIL_CONTINUOUS_VARS":"6","MODEL_DETAIL_INTEGER_VARS":"0","MODEL_DETAIL_LINEAR_CONSTRAINTS":"5","MODEL_DETAIL_NON_ZEROS":"12","MODEL_DETAIL_OBJECTIVE_SENSE":"minimize","MODEL_DETAIL_QUADRATIC_CONSTRAINTS":"0","MODEL_DETAIL_TYPE":"LP","PROGRESS_BEST_OBJECTIVE.history":"[]","PROGRESS_CURRENT_OBJECTIVE":"372","PROGRESS_CURRENT_OBJECTIVE.history":"[[1.651045429225E9,372]]","PROGRESS_GAP.history":"[]","STAT.cplex.modelType":"LP","STAT.cplex.size.booleanVariables":"0","STAT.cplex.size.constraints":"5","STAT.cplex.size.continousVariables":"6","STAT.cplex.size.integerVariables":"0","STAT.cplex.size.linearConstraints":"5","STAT.cplex.size.quadraticConstraints":"0","STAT.cplex.size.variables":"6","STAT.job.coresCount":"1","STAT.job.inputsReadMs":"1466","STAT.job.memoryPeakKB":"120192","STAT.job.modelProcessingMs":"924","STAT.job.outputsWriteMs":"796"},"executionStatus":"PROCESSED","solveStatus":"OPTIMAL_SOLUTION","logTail":["[2022-04-27T07:43:49Z, INFO] Initialization of Products.","[2022-04-27T07:43:49Z, INFO] Initialization of TProduct.","[2022-04-27T07:43:49Z, INFO] Initialization of Resources.","[2022-04-27T07:43:49Z, INFO] Initialization of TResource.","[2022-04-27T07:43:49Z, INFO] Initialization of Consumptions.","[2022-04-27T07:43:49Z, INFO] Initialization of TConsumption.","[2022-04-27T07:43:49Z, INFO] Initialization of totalInsideCost.","[2022-04-27T07:43:49Z, INFO] Initialization of Inside.","[2022-04-27T07:43:49Z, INFO] Initialization of totalOutsideCost.","[2022-04-27T07:43:49Z, INFO] Initialization of Outside.","[2022-04-27T07:43:49Z, INFO] Initialization of ctCapacity.","[2022-04-27T07:43:49Z, INFO] Initialization of ctDemand.","[2022-04-27T07:43:49Z, WARNING] Effective number of workers to be used for solve has been updated to: '1' (original value was: '0')","[2022-04-27T07:43:49Z, INFO] Version identifier: 20.1.0.1 | 2021-12-07 | 9dfdf6686","[2022-04-27T07:43:49Z, INFO] CPXPARAM_Threads                                 1","[2022-04-27T07:43:49Z, INFO] Tried aggregator 1 time.","[2022-04-27T07:43:49Z, INFO] No LP presolve or aggregator reductions.","[2022-04-27T07:43:49Z, INFO] Presolve time = 0.00 sec. (0.00 ticks)","[2022-04-27T07:43:49Z, INFO] Iteration log . . .","[2022-04-27T07:43:49Z, INFO] Iteration:     1   Dual objective     =            90.000000","[2022-04-27T07:43:49Z, INFO] attachment : stats.csv","[2022-04-27T07:43:49Z, INFO] Initialization of plan.","[2022-04-27T07:43:49Z, INFO] Initialization of TPlannedProduction.","[2022-04-27T07:43:49Z, INFO] Initialization of plan.","[2022-04-27T07:43:49Z, INFO] attachment : plan.csv","[2022-04-27T07:43:49Z, INFO] Total time spent in post processing: 1 msecs.","[2022-04-27T07:43:49Z, INFO] Solve finished with status: OPTIMAL_SOLUTION."]},"runtimeDetails":{"state":"STARTED"},"taskSetupMillis":2496,"taskSolveMillis":30243,"taskTearDownMillis":1,"jobSpaceId":"6d902298-59e9-4647-88fa-075fbff492fc","jobDeploymentId":"9b1a5c60-fc63-423b-b5a0-490ce85d8028","jobId":"e2a989e2-27fc-493d-ac18-dd543d9a4968","ping":1651045429380}