{"creationTime":1645198534233,"lastModificationTime":1645198565556,"state":"TERMINATED","solveConfig":{"containerId":"Scenario 1","solveParameters":{}},"jobDetails":{"id":"b97ef343-cbeb-46aa-9b2b-5ffc2d35969b","createdAt":1645198536377,"startedAt":1645198556780,"endedAt":1645198563982,"submittedAt":1645198536377,"details":{"MODEL_DETAIL_BOOLEAN_VARS":"0","MODEL_DETAIL_CONSTRAINTS":"5","MODEL_DETAIL_CONTINUOUS_VARS":"6","MODEL_DETAIL_INTEGER_VARS":"0","MODEL_DETAIL_LINEAR_CONSTRAINTS":"5","MODEL_DETAIL_NON_ZEROS":"12","MODEL_DETAIL_OBJECTIVE_SENSE":"minimize","MODEL_DETAIL_QUADRATIC_CONSTRAINTS":"0","MODEL_DETAIL_TYPE":"LP","PROGRESS_BEST_OBJECTIVE.history":"[]","PROGRESS_CURRENT_OBJECTIVE":"372","PROGRESS_CURRENT_OBJECTIVE.history":"[[1.645198558255E9,372]]","PROGRESS_GAP.history":"[]","STAT.cplex.modelType":"LP","STAT.cplex.size.booleanVariables":"0","STAT.cplex.size.constraints":"5","STAT.cplex.size.continousVariables":"6","STAT.cplex.size.integerVariables":"0","STAT.cplex.size.linearConstraints":"5","STAT.cplex.size.quadraticConstraints":"0","STAT.cplex.size.variables":"6","STAT.job.coresCount":"1","STAT.job.inputsReadMs":"907","STAT.job.memoryPeakKB":"117336","STAT.job.modelProcessingMs":"603","STAT.job.outputsWriteMs":"5576"},"executionStatus":"PROCESSED","solveStatus":"OPTIMAL_SOLUTION","logTail":["[2022-02-18T15:35:58Z, INFO] Initialization of Products.","[2022-02-18T15:35:58Z, INFO] Initialization of TProduct.","[2022-02-18T15:35:58Z, INFO] Initialization of Resources.","[2022-02-18T15:35:58Z, INFO] Initialization of TResource.","[2022-02-18T15:35:58Z, INFO] Initialization of Consumptions.","[2022-02-18T15:35:58Z, INFO] Initialization of TConsumption.","[2022-02-18T15:35:58Z, INFO] Initialization of totalInsideCost.","[2022-02-18T15:35:58Z, INFO] Initialization of Inside.","[2022-02-18T15:35:58Z, INFO] Initialization of totalOutsideCost.","[2022-02-18T15:35:58Z, INFO] Initialization of Outside.","[2022-02-18T15:35:58Z, INFO] Initialization of ctCapacity.","[2022-02-18T15:35:58Z, INFO] Initialization of ctDemand.","[2022-02-18T15:35:58Z, WARNING] Effective number of workers to be used for solve has been updated to: '1' (original value was: '0')","[2022-02-18T15:35:58Z, INFO] Version identifier: 20.1.0.1 | 2021-12-07 | 9dfdf6686","[2022-02-18T15:35:58Z, INFO] CPXPARAM_Threads                                 1","[2022-02-18T15:35:58Z, INFO] Tried aggregator 1 time.","[2022-02-18T15:35:58Z, INFO] No LP presolve or aggregator reductions.","[2022-02-18T15:35:58Z, INFO] Presolve time = 0.00 sec. (0.00 ticks)","[2022-02-18T15:35:58Z, INFO] Iteration log . . .","[2022-02-18T15:35:58Z, INFO] Iteration:     1   Dual objective     =            90.000000","[2022-02-18T15:35:58Z, INFO] attachment : stats.csv","[2022-02-18T15:35:58Z, INFO] Initialization of plan.","[2022-02-18T15:35:58Z, INFO] Initialization of TPlannedProduction.","[2022-02-18T15:35:58Z, INFO] Initialization of plan.","[2022-02-18T15:35:58Z, INFO] attachment : plan.csv","[2022-02-18T15:35:58Z, INFO] Total time spent in post processing: 1 msecs.","[2022-02-18T15:35:58Z, INFO] Solve finished with status: OPTIMAL_SOLUTION."]},"runtimeDetails":{"state":"STARTED"},"taskSetupMillis":1928,"taskSolveMillis":28338,"taskTearDownMillis":263,"jobSpaceId":"c765df71-66f6-497c-afac-f8a3ee8f12d4","jobDeploymentId":"9c3ea399-3f7c-434f-a2ab-a8abd7eae0c7","jobId":"b97ef343-cbeb-46aa-9b2b-5ffc2d35969b","ping":1645198565293}