{"goalObjectives":[{"weight":1.0,"weightedValue":117.0,"value":117.0,"verbalization":"Minimize time to complete all activities","scaledWeight":1.0}],"decisions_sorted_columns":{"Scheduled activities":["Id","Days","Required equipment Capacity","Required equipment Id","scheduled start","scheduled duration","scheduled end","required equipment","predecessors activity"]},"decisions_schema":{"Scheduled activities":[{"domainConcepts":"cTask","semantic":"unperformed,activity","level":0,"isKPI":false,"concept":"activity","isKey":false,"isDecision":false,"id":"Days","type":"NUMBER"},{"domainConcepts":"cTask","semantic":"unperformed,activity","level":0,"isKPI":false,"concept":"activity","isKey":true,"isDecision":false,"id":"Id","type":"STRING"},{"domainConcepts":"cTemporalDecision","semantic":"task.start","level":10,"isKPI":false,"concept":"cTaskStart","isKey":false,"isDecision":true,"id":"scheduled start","type":"FLOAT"},{"domainConcepts":"cAllocationDecision","semantic":"task.duration","level":11,"isKPI":false,"concept":"cTaskDuration","isKey":false,"isDecision":true,"id":"scheduled duration","type":"FLOAT"},{"domainConcepts":"cTemporalDecision","semantic":"task.end","level":12,"isKPI":false,"concept":"cTaskEnd","isKey":false,"isDecision":true,"id":"scheduled end","type":"FLOAT"},{"domainConcepts":"cTask","semantic":"task.discreteResourceRequests","level":20,"isKPI":false,"concept":"activity","isKey":false,"isDecision":false,"id":"required equipment","type":"STRING"},{"domainConcepts":"cTask","semantic":"task.predecessors","level":20,"isKPI":false,"concept":"activity","isKey":false,"isDecision":false,"id":"predecessors activity","type":"STRING"},{"domainConcepts":"cDiscreteResource","semantic":"unperformed,activity,equipment","level":1,"isKPI":false,"concept":"equipment","isKey":false,"isDecision":false,"id":"Required equipment Capacity","type":"NUMBER"},{"domainConcepts":"cDiscreteResource","semantic":"unperformed,activity,equipment","level":1,"isKPI":false,"concept":"equipment","isKey":false,"isDecision":false,"id":"Required equipment Id","type":"STRING"}]},"decisions":{"Scheduled activities":[{"Required equipment":"","required equipment":"","predecessors activity":"","Days":0,"scheduled start":"2018\/01\/04 00:00:00","scheduled duration":0.0,"scheduled end":"2018\/01\/04 00:00:00","Id":"pa"},{"required equipment":"excavator(1.0)","predecessors activity":"pa","Days":2,"scheduled start":"2018\/01\/04 00:00:00","scheduled duration":2.0,"scheduled end":"2018\/01\/06 00:00:00","Id":"a5","Required equipment Id":"excavator","Required equipment Capacity":1},{"required equipment":"crane(1.0)","predecessors activity":"","Days":2,"scheduled start":"2018\/01\/04 00:00:00","scheduled duration":2.0,"scheduled end":"2018\/01\/06 00:00:00","Id":"l","Required equipment Id":"crane","Required equipment Capacity":1},{"Required equipment":"","required equipment":"","predecessors activity":"pa","Days":10,"scheduled start":"2018\/01\/04 00:00:00","scheduled duration":10.0,"scheduled end":"2018\/01\/16 00:00:00","Id":"ue"},{"Required equipment":"","required equipment":"","predecessors activity":"","Days":10,"scheduled start":"2018\/01\/04 00:00:00","scheduled duration":10.0,"scheduled end":"2018\/01\/16 00:00:00","Id":"ua"},{"required equipment":"excavator(1.0)","predecessors activity":"pa","Days":2,"scheduled start":"2018\/01\/06 00:00:00","scheduled duration":2.0,"scheduled end":"2018\/01\/09 00:00:00","Id":"a4","Required equipment Id":"excavator","Required equipment Capacity":1},{"required equipment":"carpentry(1.0)","predecessors activity":"a5","Days":4,"scheduled start":"2018\/01\/06 00:00:00","scheduled duration":4.0,"scheduled end":"2018\/01\/11 00:00:00","Id":"s5","Required equipment Id":"carpentry","Required equipment Capacity":1},{"required equipment":"excavator(1.0)","predecessors activity":"pa","Days":2,"scheduled start":"2018\/01\/09 00:00:00","scheduled duration":2.0,"scheduled end":"2018\/01\/11 00:00:00","Id":"a2","Required equipment Id":"excavator","Required equipment Capacity":1},{"required equipment":"pile driver(1.0)","predecessors activity":"a4","Days":13,"scheduled start":"2018\/01\/09 00:00:00","scheduled duration":13.0,"scheduled end":"2018\/01\/24 00:00:00","Id":"p2","Required equipment Id":"pile driver","Required equipment Capacity":1},{"required equipment":"concrete mixer(1.0)","predecessors activity":"s5","Days":1,"scheduled start":"2018\/01\/11 00:00:00","scheduled duration":1.0,"scheduled end":"2018\/01\/12 00:00:00","Id":"b5","Required equipment Id":"concrete mixer","Required equipment Capacity":1},{"required equipment":"excavator(1.0)","predecessors activity":"pa","Days":4,"scheduled start":"2018\/01\/11 00:00:00","scheduled duration":4.0,"scheduled end":"2018\/01\/16 00:00:00","Id":"a1","Required equipment Id":"excavator","Required equipment Capacity":1},{"required equipment":"carpentry(1.0)","predecessors activity":"a2","Days":4,"scheduled start":"2018\/01\/11 00:00:00","scheduled duration":4.0,"scheduled end":"2018\/01\/16 00:00:00","Id":"s2","Required equipment Id":"carpentry","Required equipment Capacity":1},{"Required equipment":"","required equipment":"","predecessors activity":"b5","Days":1,"scheduled start":"2018\/01\/12 00:00:00","scheduled duration":1.0,"scheduled end":"2018\/01\/13 00:00:00","Id":"ab5"},{"required equipment":"bricklaying(1.0)","predecessors activity":"ab5","Days":8,"scheduled start":"2018\/01\/13 00:00:00","scheduled duration":8.0,"scheduled end":"2018\/01\/23 00:00:00","Id":"m5","Required equipment Id":"bricklaying","Required equipment Capacity":1},{"required equipment":"concrete mixer(1.0)","predecessors activity":"s2","Days":1,"scheduled start":"2018\/01\/16 00:00:00","scheduled duration":1.0,"scheduled end":"2018\/01\/17 00:00:00","Id":"b2","Required equipment Id":"concrete mixer","Required equipment Capacity":1},{"required equipment":"excavator(1.0)","predecessors activity":"pa","Days":2,"scheduled start":"2018\/01\/16 00:00:00","scheduled duration":2.0,"scheduled end":"2018\/01\/18 00:00:00","Id":"a3","Required equipment Id":"excavator","Required equipment Capacity":1},{"required equipment":"carpentry(1.0)","predecessors activity":"a1","Days":8,"scheduled start":"2018\/01\/16 00:00:00","scheduled duration":8.0,"scheduled end":"2018\/01\/25 00:00:00","Id":"s1","Required equipment Id":"carpentry","Required equipment Capacity":1},{"Required equipment":"","required equipment":"","predecessors activity":"b2","Days":1,"scheduled start":"2018\/01\/17 00:00:00","scheduled duration":1.0,"scheduled end":"2018\/01\/18 00:00:00","Id":"ab2"},{"required equipment":"excavator(1.0)","predecessors activity":"pa","Days":5,"scheduled start":"2018\/01\/18 00:00:00","scheduled duration":5.0,"scheduled end":"2018\/01\/24 00:00:00","Id":"a6","Required equipment Id":"excavator","Required equipment Capacity":1},{"required equipment":"bricklaying(1.0)","predecessors activity":"ab2","Days":8,"scheduled start":"2018\/01\/23 00:00:00","scheduled duration":8.0,"scheduled end":"2018\/02\/01 00:00:00","Id":"m2","Required equipment Id":"bricklaying","Required equipment Capacity":1},{"required equipment":"pile driver(1.0)","predecessors activity":"a3","Days":20,"scheduled start":"2018\/01\/24 00:00:00","scheduled duration":20.0,"scheduled end":"2018\/02\/16 00:00:00","Id":"p1","Required equipment Id":"pile driver","Required equipment Capacity":1},{"required equipment":"concrete mixer(1.0)","predecessors activity":"s1","Days":1,"scheduled start":"2018\/01\/25 00:00:00","scheduled duration":1.0,"scheduled end":"2018\/01\/26 00:00:00","Id":"b1","Required equipment Id":"concrete mixer","Required equipment Capacity":1},{"required equipment":"carpentry(1.0)","predecessors activity":"a6","Days":10,"scheduled start":"2018\/01\/25 00:00:00","scheduled duration":10.0,"scheduled end":"2018\/02\/06 00:00:00","Id":"s6","Required equipment Id":"carpentry","Required equipment Capacity":1},{"Required equipment":"","required equipment":"","predecessors activity":"b1","Days":1,"scheduled start":"2018\/01\/26 00:00:00","scheduled duration":1.0,"scheduled end":"2018\/01\/27 00:00:00","Id":"ab1"},{"required equipment":"bricklaying(1.0)","predecessors activity":"ab1","Days":16,"scheduled start":"2018\/02\/01 00:00:00","scheduled duration":16.0,"scheduled end":"2018\/02\/20 00:00:00","Id":"m1","Required equipment Id":"bricklaying","Required equipment Capacity":1},{"required equipment":"carpentry(1.0)","predecessors activity":"p2","Days":4,"scheduled start":"2018\/02\/06 00:00:00","scheduled duration":4.0,"scheduled end":"2018\/02\/10 00:00:00","Id":"s4","Required equipment Id":"carpentry","Required equipment Capacity":1},{"required equipment":"concrete mixer(1.0)","predecessors activity":"s4","Days":1,"scheduled start":"2018\/02\/10 00:00:00","scheduled duration":1.0,"scheduled end":"2018\/02\/11 00:00:00","Id":"b4","Required equipment Id":"concrete mixer","Required equipment Capacity":1},{"required equipment":"concrete mixer(1.0)","predecessors activity":"s6","Days":1,"scheduled start":"2018\/02\/12 00:00:00","scheduled duration":1.0,"scheduled end":"2018\/02\/13 00:00:00","Id":"b6","Required equipment Id":"concrete mixer","Required equipment Capacity":1},{"Required equipment":"","required equipment":"","predecessors activity":"b4","Days":1,"scheduled start":"2018\/02\/12 00:00:00","scheduled duration":1.0,"scheduled end":"2018\/02\/13 00:00:00","Id":"ab4"},{"Required equipment":"","required equipment":"","predecessors activity":"b6","Days":1,"scheduled start":"2018\/02\/13 00:00:00","scheduled duration":1.0,"scheduled end":"2018\/02\/14 00:00:00","Id":"ab6"},{"required equipment":"carpentry(1.0)","predecessors activity":"p1","Days":4,"scheduled start":"2018\/02\/16 00:00:00","scheduled duration":4.0,"scheduled end":"2018\/02\/21 00:00:00","Id":"s3","Required equipment Id":"carpentry","Required equipment Capacity":1},{"required equipment":"bricklaying(1.0)","predecessors activity":"ab4","Days":8,"scheduled start":"2018\/02\/20 00:00:00","scheduled duration":8.0,"scheduled end":"2018\/03\/01 00:00:00","Id":"m4","Required equipment Id":"bricklaying","Required equipment Capacity":1},{"required equipment":"crane(1.0)","predecessors activity":"m2, l, m1","Days":12,"scheduled start":"2018\/02\/20 00:00:00","scheduled duration":12.0,"scheduled end":"2018\/03\/06 00:00:00","Id":"t1","Required equipment Id":"crane","Required equipment Capacity":1},{"required equipment":"concrete mixer(1.0)","predecessors activity":"s3","Days":1,"scheduled start":"2018\/02\/21 00:00:00","scheduled duration":1.0,"scheduled end":"2018\/02\/22 00:00:00","Id":"b3","Required equipment Id":"concrete mixer","Required equipment Capacity":1},{"Required equipment":"","required equipment":"","predecessors activity":"b3","Days":1,"scheduled start":"2018\/02\/22 00:00:00","scheduled duration":1.0,"scheduled end":"2018\/02\/23 00:00:00","Id":"ab3"},{"required equipment":"bricklaying(1.0)","predecessors activity":"ab3","Days":8,"scheduled start":"2018\/03\/01 00:00:00","scheduled duration":8.0,"scheduled end":"2018\/03\/10 00:00:00","Id":"m3","Required equipment Id":"bricklaying","Required equipment Capacity":1},{"required equipment":"crane(1.0)","predecessors activity":"m5, l, m4","Days":12,"scheduled start":"2018\/03\/06 00:00:00","scheduled duration":12.0,"scheduled end":"2018\/03\/20 00:00:00","Id":"t4","Required equipment Id":"crane","Required equipment Capacity":1},{"required equipment":"caterpillar(1.0)","predecessors activity":"t1","Days":15,"scheduled start":"2018\/03\/06 00:00:00","scheduled duration":15.0,"scheduled end":"2018\/03\/23 00:00:00","Id":"v1","Required equipment Id":"caterpillar","Required equipment Capacity":1},{"required equipment":"bricklaying(1.0)","predecessors activity":"ab6","Days":20,"scheduled start":"2018\/03\/10 00:00:00","scheduled duration":20.0,"scheduled end":"2018\/04\/03 00:00:00","Id":"m6","Required equipment Id":"bricklaying","Required equipment Capacity":1},{"required equipment":"crane(1.0)","predecessors activity":"m3, m2, l","Days":12,"scheduled start":"2018\/03\/20 00:00:00","scheduled duration":12.0,"scheduled end":"2018\/04\/03 00:00:00","Id":"t2","Required equipment Id":"crane","Required equipment Capacity":1},{"required equipment":"crane(1.0)","predecessors activity":"m6, m5, l","Days":12,"scheduled start":"2018\/04\/03 00:00:00","scheduled duration":12.0,"scheduled end":"2018\/04\/17 00:00:00","Id":"t5","Required equipment Id":"crane","Required equipment Capacity":1},{"required equipment":"caterpillar(1.0)","predecessors activity":"t5","Days":10,"scheduled start":"2018\/04\/17 00:00:00","scheduled duration":10.0,"scheduled end":"2018\/04\/28 00:00:00","Id":"v2","Required equipment Id":"caterpillar","Required equipment Capacity":1},{"required equipment":"crane(1.0)","predecessors activity":"m3, l, m4","Days":12,"scheduled start":"2018\/04\/17 00:00:00","scheduled duration":12.0,"scheduled end":"2018\/05\/01 00:00:00","Id":"t3","Required equipment Id":"crane","Required equipment Capacity":1},{"Required equipment":"","required equipment":"","predecessors activity":"t2, v1, t4, ua, t3, v2","Days":0,"scheduled start":"2018\/05\/01 00:00:00","scheduled duration":0.0,"scheduled end":"2018\/05\/01 00:00:00","Id":"pe"}]}}