{"creationTime":1687855642652,"lastModificationTime":1687855696123,"state":"TERMINATED","solveConfig":{"containerId":"Scenario 1","solveParameters":{}},"jobDetails":{"id":"32e77fbe-b65e-4d15-95ff-df9f78f1bd57","createdAt":1687855645487,"startedAt":1687855682155,"endedAt":1687855692612,"submittedAt":1687855645487,"details":{"KPI._time":"0.002279996871948242","MODEL_DETAIL_BOOLEAN_VARS":"36","MODEL_DETAIL_CONSTRAINTS":"210","MODEL_DETAIL_CONTINUOUS_VARS":"0","MODEL_DETAIL_INTEGER_VARS":"0","MODEL_DETAIL_KPIS":"[]","MODEL_DETAIL_NONZEROS":"630","MODEL_DETAIL_OBJECTIVE_SENSE":"maximize","MODEL_DETAIL_TYPE":"MILP","PROGRESS_BEST_OBJECTIVE":"24.0","PROGRESS_BEST_OBJECTIVE.history":"[[1687855691.01, 24.0]]","PROGRESS_CURRENT_OBJECTIVE":"13.0","PROGRESS_CURRENT_OBJECTIVE.history":"[[1687855691.01, 13.0]]","PROGRESS_GAP":"0.8461538461473372","PROGRESS_GAP.history":"[[1687855691.01, 0.8461538461473372]]","STAT.cplex.modelType":"MILP","STAT.cplex.size.booleanVariables":"36","STAT.cplex.size.constraints":"210","STAT.cplex.size.continousVariables":"0","STAT.cplex.size.integerVariables":"0","STAT.cplex.size.linearConstraints":"210","STAT.cplex.size.quadraticConstraints":"0","STAT.cplex.size.variables":"36","STAT.cplex.solve.elapsedTime":"0.002279996871948242","STAT.cplex.solve.explored":"0","STAT.cplex.solve.iterationCount":"54","STAT.cplex.solve.opened":"1","STAT.job.coresCount":"1","STAT.job.inputsReadMs":"7817","STAT.job.memoryPeakKB":"116652","STAT.job.modelProcessingMs":"887","STAT.job.outputsWriteMs":"1412"},"executionStatus":"PROCESSED","solveStatus":"FEASIBLE_SOLUTION","logTail":["[2023-06-27T08:48:10.015Z, WARNING] Python 3.10 is used as default with pandas 1.4.3 libraries.","[2023-06-27T08:48:10.158Z, INFO] {}","[2023-06-27T08:48:10.454Z, INFO] * running love hearts puzzle with size=8","[2023-06-27T08:48:10.492Z, INFO] ","[2023-06-27T08:48:10.493Z, INFO] Non default CPLEX parameters are:","[2023-06-27T08:48:10.493Z, INFO] solutions:int(2)","[2023-06-27T08:48:10.494Z, INFO] datacheck:int(0)","[2023-06-27T08:48:10.495Z, INFO] End of non default parameters","[2023-06-27T08:48:10.496Z, INFO] ","[2023-06-27T08:48:10.496Z, INFO] ","[2023-06-27T08:48:10.922Z, INFO] Solve with default: 14.0","[2023-06-27T08:48:10.966Z, INFO] Solve with params through solve method and .ops file: 13.0","[2023-06-27T08:48:10.995Z, INFO] Solve with params through Model constructor and .ops file: 13.0","[2023-06-27T08:48:11.022Z, INFO] Solve with params through standard python code: 13.0","[2023-06-27T08:48:11.023Z, INFO] all checks are good","[2023-06-27T08:48:11.024Z, INFO] Warning: no outputs written"]},"runtimeDetails":{"state":"STARTED"},"taskSetupMillis":2734,"taskSolveMillis":50109,"taskTearDownMillis":0,"jobSpaceId":"3d14a570-f6e3-4665-bd9b-5b4b94d83c31","jobDeploymentId":"4c08cbd8-7a14-4825-9625-54df3a3883e8","jobId":"32e77fbe-b65e-4d15-95ff-df9f78f1bd57","ping":1687855672768}