{"creationTime":1622475935255,"lastModificationTime":1622475946851,"state":"TERMINATED","solveConfig":{"containerId":"scenario 4 selection","solveParameters":{},"setupWebHook":{"verb":"GET","url":"https://internal-nginx-svc:12443/v1/cognitive/solve/preprocess/scenario%204%20selection?projectId=4214eea9-65c3-4605-8236-fb414b499e06&parentId=MarketingCampaignAssignment","expectedStatus":200,"headers":{}},"tearDownWebHook":{"verb":"GET","url":"https://internal-nginx-svc:12443/v1/cognitive/solve/postprocess/scenario%204%20selection?projectId=4214eea9-65c3-4605-8236-fb414b499e06&parentId=MarketingCampaignAssignment","expectedStatus":200,"headers":{}}},"jobDetails":{"id":"a5713325-9ed8-47db-bc88-9fda1f33af67","createdAt":1622475940275,"startedAt":1622475941204,"endedAt":1622475942772,"submittedAt":1622475940275,"details":{"KPI.total expected value of Candidates over all selections":"445.0","MODEL_DETAIL_BOOLEAN_VARS":"27","MODEL_DETAIL_CONSTRAINTS":"15","MODEL_DETAIL_CONTINUOUS_VARS":"0","MODEL_DETAIL_INTEGER_VARS":"0","MODEL_DETAIL_KPIS":"[\"total expected value of Candidates over all selections\"]","MODEL_DETAIL_NONZEROS":"109","MODEL_DETAIL_OBJECTIVE_SENSE":"maximize","MODEL_DETAIL_TYPE":"MILP","PROGRESS_BEST_OBJECTIVE":"445.0","PROGRESS_BEST_OBJECTIVE.history":"[[1622475942.22, 445.0]]","PROGRESS_CURRENT_OBJECTIVE":"445.0","PROGRESS_CURRENT_OBJECTIVE.history":"[[1622475942.22, 445.0]]","PROGRESS_GAP":"0.0","PROGRESS_GAP.history":"[[1622475942.22, 0.0]]","STAT.cplex.modelType":"MILP","STAT.cplex.size.booleanVariables":"27","STAT.cplex.size.constraints":"15","STAT.cplex.size.continousVariables":"0","STAT.cplex.size.integerVariables":"0","STAT.cplex.size.linearConstraints":"15","STAT.cplex.size.quadraticConstraints":"0","STAT.cplex.size.variables":"27","STAT.job.coresCount":"1","STAT.job.inputsReadMs":"862","STAT.job.memoryPeakKB":"76020","STAT.job.modelProcessingMs":"161","STAT.job.outputsWriteMs":"470"},"executionStatus":"PROCESSED","solveStatus":"OPTIMAL_SOLUTION","logTail":["[2021-05-31T15:45:42Z, INFO] WARNING: Number of workers has been reduced to 1 to comply with platform limitations.","[2021-05-31T15:45:42Z, INFO] Version identifier: 20.1.0.0 | 2020-11-10 | 9bedb6d68","[2021-05-31T15:45:42Z, INFO] CPXPARAM_Read_DataCheck                          1","[2021-05-31T15:45:42Z, INFO] CPXPARAM_Threads                                 1","[2021-05-31T15:45:42Z, INFO] CPXPARAM_TimeLimit                               120","[2021-05-31T15:45:42Z, INFO] Legacy callback                                  i","[2021-05-31T15:45:42Z, INFO] Found incumbent of value 100.000000 after 0.00 sec. (0.00 ticks)","[2021-05-31T15:45:42Z, INFO] Tried aggregator 1 time.","[2021-05-31T15:45:42Z, INFO] MIP Presolve eliminated 3 rows and 3 columns.","[2021-05-31T15:45:42Z, INFO] Reduced MIP has 12 rows, 24 columns, and 72 nonzeros.","[2021-05-31T15:45:42Z, INFO] Reduced MIP has 24 binaries, 0 generals, 0 SOSs, and 0 indicators.","[2021-05-31T15:45:42Z, INFO] Presolve time = 0.00 sec. (0.05 ticks)","[2021-05-31T15:45:42Z, INFO] Probing time = 0.00 sec. (0.01 ticks)","[2021-05-31T15:45:42Z, INFO] Tried aggregator 1 time.","[2021-05-31T15:45:42Z, INFO] Detecting symmetries...","[2021-05-31T15:45:42Z, INFO] Reduced MIP has 12 rows, 24 columns, and 72 nonzeros.","[2021-05-31T15:45:42Z, INFO] Reduced MIP has 24 binaries, 0 generals, 0 SOSs, and 0 indicators.","[2021-05-31T15:45:42Z, INFO] Presolve time = 0.00 sec. (0.05 ticks)","[2021-05-31T15:45:42Z, INFO] Probing time = 0.00 sec. (0.01 ticks)","[2021-05-31T15:45:42Z, INFO] Clique table members: 8.","[2021-05-31T15:45:42Z, INFO] MIP emphasis: balance optimality and feasibility.","[2021-05-31T15:45:42Z, INFO] MIP search method: dynamic search.","[2021-05-31T15:45:42Z, INFO] Parallel mode: none, using 1 thread.","[2021-05-31T15:45:42Z, INFO] Root relaxation solution time = 0.00 sec. (0.02 ticks)","[2021-05-31T15:45:42Z, INFO] ","[2021-05-31T15:45:42Z, INFO]         Nodes                                         Cuts/","[2021-05-31T15:45:42Z, INFO]    Node  Left     Objective  IInf  Best Integer    Best Bound    ItCnt     Gap","[2021-05-31T15:45:42Z, INFO] ","[2021-05-31T15:45:42Z, INFO] *     0+    0                          100.0000     1765.0000              --- ","[2021-05-31T15:45:42Z, INFO] *     0     0      integral     0      445.0000      445.0000        3    0.00%","[2021-05-31T15:45:42Z, INFO] Elapsed time = 0.00 sec. (0.18 ticks, tree = 0.00 MB, solutions = 2)","[2021-05-31T15:45:42Z, INFO] ","[2021-05-31T15:45:42Z, INFO] Root node processing (before b&c):","[2021-05-31T15:45:42Z, INFO]   Real time             =    0.00 sec. (0.18 ticks)","[2021-05-31T15:45:42Z, INFO] Sequential b&c:","[2021-05-31T15:45:42Z, INFO]   Real time             =    0.00 sec. (0.00 ticks)","[2021-05-31T15:45:42Z, INFO]                           ------------","[2021-05-31T15:45:42Z, INFO] Total (root+branch&cut) =    0.00 sec. (0.18 ticks)","[2021-05-31T15:45:42Z, INFO] Solve status: JobSolveStatus.OPTIMAL_SOLUTION","[2021-05-31T15:45:42Z, INFO] * model docplex_model1 solved with objective = 445.000","[2021-05-31T15:45:42Z, INFO] *  KPI: total expected value of Candidates over all selections = 445.000","[2021-05-31T15:45:42Z, INFO] model solve done in 0.023581504821777344 secs","[2021-05-31T15:45:42Z, INFO] solution export done in 0.0102996826171875 secs","[2021-05-31T15:45:42Z, INFO] SelectedCandidates.csv","[2021-05-31T15:45:42Z, INFO] NotSelectedCandidates.csv"]},"runtimeDetails":{"state":"STARTED"},"taskSetupMillis":4425,"taskSolveMillis":3435,"taskTearDownMillis":2381,"jobSpaceId":"35bb88af-4cb7-45f7-b26a-c166c256ea9a","jobId":"a5713325-9ed8-47db-bc88-9fda1f33af67","ping":1622475935857}