{"creationTime":1648649916121,"lastModificationTime":1648650001801,"state":"TERMINATED","solveConfig":{"containerId":"scenario 4 selection","solveParameters":{},"setupWebHook":{"verb":"GET","url":"https://internal-nginx-svc:12443/v1/cognitive/solve/preprocess/scenario%204%20selection?projectId=817c6754-919f-475f-8044-597cc4cbaa29&parentId=MarketingCampaignAssignment","expectedStatus":200,"headers":{}},"tearDownWebHook":{"verb":"GET","url":"https://internal-nginx-svc:12443/v1/cognitive/solve/postprocess/scenario%204%20selection?projectId=817c6754-919f-475f-8044-597cc4cbaa29&parentId=MarketingCampaignAssignment","expectedStatus":200,"headers":{}}},"jobDetails":{"id":"c51de201-2c2b-4090-be2e-9eb8f3be254b","createdAt":1648649927982,"startedAt":1648649982642,"endedAt":1648649989941,"submittedAt":1648649927982,"details":{"KPI.total expected value of Candidates over all selections":"445.0","MODEL_DETAIL_BOOLEAN_VARS":"27","MODEL_DETAIL_CONSTRAINTS":"15","MODEL_DETAIL_CONTINUOUS_VARS":"0","MODEL_DETAIL_INTEGER_VARS":"0","MODEL_DETAIL_KPIS":"[\"total expected value of Candidates over all selections\"]","MODEL_DETAIL_NONZEROS":"109","MODEL_DETAIL_OBJECTIVE_SENSE":"maximize","MODEL_DETAIL_TYPE":"MILP","PROGRESS_BEST_OBJECTIVE":"445.0","PROGRESS_BEST_OBJECTIVE.history":"[[1648649986.27, 445.0]]","PROGRESS_CURRENT_OBJECTIVE":"445.0","PROGRESS_CURRENT_OBJECTIVE.history":"[[1648649986.27, 445.0]]","PROGRESS_GAP":"0.0","PROGRESS_GAP.history":"[[1648649986.27, 0.0]]","STAT.cplex.modelType":"MILP","STAT.cplex.size.booleanVariables":"27","STAT.cplex.size.constraints":"15","STAT.cplex.size.continousVariables":"0","STAT.cplex.size.integerVariables":"0","STAT.cplex.size.linearConstraints":"15","STAT.cplex.size.quadraticConstraints":"0","STAT.cplex.size.variables":"27","STAT.job.coresCount":"1","STAT.job.inputsReadMs":"2947","STAT.job.memoryPeakKB":"108212","STAT.job.modelProcessingMs":"670","STAT.job.outputsWriteMs":"3482"},"executionStatus":"PROCESSED","solveStatus":"OPTIMAL_SOLUTION","logTail":["[2022-03-30T14:19:46Z, INFO] WARNING: Number of workers has been reduced to 1 to comply with platform limitations.","[2022-03-30T14:19:46Z, INFO] Version identifier: 20.1.0.1 | 2021-12-07 | 9dfdf6686","[2022-03-30T14:19:46Z, INFO] CPXPARAM_Read_DataCheck                          1","[2022-03-30T14:19:46Z, INFO] CPXPARAM_Threads                                 1","[2022-03-30T14:19:46Z, INFO] CPXPARAM_TimeLimit                               120","[2022-03-30T14:19:46Z, INFO] Legacy callback                                  i","[2022-03-30T14:19:46Z, INFO] Found incumbent of value 100.000000 after 0.00 sec. (0.00 ticks)","[2022-03-30T14:19:46Z, INFO] Tried aggregator 1 time.","[2022-03-30T14:19:46Z, INFO] MIP Presolve eliminated 3 rows and 3 columns.","[2022-03-30T14:19:46Z, INFO] Reduced MIP has 12 rows, 24 columns, and 72 nonzeros.","[2022-03-30T14:19:46Z, INFO] Reduced MIP has 24 binaries, 0 generals, 0 SOSs, and 0 indicators.","[2022-03-30T14:19:46Z, INFO] Presolve time = 0.00 sec. (0.05 ticks)","[2022-03-30T14:19:46Z, INFO] Probing time = 0.00 sec. (0.01 ticks)","[2022-03-30T14:19:46Z, INFO] Tried aggregator 1 time.","[2022-03-30T14:19:46Z, INFO] Detecting symmetries...","[2022-03-30T14:19:46Z, INFO] Reduced MIP has 12 rows, 24 columns, and 72 nonzeros.","[2022-03-30T14:19:46Z, INFO] Reduced MIP has 24 binaries, 0 generals, 0 SOSs, and 0 indicators.","[2022-03-30T14:19:46Z, INFO] Presolve time = 0.00 sec. (0.05 ticks)","[2022-03-30T14:19:46Z, INFO] Probing time = 0.00 sec. (0.01 ticks)","[2022-03-30T14:19:46Z, INFO] Clique table members: 8.","[2022-03-30T14:19:46Z, INFO] MIP emphasis: balance optimality and feasibility.","[2022-03-30T14:19:46Z, INFO] MIP search method: dynamic search.","[2022-03-30T14:19:46Z, INFO] Parallel mode: none, using 1 thread.","[2022-03-30T14:19:46Z, INFO] Root relaxation solution time = 0.00 sec. (0.02 ticks)","[2022-03-30T14:19:46Z, INFO] ","[2022-03-30T14:19:46Z, INFO]         Nodes                                         Cuts/","[2022-03-30T14:19:46Z, INFO]    Node  Left     Objective  IInf  Best Integer    Best Bound    ItCnt     Gap","[2022-03-30T14:19:46Z, INFO] ","[2022-03-30T14:19:46Z, INFO] *     0+    0                          100.0000     1765.0000              --- ","[2022-03-30T14:19:46Z, INFO] *     0     0      integral     0      445.0000      445.0000        3    0.00%","[2022-03-30T14:19:46Z, INFO] Elapsed time = 0.00 sec. (0.18 ticks, tree = 0.00 MB, solutions = 2)","[2022-03-30T14:19:46Z, INFO] ","[2022-03-30T14:19:46Z, INFO] Root node processing (before b&c):","[2022-03-30T14:19:46Z, INFO]   Real time             =    0.00 sec. (0.18 ticks)","[2022-03-30T14:19:46Z, INFO] Sequential b&c:","[2022-03-30T14:19:46Z, INFO]   Real time             =    0.00 sec. (0.00 ticks)","[2022-03-30T14:19:46Z, INFO]                           ------------","[2022-03-30T14:19:46Z, INFO] Total (root+branch&cut) =    0.00 sec. (0.18 ticks)","[2022-03-30T14:19:46Z, INFO] Solve status: JobSolveStatus.OPTIMAL_SOLUTION","[2022-03-30T14:19:46Z, INFO] * model docplex_model1 solved with objective = 445.000","[2022-03-30T14:19:46Z, INFO] *  KPI: total expected value of Candidates over all selections = 445.000","[2022-03-30T14:19:46Z, INFO] model solve done in 0.023871421813964844 secs","[2022-03-30T14:19:46Z, INFO] solution export done in 0.013919353485107422 secs","[2022-03-30T14:19:46Z, INFO] SelectedCandidates.csv","[2022-03-30T14:19:46Z, INFO] NotSelectedCandidates.csv"]},"runtimeDetails":{"state":"STARTED"},"taskSetupMillis":10662,"taskSolveMillis":62602,"taskTearDownMillis":9570,"jobSpaceId":"d1c259fb-9c7d-49f8-9b30-9bf356a48bc8","jobId":"c51de201-2c2b-4090-be2e-9eb8f3be254b","ping":1648649977883}