{"creationTime":1636560826613,"lastModificationTime":1636560875070,"state":"TERMINATED","solveConfig":{"containerId":"scenario 4 selection","solveParameters":{"oaas.docplex.python":"3.8"},"setupWebHook":{"verb":"GET","url":"https://internal-nginx-svc:12443/v1/cognitive/solve/preprocess/scenario%204%20selection?projectId=214bf38c-0e5a-477e-9da8-3899eaee0c65&parentId=MarketingCampaignAssignment","expectedStatus":200,"headers":{}},"tearDownWebHook":{"verb":"GET","url":"https://internal-nginx-svc:12443/v1/cognitive/solve/postprocess/scenario%204%20selection?projectId=214bf38c-0e5a-477e-9da8-3899eaee0c65&parentId=MarketingCampaignAssignment","expectedStatus":200,"headers":{}}},"jobDetails":{"id":"62babac7-54bf-4eed-b4bf-3f13938a9dd7","createdAt":1636560849533,"startedAt":1636560850881,"endedAt":1636560854437,"submittedAt":1636560849533,"details":{"KPI.total expected value of Candidates over all selections":"445.0","MODEL_DETAIL_BOOLEAN_VARS":"27","MODEL_DETAIL_CONSTRAINTS":"15","MODEL_DETAIL_CONTINUOUS_VARS":"0","MODEL_DETAIL_INTEGER_VARS":"0","MODEL_DETAIL_KPIS":"[\"total expected value of Candidates over all selections\"]","MODEL_DETAIL_NONZEROS":"109","MODEL_DETAIL_OBJECTIVE_SENSE":"maximize","MODEL_DETAIL_TYPE":"MILP","PROGRESS_BEST_OBJECTIVE":"445.0","PROGRESS_BEST_OBJECTIVE.history":"[[1636560852.95, 445.0]]","PROGRESS_CURRENT_OBJECTIVE":"445.0","PROGRESS_CURRENT_OBJECTIVE.history":"[[1636560852.95, 445.0]]","PROGRESS_GAP":"0.0","PROGRESS_GAP.history":"[[1636560852.95, 0.0]]","STAT.cplex.modelType":"MILP","STAT.cplex.size.booleanVariables":"27","STAT.cplex.size.constraints":"15","STAT.cplex.size.continousVariables":"0","STAT.cplex.size.integerVariables":"0","STAT.cplex.size.linearConstraints":"15","STAT.cplex.size.quadraticConstraints":"0","STAT.cplex.size.variables":"27","STAT.job.coresCount":"1","STAT.job.inputsReadMs":"1416","STAT.job.memoryPeakKB":"100668","STAT.job.modelProcessingMs":"654","STAT.job.outputsWriteMs":"1360"},"executionStatus":"PROCESSED","solveStatus":"OPTIMAL_SOLUTION","logTail":["[2021-11-10T16:14:12Z, INFO] WARNING: Number of workers has been reduced to 1 to comply with platform limitations.","[2021-11-10T16:14:12Z, INFO] Version identifier: 20.1.0.1 | 2021-08-16 | c4ad639ec","[2021-11-10T16:14:12Z, INFO] CPXPARAM_Read_DataCheck                          1","[2021-11-10T16:14:12Z, INFO] CPXPARAM_Threads                                 1","[2021-11-10T16:14:12Z, INFO] CPXPARAM_TimeLimit                               120","[2021-11-10T16:14:12Z, INFO] Legacy callback                                  i","[2021-11-10T16:14:12Z, INFO] Found incumbent of value 100.000000 after 0.00 sec. (0.00 ticks)","[2021-11-10T16:14:12Z, INFO] Tried aggregator 1 time.","[2021-11-10T16:14:12Z, INFO] MIP Presolve eliminated 3 rows and 3 columns.","[2021-11-10T16:14:12Z, INFO] Reduced MIP has 12 rows, 24 columns, and 72 nonzeros.","[2021-11-10T16:14:12Z, INFO] Reduced MIP has 24 binaries, 0 generals, 0 SOSs, and 0 indicators.","[2021-11-10T16:14:12Z, INFO] Presolve time = 0.00 sec. (0.05 ticks)","[2021-11-10T16:14:12Z, INFO] Probing time = 0.00 sec. (0.01 ticks)","[2021-11-10T16:14:12Z, INFO] Tried aggregator 1 time.","[2021-11-10T16:14:12Z, INFO] Detecting symmetries...","[2021-11-10T16:14:12Z, INFO] Reduced MIP has 12 rows, 24 columns, and 72 nonzeros.","[2021-11-10T16:14:12Z, INFO] Reduced MIP has 24 binaries, 0 generals, 0 SOSs, and 0 indicators.","[2021-11-10T16:14:12Z, INFO] Presolve time = 0.00 sec. (0.05 ticks)","[2021-11-10T16:14:12Z, INFO] Probing time = 0.00 sec. (0.01 ticks)","[2021-11-10T16:14:12Z, INFO] Clique table members: 8.","[2021-11-10T16:14:12Z, INFO] MIP emphasis: balance optimality and feasibility.","[2021-11-10T16:14:12Z, INFO] MIP search method: dynamic search.","[2021-11-10T16:14:12Z, INFO] Parallel mode: none, using 1 thread.","[2021-11-10T16:14:12Z, INFO] Root relaxation solution time = 0.00 sec. (0.02 ticks)","[2021-11-10T16:14:12Z, INFO] ","[2021-11-10T16:14:12Z, INFO]         Nodes                                         Cuts/","[2021-11-10T16:14:12Z, INFO]    Node  Left     Objective  IInf  Best Integer    Best Bound    ItCnt     Gap","[2021-11-10T16:14:12Z, INFO] ","[2021-11-10T16:14:12Z, INFO] *     0+    0                          100.0000     1765.0000              --- ","[2021-11-10T16:14:12Z, INFO] *     0     0      integral     0      445.0000      445.0000        3    0.00%","[2021-11-10T16:14:12Z, INFO] Elapsed time = 0.00 sec. (0.18 ticks, tree = 0.00 MB, solutions = 2)","[2021-11-10T16:14:12Z, INFO] ","[2021-11-10T16:14:12Z, INFO] Root node processing (before b&c):","[2021-11-10T16:14:12Z, INFO]   Real time             =    0.00 sec. (0.18 ticks)","[2021-11-10T16:14:12Z, INFO] Sequential b&c:","[2021-11-10T16:14:12Z, INFO]   Real time             =    0.00 sec. (0.00 ticks)","[2021-11-10T16:14:12Z, INFO]                           ------------","[2021-11-10T16:14:12Z, INFO] Total (root+branch&cut) =    0.00 sec. (0.18 ticks)","[2021-11-10T16:14:12Z, INFO] Solve status: JobSolveStatus.OPTIMAL_SOLUTION","[2021-11-10T16:14:12Z, INFO] * model docplex_model1 solved with objective = 445.000","[2021-11-10T16:14:12Z, INFO] *  KPI: total expected value of Candidates over all selections = 445.000","[2021-11-10T16:14:12Z, INFO] model solve done in 0.024796009063720703 secs","[2021-11-10T16:14:12Z, INFO] solution export done in 0.010489702224731445 secs","[2021-11-10T16:14:12Z, INFO] SelectedCandidates.csv","[2021-11-10T16:14:12Z, INFO] NotSelectedCandidates.csv"]},"runtimeDetails":{"state":"STARTED"},"taskSetupMillis":20064,"taskSolveMillis":6210,"taskTearDownMillis":13080,"jobSpaceId":"8bb4e820-5a06-4aa4-a9ab-c19d7bb52bfa","jobId":"62babac7-54bf-4eed-b4bf-3f13938a9dd7","ping":1636560861990}