{"creationTime":1632989898554,"lastModificationTime":1632989921923,"state":"TERMINATED","solveConfig":{"containerId":"scenario 4 selection","solveParameters":{"oaas.docplex.python":"3.8"},"setupWebHook":{"verb":"GET","url":"https://internal-nginx-svc:12443/v1/cognitive/solve/preprocess/scenario%204%20selection?projectId=415267b5-f2ae-492e-9a67-93808556490b&parentId=MarketingCampaignAssignment","expectedStatus":200,"headers":{}},"tearDownWebHook":{"verb":"GET","url":"https://internal-nginx-svc:12443/v1/cognitive/solve/postprocess/scenario%204%20selection?projectId=415267b5-f2ae-492e-9a67-93808556490b&parentId=MarketingCampaignAssignment","expectedStatus":200,"headers":{}}},"jobDetails":{"id":"aac44fe2-47da-4295-85d5-7bdc2326a848","createdAt":1632989906374,"startedAt":1632989907951,"endedAt":1632989911362,"submittedAt":1632989906374,"details":{"KPI.total expected value of Candidates over all selections":"445.0","MODEL_DETAIL_BOOLEAN_VARS":"27","MODEL_DETAIL_CONSTRAINTS":"15","MODEL_DETAIL_CONTINUOUS_VARS":"0","MODEL_DETAIL_INTEGER_VARS":"0","MODEL_DETAIL_KPIS":"[\"total expected value of Candidates over all selections\"]","MODEL_DETAIL_NONZEROS":"109","MODEL_DETAIL_OBJECTIVE_SENSE":"maximize","MODEL_DETAIL_TYPE":"MILP","PROGRESS_BEST_OBJECTIVE":"445.0","PROGRESS_BEST_OBJECTIVE.history":"[[1632989910.18, 445.0]]","PROGRESS_CURRENT_OBJECTIVE":"445.0","PROGRESS_CURRENT_OBJECTIVE.history":"[[1632989910.18, 445.0]]","PROGRESS_GAP":"0.0","PROGRESS_GAP.history":"[[1632989910.18, 0.0]]","STAT.cplex.modelType":"MILP","STAT.cplex.size.booleanVariables":"27","STAT.cplex.size.constraints":"15","STAT.cplex.size.continousVariables":"0","STAT.cplex.size.integerVariables":"0","STAT.cplex.size.linearConstraints":"15","STAT.cplex.size.quadraticConstraints":"0","STAT.cplex.size.variables":"27","STAT.job.coresCount":"1","STAT.job.inputsReadMs":"1610","STAT.job.memoryPeakKB":"98968","STAT.job.modelProcessingMs":"622","STAT.job.outputsWriteMs":"1039"},"executionStatus":"PROCESSED","solveStatus":"OPTIMAL_SOLUTION","logTail":["[2021-09-30T08:18:30Z, INFO] WARNING: Number of workers has been reduced to 1 to comply with platform limitations.","[2021-09-30T08:18:30Z, INFO] Version identifier: 20.1.0.0 | 2020-11-10 | 9bedb6d68","[2021-09-30T08:18:30Z, INFO] CPXPARAM_Read_DataCheck                          1","[2021-09-30T08:18:30Z, INFO] CPXPARAM_Threads                                 1","[2021-09-30T08:18:30Z, INFO] CPXPARAM_TimeLimit                               120","[2021-09-30T08:18:30Z, INFO] Legacy callback                                  i","[2021-09-30T08:18:30Z, INFO] Found incumbent of value 100.000000 after 0.00 sec. (0.00 ticks)","[2021-09-30T08:18:30Z, INFO] Tried aggregator 1 time.","[2021-09-30T08:18:30Z, INFO] MIP Presolve eliminated 3 rows and 3 columns.","[2021-09-30T08:18:30Z, INFO] Reduced MIP has 12 rows, 24 columns, and 72 nonzeros.","[2021-09-30T08:18:30Z, INFO] Reduced MIP has 24 binaries, 0 generals, 0 SOSs, and 0 indicators.","[2021-09-30T08:18:30Z, INFO] Presolve time = 0.00 sec. (0.05 ticks)","[2021-09-30T08:18:30Z, INFO] Probing time = 0.00 sec. (0.01 ticks)","[2021-09-30T08:18:30Z, INFO] Tried aggregator 1 time.","[2021-09-30T08:18:30Z, INFO] Detecting symmetries...","[2021-09-30T08:18:30Z, INFO] Reduced MIP has 12 rows, 24 columns, and 72 nonzeros.","[2021-09-30T08:18:30Z, INFO] Reduced MIP has 24 binaries, 0 generals, 0 SOSs, and 0 indicators.","[2021-09-30T08:18:30Z, INFO] Presolve time = 0.00 sec. (0.05 ticks)","[2021-09-30T08:18:30Z, INFO] Probing time = 0.00 sec. (0.01 ticks)","[2021-09-30T08:18:30Z, INFO] Clique table members: 8.","[2021-09-30T08:18:30Z, INFO] MIP emphasis: balance optimality and feasibility.","[2021-09-30T08:18:30Z, INFO] MIP search method: dynamic search.","[2021-09-30T08:18:30Z, INFO] Parallel mode: none, using 1 thread.","[2021-09-30T08:18:30Z, INFO] Root relaxation solution time = 0.00 sec. (0.02 ticks)","[2021-09-30T08:18:30Z, INFO] ","[2021-09-30T08:18:30Z, INFO]         Nodes                                         Cuts/","[2021-09-30T08:18:30Z, INFO]    Node  Left     Objective  IInf  Best Integer    Best Bound    ItCnt     Gap","[2021-09-30T08:18:30Z, INFO] ","[2021-09-30T08:18:30Z, INFO] *     0+    0                          100.0000     1765.0000              --- ","[2021-09-30T08:18:30Z, INFO] *     0     0      integral     0      445.0000      445.0000        3    0.00%","[2021-09-30T08:18:30Z, INFO] Elapsed time = 0.00 sec. (0.18 ticks, tree = 0.00 MB, solutions = 2)","[2021-09-30T08:18:30Z, INFO] ","[2021-09-30T08:18:30Z, INFO] Root node processing (before b&c):","[2021-09-30T08:18:30Z, INFO]   Real time             =    0.00 sec. (0.18 ticks)","[2021-09-30T08:18:30Z, INFO] Sequential b&c:","[2021-09-30T08:18:30Z, INFO]   Real time             =    0.00 sec. (0.00 ticks)","[2021-09-30T08:18:30Z, INFO]                           ------------","[2021-09-30T08:18:30Z, INFO] Total (root+branch&cut) =    0.00 sec. (0.18 ticks)","[2021-09-30T08:18:30Z, INFO] Solve status: JobSolveStatus.OPTIMAL_SOLUTION","[2021-09-30T08:18:30Z, INFO] * model docplex_model1 solved with objective = 445.000","[2021-09-30T08:18:30Z, INFO] *  KPI: total expected value of Candidates over all selections = 445.000","[2021-09-30T08:18:30Z, INFO] model solve done in 0.020852088928222656 secs","[2021-09-30T08:18:30Z, INFO] solution export done in 0.015041112899780273 secs","[2021-09-30T08:18:30Z, INFO] SelectedCandidates.csv","[2021-09-30T08:18:30Z, INFO] NotSelectedCandidates.csv"]},"runtimeDetails":{"state":"STARTED"},"taskSetupMillis":6981,"taskSolveMillis":5900,"taskTearDownMillis":7858,"jobSpaceId":"9d2c73ef-2521-4130-bd91-1898668084a3","jobId":"aac44fe2-47da-4295-85d5-7bdc2326a848","ping":1632989899444}