{"goalObjectives":[{"weight":1.0,"weightedValue":1770.58,"value":1770.58,"verbalization":"Maximize total expected return of investments over all allocations","scaledWeight":1.0}],"decisions_sorted_columns":{"investment_allocation_solution":["investment id","investment allocation decision","investment selection decision","investment pieces decision","investment country","investment expected return","investment expected return amount","investment index","investment industry","investment recommendation","investment stock price","investment maxValueAllocation","investment minValueAllocationForAssignment"]},"decisions_schema":{"investment_allocation_solution":[{"domainConcepts":"cItem","semantic":"cAllocation[investment],investment","level":1,"isKPI":false,"concept":"investment","isKey":true,"isDecision":false,"id":"investment id","type":"STRING"},{"domainConcepts":"cAllocation","semantic":null,"level":10,"isKPI":false,"concept":"cAllocation[investment]","isKey":false,"isDecision":true,"id":"investment allocation decision","type":"NUMBER"},{"domainConcepts":"cSelection","semantic":null,"level":2,"isKPI":false,"concept":"investment","isKey":false,"isDecision":true,"id":"investment selection decision","type":"BOOLEAN"},{"domainConcepts":"cIntegerSubAllocation","semantic":null,"level":2,"isKPI":false,"concept":"investment","isKey":false,"isDecision":true,"id":"investment pieces decision","type":"NUMBER"},{"domainConcepts":"","semantic":"cAllocation[investment],investment,country","level":3,"isKPI":false,"concept":"country","isKey":false,"isDecision":false,"id":"investment country","type":"STRING"},{"domainConcepts":"cItem","semantic":"cAllocation[investment],investment","level":2,"isKPI":false,"concept":"investment","isKey":false,"isDecision":false,"id":"investment expected return","type":"NUMBER"},{"domainConcepts":"cItem","semantic":"cAllocation[investment],investment","level":2,"isKPI":false,"concept":"investment","isKey":false,"isDecision":false,"id":"investment expected return amount","type":"NUMBER"},{"domainConcepts":"cItem","semantic":"cAllocation[investment],investment","level":2,"isKPI":false,"concept":"investment","isKey":false,"isDecision":false,"id":"investment index","type":"NUMBER"},{"domainConcepts":"","semantic":"cAllocation[investment],investment,industry","level":3,"isKPI":false,"concept":"industry","isKey":false,"isDecision":false,"id":"investment industry","type":"STRING"},{"domainConcepts":"","semantic":"cAllocation[investment],investment,recommendation","level":3,"isKPI":false,"concept":"recommendation","isKey":false,"isDecision":false,"id":"investment recommendation","type":"STRING"},{"domainConcepts":"cItem","semantic":"cAllocation[investment],investment","level":2,"isKPI":false,"concept":"investment","isKey":false,"isDecision":false,"id":"investment stock price","type":"NUMBER"},{"domainConcepts":"cItem","semantic":"cAllocation[investment],investment","level":2,"isKPI":false,"concept":"investment","isKey":false,"isDecision":false,"id":"investment maxValueAllocation","type":"NUMBER"},{"domainConcepts":"cItem","semantic":"cAllocation[investment],investment","level":2,"isKPI":false,"concept":"investment","isKey":false,"isDecision":false,"id":"investment minValueAllocationForAssignment","type":"NUMBER"}]},"decisions":{"investment_allocation_solution":[{"investment index":0,"investment industry":"Utilities","investment minValueAllocationForAssignment":10,"investment country":"FR","investment selection decision":"0.0","investment pieces decision":0,"investment id":"Invest0","investment maxValueAllocation":1000,"investment expected return":1.00125,"investment expected return amount":161.3514375,"investment allocation decision":0,"investment recommendation":"Strong Sell","investment stock price":161.15},{"investment index":1,"investment industry":"Utilities","investment minValueAllocationForAssignment":10,"investment country":"IT","investment selection decision":"0.0","investment pieces decision":0,"investment id":"Invest1","investment maxValueAllocation":1000,"investment expected return":1.56359,"investment expected return amount":130.49722140000003,"investment allocation decision":0,"investment recommendation":"Buy","investment stock price":83.46},{"investment index":10,"investment industry":"Utilities","investment minValueAllocationForAssignment":10,"investment country":"DE","investment selection decision":"0.0","investment pieces decision":0,"investment id":"Invest10","investment maxValueAllocation":1000,"investment expected return":1.17411,"investment expected return amount":74.68513709999999,"investment allocation decision":0,"investment recommendation":"Neutral","investment stock price":63.61},{"investment index":11,"investment industry":"Technology","investment minValueAllocationForAssignment":10,"investment country":"DE","investment selection decision":"1.0","investment pieces decision":11,"investment id":"Invest11","investment maxValueAllocation":1000,"investment expected return":1.85894,"investment expected return amount":43.870984,"investment allocation decision":259.6,"investment recommendation":"Strong Buy","investment stock price":23.6},{"investment index":12,"investment industry":"Industrial Goods & Services","investment minValueAllocationForAssignment":10,"investment country":"DE","investment selection decision":"0.0","investment pieces decision":0,"investment id":"Invest12","investment maxValueAllocation":1000,"investment expected return":1.7105,"investment expected return amount":45.56772,"investment allocation decision":0,"investment recommendation":"Strong Buy","investment stock price":26.64},{"investment index":13,"investment industry":"Banks","investment minValueAllocationForAssignment":10,"investment country":"DE","investment selection decision":"0.0","investment pieces decision":0,"investment id":"Invest13","investment maxValueAllocation":1000,"investment expected return":1.5135299999999998,"investment expected return amount":25.5483864,"investment allocation decision":0,"investment recommendation":"Buy","investment stock price":16.88},{"investment index":14,"investment industry":"Food & Beverage","investment minValueAllocationForAssignment":10,"investment country":"FR","investment selection decision":"0.0","investment pieces decision":0,"investment id":"Invest14","investment maxValueAllocation":1000,"investment expected return":1.30399,"investment expected return amount":11.449032199999998,"investment allocation decision":0,"investment recommendation":"Neutral","investment stock price":8.78},{"investment index":15,"investment industry":"Automobiles & Parts","investment minValueAllocationForAssignment":10,"investment country":"DE","investment selection decision":"0.0","investment pieces decision":0,"investment id":"Invest15","investment maxValueAllocation":1000,"investment expected return":1.01498,"investment expected return amount":4.10965402,"investment allocation decision":0,"investment recommendation":"Strong Sell","investment stock price":4.0489999999999995},{"investment index":16,"investment industry":"Retail","investment minValueAllocationForAssignment":10,"investment country":"FR","investment selection decision":"0.0","investment pieces decision":0,"investment id":"Invest16","investment maxValueAllocation":1000,"investment expected return":1.0914,"investment expected return amount":17.702507999999998,"investment allocation decision":0,"investment recommendation":"Sell","investment stock price":16.22},{"investment index":17,"investment industry":"Banks","investment minValueAllocationForAssignment":10,"investment country":"FR","investment selection decision":"0.0","investment pieces decision":0,"investment id":"Invest17","investment maxValueAllocation":1000,"investment expected return":1.36445,"investment expected return amount":20.32348275,"investment allocation decision":0,"investment recommendation":"Buy","investment stock price":14.895},{"investment index":18,"investment industry":"Automobiles & Parts","investment minValueAllocationForAssignment":10,"investment country":"DE","investment selection decision":"0.0","investment pieces decision":0,"investment id":"Invest18","investment maxValueAllocation":1000,"investment expected return":1.14731,"investment expected return amount":136.5872555,"investment allocation decision":0,"investment recommendation":"Sell","investment stock price":119.05},{"investment index":19,"investment industry":"Banks","investment minValueAllocationForAssignment":10,"investment country":"ES","investment selection decision":"0.0","investment pieces decision":0,"investment id":"Invest19","investment maxValueAllocation":1000,"investment expected return":1.1659,"investment expected return amount":20.3274665,"investment allocation decision":0,"investment recommendation":"Neutral","investment stock price":17.435},{"investment index":2,"investment industry":"Chemicals","investment minValueAllocationForAssignment":10,"investment country":"DE","investment selection decision":"0.0","investment pieces decision":0,"investment id":"Invest2","investment maxValueAllocation":1000,"investment expected return":1.1933,"investment expected return amount":29.092654,"investment allocation decision":0,"investment recommendation":"Neutral","investment stock price":24.38},{"investment index":3,"investment industry":"Chemicals","investment minValueAllocationForAssignment":10,"investment country":"DE","investment selection decision":"1.0","investment pieces decision":3,"investment id":"Invest3","investment maxValueAllocation":1000,"investment expected return":1.8087400000000002,"investment expected return amount":138.46809069999998,"investment allocation decision":229.67,"investment recommendation":"Strong Buy","investment stock price":76.555},{"investment index":4,"investment industry":"Insurance","investment minValueAllocationForAssignment":10,"investment country":"FR","investment selection decision":"0.0","investment pieces decision":0,"investment id":"Invest4","investment maxValueAllocation":1000,"investment expected return":1.58501,"investment expected return amount":193.846723,"investment allocation decision":0,"investment recommendation":"Buy","investment stock price":122.3},{"investment index":5,"investment industry":"Technology","investment minValueAllocationForAssignment":10,"investment country":"NL","investment selection decision":"1.0","investment pieces decision":18,"investment id":"Invest5","investment maxValueAllocation":1000,"investment expected return":1.47987,"investment expected return amount":11.31508602,"investment allocation decision":137.63,"investment recommendation":"Buy","investment stock price":7.646},{"investment index":6,"investment industry":"Insurance","investment minValueAllocationForAssignment":10,"investment country":"DE","investment selection decision":"0.0","investment pieces decision":0,"investment id":"Invest6","investment maxValueAllocation":1000,"investment expected return":1.35029,"investment expected return amount":130.843101,"investment allocation decision":0,"investment recommendation":"Neutral","investment stock price":96.9},{"investment index":7,"investment industry":"Industrial Goods & Services","investment minValueAllocationForAssignment":10,"investment country":"FR","investment selection decision":"1.0","investment pieces decision":2,"investment id":"Invest7","investment maxValueAllocation":1000,"investment expected return":1.8959599999999999,"investment expected return amount":103.08334520000001,"investment allocation decision":108.74,"investment recommendation":"Strong Buy","investment stock price":54.37},{"investment index":8,"investment industry":"Chemicals","investment minValueAllocationForAssignment":10,"investment country":"FR","investment selection decision":"1.0","investment pieces decision":1,"investment id":"Invest8","investment maxValueAllocation":1000,"investment expected return":1.8228400000000002,"investment expected return amount":50.747865600000004,"investment allocation decision":27.84,"investment recommendation":"Strong Buy","investment stock price":27.84},{"investment index":9,"investment industry":"Food & Beverage","investment minValueAllocationForAssignment":10,"investment country":"BE","investment selection decision":"1.0","investment pieces decision":3,"investment id":"Invest9","investment maxValueAllocation":1000,"investment expected return":1.7466,"investment expected return amount":137.335158,"investment allocation decision":235.89,"investment recommendation":"Strong Buy","investment stock price":78.63}]}}