investment,investment allocation decision,investment selection decision,investment pieces decision,investment stock price,investment recommendation,investment industry,investment index,investment expected return amount,investment expected return,investment country,investment maxValueAllocation,investment minValueAllocationForAssignment
Invest0,0.0,0.0,0.0,161.15,Strong Sell,Utilities,0,161.3514375,1.00125,FR,1000,10
Invest1,0.0,0.0,0.0,83.46,Buy,Utilities,1,130.49722140000003,1.56359,IT,1000,10
Invest10,0.0,0.0,0.0,63.61,Neutral,Utilities,10,74.68513709999999,1.17411,DE,1000,10
Invest11,259.6,1.0,11.0,23.6,Strong Buy,Technology,11,43.870984,1.85894,DE,1000,10
Invest12,0.0,0.0,0.0,26.64,Strong Buy,Industrial Goods & Services,12,45.56772,1.7105,DE,1000,10
Invest13,0.0,0.0,0.0,16.88,Buy,Banks,13,25.5483864,1.5135299999999998,DE,1000,10
Invest14,0.0,0.0,0.0,8.78,Neutral,Food & Beverage,14,11.449032199999998,1.30399,FR,1000,10
Invest15,0.0,0.0,0.0,4.0489999999999995,Strong Sell,Automobiles & Parts,15,4.10965402,1.01498,DE,1000,10
Invest16,0.0,0.0,0.0,16.22,Sell,Retail,16,17.702507999999998,1.0914,FR,1000,10
Invest17,0.0,0.0,0.0,14.895,Buy,Banks,17,20.32348275,1.36445,FR,1000,10
Invest18,0.0,0.0,0.0,119.05,Sell,Automobiles & Parts,18,136.5872555,1.14731,DE,1000,10
Invest19,0.0,0.0,0.0,17.435,Neutral,Banks,19,20.3274665,1.1659,ES,1000,10
Invest2,0.0,0.0,0.0,24.38,Neutral,Chemicals,2,29.092654,1.1933,DE,1000,10
Invest3,229.67,1.0,3.0,76.555,Strong Buy,Chemicals,3,138.46809069999998,1.8087400000000002,DE,1000,10
Invest4,0.0,0.0,0.0,122.3,Buy,Insurance,4,193.846723,1.58501,FR,1000,10
Invest5,137.63,1.0,18.0,7.646,Buy,Technology,5,11.31508602,1.47987,NL,1000,10
Invest6,0.0,0.0,0.0,96.9,Neutral,Insurance,6,130.843101,1.35029,DE,1000,10
Invest7,108.74,1.0,2.0,54.37,Strong Buy,Industrial Goods & Services,7,103.08334520000001,1.8959599999999999,FR,1000,10
Invest8,27.84,1.0,1.0,27.84,Strong Buy,Chemicals,8,50.747865600000004,1.8228400000000002,FR,1000,10
Invest9,235.89,1.0,3.0,78.63,Strong Buy,Food & Beverage,9,137.335158,1.7466,BE,1000,10
