id_of_Investment,investment allocation decision,investment selection decision,investment pieces decision,investment country,investment expected return,investment expected return amount,investment index,investment industry,investment recommendation,investment stock price,investment maxValueAllocation,investment minValueAllocationForAssignment
Invest0,0.0,0.0,0.0,FR,1.00125,161.3514375,0,Utilities,Strong Sell,161.15,1000,10
Invest1,0.0,0.0,0.0,IT,1.56359,130.49722140000003,1,Utilities,Buy,83.46,1000,10
Invest10,0.0,0.0,0.0,DE,1.17411,74.68513709999999,10,Utilities,Neutral,63.61,1000,10
Invest11,259.6,1.0,11.0,DE,1.85894,43.870984,11,Technology,Strong Buy,23.6,1000,10
Invest12,0.0,0.0,0.0,DE,1.7105,45.56772,12,Industrial Goods & Services,Strong Buy,26.64,1000,10
Invest13,0.0,0.0,0.0,DE,1.5135299999999998,25.5483864,13,Banks,Buy,16.88,1000,10
Invest14,0.0,0.0,0.0,FR,1.30399,11.449032199999998,14,Food & Beverage,Neutral,8.78,1000,10
Invest15,0.0,0.0,0.0,DE,1.01498,4.10965402,15,Automobiles & Parts,Strong Sell,4.0489999999999995,1000,10
Invest16,0.0,0.0,0.0,FR,1.0914,17.702507999999998,16,Retail,Sell,16.22,1000,10
Invest17,0.0,0.0,0.0,FR,1.36445,20.32348275,17,Banks,Buy,14.895,1000,10
Invest18,0.0,0.0,0.0,DE,1.14731,136.5872555,18,Automobiles & Parts,Sell,119.05,1000,10
Invest19,0.0,0.0,0.0,ES,1.1659,20.3274665,19,Banks,Neutral,17.435,1000,10
Invest2,0.0,0.0,0.0,DE,1.1933,29.092654,2,Chemicals,Neutral,24.38,1000,10
Invest3,229.67,1.0,3.0,DE,1.8087400000000002,138.46809069999998,3,Chemicals,Strong Buy,76.555,1000,10
Invest4,0.0,0.0,0.0,FR,1.58501,193.846723,4,Insurance,Buy,122.3,1000,10
Invest5,137.63,1.0,18.0,NL,1.47987,11.31508602,5,Technology,Buy,7.646,1000,10
Invest6,0.0,0.0,0.0,DE,1.35029,130.843101,6,Insurance,Neutral,96.9,1000,10
Invest7,108.74,1.0,2.0,FR,1.8959599999999999,103.08334520000001,7,Industrial Goods & Services,Strong Buy,54.37,1000,10
Invest8,27.84,1.0,1.0,FR,1.8228400000000002,50.747865600000004,8,Chemicals,Strong Buy,27.84,1000,10
Invest9,235.89,1.0,3.0,BE,1.7466,137.335158,9,Food & Beverage,Strong Buy,78.63,1000,10
