{"creationTime":1622215226277,"lastModificationTime":1622215246490,"state":"TERMINATED","solveConfig":{"containerId":"Scenario 1","solveParameters":{},"setupWebHook":{"verb":"GET","url":"https://api.dataplatform.cloud.ibm.com/v1/cognitive/solve/preprocess/Scenario%201?projectId=5bd7da6b-09da-4521-be71-3c7a69f90b61&parentId=PortfolioAllocation","expectedStatus":200,"headers":{}},"tearDownWebHook":{"verb":"GET","url":"https://api.dataplatform.cloud.ibm.com/v1/cognitive/solve/postprocess/Scenario%201?projectId=5bd7da6b-09da-4521-be71-3c7a69f90b61&parentId=PortfolioAllocation","expectedStatus":200,"headers":{}}},"jobDetails":{"id":"24e71d5e-ad3c-4a49-ba79-e056416cedd4","createdAt":1622215234640,"startedAt":1622215237158,"endedAt":1622215238948,"submittedAt":1622215234640,"details":{"KPI._time":"0.08764886856079102","KPI.total expected return of investments over all allocations":"1770.57667446","MODEL_DETAIL_BOOLEAN_VARS":"20","MODEL_DETAIL_CONSTRAINTS":"106","MODEL_DETAIL_CONTINUOUS_VARS":"20","MODEL_DETAIL_INTEGER_VARS":"20","MODEL_DETAIL_KPIS":"[\"total expected return of investments over all allocations\"]","MODEL_DETAIL_NONZEROS":"249","MODEL_DETAIL_OBJECTIVE_SENSE":"maximize","MODEL_DETAIL_TYPE":"MILP","PROGRESS_BEST_OBJECTIVE":"1770.57667446","PROGRESS_BEST_OBJECTIVE.history":"[[1622215238.09, 1790.3904377]]","PROGRESS_CURRENT_OBJECTIVE":"1770.57667446","PROGRESS_CURRENT_OBJECTIVE.history":"[[1622215238.09, 0.0]]","PROGRESS_GAP":"0.0","PROGRESS_GAP.history":"[[1622215238.09, 17903904377000.0]]","STAT.cplex.modelType":"MILP","STAT.cplex.size.booleanVariables":"20","STAT.cplex.size.constraints":"106","STAT.cplex.size.continousVariables":"20","STAT.cplex.size.integerVariables":"20","STAT.cplex.size.linearConstraints":"106","STAT.cplex.size.quadraticConstraints":"0","STAT.cplex.size.variables":"60","STAT.cplex.solve.elapsedTime":"0.08764886856079102","STAT.cplex.solve.explored":"33","STAT.cplex.solve.iterationCount":"114","STAT.cplex.solve.opened":"0","STAT.job.coresCount":"1","STAT.job.inputsReadMs":"580","STAT.job.memoryPeakKB":"101196","STAT.job.modelProcessingMs":"449","STAT.job.outputsWriteMs":"646"},"executionStatus":"PROCESSED","solveStatus":"OPTIMAL_SOLUTION","logTail":["[2021-05-28T15:20:38Z, INFO] Presolve time = 0.00 sec. (0.05 ticks)","[2021-05-28T15:20:38Z, INFO] Probing time = 0.00 sec. (0.01 ticks)","[2021-05-28T15:20:38Z, INFO] Tried aggregator 1 time.","[2021-05-28T15:20:38Z, INFO] Detecting symmetries...","[2021-05-28T15:20:38Z, INFO] Reduced MIP has 27 rows, 22 columns, and 83 nonzeros.","[2021-05-28T15:20:38Z, INFO] Reduced MIP has 11 binaries, 11 generals, 0 SOSs, and 0 indicators.","[2021-05-28T15:20:38Z, INFO] Presolve time = 0.00 sec. (0.05 ticks)","[2021-05-28T15:20:38Z, INFO] Represolve time = 0.01 sec. (0.16 ticks)","[2021-05-28T15:20:38Z, INFO] Probing time = 0.00 sec. (0.01 ticks)","[2021-05-28T15:20:38Z, INFO] MIP emphasis: balance optimality and feasibility.","[2021-05-28T15:20:38Z, INFO] MIP search method: dynamic search.","[2021-05-28T15:20:38Z, INFO] Parallel mode: none, using 1 thread.","[2021-05-28T15:20:38Z, INFO] Root relaxation solution time = 0.00 sec. (0.09 ticks)","[2021-05-28T15:20:38Z, INFO] ","[2021-05-28T15:20:38Z, INFO]         Nodes                                         Cuts/","[2021-05-28T15:20:38Z, INFO]    Node  Left     Objective  IInf  Best Integer    Best Bound    ItCnt     Gap","[2021-05-28T15:20:38Z, INFO] ","[2021-05-28T15:20:38Z, INFO] *     0+    0                         1770.5767     1781.7026             0.63%","[2021-05-28T15:20:38Z, INFO]       0     0     1781.7026     4     1770.5767     1781.7026       30    0.63%","[2021-05-28T15:20:38Z, INFO]       0     0     1780.8856     6     1770.5767       Cuts: 8       34    0.58%","[2021-05-28T15:20:38Z, INFO]       0     0     1779.3045     6     1770.5767       Cuts: 2       35    0.49%","[2021-05-28T15:20:38Z, INFO]       0     0     1779.1242     8     1770.5767       Cuts: 3       37    0.48%","[2021-05-28T15:20:38Z, INFO]       0     0     1779.1219     8     1770.5767    MIRcuts: 1       38    0.48%","[2021-05-28T15:20:38Z, INFO]       0     0     1779.0972    12     1770.5767    MIRcuts: 1       41    0.48%","[2021-05-28T15:20:38Z, INFO] Detecting symmetries...","[2021-05-28T15:20:38Z, INFO]       0     2     1779.0972    12     1770.5767     1778.8817       41    0.47%","[2021-05-28T15:20:38Z, INFO] Elapsed time = 0.05 sec. (2.42 ticks, tree = 0.01 MB, solutions = 3)","[2021-05-28T15:20:38Z, INFO] ","[2021-05-28T15:20:38Z, INFO] Flow cuts applied:  1","[2021-05-28T15:20:38Z, INFO] Mixed integer rounding cuts applied:  3","[2021-05-28T15:20:38Z, INFO] Zero-half cuts applied:  1","[2021-05-28T15:20:38Z, INFO] Gomory fractional cuts applied:  5","[2021-05-28T15:20:38Z, INFO] ","[2021-05-28T15:20:38Z, INFO] Root node processing (before b&amp;c):","[2021-05-28T15:20:38Z, INFO]   Real time             =    0.05 sec. (2.42 ticks)","[2021-05-28T15:20:38Z, INFO] Sequential b&amp;c:","[2021-05-28T15:20:38Z, INFO]   Real time             =    0.04 sec. (0.55 ticks)","[2021-05-28T15:20:38Z, INFO]                           ------------","[2021-05-28T15:20:38Z, INFO] Total (root+branch&amp;cut) =    0.09 sec. (2.97 ticks)","[2021-05-28T15:20:38Z, INFO] Solve status: JobSolveStatus.OPTIMAL_SOLUTION","[2021-05-28T15:20:38Z, INFO] * model docplex_model1 solved with objective = 1770.577","[2021-05-28T15:20:38Z, INFO] *  KPI: total expected return of investments over all allocations = 1770.577","[2021-05-28T15:20:38Z, INFO] model solve done in 0.12297296524047852 secs","[2021-05-28T15:20:38Z, INFO] solution export done in 0.021826505661010742 secs","[2021-05-28T15:20:38Z, INFO] investmentAllocation.csv"]},"runtimeDetails":{"state":"STARTED"},"taskSetupMillis":8668,"taskSolveMillis":4928,"taskTearDownMillis":5109,"jobSpaceId":"cf8149be-2496-4afc-b3cc-e5aea64024d2","jobId":"24e71d5e-ad3c-4a49-ba79-e056416cedd4","ping":1622215226988}