{"creationTime":1645198540252,"lastModificationTime":1645198575118,"state":"TERMINATED","solveConfig":{"containerId":"Scenario 1","solveParameters":{},"setupWebHook":{"verb":"GET","url":"https://api.dataplatform.test.cloud.ibm.com/v1/cognitive/solve/preprocess/Scenario%201?projectId=e752dffb-5e36-4918-8790-d07f8046816a&parentId=PortfolioAllocation","expectedStatus":200,"headers":{}},"tearDownWebHook":{"verb":"GET","url":"https://api.dataplatform.test.cloud.ibm.com/v1/cognitive/solve/postprocess/Scenario%201?projectId=e752dffb-5e36-4918-8790-d07f8046816a&parentId=PortfolioAllocation","expectedStatus":200,"headers":{}}},"jobDetails":{"id":"f514120c-b0c9-43ed-a85f-38b722db7859","createdAt":1645198544316,"startedAt":1645198567300,"endedAt":1645198570177,"submittedAt":1645198544316,"details":{"KPI._time":"0.14481210708618164","KPI.dependencies between investment allocations based on covariances":"18118.268015011476","KPI.total expected return of investments over all allocations":"164.36374358999998","MODEL_DETAIL_BOOLEAN_VARS":"20","MODEL_DETAIL_CONSTRAINTS":"106","MODEL_DETAIL_CONTINUOUS_VARS":"20","MODEL_DETAIL_INTEGER_VARS":"20","MODEL_DETAIL_KPIS":"[\"total expected return of investments over all allocations\", \"dependencies between investment allocations based on covariances\"]","MODEL_DETAIL_NONZEROS":"249","MODEL_DETAIL_OBJECTIVE_SENSE":"minimize","MODEL_DETAIL_TYPE":"MIQP","PROGRESS_BEST_OBJECTIVE":"-1180.358456239082","PROGRESS_BEST_OBJECTIVE.history":"[[1645198569.04, -3347.8591643470736]]","PROGRESS_CURRENT_OBJECTIVE":"-1180.358456239082","PROGRESS_CURRENT_OBJECTIVE.history":"[[1645198569.04, 0.0]]","PROGRESS_GAP":"0.0","PROGRESS_GAP.history":"[[1645198569.04, 33478591643470.734]]","STAT.cplex.modelType":"MIQP","STAT.cplex.size.booleanVariables":"20","STAT.cplex.size.constraints":"106","STAT.cplex.size.continousVariables":"20","STAT.cplex.size.integerVariables":"20","STAT.cplex.size.linearConstraints":"106","STAT.cplex.size.quadraticConstraints":"0","STAT.cplex.size.variables":"60","STAT.cplex.solve.elapsedTime":"0.14481210708618164","STAT.cplex.solve.explored":"82","STAT.cplex.solve.iterationCount":"161","STAT.cplex.solve.opened":"0","STAT.job.coresCount":"1","STAT.job.inputsReadMs":"1079","STAT.job.memoryPeakKB":"105732","STAT.job.modelProcessingMs":"690","STAT.job.outputsWriteMs":"869"},"executionStatus":"PROCESSED","solveStatus":"OPTIMAL_SOLUTION","logTail":["[2022-02-18T15:36:09Z, INFO] Tried aggregator 1 time.","[2022-02-18T15:36:09Z, INFO] MIQP Presolve eliminated 21 rows and 20 columns.","[2022-02-18T15:36:09Z, INFO] Reduced MIQP has 40 rows, 33 columns, and 109 nonzeros.","[2022-02-18T15:36:09Z, INFO] Reduced MIQP has 11 binaries, 11 generals, 0 SOSs, and 0 indicators.","[2022-02-18T15:36:09Z, INFO] Reduced MIQP objective Q matrix has 121 nonzeros.","[2022-02-18T15:36:09Z, INFO] Presolve time = 0.00 sec. (0.08 ticks)","[2022-02-18T15:36:09Z, INFO] Probing time = 0.00 sec. (0.01 ticks)","[2022-02-18T15:36:09Z, INFO] Tried aggregator 1 time.","[2022-02-18T15:36:09Z, INFO] Reduced MIQP has 40 rows, 33 columns, and 109 nonzeros.","[2022-02-18T15:36:09Z, INFO] Reduced MIQP has 11 binaries, 11 generals, 0 SOSs, and 0 indicators.","[2022-02-18T15:36:09Z, INFO] Reduced MIQP objective Q matrix has 121 nonzeros.","[2022-02-18T15:36:09Z, INFO] Presolve time = 0.00 sec. (0.06 ticks)","[2022-02-18T15:36:09Z, INFO] Represolve time = 0.00 sec. (0.19 ticks)","[2022-02-18T15:36:09Z, INFO] Probing time = 0.00 sec. (0.01 ticks)","[2022-02-18T15:36:09Z, INFO] MIP emphasis: balance optimality and feasibility.","[2022-02-18T15:36:09Z, INFO] MIP search method: dynamic search.","[2022-02-18T15:36:09Z, INFO] Parallel mode: none, using 1 thread.","[2022-02-18T15:36:09Z, INFO] Root relaxation solution time = 0.00 sec. (0.37 ticks)","[2022-02-18T15:36:09Z, INFO] ","[2022-02-18T15:36:09Z, INFO]         Nodes                                         Cuts/","[2022-02-18T15:36:09Z, INFO]    Node  Left     Objective  IInf  Best Integer    Best Bound    ItCnt     Gap","[2022-02-18T15:36:09Z, INFO] ","[2022-02-18T15:36:09Z, INFO] *     0+    0                         -544.7177    -1862.6647           241.95%","[2022-02-18T15:36:09Z, INFO]       0     0    -1862.6647    22     -544.7177    -1862.6647       29  241.95%","[2022-02-18T15:36:09Z, INFO] *     0+    0                         -826.0211    -1862.6647           125.50%","[2022-02-18T15:36:09Z, INFO] *     0+    0                         -892.3035    -1862.6647           108.75%","[2022-02-18T15:36:09Z, INFO]       0     0  -1.00000e+75     0     -892.3035    -1862.6647       29  108.75%","[2022-02-18T15:36:09Z, INFO]       0     2    -1862.6647    22     -892.3035    -1722.1111       29   93.00%","[2022-02-18T15:36:09Z, INFO] Elapsed time = 0.04 sec. (5.02 ticks, tree = 0.01 MB, solutions = 4)","[2022-02-18T15:36:09Z, INFO] *    20+    9                        -1016.0020    -1585.6182            56.06%","[2022-02-18T15:36:09Z, INFO] *    34    11      integral     0    -1180.3585    -1585.6182       80   34.33%","[2022-02-18T15:36:09Z, INFO] ","[2022-02-18T15:36:09Z, INFO] Root node processing (before b&c):","[2022-02-18T15:36:09Z, INFO]   Real time             =    0.04 sec. (5.02 ticks)","[2022-02-18T15:36:09Z, INFO] Sequential b&c:","[2022-02-18T15:36:09Z, INFO]   Real time             =    0.11 sec. (3.76 ticks)","[2022-02-18T15:36:09Z, INFO]                           ------------","[2022-02-18T15:36:09Z, INFO] Total (root+branch&cut) =    0.15 sec. (8.78 ticks)","[2022-02-18T15:36:09Z, INFO] Solve status: JobSolveStatus.OPTIMAL_SOLUTION","[2022-02-18T15:36:09Z, INFO] * model docplex_model1 solved with objective = -1180.358","[2022-02-18T15:36:09Z, INFO] *  KPI: total expected return of investments over all allocations        = 164.364","[2022-02-18T15:36:09Z, INFO] *  KPI: dependencies between investment allocations based on covariances = 18118.268","[2022-02-18T15:36:09Z, INFO] model solve done in 0.16404509544372559 secs","[2022-02-18T15:36:09Z, INFO] solution export done in 0.013465404510498047 secs","[2022-02-18T15:36:09Z, INFO] investmentAllocation.csv"]},"runtimeDetails":{"state":"STARTED"},"taskSetupMillis":3961,"taskSolveMillis":26384,"taskTearDownMillis":3759,"jobSpaceId":"c765df71-66f6-497c-afac-f8a3ee8f12d4","jobDeploymentId":"063a7345-7a6b-4c95-944a-c69afa4fcc51","jobId":"f514120c-b0c9-43ed-a85f-38b722db7859","ping":1645198570449}