{"creationTime":1631872485850,"lastModificationTime":1631872509861,"state":"TERMINATED","solveConfig":{"containerId":"Scenario 1","solveParameters":{"oaas.docplex.python":"3.8"},"setupWebHook":{"verb":"GET","url":"https://api.dataplatform.test.cloud.ibm.com/v1/cognitive/solve/preprocess/Scenario%201?projectId=70bbbef1-6895-44ef-8d90-70201f1f4f3a&parentId=PortfolioAllocation","expectedStatus":200,"headers":{}},"tearDownWebHook":{"verb":"GET","url":"https://api.dataplatform.test.cloud.ibm.com/v1/cognitive/solve/postprocess/Scenario%201?projectId=70bbbef1-6895-44ef-8d90-70201f1f4f3a&parentId=PortfolioAllocation","expectedStatus":200,"headers":{}}},"jobDetails":{"id":"5ff7beca-5306-4515-a9c0-36ed5da3756f","createdAt":1631872493906,"startedAt":1631872494935,"endedAt":1631872496853,"submittedAt":1631872493906,"details":{"KPI._time":"0.08211994171142578","KPI.total expected return of investments over all allocations":"1770.57667446","MODEL_DETAIL_BOOLEAN_VARS":"20","MODEL_DETAIL_CONSTRAINTS":"106","MODEL_DETAIL_CONTINUOUS_VARS":"20","MODEL_DETAIL_INTEGER_VARS":"20","MODEL_DETAIL_KPIS":"[\"total expected return of investments over all allocations\"]","MODEL_DETAIL_NONZEROS":"249","MODEL_DETAIL_OBJECTIVE_SENSE":"maximize","MODEL_DETAIL_TYPE":"MILP","PROGRESS_BEST_OBJECTIVE":"1770.57667446","PROGRESS_BEST_OBJECTIVE.history":"[[1631872495.92, 1790.3904377]]","PROGRESS_CURRENT_OBJECTIVE":"1770.57667446","PROGRESS_CURRENT_OBJECTIVE.history":"[[1631872495.92, 0.0]]","PROGRESS_GAP":"0.0","PROGRESS_GAP.history":"[[1631872495.92, 17903904377000.0]]","STAT.cplex.modelType":"MILP","STAT.cplex.size.booleanVariables":"20","STAT.cplex.size.constraints":"106","STAT.cplex.size.continousVariables":"20","STAT.cplex.size.integerVariables":"20","STAT.cplex.size.linearConstraints":"106","STAT.cplex.size.quadraticConstraints":"0","STAT.cplex.size.variables":"60","STAT.cplex.solve.elapsedTime":"0.08211994171142578","STAT.cplex.solve.explored":"33","STAT.cplex.solve.iterationCount":"114","STAT.cplex.solve.opened":"0","STAT.job.coresCount":"1","STAT.job.inputsReadMs":"215","STAT.job.memoryPeakKB":"102752","STAT.job.modelProcessingMs":"869","STAT.job.outputsWriteMs":"699"},"executionStatus":"PROCESSED","solveStatus":"OPTIMAL_SOLUTION","logTail":["[2021-09-17T09:54:55Z, INFO] Presolve time = 0.01 sec. (0.05 ticks)","[2021-09-17T09:54:55Z, INFO] Probing time = 0.00 sec. (0.01 ticks)","[2021-09-17T09:54:55Z, INFO] Tried aggregator 1 time.","[2021-09-17T09:54:55Z, INFO] Detecting symmetries...","[2021-09-17T09:54:55Z, INFO] Reduced MIP has 27 rows, 22 columns, and 83 nonzeros.","[2021-09-17T09:54:55Z, INFO] Reduced MIP has 11 binaries, 11 generals, 0 SOSs, and 0 indicators.","[2021-09-17T09:54:55Z, INFO] Presolve time = 0.00 sec. (0.05 ticks)","[2021-09-17T09:54:55Z, INFO] Represolve time = 0.01 sec. (0.16 ticks)","[2021-09-17T09:54:55Z, INFO] Probing time = 0.00 sec. (0.01 ticks)","[2021-09-17T09:54:55Z, INFO] MIP emphasis: balance optimality and feasibility.","[2021-09-17T09:54:55Z, INFO] MIP search method: dynamic search.","[2021-09-17T09:54:55Z, INFO] Parallel mode: none, using 1 thread.","[2021-09-17T09:54:55Z, INFO] Root relaxation solution time = 0.00 sec. (0.09 ticks)","[2021-09-17T09:54:55Z, INFO] ","[2021-09-17T09:54:55Z, INFO]         Nodes                                         Cuts/","[2021-09-17T09:54:55Z, INFO]    Node  Left     Objective  IInf  Best Integer    Best Bound    ItCnt     Gap","[2021-09-17T09:54:55Z, INFO] ","[2021-09-17T09:54:55Z, INFO] *     0+    0                         1770.5767     1781.7026             0.63%","[2021-09-17T09:54:55Z, INFO]       0     0     1781.7026     4     1770.5767     1781.7026       30    0.63%","[2021-09-17T09:54:55Z, INFO]       0     0     1780.8856     6     1770.5767       Cuts: 8       34    0.58%","[2021-09-17T09:54:55Z, INFO]       0     0     1779.3045     6     1770.5767       Cuts: 2       35    0.49%","[2021-09-17T09:54:55Z, INFO]       0     0     1779.1242     8     1770.5767       Cuts: 3       37    0.48%","[2021-09-17T09:54:55Z, INFO]       0     0     1779.1219     8     1770.5767    MIRcuts: 1       38    0.48%","[2021-09-17T09:54:55Z, INFO]       0     0     1779.0972    12     1770.5767    MIRcuts: 1       41    0.48%","[2021-09-17T09:54:55Z, INFO] Detecting symmetries...","[2021-09-17T09:54:55Z, INFO]       0     2     1779.0972    12     1770.5767     1778.8817       41    0.47%","[2021-09-17T09:54:55Z, INFO] Elapsed time = 0.06 sec. (2.42 ticks, tree = 0.01 MB, solutions = 3)","[2021-09-17T09:54:56Z, INFO] ","[2021-09-17T09:54:56Z, INFO] Flow cuts applied:  1","[2021-09-17T09:54:56Z, INFO] Mixed integer rounding cuts applied:  3","[2021-09-17T09:54:56Z, INFO] Zero-half cuts applied:  1","[2021-09-17T09:54:56Z, INFO] Gomory fractional cuts applied:  5","[2021-09-17T09:54:56Z, INFO] ","[2021-09-17T09:54:56Z, INFO] Root node processing (before b&c):","[2021-09-17T09:54:56Z, INFO]   Real time             =    0.06 sec. (2.42 ticks)","[2021-09-17T09:54:56Z, INFO] Sequential b&c:","[2021-09-17T09:54:56Z, INFO]   Real time             =    0.03 sec. (0.55 ticks)","[2021-09-17T09:54:56Z, INFO]                           ------------","[2021-09-17T09:54:56Z, INFO] Total (root+branch&cut) =    0.08 sec. (2.97 ticks)","[2021-09-17T09:54:56Z, INFO] Solve status: JobSolveStatus.OPTIMAL_SOLUTION","[2021-09-17T09:54:56Z, INFO] * model docplex_model1 solved with objective = 1770.577","[2021-09-17T09:54:56Z, INFO] *  KPI: total expected return of investments over all allocations = 1770.577","[2021-09-17T09:54:56Z, INFO] model solve done in 0.10453104972839355 secs","[2021-09-17T09:54:56Z, INFO] solution export done in 0.019524812698364258 secs","[2021-09-17T09:54:56Z, INFO] investmentAllocation.csv"]},"runtimeDetails":{"state":"STARTED"},"taskSetupMillis":7670,"taskSolveMillis":3690,"taskTearDownMillis":11332,"jobSpaceId":"d9bda584-cf9f-4f9b-8b9e-61ec05932519","jobId":"5ff7beca-5306-4515-a9c0-36ed5da3756f","ping":1631872486287}