{"name":"Dashboard","locked":false,"activePage":1,"pages":[{"id":"ebdc8ef2-ff93-4162-8dd1-ce0033e28e37","name":"Current Scenario","widgets":{"184fbf91-824a-4785-9a1f-34885ade00f0":{"name":"Resources","type":"Table","props":{"container":"","data":"resources","spec":{"numbered":true,"compact":false,"columnExpand":true,"columnShrink":false,"columnWidth":0,"sortOrder":[],"columns":[{"property":"id","label":"id","type":"String","visible":true,"width":0,"style":{}},{"property":"duration","label":"duration","type":"Number","visible":true,"width":0,"style":{}},{"property":"cost","label":"cost","type":"Number","visible":true,"width":0,"style":{}},{"property":"min_avail","label":"min_avail","type":"Number","visible":true,"width":0,"style":{}},{"property":"max_avail","label":"max_avail","type":"Number","visible":true,"width":0,"style":{}}]}}},"bd28c07d-a29b-437a-a879-fb498911e37f":{"name":"Chart Demands","type":"Chart","props":{"data":"demands","spec":{"mark":"bar","width":1000,"encoding":{"x":{"field":"period","type":"quantitative"},"y":{"field":"demand","type":"quantitative"}},"height":300},"container":""}},"a8e939a6-7498-43b1-877e-d54c9be3b198":{"name":"works","type":"Chart","props":{"data":"works","spec":{"mark":"bar","width":1000,"encoding":{"x":{"field":"periods","type":"quantitative"},"y":{"field":"value","type":"quantitative","aggregate":"sum"},"color":{"field":"resources","type":"nominal"}},"height":300},"container":""}}},"layouts":{"SM":[{"w":1,"h":2,"x":0,"y":2,"i":"184fbf91-824a-4785-9a1f-34885ade00f0","moved":false,"static":false},{"w":1,"h":2,"x":0,"y":0,"i":"bd28c07d-a29b-437a-a879-fb498911e37f","moved":false,"static":false},{"w":1,"h":2,"x":0,"y":4,"i":"a8e939a6-7498-43b1-877e-d54c9be3b198","moved":false,"static":false}],"LG":[{"w":6,"h":2,"x":0,"y":0,"i":"184fbf91-824a-4785-9a1f-34885ade00f0","moved":false,"static":false},{"w":6,"h":3,"x":0,"y":2,"i":"bd28c07d-a29b-437a-a879-fb498911e37f","moved":false,"static":false},{"w":6,"h":3,"x":0,"y":5,"i":"a8e939a6-7498-43b1-877e-d54c9be3b198","moved":false,"static":false}],"MD":[{"w":3,"h":2,"x":0,"y":2,"i":"184fbf91-824a-4785-9a1f-34885ade00f0","moved":false,"static":false},{"w":1,"h":2,"x":0,"y":0,"i":"bd28c07d-a29b-437a-a879-fb498911e37f","moved":false,"static":false},{"w":1,"h":2,"x":1,"y":0,"i":"a8e939a6-7498-43b1-877e-d54c9be3b198","moved":false,"static":false}]}},{"id":"c76956c3-9c4a-4659-9beb-b91f32678b42","name":"Multi Scenario","widgets":{"1642263d-e68b-4646-bd40-9e62281f1f40":{"name":"Demand","type":"Chart","props":{"data":"demands","spec":{"mark":"bar","width":1000,"encoding":{"x":{"field":"period","type":"quantitative"},"y":{"field":"demand","type":"quantitative"},"color":{"field":"@ Scenario","type":"nominal","legend":{"title":"Scenario"}}},"height":300},"container":["Copy 01","Copy 02","Copy 03","Copy 04","Copy 05"]}},"832fe93f-fe77-4f7e-8558-8b816356898c":{"name":"KPIs Chart","type":"Chart","props":{"data":"kpis","spec":{"mark":"bar","heigth":800,"width":500,"transform":[{"filter":"datum.Name == &quot;Total Cost&quot;"}],"encoding":{"column":{"field":"Name","type":"nominal"},"y":{"aggregate":"sum","field":"Value","type":"quantitative"},"x":{"field":"@ Scenario","type":"nominal","axis":{"title":""}},"color":{"field":"Value","type":"quantitative","legend":{"title":"Totat Cost"},"scale":{"domain":[4000,6000],"range":["#000000","#ff0000"]}}},"height":200},"container":"/^C/i"}},"d6c3731c-1dad-4ffd-aaa5-4361bba55072":{"name":"My KPIs","type":"Chart","props":{"data":"my_kpis","spec":{"mark":"rect","width":300,"height":300,"encoding":{"y":{"field":"temp","type":"nominal","sort":"descending"},"x":{"field":"fix","type":"nominal","sort":"ascending"},"tooltip":{"field":"cost","type":"quantitative"},"color":{"aggregate":"mean","field":"cost","type":"quantitative","legend":{"title":"Total Cost"},"scale":{"range":["#000000","#ff0000"]}}}},"container":"/^C/i"}}},"layouts":{"SM":[{"i":"1642263d-e68b-4646-bd40-9e62281f1f40","x":0,"y":0,"w":1,"h":2,"moved":false,"static":false},{"i":"832fe93f-fe77-4f7e-8558-8b816356898c","x":0,"y":2,"w":1,"h":2,"moved":false,"static":false},{"i":"d6c3731c-1dad-4ffd-aaa5-4361bba55072","x":0,"y":4,"w":1,"h":2,"moved":false,"static":false}],"MD":[{"i":"1642263d-e68b-4646-bd40-9e62281f1f40","x":0,"y":0,"w":6,"h":2,"moved":false,"static":false},{"i":"832fe93f-fe77-4f7e-8558-8b816356898c","x":0,"y":2,"w":1,"h":2,"moved":false,"static":false},{"i":"d6c3731c-1dad-4ffd-aaa5-4361bba55072","x":2,"y":2,"w":1,"h":2,"moved":false,"static":false}],"LG":[{"w":6,"h":3,"x":0,"y":0,"i":"1642263d-e68b-4646-bd40-9e62281f1f40","moved":false,"static":false},{"w":3,"h":3,"x":3,"y":3,"i":"832fe93f-fe77-4f7e-8558-8b816356898c","moved":false,"static":false},{"w":3,"h":3,"x":0,"y":3,"i":"d6c3731c-1dad-4ffd-aaa5-4361bba55072","moved":false,"static":false}]}}],"breakpoints":[{"name":"SM","width":0,"columns":1},{"name":"MD","width":480,"columns":3},{"name":"LG","width":960,"columns":6}],"rowHeight":120}