{"goalObjectives":[{"weight":1.0,"weightedValue":116.0,"value":116.0,"verbalization":"Minimize time to complete all activities","scaledWeight":1.0}],"decisions_sorted_columns":{"Scheduled_activities_solution":["activity Id","activity start","activity start Date","activity duration","activity end","activity end Date","selected activity","unperformed activity","required equipment","activity Days","activity Required equipment Id"]},"decisions_schema":{"Scheduled_activities_solution":[{"domainConcepts":"cTask","semantic":"cTaskStart[activity],activity","level":1,"isKPI":false,"concept":"activity","isKey":true,"isDecision":false,"id":"activity Id","type":"STRING"},{"domainConcepts":"cTaskStart","semantic":"task.start","level":10,"isKPI":false,"concept":"cTaskStart[activity]","isKey":false,"isDecision":true,"id":"activity start","type":"NUMBER"},{"domainConcepts":"cTaskStart","semantic":"task.start","level":10,"isKPI":false,"concept":"cTaskStart[activity]","isKey":false,"isDecision":true,"id":"activity start Date","type":"DateTime"},{"domainConcepts":"cTaskStart","semantic":"task.duration","level":11,"isKPI":false,"concept":"activity","isKey":false,"isDecision":true,"id":"activity duration","type":"NUMBER"},{"domainConcepts":"cTaskStart","semantic":"task.end","level":12,"isKPI":false,"concept":"activity","isKey":false,"isDecision":true,"id":"activity end","type":"NUMBER"},{"domainConcepts":"cTaskStart","semantic":"task.end","level":12,"isKPI":false,"concept":"activity","isKey":false,"isDecision":true,"id":"activity end Date","type":"DateTime"},{"domainConcepts":"cTaskStart","semantic":"task.presence","level":20,"isKPI":false,"concept":"activity","isKey":false,"isDecision":true,"id":"selected activity","type":"NUMBER"},{"domainConcepts":"cTaskStart","semantic":"task.absence","level":20,"isKPI":false,"concept":"activity","isKey":false,"isDecision":true,"id":"unperformed activity","type":"NUMBER"},{"domainConcepts":"cSchedulingResource,cDiscreteResource","semantic":"task.discreteResourceRequests","level":20,"isKPI":false,"concept":"activity","isKey":false,"isDecision":false,"id":"required equipment","type":"STRING"},{"domainConcepts":"cTask","semantic":"cTaskStart[activity],activity","level":2,"isKPI":false,"concept":"activity","isKey":false,"isDecision":false,"id":"activity Days","type":"NUMBER"},{"domainConcepts":"cSchedulingResource,cDiscreteResource","semantic":"cTaskStart[activity],activity,equipment","level":3,"isKPI":false,"concept":"equipment","isKey":false,"isDecision":false,"id":"activity Required equipment Id","type":"STRING"}]},"decisions":{"Scheduled_activities_solution":[{"activity duration":0.0,"required equipment":"","activity start Date":"2020-06-08 00:00:00","activity end":"2020\/06\/08 00:00:00","activity Days":0,"unperformed activity":0,"activity Required equipment Id":"","activity end Date":"2020-06-08 00:00:00","activity start":"2020\/06\/08 00:00:00","activity Id":"pa","selected activity":1},{"activity duration":2.0,"required equipment":"excavator","activity start Date":"2020-06-08 00:00:00","activity end":"2020\/06\/10 00:00:00","activity Days":2,"unperformed activity":0,"activity Required equipment Id":"excavator","activity end Date":"2020-06-10 00:00:00","activity start":"2020\/06\/08 00:00:00","activity Id":"a2","selected activity":1},{"activity duration":2.0,"required equipment":"crane","activity start Date":"2020-06-08 00:00:00","activity end":"2020\/06\/10 00:00:00","activity Days":2,"unperformed activity":0,"activity Required equipment Id":"crane","activity end Date":"2020-06-10 00:00:00","activity start":"2020\/06\/08 00:00:00","activity Id":"l","selected activity":1},{"activity duration":10.0,"required equipment":"","activity start Date":"2020-06-08 00:00:00","activity end":"2020\/06\/19 00:00:00","activity Days":10,"unperformed activity":0,"activity Required equipment Id":"","activity end Date":"2020-06-19 00:00:00","activity start":"2020\/06\/08 00:00:00","activity Id":"ua","selected activity":1},{"activity duration":10.0,"required equipment":"","activity start Date":"2020-06-08 00:00:00","activity end":"2020\/06\/19 00:00:00","activity Days":10,"unperformed activity":0,"activity Required equipment Id":"","activity end Date":"2020-06-19 00:00:00","activity start":"2020\/06\/08 00:00:00","activity Id":"ue","selected activity":1},{"activity duration":4.0,"required equipment":"excavator","activity start Date":"2020-06-10 00:00:00","activity end":"2020\/06\/14 00:00:00","activity Days":4,"unperformed activity":0,"activity Required equipment Id":"excavator","activity end Date":"2020-06-14 00:00:00","activity start":"2020\/06\/10 00:00:00","activity Id":"a1","selected activity":1},{"activity duration":4.0,"required equipment":"carpentry","activity start Date":"2020-06-10 00:00:00","activity end":"2020\/06\/14 00:00:00","activity Days":4,"unperformed activity":0,"activity Required equipment Id":"carpentry","activity end Date":"2020-06-14 00:00:00","activity start":"2020\/06\/10 00:00:00","activity Id":"s2","selected activity":1},{"activity duration":1.0,"required equipment":"concrete mixer","activity start Date":"2020-06-15 00:00:00","activity end":"2020\/06\/16 00:00:00","activity Days":1,"unperformed activity":0,"activity Required equipment Id":"concrete mixer","activity end Date":"2020-06-16 00:00:00","activity start":"2020\/06\/15 00:00:00","activity Id":"b2","selected activity":1},{"activity duration":2.0,"required equipment":"excavator","activity start Date":"2020-06-15 00:00:00","activity end":"2020\/06\/17 00:00:00","activity Days":2,"unperformed activity":0,"activity Required equipment Id":"excavator","activity end Date":"2020-06-17 00:00:00","activity start":"2020\/06\/15 00:00:00","activity Id":"a4","selected activity":1},{"activity duration":8.0,"required equipment":"carpentry","activity start Date":"2020-06-15 00:00:00","activity end":"2020\/06\/24 00:00:00","activity Days":8,"unperformed activity":0,"activity Required equipment Id":"carpentry","activity end Date":"2020-06-24 00:00:00","activity start":"2020\/06\/15 00:00:00","activity Id":"s1","selected activity":1},{"activity duration":1.0,"required equipment":"","activity start Date":"2020-06-16 00:00:00","activity end":"2020\/06\/17 00:00:00","activity Days":1,"unperformed activity":0,"activity Required equipment Id":"","activity end Date":"2020-06-17 00:00:00","activity start":"2020\/06\/16 00:00:00","activity Id":"ab2","selected activity":1},{"activity duration":2.0,"required equipment":"excavator","activity start Date":"2020-06-17 00:00:00","activity end":"2020\/06\/19 00:00:00","activity Days":2,"unperformed activity":0,"activity Required equipment Id":"excavator","activity end Date":"2020-06-19 00:00:00","activity start":"2020\/06\/17 00:00:00","activity Id":"a3","selected activity":1},{"activity duration":8.0,"required equipment":"bricklaying","activity start Date":"2020-06-17 00:00:00","activity end":"2020\/06\/26 00:00:00","activity Days":8,"unperformed activity":0,"activity Required equipment Id":"bricklaying","activity end Date":"2020-06-26 00:00:00","activity start":"2020\/06\/17 00:00:00","activity Id":"m2","selected activity":1},{"activity duration":13.0,"required equipment":"pile driver","activity start Date":"2020-06-17 00:00:00","activity end":"2020\/07\/02 00:00:00","activity Days":13,"unperformed activity":0,"activity Required equipment Id":"pile driver","activity end Date":"2020-07-02 00:00:00","activity start":"2020\/06\/17 00:00:00","activity Id":"p2","selected activity":1},{"activity duration":2.0,"required equipment":"excavator","activity start Date":"2020-06-19 00:00:00","activity end":"2020\/06\/21 00:00:00","activity Days":2,"unperformed activity":0,"activity Required equipment Id":"excavator","activity end Date":"2020-06-21 00:00:00","activity start":"2020\/06\/19 00:00:00","activity Id":"a5","selected activity":1},{"activity duration":5.0,"required equipment":"excavator","activity start Date":"2020-06-22 00:00:00","activity end":"2020\/06\/27 00:00:00","activity Days":5,"unperformed activity":0,"activity Required equipment Id":"excavator","activity end Date":"2020-06-27 00:00:00","activity start":"2020\/06\/22 00:00:00","activity Id":"a6","selected activity":1},{"activity duration":1.0,"required equipment":"concrete mixer","activity start Date":"2020-06-24 00:00:00","activity end":"2020\/06\/25 00:00:00","activity Days":1,"unperformed activity":0,"activity Required equipment Id":"concrete mixer","activity end Date":"2020-06-25 00:00:00","activity start":"2020\/06\/24 00:00:00","activity Id":"b1","selected activity":1},{"activity duration":4.0,"required equipment":"carpentry","activity start Date":"2020-06-24 00:00:00","activity end":"2020\/06\/28 00:00:00","activity Days":4,"unperformed activity":0,"activity Required equipment Id":"carpentry","activity end Date":"2020-06-28 00:00:00","activity start":"2020\/06\/24 00:00:00","activity Id":"s5","selected activity":1},{"activity duration":1.0,"required equipment":"","activity start Date":"2020-06-25 00:00:00","activity end":"2020\/06\/26 00:00:00","activity Days":1,"unperformed activity":0,"activity Required equipment Id":"","activity end Date":"2020-06-26 00:00:00","activity start":"2020\/06\/25 00:00:00","activity Id":"ab1","selected activity":1},{"activity duration":16.0,"required equipment":"bricklaying","activity start Date":"2020-06-26 00:00:00","activity end":"2020\/07\/15 00:00:00","activity Days":16,"unperformed activity":0,"activity Required equipment Id":"bricklaying","activity end Date":"2020-07-15 00:00:00","activity start":"2020\/06\/26 00:00:00","activity Id":"m1","selected activity":1},{"activity duration":1.0,"required equipment":"concrete mixer","activity start Date":"2020-06-29 00:00:00","activity end":"2020\/06\/30 00:00:00","activity Days":1,"unperformed activity":0,"activity Required equipment Id":"concrete mixer","activity end Date":"2020-06-30 00:00:00","activity start":"2020\/06\/29 00:00:00","activity Id":"b5","selected activity":1},{"activity duration":1.0,"required equipment":"","activity start Date":"2020-06-30 00:00:00","activity end":"2020\/07\/01 00:00:00","activity Days":1,"unperformed activity":0,"activity Required equipment Id":"","activity end Date":"2020-07-01 00:00:00","activity start":"2020\/06\/30 00:00:00","activity Id":"ab5","selected activity":1},{"activity duration":4.0,"required equipment":"carpentry","activity start Date":"2020-07-02 00:00:00","activity end":"2020\/07\/07 00:00:00","activity Days":4,"unperformed activity":0,"activity Required equipment Id":"carpentry","activity end Date":"2020-07-07 00:00:00","activity start":"2020\/07\/02 00:00:00","activity Id":"s4","selected activity":1},{"activity duration":20.0,"required equipment":"pile driver","activity start Date":"2020-07-02 00:00:00","activity end":"2020\/07\/25 00:00:00","activity Days":20,"unperformed activity":0,"activity Required equipment Id":"pile driver","activity end Date":"2020-07-25 00:00:00","activity start":"2020\/07\/02 00:00:00","activity Id":"p1","selected activity":1},{"activity duration":1.0,"required equipment":"concrete mixer","activity start Date":"2020-07-07 00:00:00","activity end":"2020\/07\/08 00:00:00","activity Days":1,"unperformed activity":0,"activity Required equipment Id":"concrete mixer","activity end Date":"2020-07-08 00:00:00","activity start":"2020\/07\/07 00:00:00","activity Id":"b4","selected activity":1},{"activity duration":10.0,"required equipment":"carpentry","activity start Date":"2020-07-07 00:00:00","activity end":"2020\/07\/18 00:00:00","activity Days":10,"unperformed activity":0,"activity Required equipment Id":"carpentry","activity end Date":"2020-07-18 00:00:00","activity start":"2020\/07\/07 00:00:00","activity Id":"s6","selected activity":1},{"activity duration":1.0,"required equipment":"","activity start Date":"2020-07-08 00:00:00","activity end":"2020\/07\/09 00:00:00","activity Days":1,"unperformed activity":0,"activity Required equipment Id":"","activity end Date":"2020-07-09 00:00:00","activity start":"2020\/07\/08 00:00:00","activity Id":"ab4","selected activity":1},{"activity duration":8.0,"required equipment":"bricklaying","activity start Date":"2020-07-15 00:00:00","activity end":"2020\/07\/24 00:00:00","activity Days":8,"unperformed activity":0,"activity Required equipment Id":"bricklaying","activity end Date":"2020-07-24 00:00:00","activity start":"2020\/07\/15 00:00:00","activity Id":"m5","selected activity":1},{"activity duration":12.0,"required equipment":"crane","activity start Date":"2020-07-15 00:00:00","activity end":"2020\/07\/29 00:00:00","activity Days":12,"unperformed activity":0,"activity Required equipment Id":"crane","activity end Date":"2020-07-29 00:00:00","activity start":"2020\/07\/15 00:00:00","activity Id":"t1","selected activity":1},{"activity duration":1.0,"required equipment":"concrete mixer","activity start Date":"2020-07-18 00:00:00","activity end":"2020\/07\/19 00:00:00","activity Days":1,"unperformed activity":0,"activity Required equipment Id":"concrete mixer","activity end Date":"2020-07-19 00:00:00","activity start":"2020\/07\/18 00:00:00","activity Id":"b6","selected activity":1},{"activity duration":1.0,"required equipment":"","activity start Date":"2020-07-20 00:00:00","activity end":"2020\/07\/21 00:00:00","activity Days":1,"unperformed activity":0,"activity Required equipment Id":"","activity end Date":"2020-07-21 00:00:00","activity start":"2020\/07\/20 00:00:00","activity Id":"ab6","selected activity":1},{"activity duration":8.0,"required equipment":"bricklaying","activity start Date":"2020-07-24 00:00:00","activity end":"2020\/08\/02 00:00:00","activity Days":8,"unperformed activity":0,"activity Required equipment Id":"bricklaying","activity end Date":"2020-08-02 00:00:00","activity start":"2020\/07\/24 00:00:00","activity Id":"m4","selected activity":1},{"activity duration":4.0,"required equipment":"carpentry","activity start Date":"2020-07-25 00:00:00","activity end":"2020\/07\/30 00:00:00","activity Days":4,"unperformed activity":0,"activity Required equipment Id":"carpentry","activity end Date":"2020-07-30 00:00:00","activity start":"2020\/07\/25 00:00:00","activity Id":"s3","selected activity":1},{"activity duration":15.0,"required equipment":"caterpillar","activity start Date":"2020-07-29 00:00:00","activity end":"2020\/08\/15 00:00:00","activity Days":15,"unperformed activity":0,"activity Required equipment Id":"caterpillar","activity end Date":"2020-08-15 00:00:00","activity start":"2020\/07\/29 00:00:00","activity Id":"v1","selected activity":1},{"activity duration":1.0,"required equipment":"concrete mixer","activity start Date":"2020-07-30 00:00:00","activity end":"2020\/07\/31 00:00:00","activity Days":1,"unperformed activity":0,"activity Required equipment Id":"concrete mixer","activity end Date":"2020-07-31 00:00:00","activity start":"2020\/07\/30 00:00:00","activity Id":"b3","selected activity":1},{"activity duration":1.0,"required equipment":"","activity start Date":"2020-07-31 00:00:00","activity end":"2020\/08\/01 00:00:00","activity Days":1,"unperformed activity":0,"activity Required equipment Id":"","activity end Date":"2020-08-01 00:00:00","activity start":"2020\/07\/31 00:00:00","activity Id":"ab3","selected activity":1},{"activity duration":8.0,"required equipment":"bricklaying","activity start Date":"2020-08-03 00:00:00","activity end":"2020\/08\/12 00:00:00","activity Days":8,"unperformed activity":0,"activity Required equipment Id":"bricklaying","activity end Date":"2020-08-12 00:00:00","activity start":"2020\/08\/03 00:00:00","activity Id":"m3","selected activity":1},{"activity duration":12.0,"required equipment":"crane","activity start Date":"2020-08-03 00:00:00","activity end":"2020\/08\/16 00:00:00","activity Days":12,"unperformed activity":0,"activity Required equipment Id":"crane","activity end Date":"2020-08-16 00:00:00","activity start":"2020\/08\/03 00:00:00","activity Id":"t4","selected activity":1},{"activity duration":20.0,"required equipment":"bricklaying","activity start Date":"2020-08-12 00:00:00","activity end":"2020\/09\/04 00:00:00","activity Days":20,"unperformed activity":0,"activity Required equipment Id":"bricklaying","activity end Date":"2020-09-04 00:00:00","activity start":"2020\/08\/12 00:00:00","activity Id":"m6","selected activity":1},{"activity duration":12.0,"required equipment":"crane","activity start Date":"2020-08-17 00:00:00","activity end":"2020\/08\/30 00:00:00","activity Days":12,"unperformed activity":0,"activity Required equipment Id":"crane","activity end Date":"2020-08-30 00:00:00","activity start":"2020\/08\/17 00:00:00","activity Id":"t3","selected activity":1},{"activity duration":12.0,"required equipment":"crane","activity start Date":"2020-09-04 00:00:00","activity end":"2020\/09\/18 00:00:00","activity Days":12,"unperformed activity":0,"activity Required equipment Id":"crane","activity end Date":"2020-09-18 00:00:00","activity start":"2020\/09\/04 00:00:00","activity Id":"t5","selected activity":1},{"activity duration":10.0,"required equipment":"caterpillar","activity start Date":"2020-09-18 00:00:00","activity end":"2020\/09\/30 00:00:00","activity Days":10,"unperformed activity":0,"activity Required equipment Id":"caterpillar","activity end Date":"2020-09-30 00:00:00","activity start":"2020\/09\/18 00:00:00","activity Id":"v2","selected activity":1},{"activity duration":12.0,"required equipment":"crane","activity start Date":"2020-09-18 00:00:00","activity end":"2020\/10\/02 00:00:00","activity Days":12,"unperformed activity":0,"activity Required equipment Id":"crane","activity end Date":"2020-10-02 00:00:00","activity start":"2020\/09\/18 00:00:00","activity Id":"t2","selected activity":1},{"activity duration":0.0,"required equipment":"","activity start Date":"2020-10-02 00:00:00","activity end":"2020\/10\/02 00:00:00","activity Days":0,"unperformed activity":0,"activity Required equipment Id":"","activity end Date":"2020-10-02 00:00:00","activity start":"2020\/10\/02 00:00:00","activity Id":"pe","selected activity":1}]}}