{"categories":{"output":{"assets":{"not_scheduled_activity_solution.csv":{"type":"Table"},"kpis.csv":{"type":"Table"},"Scheduled_activities_solution.csv":{"type":"Table"},"log.txt":{"type":"Asset"}}},"input":{"assets":{"equipment.csv":{"type":"Table"},"wait.csv":{"type":"Table"},"activity.csv":{"type":"Table"}}},"model":{"assets":{"model.py":{"type":"Asset"}}},"CO_ASSET_SESSION":{"assets":{"CO_SESSION.json":{"type":"Asset"}}},"CO_ASSET":{"assets":{"CO_CHART_SUGGESTION_JSON.json":{"type":"Asset"},"CO_SOLUTION_TEXT.json":{"type":"Asset"},"solveParameters.json":{"type":"Asset"},"CO_DATASET.json":{"type":"Asset"},"CO_SOLUTION_JSON.json":{"type":"Asset"}}}},"modelType":"cognitive","category":"scenario"}