{"creationTime":1627465483073,"lastModificationTime":1627465501162,"state":"TERMINATED","solveConfig":{"containerId":"Scenario 1","solveParameters":{"oaas.logAttachmentName":"log.txt","oaas.logTailEnabled":"true"},"setupWebHook":{"verb":"GET","url":"https://api.dataplatform.cloud.ibm.com/v1/cognitive/solve/preprocess/Scenario%201?projectId=eefe6c81-fd7d-41bc-a7a7-fc646a9f83c7&parentId=BridgeScheduling","expectedStatus":200,"headers":{}},"tearDownWebHook":{"verb":"GET","url":"https://api.dataplatform.cloud.ibm.com/v1/cognitive/solve/postprocess/Scenario%201?projectId=eefe6c81-fd7d-41bc-a7a7-fc646a9f83c7&parentId=BridgeScheduling","expectedStatus":200,"headers":{}}},"jobDetails":{"id":"7af6433a-710e-4436-abf6-83ac396ab14c","createdAt":1627465490690,"startedAt":1627465491450,"endedAt":1627465495158,"submittedAt":1627465490690,"details":{"KPI.time to complete all activities":"116","MODEL_DETAIL_CONSTRAINTS":"195","MODEL_DETAIL_INTEGER_VARS":"0","MODEL_DETAIL_INTERVAL_VARS":"44","MODEL_DETAIL_KPIS":"[\"time to complete all activities\"]","MODEL_DETAIL_OBJECTIVE_SENSE":"minimize","MODEL_DETAIL_SEQUENCE_VARS":"0","MODEL_DETAIL_TYPE":"CPO Scheduling","PROGRESS_BEST_BOUND":"115.988","PROGRESS_BEST_OBJECTIVE":"115.988","PROGRESS_BEST_OBJECTIVE.history":"[[1627465493.5, \"68\"], [1627465494.37, \"115.988\"]]","PROGRESS_CURRENT_OBJECTIVE":"116","PROGRESS_CURRENT_OBJECTIVE.history":"[[1627465493.5, \"147\"], [1627465494.37, \"116\"]]","PROGRESS_GAP":"0.0001","PROGRESS_GAP.history":"[[1627465493.5, \"0.537415\"], [1627465494.37, \"0.0001\"]]","STAT.cpo.modelType":"CPO","STAT.cpo.size.constraints":"195","STAT.cpo.size.integerVariables":"0","STAT.cpo.size.intervalVariables":"44","STAT.cpo.size.sequenceVariables":"0","STAT.cpo.size.variables":"44","STAT.cpo.solve.memoryUsage":"1396950","STAT.cpo.solve.numberOfBranches":"30778","STAT.cpo.solve.time":"0.64","STAT.job.coresCount":"1","STAT.job.inputsReadMs":"1632","STAT.job.memoryPeakKB":"125960","STAT.job.modelProcessingMs":"1322","STAT.job.outputsWriteMs":"662"},"executionStatus":"PROCESSED","solveStatus":"OPTIMAL_SOLUTION","logTail":["[2021-07-28T09:44:53Z, INFO]         116.0000    16000          1          57600  = startOf(_ITV_12)","[2021-07-28T09:44:54Z, INFO]         116.0000    17000          1          38880  = endOf(_ITV_21)","[2021-07-28T09:44:54Z, INFO]         116.0000    18000          1          15840 != startOf(_ITV_26)","[2021-07-28T09:44:54Z, INFO]         116.0000    19000          1          41760 != startOf(_ITV_35)","[2021-07-28T09:44:54Z, INFO]         116.0000    20000          1        F 146880  = startOf(_ITV_44)","[2021-07-28T09:44:54Z, INFO]         116.0000    21000          1        F 146880  = startOf(_ITV_44)","[2021-07-28T09:44:54Z, INFO]         116.0000    22000          1           8640  = endOf(_ITV_1)","[2021-07-28T09:44:54Z, INFO]         116.0000    23000          1          30240  = startOf(_ITV_35)","[2021-07-28T09:44:54Z, INFO]         116.0000    24000          1          66240 != startOf(_ITV_22)","[2021-07-28T09:44:54Z, INFO]         116.0000    25000          1          92160 != startOf(_ITV_38)","[2021-07-28T09:44:54Z, INFO]         116.0000    26000          1        F 146880  = startOf(_ITV_44)","[2021-07-28T09:44:54Z, INFO]         116.0000    27000          1          15840  = startOf(_ITV_30)","[2021-07-28T09:44:54Z, INFO]         116.0000    28000          1          59040  = endOf(_ITV_18)","[2021-07-28T09:44:54Z, INFO]         116.0000    29000          1           8640  = endOf(_ITV_2)","[2021-07-28T09:44:54Z, INFO]         116.0000    30000          1        F 86400  = startOf(_ITV_12)","[2021-07-28T09:44:54Z, INFO]  ! Time = 0.48s, Average fail depth = 24, Memory usage = 1.4 MB","[2021-07-28T09:44:54Z, INFO]  ! Current bound is 106.9999 (gap is 7.76%)","[2021-07-28T09:44:54Z, INFO]  !          Best Branches  Non-fixed            Branch decision","[2021-07-28T09:44:54Z, INFO]  ! Using failure-directed search.","[2021-07-28T09:44:54Z, INFO]         116.0000    30724          1          155203 &gt;= startOf(_ITV_29)","[2021-07-28T09:44:54Z, INFO]  + New bound is 107.7798 (gap is 7.09%)","[2021-07-28T09:44:54Z, INFO]         116.0000    30730          1          156457 &gt;= startOf(_ITV_29)","[2021-07-28T09:44:54Z, INFO]  + New bound is 108.6506 (gap is 6.34%)","[2021-07-28T09:44:54Z, INFO]         116.0000    30751          1          156933 &gt;= startOf(_ITV_29)","[2021-07-28T09:44:54Z, INFO]  + New bound is 108.9812 (gap is 6.05%)","[2021-07-28T09:44:54Z, INFO]         116.0000    30777          1        F 112993 &gt;= startOf(_ITV_22)","[2021-07-28T09:44:54Z, INFO]  + New bound is 115.9884 (gap is 0.01%)","[2021-07-28T09:44:54Z, INFO] Objective values: (116,)","[2021-07-28T09:44:54Z, INFO] time to complete all activities --&gt; 116","[2021-07-28T09:44:54Z, INFO] solution export done in 0.030832529067993164 secs","[2021-07-28T09:44:54Z, INFO]  ! ----------------------------------------------------------------------------","[2021-07-28T09:44:54Z, INFO]  ! Search completed, 8 solutions found.","[2021-07-28T09:44:54Z, INFO]  ! Best objective         : 116.0000 (optimal - effective tol. is 0.0116)","[2021-07-28T09:44:54Z, INFO]  ! Best bound             : 115.9884","[2021-07-28T09:44:54Z, INFO]  ! time to complete all activities: 116","[2021-07-28T09:44:54Z, INFO]  ! ----------------------------------------------------------------------------","[2021-07-28T09:44:54Z, INFO]  ! Number of branches     : 30778","[2021-07-28T09:44:54Z, INFO]  ! Number of fails        : 13124","[2021-07-28T09:44:54Z, INFO]  ! Total memory usage     : 1.5 MB (1.4 MB CP Optimizer + 0.1 MB Concert)","[2021-07-28T09:44:54Z, INFO]  ! Time spent in solve    : 0.64s (0.63s engine + 0.02s extraction)","[2021-07-28T09:44:54Z, INFO]  ! Search speed (br. / s) : 48854.0","[2021-07-28T09:44:54Z, INFO]  ! ----------------------------------------------------------------------------","[2021-07-28T09:44:54Z, INFO] solve + export of all intermediate solutions done in 0.9660286903381348 secs","[2021-07-28T09:44:54Z, INFO] ScheduledActivities.csv","[2021-07-28T09:44:54Z, INFO] NotScheduledActivities.csv"]},"runtimeDetails":{"state":"STARTED"},"taskSetupMillis":7075,"taskSolveMillis":3676,"taskTearDownMillis":3908,"jobSpaceId":"ed9dd2bb-7b85-4819-8f39-e853d288ece7","jobId":"7af6433a-710e-4436-abf6-83ac396ab14c","ping":1627465485119}