{"creationTime":1651045194673,"lastModificationTime":1651045235821,"state":"TERMINATED","solveConfig":{"containerId":"Scenario 1","solveParameters":{"oaas.logAttachmentName":"log.txt","oaas.logTailEnabled":"true"},"setupWebHook":{"verb":"GET","url":"https://api.dataplatform.cloud.ibm.com/v1/cognitive/solve/preprocess/Scenario%201?projectId=d25f1f0d-0115-473b-a5ef-527c4bc8048f&parentId=BridgeScheduling","expectedStatus":200,"headers":{}},"tearDownWebHook":{"verb":"GET","url":"https://api.dataplatform.cloud.ibm.com/v1/cognitive/solve/postprocess/Scenario%201?projectId=d25f1f0d-0115-473b-a5ef-527c4bc8048f&parentId=BridgeScheduling","expectedStatus":200,"headers":{}}},"jobDetails":{"id":"3a95a2af-1bd6-4717-831d-5d8c34452492","createdAt":1651045197823,"startedAt":1651045224769,"endedAt":1651045228831,"submittedAt":1651045197823,"details":{"KPI.time to complete all activities":"116","MODEL_DETAIL_CONSTRAINTS":"195","MODEL_DETAIL_INTEGER_VARS":"0","MODEL_DETAIL_INTERVAL_VARS":"44","MODEL_DETAIL_KPIS":"[\"time to complete all activities\"]","MODEL_DETAIL_OBJECTIVE_SENSE":"minimize","MODEL_DETAIL_SEQUENCE_VARS":"0","MODEL_DETAIL_TYPE":"CPO Scheduling","PROGRESS_BEST_BOUND":"115.98840000000003","PROGRESS_BEST_OBJECTIVE":"115.98840000000003","PROGRESS_BEST_OBJECTIVE.history":"[[1651045226.61, \"68\"], [1651045227.51, \"115.98840000000003\"]]","PROGRESS_CURRENT_OBJECTIVE":"116.00000000000001","PROGRESS_CURRENT_OBJECTIVE.history":"[[1651045226.61, \"147\"], [1651045227.51, \"116.00000000000001\"]]","PROGRESS_GAP":"0.0001","PROGRESS_GAP.history":"[[1651045226.61, \"0.537415\"], [1651045227.51, \"0.0001\"]]","STAT.cpo.modelType":"CPO","STAT.cpo.size.constraints":"195","STAT.cpo.size.integerVariables":"0","STAT.cpo.size.intervalVariables":"44","STAT.cpo.size.sequenceVariables":"0","STAT.cpo.size.variables":"44","STAT.cpo.solve.memoryUsage":"1397158","STAT.cpo.solve.numberOfBranches":"30778","STAT.cpo.solve.time":"0.64","STAT.job.coresCount":"1","STAT.job.inputsReadMs":"1114","STAT.job.memoryPeakKB":"137484","STAT.job.modelProcessingMs":"1531","STAT.job.outputsWriteMs":"1143"},"executionStatus":"PROCESSED","solveStatus":"OPTIMAL_SOLUTION","logTail":["[2022-04-27T07:40:27Z, INFO]         116.0000    13000          1        F 146880  = startOf(_ITV_44)","[2022-04-27T07:40:27Z, INFO]         116.0000    14000          1          15840  = startOf(_ITV_14)","[2022-04-27T07:40:27Z, INFO]         116.0000    15000          1        F 86400  = startOf(_ITV_37)","[2022-04-27T07:40:27Z, INFO]         116.0000    16000          1          57600  = startOf(_ITV_12)","[2022-04-27T07:40:27Z, INFO]         116.0000    17000          1          38880  = endOf(_ITV_21)","[2022-04-27T07:40:27Z, INFO]         116.0000    18000          1          15840 != startOf(_ITV_26)","[2022-04-27T07:40:27Z, INFO]         116.0000    19000          1          41760 != startOf(_ITV_35)","[2022-04-27T07:40:27Z, INFO]         116.0000    20000          1        F 146880  = startOf(_ITV_44)","[2022-04-27T07:40:27Z, INFO]         116.0000    21000          1        F 146880  = startOf(_ITV_44)","[2022-04-27T07:40:27Z, INFO]         116.0000    22000          1           8640  = endOf(_ITV_1)","[2022-04-27T07:40:27Z, INFO]         116.0000    23000          1          30240  = startOf(_ITV_35)","[2022-04-27T07:40:27Z, INFO]         116.0000    24000          1          66240 != startOf(_ITV_22)","[2022-04-27T07:40:27Z, INFO]         116.0000    25000          1          92160 != startOf(_ITV_38)","[2022-04-27T07:40:27Z, INFO]         116.0000    26000          1        F 146880  = startOf(_ITV_44)","[2022-04-27T07:40:27Z, INFO]         116.0000    27000          1          15840  = startOf(_ITV_30)","[2022-04-27T07:40:27Z, INFO]         116.0000    28000          1          59040  = endOf(_ITV_18)","[2022-04-27T07:40:27Z, INFO]         116.0000    29000          1           8640  = endOf(_ITV_2)","[2022-04-27T07:40:27Z, INFO]         116.0000    30000          1        F 86400  = startOf(_ITV_12)","[2022-04-27T07:40:27Z, INFO]  ! Time = 0.49s, Average fail depth = 24, Memory usage = 1.4 MB","[2022-04-27T07:40:27Z, INFO]  ! Current bound is 106.9999 (gap is 7.76%)","[2022-04-27T07:40:27Z, INFO]  !          Best Branches  Non-fixed            Branch decision","[2022-04-27T07:40:27Z, INFO]  ! Using failure-directed search.","[2022-04-27T07:40:27Z, INFO]         116.0000    30724          1          155203 >= startOf(_ITV_29)","[2022-04-27T07:40:27Z, INFO]  + New bound is 107.7798 (gap is 7.09%)","[2022-04-27T07:40:27Z, INFO]         116.0000    30730          1          156457 >= startOf(_ITV_29)","[2022-04-27T07:40:27Z, INFO]  + New bound is 108.6506 (gap is 6.34%)","[2022-04-27T07:40:27Z, INFO]         116.0000    30751          1          156933 >= startOf(_ITV_29)","[2022-04-27T07:40:27Z, INFO]  + New bound is 108.9812 (gap is 6.05%)","[2022-04-27T07:40:27Z, INFO]         116.0000    30777          1        F 112993 >= startOf(_ITV_22)","[2022-04-27T07:40:27Z, INFO]  + New bound is 115.9884 (gap is 0.01%)","[2022-04-27T07:40:27Z, INFO]  ! ----------------------------------------------------------------------------","[2022-04-27T07:40:27Z, INFO]  ! Search completed, 8 solutions found.","[2022-04-27T07:40:27Z, INFO]  ! Best objective         : 116.0000 (optimal - effective tol. is 0.0116)","[2022-04-27T07:40:27Z, INFO]  ! Best bound             : 115.9884","[2022-04-27T07:40:27Z, INFO]  ! time to complete all activities: 116","[2022-04-27T07:40:27Z, INFO]  ! ----------------------------------------------------------------------------","[2022-04-27T07:40:27Z, INFO]  ! Number of branches     : 30778","[2022-04-27T07:40:27Z, INFO]  ! Number of fails        : 13124","[2022-04-27T07:40:27Z, INFO]  ! Total memory usage     : 1.5 MB (1.4 MB CP Optimizer + 0.1 MB Concert)","[2022-04-27T07:40:27Z, INFO]  ! Time spent in solve    : 0.65s (0.65s engine + 0.00s extraction)","[2022-04-27T07:40:27Z, INFO]  ! Search speed (br. / s) : 48090.6","[2022-04-27T07:40:27Z, INFO]  ! ----------------------------------------------------------------------------","[2022-04-27T07:40:27Z, INFO] solve + export of all intermediate solutions done in 1.0302598476409912 secs","[2022-04-27T07:40:27Z, INFO] ScheduledActivities.csv","[2022-04-27T07:40:27Z, INFO] NotScheduledActivities.csv"]},"runtimeDetails":{"state":"STARTED"},"taskSetupMillis":2975,"taskSolveMillis":32289,"taskTearDownMillis":5152,"jobSpaceId":"6d902298-59e9-4647-88fa-075fbff492fc","jobDeploymentId":"eeaf4b0c-914b-4ff5-a708-34ee1d5c59b9","jobId":"3a95a2af-1bd6-4717-831d-5d8c34452492","ping":1651045224880}