{"creationTime":1622215367547,"lastModificationTime":1622215396404,"state":"TERMINATED","solveConfig":{"containerId":"Scenario 1","solveParameters":{"oaas.logAttachmentName":"log.txt","oaas.logTailEnabled":"true"},"setupWebHook":{"verb":"GET","url":"https://api.dataplatform.cloud.ibm.com/v1/cognitive/solve/preprocess/Scenario%201?projectId=5bd7da6b-09da-4521-be71-3c7a69f90b61&parentId=BridgeScheduling","expectedStatus":200,"headers":{}},"tearDownWebHook":{"verb":"GET","url":"https://api.dataplatform.cloud.ibm.com/v1/cognitive/solve/postprocess/Scenario%201?projectId=5bd7da6b-09da-4521-be71-3c7a69f90b61&parentId=BridgeScheduling","expectedStatus":200,"headers":{}}},"jobDetails":{"id":"6f8b0653-56bc-4593-9598-a8a661a69557","createdAt":1622215374355,"startedAt":1622215375263,"endedAt":1622215385524,"submittedAt":1622215374355,"details":{"KPI.time to complete all activities":"116","MODEL_DETAIL_CONSTRAINTS":"197","MODEL_DETAIL_INTEGER_VARS":"1","MODEL_DETAIL_INTERVAL_VARS":"44","MODEL_DETAIL_KPIS":"[\"time to complete all activities\"]","MODEL_DETAIL_OBJECTIVE_SENSE":"minimize","MODEL_DETAIL_SEQUENCE_VARS":"0","MODEL_DETAIL_TYPE":"CPO Scheduling","PROGRESS_BEST_BOUND":"115.988","PROGRESS_BEST_OBJECTIVE":"115.988","PROGRESS_BEST_OBJECTIVE.history":"[[1622215376.07, \"68\"], [1622215384.31, \"115.988\"], [1622215376.47, \"107\"]]","PROGRESS_CURRENT_OBJECTIVE":"116","PROGRESS_CURRENT_OBJECTIVE.history":"[[1622215376.07, \"147\"], [1622215384.31, \"116\"], [1622215376.47, \"116\"]]","PROGRESS_GAP":"0.0001","PROGRESS_GAP.history":"[[1622215376.07, \"0.537415\"], [1622215384.31, \"0.0001\"], [1622215376.47, \"0.0775862\"]]","STAT.cpo.modelType":"CPO","STAT.cpo.size.constraints":"197","STAT.cpo.size.integerVariables":"1","STAT.cpo.size.intervalVariables":"44","STAT.cpo.size.sequenceVariables":"0","STAT.cpo.size.variables":"45","STAT.cpo.solve.memoryUsage":"1637243","STAT.cpo.solve.numberOfBranches":"368126","STAT.cpo.solve.time":"7.91","STAT.job.coresCount":"1","STAT.job.inputsReadMs":"499","STAT.job.memoryPeakKB":"127812","STAT.job.modelProcessingMs":"8583","STAT.job.outputsWriteMs":"1087"},"executionStatus":"PROCESSED","solveStatus":"OPTIMAL_SOLUTION","logTail":["[2021-05-28T15:23:03Z, INFO]              116     347k          1        F 146880  = startOf(_ITV_44)","[2021-05-28T15:23:03Z, INFO]              116     348k          1        F 146880  = startOf(_ITV_44)","[2021-05-28T15:23:03Z, INFO]              116     349k          1        F 146880  = startOf(_ITV_44)","[2021-05-28T15:23:03Z, INFO]              116     350k          1        F 86400  = startOf(_ITV_43)","[2021-05-28T15:23:03Z, INFO]              116     351k          1              0  = startOf(_ITV_41)","[2021-05-28T15:23:03Z, INFO]              116     352k          1        F 146880  = startOf(_ITV_44)","[2021-05-28T15:23:03Z, INFO]              116     353k          1        F         !presenceOf(_ITV_24)","[2021-05-28T15:23:03Z, INFO]              116     354k          1          43200  = startOf(_ITV_27)","[2021-05-28T15:23:03Z, INFO]              116     355k          1          79200  = endOf(_ITV_10)","[2021-05-28T15:23:03Z, INFO]              116     356k          1          40320  = startOf(_ITV_27)","[2021-05-28T15:23:04Z, INFO]              116     357k          1          73440  = startOf(_ITV_43)","[2021-05-28T15:23:04Z, INFO]              116     358k          1          47520  = startOf(_ITV_12)","[2021-05-28T15:23:04Z, INFO]              116     359k          1        F 146880  = startOf(_ITV_44)","[2021-05-28T15:23:04Z, INFO]              116     360k          1        F 50400  = startOf(_ITV_25)","[2021-05-28T15:23:04Z, INFO]              116     361k          1          10080  = startOf(_ITV_3)","[2021-05-28T15:23:04Z, INFO]              116     362k          1          18720  = endOf(_ITV_8)","[2021-05-28T15:23:04Z, INFO]              116     363k          1          20160  = startOf(_ITV_6)","[2021-05-28T15:23:04Z, INFO]              116     364k          1          70560  = startOf(_ITV_9)","[2021-05-28T15:23:04Z, INFO]              116     365k          1          10080  = startOf(_ITV_27)","[2021-05-28T15:23:04Z, INFO]              116     366k          1        F 79200  = endOf(_ITV_20)","[2021-05-28T15:23:04Z, INFO]  ! Time = 7.82s, Average fail depth = 21, Memory usage = 1.6 MB","[2021-05-28T15:23:04Z, INFO]  ! Current bound is 108.9784 (gap is 6.05%)","[2021-05-28T15:23:04Z, INFO]  !          Best Branches  Non-fixed            Branch decision","[2021-05-28T15:23:04Z, INFO]              116     367k          1          36000  = startOf(_ITV_35)","[2021-05-28T15:23:04Z, INFO]              116     368k          1        F  6330 &lt;= startOf(_ITV_28)","[2021-05-28T15:23:04Z, INFO]              116     368k         44        F 99349 &gt;= startOf(_ITV_23)","[2021-05-28T15:23:04Z, INFO]  + New bound is 115.9884 (gap is 0.01%)","[2021-05-28T15:23:04Z, INFO] Objective values: (116,)","[2021-05-28T15:23:04Z, INFO] time to complete all activities --&gt; 116","[2021-05-28T15:23:04Z, INFO] solution export done in 0.03815150260925293 secs","[2021-05-28T15:23:04Z, INFO]  ! ----------------------------------------------------------------------------","[2021-05-28T15:23:04Z, INFO]  ! Search completed, 9 solutions found.","[2021-05-28T15:23:04Z, INFO]  ! Best objective         : 116 (optimal - effective tol. is 0.0116)","[2021-05-28T15:23:04Z, INFO]  ! Best bound             : 115.9884","[2021-05-28T15:23:04Z, INFO]  ! time to complete all activities: 116","[2021-05-28T15:23:04Z, INFO]  ! ----------------------------------------------------------------------------","[2021-05-28T15:23:04Z, INFO]  ! Number of branches     : 368126","[2021-05-28T15:23:04Z, INFO]  ! Number of fails        : 150722","[2021-05-28T15:23:04Z, INFO]  ! Total memory usage     : 1.8 MB (1.6 MB CP Optimizer + 0.1 MB Concert)","[2021-05-28T15:23:04Z, INFO]  ! Time spent in solve    : 7.92s (7.91s engine + 0.02s extraction)","[2021-05-28T15:23:04Z, INFO]  ! Search speed (br. / s) : 46598.2","[2021-05-28T15:23:04Z, INFO]  ! ----------------------------------------------------------------------------","[2021-05-28T15:23:04Z, INFO] solve + export of all intermediate solutions done in 8.33008074760437 secs","[2021-05-28T15:23:04Z, INFO] ScheduledActivities.csv","[2021-05-28T15:23:04Z, INFO] NotScheduledActivities.csv"]},"runtimeDetails":{"state":"STARTED"},"taskSetupMillis":6168,"taskSolveMillis":14337,"taskTearDownMillis":5517,"jobSpaceId":"cf8149be-2496-4afc-b3cc-e5aea64024d2","jobId":"6f8b0653-56bc-4593-9598-a8a661a69557","ping":1622215398512}