{"goalObjectives":[{"weight":1.0,"weightedValue":445.0,"value":445.0,"verbalization":"Maximize total expected value of Candidates over all selections","scaledWeight":1.0}],"decisions_sorted_columns":{"Candidates selection":["Candidates __line","Candidates expected value","Candidates Customer id","Candidates Campaign id","total expected value of Candidates over all selections"]},"decisions_schema":{"Candidates selection":[{"domainConcepts":"","semantic":"cSelection[Candidates],Candidates,Customer","level":2,"isKPI":false,"concept":"Customer","isKey":false,"isDecision":false,"id":"Candidates Customer id","type":"STRING"},{"domainConcepts":"","semantic":"cSelection[Candidates],Candidates,Campaign","level":2,"isKPI":false,"concept":"Campaign","isKey":false,"isDecision":false,"id":"Candidates Campaign id","type":"STRING"},{"domainConcepts":"cItem","semantic":"cSelection[Candidates],Candidates","level":1,"isKPI":false,"concept":"Candidates","isKey":false,"isDecision":false,"id":"Candidates expected value","type":"NUMBER"},{"domainConcepts":"cItem","semantic":"cSelection[Candidates],Candidates","level":1,"isKPI":false,"concept":"Candidates","isKey":true,"isDecision":false,"id":"Candidates __line","type":"STRING"},{"domainConcepts":"cSelection","level":10,"isKPI":false,"concept":"cSelection[Candidates]","isKey":false,"isDecision":false,"id":"total expected value of Candidates over all selections","type":"NUMBER"}]},"decisions":{"Candidates selection":[{"Candidates Customer id":"Customer 7","Candidates Campaign id":"Home","Candidates __line":"L_8","Candidates expected value":80,"total expected value of Candidates over all selections":80.0},{"Candidates Customer id":"Customer 9","Candidates Campaign id":"Auto","Candidates __line":"L_19","Candidates expected value":110,"total expected value of Candidates over all selections":110.0},{"Candidates Customer id":"Customer 1","Candidates Campaign id":"Home","Candidates __line":"L_2","Candidates expected value":100,"total expected value of Candidates over all selections":100.0},{"Candidates Customer id":"Customer 4","Candidates Campaign id":"Auto","Candidates __line":"L_14","Candidates expected value":80,"total expected value of Candidates over all selections":80.0},{"Candidates Customer id":"Customer 5","Candidates Campaign id":"Home","Candidates __line":"L_6","Candidates expected value":75,"total expected value of Candidates over all selections":75.0}]}}