Day,Employee,OnCallDuty decision,Day on-call requirement,Day index,Employee seniority,Employee qualification,Employee pay rate
Friday,Cindy,1.0,8,5,5,2,21
Friday,David,1.0,8,5,1,2,15
Friday,Debbie,1.0,8,5,7,2,24
Friday,Joan,1.0,8,5,5,3,24
Friday,Joyce,1.0,8,5,8,3,29
Friday,Kate,1.0,8,5,5,3,24
Friday,Patricia,1.0,8,5,1,1,13
Friday,Wendie,1.0,8,5,5,2,21
Monday,Anne,1.0,10,1,11,1,25
Monday,Dee,1.0,10,1,3,3,21
Monday,Janice,1.0,10,1,2,2,17
Monday,Jemma,1.0,10,1,2,4,22
Monday,Juliet,1.0,10,1,7,4,31
Monday,Nathalie,1.0,10,1,9,5,38
Monday,Nicole,1.0,10,1,0,2,14
Monday,Patrick,1.0,10,1,6,1,19
Monday,Vickie,1.0,10,1,7,1,20
Monday,Zoe,1.0,10,1,8,3,29
Saturday,Bethanie,1.0,4,6,4,5,28
Saturday,Cathy,1.0,4,6,2,2,17
Saturday,Cecilia,1.0,4,6,9,5,38
Saturday,Chris,1.0,4,6,11,4,38
Thursday,Anne,1.0,10,4,11,1,25
Thursday,Debbie,1.0,10,4,7,2,24
Thursday,Dee,1.0,10,4,3,3,21
Thursday,Janelle,1.0,10,4,4,3,22
Thursday,Janice,1.0,10,4,2,2,17
Thursday,Jude,1.0,10,4,4,3,22
Thursday,Nicole,1.0,10,4,0,2,14
Thursday,Patricia,1.0,10,4,1,1,13
Thursday,Roberta,1.0,10,4,3,5,26
Thursday,Suzanne,1.0,10,4,5,1,18
Tuesday,Cecilia,1.0,10,2,9,5,38
Tuesday,Isabelle,1.0,10,2,3,1,16
Tuesday,Janelle,1.0,10,2,4,3,22
Tuesday,Jemma,1.0,10,2,2,4,22
Tuesday,Nancy,1.0,10,2,8,4,32
Tuesday,Nathalie,1.0,10,2,9,5,38
Tuesday,Patrick,1.0,10,2,6,1,19
Tuesday,Vickie,1.0,10,2,7,1,20
Tuesday,Wendie,1.0,10,2,5,2,21
Tuesday,Zoe,1.0,10,2,8,3,29
Wednesday,Betsy,1.0,10,3,2,2,17
Wednesday,Gloria,1.0,10,3,8,2,25
Wednesday,Isabelle,1.0,10,3,3,1,16
Wednesday,Jane,1.0,10,3,3,4,23
Wednesday,Jude,1.0,10,3,4,3,22
Wednesday,Julie,1.0,10,3,6,2,22
Wednesday,Juliet,1.0,10,3,7,4,31
Wednesday,Kate,1.0,10,3,5,3,24
Wednesday,Roberta,1.0,10,3,3,5,26
Wednesday,Suzanne,1.0,10,3,5,1,18
