{"creationTime":1651064048044,"lastModificationTime":1651064048044,"state":"TERMINATED","solveConfig":{"containerId":"SimpleAssignment","solveParameters":{},"setupWebHook":{"verb":"GET","url":"https://internal-nginx-svc:12443/v1/cognitive/solve/preprocess/SimpleAssignment?projectId=0e14ce68-22dd-40e6-b646-df3586b97c0e&parentId=ShiftAssignment","expectedStatus":200,"headers":{}},"tearDownWebHook":{"verb":"GET","url":"https://internal-nginx-svc:12443/v1/cognitive/solve/postprocess/SimpleAssignment?projectId=0e14ce68-22dd-40e6-b646-df3586b97c0e&parentId=ShiftAssignment","expectedStatus":200,"headers":{}}},"jobDetails":{"id":"8f5eccd3-5710-4461-892b-5a644b2852b0","createdAt":1648645094507,"startedAt":1648645095790,"endedAt":1648645097678,"submittedAt":1648645094507,"details":{"KPI.the number of Employee-Shift assignments":"130.0","MODEL_DETAIL_BOOLEAN_VARS":"1664","MODEL_DETAIL_CONSTRAINTS":"246","MODEL_DETAIL_CONTINUOUS_VARS":"0","MODEL_DETAIL_INTEGER_VARS":"0","MODEL_DETAIL_KPIS":"[\"the number of Employee-Shift assignments\"]","MODEL_DETAIL_NONZEROS":"4517","MODEL_DETAIL_OBJECTIVE_SENSE":"maximize","MODEL_DETAIL_TYPE":"MILP","PROGRESS_BEST_OBJECTIVE":"97630.0","PROGRESS_BEST_OBJECTIVE.history":"[[1648645097.13, 97630.0]]","PROGRESS_CURRENT_OBJECTIVE":"97630.0","PROGRESS_CURRENT_OBJECTIVE.history":"[[1648645097.13, 97630.0]]","PROGRESS_GAP":"0.0","PROGRESS_GAP.history":"[[1648645097.13, 0.0]]","STAT.cplex.modelType":"MILP","STAT.cplex.size.booleanVariables":"1664","STAT.cplex.size.constraints":"246","STAT.cplex.size.continousVariables":"0","STAT.cplex.size.integerVariables":"0","STAT.cplex.size.linearConstraints":"246","STAT.cplex.size.quadraticConstraints":"0","STAT.cplex.size.variables":"1664","STAT.job.coresCount":"1","STAT.job.inputsReadMs":"876","STAT.job.memoryPeakKB":"111572","STAT.job.modelProcessingMs":"461","STAT.job.outputsWriteMs":"250"},"executionStatus":"PROCESSED","solveStatus":"OPTIMAL_SOLUTION","logTail":["[2022-03-30T12:58:17Z, INFO] Legacy callback                                  i","[2022-03-30T12:58:17Z, INFO] Found incumbent of value 0.000000 after 0.00 sec. (0.04 ticks)","[2022-03-30T12:58:17Z, INFO] Tried aggregator 1 time.","[2022-03-30T12:58:17Z, INFO] MIP Presolve eliminated 92 rows and 1086 columns.","[2022-03-30T12:58:17Z, INFO] Reduced MIP has 154 rows, 578 columns, and 1156 nonzeros.","[2022-03-30T12:58:17Z, INFO] Reduced MIP has 578 binaries, 0 generals, 0 SOSs, and 0 indicators.","[2022-03-30T12:58:17Z, INFO] Presolve time = 0.00 sec. (1.51 ticks)","[2022-03-30T12:58:17Z, INFO] Probing time = 0.00 sec. (0.25 ticks)","[2022-03-30T12:58:17Z, INFO] Tried aggregator 1 time.","[2022-03-30T12:58:17Z, INFO] MIP Presolve eliminated 122 rows and 449 columns.","[2022-03-30T12:58:17Z, INFO] Reduced MIP has 32 rows, 129 columns, and 258 nonzeros.","[2022-03-30T12:58:17Z, INFO] Reduced MIP has 129 binaries, 0 generals, 0 SOSs, and 0 indicators.","[2022-03-30T12:58:17Z, INFO] Presolve time = 0.00 sec. (0.34 ticks)","[2022-03-30T12:58:17Z, INFO] Probing time = 0.00 sec. (0.06 ticks)","[2022-03-30T12:58:17Z, INFO] Tried aggregator 1 time.","[2022-03-30T12:58:17Z, INFO] Detecting symmetries...","[2022-03-30T12:58:17Z, INFO] Reduced MIP has 32 rows, 129 columns, and 258 nonzeros.","[2022-03-30T12:58:17Z, INFO] Reduced MIP has 129 binaries, 0 generals, 0 SOSs, and 0 indicators.","[2022-03-30T12:58:17Z, INFO] Presolve time = 0.00 sec. (0.27 ticks)","[2022-03-30T12:58:17Z, INFO] Probing time = 0.00 sec. (0.06 ticks)","[2022-03-30T12:58:17Z, INFO] Clique table members: 24.","[2022-03-30T12:58:17Z, INFO] MIP emphasis: balance optimality and feasibility.","[2022-03-30T12:58:17Z, INFO] MIP search method: dynamic search.","[2022-03-30T12:58:17Z, INFO] Parallel mode: none, using 1 thread.","[2022-03-30T12:58:17Z, INFO] Root relaxation solution time = 0.00 sec. (0.17 ticks)","[2022-03-30T12:58:17Z, INFO] ","[2022-03-30T12:58:17Z, INFO]         Nodes                                         Cuts/","[2022-03-30T12:58:17Z, INFO]    Node  Left     Objective  IInf  Best Integer    Best Bound    ItCnt     Gap","[2022-03-30T12:58:17Z, INFO] ","[2022-03-30T12:58:17Z, INFO] *     0+    0                        79606.0000   176485.0000           121.70%","[2022-03-30T12:58:17Z, INFO] *     0     0      integral     0    97630.0000    97630.0000       64    0.00%","[2022-03-30T12:58:17Z, INFO] Elapsed time = 0.01 sec. (8.80 ticks, tree = 0.00 MB, solutions = 3)","[2022-03-30T12:58:17Z, INFO] ","[2022-03-30T12:58:17Z, INFO] Root node processing (before b&c):","[2022-03-30T12:58:17Z, INFO]   Real time             =    0.01 sec. (8.88 ticks)","[2022-03-30T12:58:17Z, INFO] Sequential b&c:","[2022-03-30T12:58:17Z, INFO]   Real time             =    0.00 sec. (0.00 ticks)","[2022-03-30T12:58:17Z, INFO]                           ------------","[2022-03-30T12:58:17Z, INFO] Total (root+branch&cut) =    0.01 sec. (8.88 ticks)","[2022-03-30T12:58:17Z, INFO] Solve status: JobSolveStatus.OPTIMAL_SOLUTION","[2022-03-30T12:58:17Z, INFO] * model docplex_model1 solved with objective = 97630.000","[2022-03-30T12:58:17Z, INFO] *  KPI: the number of Employee-Shift assignments = 130.000","[2022-03-30T12:58:17Z, INFO] model solve done in 0.04070734977722168 secs","[2022-03-30T12:58:17Z, INFO] solution export done in 0.08407998085021973 secs","[2022-03-30T12:58:17Z, INFO] AssignedShifts.csv"]},"runtimeDetails":{"state":"STARTED"},"taskSetupMillis":6378,"taskSolveMillis":4085,"taskTearDownMillis":2475,"jobSpaceId":"5f6efc9a-f726-4409-b93e-446a080a3f16","jobDeploymentId":"212ccc21-77b6-47ff-8909-8b032c7b124f","jobId":"8f5eccd3-5710-4461-892b-5a644b2852b0","ping":1648645088200}