{"qualifiers":[{"name":"modelType","value":"cognitive"}],"parentId":"SupplyDemandPlanning","description":"Created by DSXPersistence","category":"scenario","readOnly":false,"creator":"stephane.michel@fr.ibm.com","createdAt":1532939115996,"usage":{"lastModificationTime":1532944586050,"lastModifier":"stephane.michel@fr.ibm.com"},"dataUsagePerCategory":{"input":{"lastModificationTime":1532944573346,"lastModifier":"stephane.michel@fr.ibm.com"},"CO_ASSET_SESSION":{"lastModificationTime":1532939125242,"lastModifier":"stephane.michel@fr.ibm.com"},"output":{"lastModificationTime":1532944586050,"lastModifier":"stephane.michel@fr.ibm.com"},"model":{"lastModificationTime":1532944581869,"lastModifier":"stephane.michel@fr.ibm.com"},"CO_ASSET":{"lastModificationTime":1532944585981,"lastModifier":"stephane.michel@fr.ibm.com"}},"state":"available","tables":[{"tableType":{"columns":[{"key":"Product","dataType":"String"},{"key":"Market","dataType":"String"},{"key":"Value","dataType":"Number"}]},"name":"initial_inventory","category":"input","numberOfRows":22,"creator":"stephane.michel@fr.ibm.com","createdAt":1532939116648,"lastUpdater":"stephane.michel@fr.ibm.com","updatedAt":1532939116648,"path":"initial_inventory.csv"},{"tableType":{"columns":[{"key":"Product","dataType":"String"},{"key":"Market","dataType":"String"},{"key":"Month","dataType":"String"},{"key":"Value","dataType":"Number"}]},"name":"marginal_profit","category":"input","numberOfRows":66,"creator":"stephane.michel@fr.ibm.com","createdAt":1532939117298,"lastUpdater":"stephane.michel@fr.ibm.com","updatedAt":1532939117298,"path":"marginal_profit.csv"},{"tableType":{"columns":[{"key":"Name","dataType":"String"},{"key":"Region","dataType":"String"}]},"name":"market","category":"input","numberOfRows":11,"creator":"stephane.michel@fr.ibm.com","createdAt":1532939117907,"lastUpdater":"stephane.michel@fr.ibm.com","updatedAt":1532939117907,"path":"market.csv"},{"tableType":{"columns":[{"key":"Plant","dataType":"String"},{"key":"Month","dataType":"String"},{"key":"Value","dataType":"Number"}]},"name":"plant_month_capacity","category":"input","numberOfRows":21,"creator":"stephane.michel@fr.ibm.com","createdAt":1532939118519,"lastUpdater":"stephane.michel@fr.ibm.com","updatedAt":1532939118519,"path":"plant_month_capacity.csv"},{"tableType":{"columns":[{"key":"Name","dataType":"String"},{"key":"Type","dataType":"String"},{"key":"Maturity","dataType":"String"},{"key":"Price Level","dataType":"String"}]},"name":"product","category":"input","numberOfRows":2,"creator":"stephane.michel@fr.ibm.com","createdAt":1532939119132,"lastUpdater":"stephane.michel@fr.ibm.com","updatedAt":1532939119132,"path":"product.csv"},{"tableType":{"columns":[{"key":"Name","dataType":"String"},{"key":"Quarter","dataType":"String"},{"key":"Next","dataType":"String"},{"key":"Index","dataType":"Number"}]},"name":"month","category":"input","numberOfRows":3,"creator":"stephane.michel@fr.ibm.com","createdAt":1532939119713,"lastUpdater":"stephane.michel@fr.ibm.com","updatedAt":1532939119713,"path":"month.csv"},{"tableType":{"columns":[{"key":"Name","dataType":"String"}]},"name":"plant","category":"input","numberOfRows":7,"creator":"stephane.michel@fr.ibm.com","createdAt":1532939120327,"lastUpdater":"stephane.michel@fr.ibm.com","updatedAt":1532939120327,"path":"plant.csv"},{"tableType":{"columns":[{"key":"Plant","dataType":"String"},{"key":"Product","dataType":"String"},{"key":"Value","dataType":"Number"}]},"name":"plant_product_cost","category":"input","numberOfRows":14,"creator":"stephane.michel@fr.ibm.com","createdAt":1532939120938,"lastUpdater":"stephane.michel@fr.ibm.com","updatedAt":1532939120938,"path":"plant_product_cost.csv"},{"tableType":{"columns":[{"key":"Plant","dataType":"String"},{"key":"Product","dataType":"String"},{"key":"Value","dataType":"Number"}]},"name":"plant_product_capacity","category":"input","numberOfRows":14,"creator":"stephane.michel@fr.ibm.com","createdAt":1532939121593,"lastUpdater":"stephane.michel@fr.ibm.com","updatedAt":1532939121593,"path":"plant_product_capacity.csv"},{"tableType":{"columns":[{"key":"Product","dataType":"String"},{"key":"Market","dataType":"String"},{"key":"Month","dataType":"String"},{"key":"Value","dataType":"Number"}]},"name":"firm_sales","category":"input","numberOfRows":60,"creator":"stephane.michel@fr.ibm.com","createdAt":1532939122270,"lastUpdater":"stephane.michel@fr.ibm.com","updatedAt":1532939122270,"path":"firm_sales.csv"},{"tableType":{"columns":[{"key":"Product","dataType":"String"},{"key":"Market","dataType":"String"},{"key":"Month","dataType":"String"},{"key":"Value","dataType":"Number"}]},"name":"demand","category":"input","lineage":"Copied from demand.csv","numberOfRows":66,"creator":"stephane.michel@fr.ibm.com","createdAt":1532939122885,"lastUpdater":"stephane.michel@fr.ibm.com","updatedAt":1532944573346,"path":"demand.csv"},{"tableType":{"columns":[{"key":"ID","dataType":"String"},{"key":"first_month","dataType":"String"}]},"name":"parameters","category":"input","numberOfRows":1,"creator":"stephane.michel@fr.ibm.com","createdAt":1532939123515,"lastUpdater":"stephane.michel@fr.ibm.com","updatedAt":1532939123515,"path":"parameters.csv"},{"tableType":{"columns":[{"key":"id_of_Plant","dataType":"String"},{"key":"id_of_Month","dataType":"String"},{"key":"id_of_Product","dataType":"String"},{"key":"productionVar","dataType":"Number"}]},"name":"list_of_Production_solution","category":"output","numberOfRows":42,"creator":"stephane.michel@fr.ibm.com","createdAt":1532944584516,"lastUpdater":"stephane.michel@fr.ibm.com","updatedAt":1532944584516,"path":"list_of_Production_solution.csv"},{"tableType":{"columns":[{"key":"id_of_Market","dataType":"String"},{"key":"id_of_Month","dataType":"String"},{"key":"id_of_Product","dataType":"String"},{"key":"executedSalesVar","dataType":"Number"}]},"name":"list_of_ExecutedSales_solution","category":"output","numberOfRows":66,"creator":"stephane.michel@fr.ibm.com","createdAt":1532944584666,"lastUpdater":"stephane.michel@fr.ibm.com","updatedAt":1532944584666,"path":"list_of_ExecutedSales_solution.csv"},{"tableType":{"columns":[{"key":"id_of_Plant","dataType":"String"},{"key":"id_of_Month","dataType":"String"},{"key":"id_of_Product","dataType":"String"},{"key":"inventoryVar","dataType":"Number"}]},"name":"list_of_Inventory_solution","category":"output","numberOfRows":42,"creator":"stephane.michel@fr.ibm.com","createdAt":1532944584709,"lastUpdater":"stephane.michel@fr.ibm.com","updatedAt":1532944584709,"path":"list_of_Inventory_solution.csv"},{"tableType":{"columns":[{"key":"id_of_Market","dataType":"String"},{"key":"id_of_Month","dataType":"String"},{"key":"id_of_Product","dataType":"String"},{"key":"customerInventoryVar","dataType":"Number"}]},"name":"list_of_CustomerInventory_solution","category":"output","numberOfRows":66,"creator":"stephane.michel@fr.ibm.com","createdAt":1532944584757,"lastUpdater":"stephane.michel@fr.ibm.com","updatedAt":1532944584757,"path":"list_of_CustomerInventory_solution.csv"},{"tableType":{"columns":[{"key":"Name","dataType":"String"},{"key":"Value","dataType":"Number"},{"key":"Slider","dataType":"Number"},{"key":"Weight factor","dataType":"Number"},{"key":"Scale factor","dataType":"Number"},{"key":"Scaled weighted value","dataType":"Number"}]},"name":"kpis","category":"output","numberOfRows":4,"creator":"stephane.michel@fr.ibm.com","createdAt":1532944584818,"lastUpdater":"stephane.michel@fr.ibm.com","updatedAt":1532944585773,"path":"kpis.csv"},{"tableType":{"columns":[{"key":"id_of_Plant","dataType":"String"},{"key":"id_of_Market","dataType":"String"},{"key":"id_of_Month","dataType":"String"},{"key":"id_of_Product","dataType":"String"},{"key":"deliveryVar","dataType":"Number"}]},"name":"list_of_Delivery_solution","category":"output","numberOfRows":462,"creator":"stephane.michel@fr.ibm.com","createdAt":1532944584870,"lastUpdater":"stephane.michel@fr.ibm.com","updatedAt":1532944584870,"path":"list_of_Delivery_solution.csv"},{"tableType":{"columns":[{"key":"plant Name","dataType":"String"},{"key":"month Name","dataType":"String"},{"key":"product Name","dataType":"String"},{"key":"value","dataType":"Number"},{"key":"month Index","dataType":"Number"},{"key":"month Quarter","dataType":"String"},{"key":"product Maturity","dataType":"String"},{"key":"product Price Level","dataType":"String"},{"key":"product Type","dataType":"String"}]},"name":"plant_inventory_report","category":"output","numberOfRows":42,"creator":"stephane.michel@fr.ibm.com","createdAt":1532944585629,"lastUpdater":"stephane.michel@fr.ibm.com","updatedAt":1532944585629,"path":"plant_inventory_report.csv"},{"tableType":{"columns":[{"key":"market Name","dataType":"String"},{"key":"month Name","dataType":"String"},{"key":"product Name","dataType":"String"},{"key":"value","dataType":"Number"},{"key":"month Index","dataType":"Number"},{"key":"month Quarter","dataType":"String"},{"key":"product Maturity","dataType":"String"},{"key":"product Price Level","dataType":"String"},{"key":"product Type","dataType":"String"},{"key":"market Region","dataType":"String"},{"key":"month Next Name","dataType":"String"},{"key":"demand Value","dataType":"Number"},{"key":"firm_sales Value","dataType":"Number"},{"key":"marginal_profit Value","dataType":"Number"},{"key":"market sales","dataType":"Number"},{"key":"sales profit based on marginal_profit","dataType":"Number"}]},"name":"Executed_sales_report","category":"output","numberOfRows":66,"creator":"stephane.michel@fr.ibm.com","createdAt":1532944585828,"lastUpdater":"stephane.michel@fr.ibm.com","updatedAt":1532944585829,"path":"Executed_sales_report.csv"},{"tableType":{"columns":[{"key":"plant Name","dataType":"String"},{"key":"month Name","dataType":"String"},{"key":"product Name","dataType":"String"},{"key":"value","dataType":"Number"},{"key":"month Index","dataType":"Number"},{"key":"month Quarter","dataType":"String"},{"key":"product Maturity","dataType":"String"},{"key":"product Price Level","dataType":"String"},{"key":"product Type","dataType":"String"},{"key":"month Next Name","dataType":"String"},{"key":"overall production cost based on plant_product_cost","dataType":"Number"}]},"name":"Production_report","category":"output","numberOfRows":42,"creator":"stephane.michel@fr.ibm.com","createdAt":1532944585875,"lastUpdater":"stephane.michel@fr.ibm.com","updatedAt":1532944585875,"path":"Production_report.csv"},{"tableType":{"columns":[{"key":"market Name","dataType":"String"},{"key":"month Name","dataType":"String"},{"key":"product Name","dataType":"String"},{"key":"value","dataType":"Number"},{"key":"month Index","dataType":"Number"},{"key":"month Quarter","dataType":"String"},{"key":"product Maturity","dataType":"String"},{"key":"product Price Level","dataType":"String"},{"key":"product Type","dataType":"String"},{"key":"market Region","dataType":"String"},{"key":"demand Value","dataType":"Number"},{"key":"firm_sales Value","dataType":"Number"},{"key":"marginal_profit Value","dataType":"Number"},{"key":"total inventory at markets","dataType":"Number"}]},"name":"markets_inventory_report","category":"output","numberOfRows":66,"creator":"stephane.michel@fr.ibm.com","createdAt":1532944585918,"lastUpdater":"stephane.michel@fr.ibm.com","updatedAt":1532944585918,"path":"markets_inventory_report.csv"},{"tableType":{"columns":[{"key":"plant Name","dataType":"String"},{"key":"market Name","dataType":"String"},{"key":"month Name","dataType":"String"},{"key":"product Name","dataType":"String"},{"key":"value","dataType":"Number"},{"key":"month Index","dataType":"Number"},{"key":"month Quarter","dataType":"String"},{"key":"product Maturity","dataType":"String"},{"key":"product Price Level","dataType":"String"},{"key":"product Type","dataType":"String"},{"key":"market Region","dataType":"String"}]},"name":"Delivery_report","category":"output","numberOfRows":462,"creator":"stephane.michel@fr.ibm.com","createdAt":1532944586050,"lastUpdater":"stephane.michel@fr.ibm.com","updatedAt":1532944586050,"path":"Delivery_report.csv"}],"assets":[{"name":"CO_SESSION.json","category":"CO_ASSET_SESSION","creator":"stephane.michel@fr.ibm.com","createdAt":1532939125242,"lastUpdater":"stephane.michel@fr.ibm.com","updatedAt":1532939125242,"contentType":"application/json; charset=utf-8","path":"CO_SESSION.json"},{"name":"model.py","category":"model","creator":"stephane.michel@fr.ibm.com","createdAt":1532939677970,"lastUpdater":"stephane.michel@fr.ibm.com","updatedAt":1532944581869,"contentType":"application/json; charset=utf-8","path":"model.py"},{"name":"log.txt","category":"output","creator":"stephane.michel@fr.ibm.com","createdAt":1532944584619,"lastUpdater":"stephane.michel@fr.ibm.com","updatedAt":1532944584619,"path":"log.txt"},{"name":"CO_SOLUTION_TEXT.json","category":"CO_ASSET","creator":"stephane.michel@fr.ibm.com","createdAt":1532944585716,"lastUpdater":"stephane.michel@fr.ibm.com","updatedAt":1532944585716,"contentType":"application/json; charset=utf-8","path":"CO_SOLUTION_TEXT.json"},{"name":"CO_SOLUTION_JSON.json","category":"CO_ASSET","creator":"stephane.michel@fr.ibm.com","createdAt":1532944585981,"lastUpdater":"stephane.michel@fr.ibm.com","updatedAt":1532944585981,"contentType":"application/json; charset=utf-8","path":"CO_SOLUTION_JSON.json"}]}