{"creationTime":1687855267567,"lastModificationTime":1687855520959,"state":"TERMINATED","solveConfig":{"containerId":"Scenario 1","solveParameters":{}},"jobDetails":{"id":"2fc4b2fb-f5a3-47e9-883f-b17fef4fc118","createdAt":1687855269350,"startedAt":1687855513961,"endedAt":1687855517178,"submittedAt":1687855269350,"details":{"MODEL_DETAIL_BOOLEAN_VARS":"0","MODEL_DETAIL_CONSTRAINTS":"5","MODEL_DETAIL_CONTINUOUS_VARS":"6","MODEL_DETAIL_INTEGER_VARS":"0","MODEL_DETAIL_LINEAR_CONSTRAINTS":"5","MODEL_DETAIL_NON_ZEROS":"12","MODEL_DETAIL_OBJECTIVE_SENSE":"minimize","MODEL_DETAIL_QUADRATIC_CONSTRAINTS":"0","MODEL_DETAIL_TYPE":"LP","PROGRESS_BEST_OBJECTIVE.history":"[]","PROGRESS_CURRENT_OBJECTIVE":"372","PROGRESS_CURRENT_OBJECTIVE.history":"[[1.687855516774E9,372]]","PROGRESS_GAP.history":"[]","STAT.cplex.modelType":"LP","STAT.cplex.size.booleanVariables":"0","STAT.cplex.size.constraints":"5","STAT.cplex.size.continousVariables":"6","STAT.cplex.size.integerVariables":"0","STAT.cplex.size.linearConstraints":"5","STAT.cplex.size.quadraticConstraints":"0","STAT.cplex.size.variables":"6","STAT.job.coresCount":"1","STAT.job.inputsReadMs":"1891","STAT.job.memoryPeakKB":"121972","STAT.job.modelProcessingMs":"968","STAT.job.outputsWriteMs":"186"},"executionStatus":"PROCESSED","solveStatus":"OPTIMAL_SOLUTION","logTail":["[2023-06-27T08:45:16.469Z, INFO] No such element: 'input' in OPL model input data.","[2023-06-27T08:45:16.662Z, INFO] Initialization of Products.","[2023-06-27T08:45:16.663Z, INFO] Initialization of TProduct.","[2023-06-27T08:45:16.664Z, INFO] Initialization of Resources.","[2023-06-27T08:45:16.666Z, INFO] Initialization of TResource.","[2023-06-27T08:45:16.667Z, INFO] Initialization of Consumptions.","[2023-06-27T08:45:16.668Z, INFO] Initialization of TConsumption.","[2023-06-27T08:45:16.669Z, INFO] Initialization of totalInsideCost.","[2023-06-27T08:45:16.670Z, INFO] Initialization of Inside.","[2023-06-27T08:45:16.671Z, INFO] Initialization of totalOutsideCost.","[2023-06-27T08:45:16.672Z, INFO] Initialization of Outside.","[2023-06-27T08:45:16.672Z, INFO] Initialization of ctCapacity.","[2023-06-27T08:45:16.673Z, INFO] Initialization of ctDemand.","[2023-06-27T08:45:16.803Z, WARNING] Effective number of workers to be used for solve has been updated to: '1' (original value was: '0')","[2023-06-27T08:45:16.858Z, INFO] Version identifier: 22.1.1.0 | 2023-06-15 | d64d5bd77","[2023-06-27T08:45:16.861Z, INFO] CPXPARAM_Threads                                 1","[2023-06-27T08:45:16.863Z, INFO] Tried aggregator 1 time.","[2023-06-27T08:45:16.864Z, INFO] No LP presolve or aggregator reductions.","[2023-06-27T08:45:16.866Z, INFO] Presolve time = 0.00 sec. (0.00 ticks)","[2023-06-27T08:45:16.867Z, INFO] Iteration log . . .","[2023-06-27T08:45:16.868Z, INFO] Iteration:     1   Dual objective     =            90.000000","[2023-06-27T08:45:16.871Z, INFO] attachment : stats.csv","[2023-06-27T08:45:16.884Z, INFO] Initialization of plan.","[2023-06-27T08:45:16.886Z, INFO] Initialization of TPlannedProduction.","[2023-06-27T08:45:16.887Z, INFO] Initialization of plan.","[2023-06-27T08:45:16.891Z, INFO] attachment : plan.csv","[2023-06-27T08:45:16.959Z, INFO] Total time spent in post processing: 0 msecs.","[2023-06-27T08:45:16.960Z, INFO] Solve finished with status: OPTIMAL_SOLUTION."]},"runtimeDetails":{"state":"STARTED"},"taskSetupMillis":1684,"taskSolveMillis":250081,"taskTearDownMillis":418,"jobSpaceId":"3d14a570-f6e3-4665-bd9b-5b4b94d83c31","jobDeploymentId":"6c2723be-0f69-4e41-842e-7ed55f203426","jobId":"2fc4b2fb-f5a3-47e9-883f-b17fef4fc118","ping":1687855507702}