{"creationTime":1687855547480,"lastModificationTime":1687855558596,"state":"TERMINATED","solveConfig":{"containerId":"scenario 1","solveParameters":{"oaas.logAttachmentName":"log.txt","oaas.logTailEnabled":"true"},"setupWebHook":{"verb":"GET","url":"https://internal-nginx-svc:12443/v1/cognitive/solve/preprocess/scenario%201?projectId=9d08fb61-4c2d-4eaa-b28e-255cccbc8df8&parentId=MarketingCampaignAssignment","expectedStatus":200,"headers":{}},"tearDownWebHook":{"verb":"GET","url":"https://internal-nginx-svc:12443/v1/cognitive/solve/postprocess/scenario%201?projectId=9d08fb61-4c2d-4eaa-b28e-255cccbc8df8&parentId=MarketingCampaignAssignment","expectedStatus":200,"headers":{}}},"jobDetails":{"id":"8796711d-3eb0-46f7-9f15-5ad682bc3019","createdAt":1687855551752,"startedAt":1687855552276,"endedAt":1687855553800,"submittedAt":1687855551752,"details":{"KPI.overall quality or value of Customer-Campaign assignments according to Candidates":"745.0","KPI.the number of Customer-Campaign assignments":"9.0","MODEL_DETAIL_BOOLEAN_VARS":"27","MODEL_DETAIL_CONSTRAINTS":"12","MODEL_DETAIL_CONTINUOUS_VARS":"0","MODEL_DETAIL_INTEGER_VARS":"0","MODEL_DETAIL_KPIS":"[\"the number of Customer-Campaign assignments\", \"overall quality or value of Customer-Campaign assignments according to Candidates\"]","MODEL_DETAIL_NONZEROS":"54","MODEL_DETAIL_OBJECTIVE_SENSE":"maximize","MODEL_DETAIL_TYPE":"MILP","PROGRESS_BEST_OBJECTIVE":"12064.0","PROGRESS_BEST_OBJECTIVE.history":"[[1687855553.51, 12064.0]]","PROGRESS_CURRENT_OBJECTIVE":"12064.0","PROGRESS_CURRENT_OBJECTIVE.history":"[[1687855553.51, 12064.0]]","PROGRESS_GAP":"0.0","PROGRESS_GAP.history":"[[1687855553.51, 0.0]]","STAT.cplex.modelType":"MILP","STAT.cplex.size.booleanVariables":"27","STAT.cplex.size.constraints":"12","STAT.cplex.size.continousVariables":"0","STAT.cplex.size.integerVariables":"0","STAT.cplex.size.linearConstraints":"12","STAT.cplex.size.quadraticConstraints":"0","STAT.cplex.size.variables":"27","STAT.job.coresCount":"1","STAT.job.inputsReadMs":"1107","STAT.job.memoryPeakKB":"110420","STAT.job.modelProcessingMs":"107","STAT.job.outputsWriteMs":"104"},"executionStatus":"PROCESSED","solveStatus":"OPTIMAL_SOLUTION","logTail":["[2023-06-27T08:45:53.498Z, INFO] * running wado model","[2023-06-27T08:45:53.519Z, INFO] WARNING: Number of workers has been reduced to 1 to comply with platform limitations.","[2023-06-27T08:45:53.520Z, INFO] Version identifier: 22.1.1.0 | 2023-06-15 | d64d5bd77","[2023-06-27T08:45:53.521Z, INFO] CPXPARAM_Read_DataCheck                          1","[2023-06-27T08:45:53.522Z, INFO] CPXPARAM_Threads                                 1","[2023-06-27T08:45:53.523Z, INFO] CPXPARAM_TimeLimit                               120","[2023-06-27T08:45:53.524Z, INFO] Legacy callback                                  i","[2023-06-27T08:45:53.525Z, INFO] Found incumbent of value 0.000000 after 0.00 sec. (0.00 ticks)","[2023-06-27T08:45:53.525Z, INFO] Tried aggregator 1 time.","[2023-06-27T08:45:53.526Z, INFO] Reduced MIP has 12 rows, 27 columns, and 54 nonzeros.","[2023-06-27T08:45:53.527Z, INFO] Reduced MIP has 27 binaries, 0 generals, 0 SOSs, and 0 indicators.","[2023-06-27T08:45:53.528Z, INFO] Presolve time = 0.00 sec. (0.03 ticks)","[2023-06-27T08:45:53.529Z, INFO] Probing time = 0.00 sec. (0.01 ticks)","[2023-06-27T08:45:53.529Z, INFO] Tried aggregator 1 time.","[2023-06-27T08:45:53.530Z, INFO] Detecting symmetries...","[2023-06-27T08:45:53.531Z, INFO] Reduced MIP has 12 rows, 27 columns, and 54 nonzeros.","[2023-06-27T08:45:53.532Z, INFO] Reduced MIP has 27 binaries, 0 generals, 0 SOSs, and 0 indicators.","[2023-06-27T08:45:53.533Z, INFO] Presolve time = 0.00 sec. (0.04 ticks)","[2023-06-27T08:45:53.533Z, INFO] Probing time = 0.00 sec. (0.01 ticks)","[2023-06-27T08:45:53.534Z, INFO] Clique table members: 9.","[2023-06-27T08:45:53.535Z, INFO] MIP emphasis: balance optimality and feasibility.","[2023-06-27T08:45:53.535Z, INFO] MIP search method: dynamic search.","[2023-06-27T08:45:53.536Z, INFO] Parallel mode: none, using 1 thread.","[2023-06-27T08:45:53.537Z, INFO] Root relaxation solution time = 0.00 sec. (0.03 ticks)","[2023-06-27T08:45:53.537Z, INFO] ","[2023-06-27T08:45:53.538Z, INFO]         Nodes                                         Cuts/","[2023-06-27T08:45:53.539Z, INFO]    Node  Left     Objective  IInf  Best Integer    Best Bound    ItCnt     Gap","[2023-06-27T08:45:53.539Z, INFO] ","[2023-06-27T08:45:53.539Z, INFO] *     0+    0                            0.0000    32032.0000              --- ","[2023-06-27T08:45:53.540Z, INFO] *     0     0      integral     0    12064.0000    12064.0000       12    0.00%","[2023-06-27T08:45:53.541Z, INFO] Elapsed time = 0.00 sec. (0.15 ticks, tree = 0.00 MB, solutions = 2)","[2023-06-27T08:45:53.541Z, INFO] ","[2023-06-27T08:45:53.541Z, INFO] Root node processing (before b&c):","[2023-06-27T08:45:53.542Z, INFO]   Real time             =    0.00 sec. (0.15 ticks)","[2023-06-27T08:45:53.543Z, INFO] Sequential b&c:","[2023-06-27T08:45:53.543Z, INFO]   Real time             =    0.00 sec. (0.00 ticks)","[2023-06-27T08:45:53.544Z, INFO]                           ------------","[2023-06-27T08:45:53.544Z, INFO] Total (root+branch&cut) =    0.00 sec. (0.15 ticks)","[2023-06-27T08:45:53.550Z, INFO] Solve status: JobSolveStatus.OPTIMAL_SOLUTION","[2023-06-27T08:45:53.551Z, INFO] * model docplex_model1 solved with objective = 12064.000","[2023-06-27T08:45:53.552Z, INFO] *  KPI: the number of Customer-Campaign assignments                                       = 9.000","[2023-06-27T08:45:53.553Z, INFO] *  KPI: overall quality or value of Customer-Campaign assignments according to Candidates = 745.000","[2023-06-27T08:45:53.553Z, INFO] model solve done in 0.015433549880981445 secs","[2023-06-27T08:45:53.554Z, INFO] solution export done in 0.006325960159301758 secs","[2023-06-27T08:45:53.555Z, INFO] AssignedCampaigns.csv"]},"runtimeDetails":{"state":"STARTED"},"taskSetupMillis":4160,"taskSolveMillis":5074,"taskTearDownMillis":896,"jobSpaceId":"3d14a570-f6e3-4665-bd9b-5b4b94d83c31","jobDeploymentId":"65e2605e-7590-47eb-9df1-7a7e9f83974c","jobId":"8796711d-3eb0-46f7-9f15-5ad682bc3019","ping":1687855547601}