{"creationTime":1636560523065,"lastModificationTime":1636560540195,"state":"TERMINATED","solveConfig":{"containerId":"ScenarioWithLPFile","solveParameters":{"oaas.docplex.python":"3.8"}},"jobDetails":{"id":"210173de-543d-4a63-a6ef-3726ec9a78bc","createdAt":1636560532205,"startedAt":1636560534610,"endedAt":1636560537385,"submittedAt":1636560532205,"details":{"MODEL_DETAIL_BOOLEAN_VARS":"0","MODEL_DETAIL_CONSTRAINTS":"2","MODEL_DETAIL_CONTINUOUS_VARS":"0","MODEL_DETAIL_INTEGER_VARS":"2","MODEL_DETAIL_KPIS":"[]","MODEL_DETAIL_NONZEROS":"3","MODEL_DETAIL_OBJECTIVE_SENSE":"minimize","MODEL_DETAIL_TYPE":"MILP","PROGRESS_BEST_OBJECTIVE":"100.0","PROGRESS_BEST_OBJECTIVE.history":"[[1636560536.28, 100.0]]","PROGRESS_CURRENT_OBJECTIVE":"100.0","PROGRESS_CURRENT_OBJECTIVE.history":"[[1636560536.28, 100.0]]","PROGRESS_GAP":"0.0","PROGRESS_GAP.history":"[[1636560536.28, 0.0]]","STAT.cplex.modelType":"MILP","STAT.cplex.size.booleanVariables":"0","STAT.cplex.size.constraints":"2","STAT.cplex.size.continousVariables":"0","STAT.cplex.size.integerVariables":"2","STAT.cplex.size.linearConstraints":"2","STAT.cplex.size.quadraticConstraints":"0","STAT.cplex.size.variables":"2","STAT.job.coresCount":"1","STAT.job.inputsReadMs":"1110","STAT.job.memoryPeakKB":"98224","STAT.job.modelProcessingMs":"553","STAT.job.outputsWriteMs":"979"},"executionStatus":"PROCESSED","solveStatus":"OPTIMAL_SOLUTION","logTail":["[2021-11-10T16:08:55Z, WARNING] Support for Python 3.8 is now enabled with pandas 1.2.4 libraries.","[2021-11-10T16:08:56Z, INFO] Model: diet1","[2021-11-10T16:08:56Z, INFO]  - number of variables: 2","[2021-11-10T16:08:56Z, INFO]    - binary=0, integer=2, continuous=0","[2021-11-10T16:08:56Z, INFO]  - number of constraints: 2","[2021-11-10T16:08:56Z, INFO]    - linear=2","[2021-11-10T16:08:56Z, INFO]  - parameters: defaults","[2021-11-10T16:08:56Z, INFO]  - objective: minimize","[2021-11-10T16:08:56Z, INFO]  - problem type is: MILP","[2021-11-10T16:08:56Z, INFO] WARNING: Number of workers has been reduced to 1 to comply with platform limitations.","[2021-11-10T16:08:56Z, INFO] Version identifier: 20.1.0.1 | 2021-08-16 | c4ad639ec","[2021-11-10T16:08:56Z, INFO] CPXPARAM_Read_DataCheck                          1","[2021-11-10T16:08:56Z, INFO] CPXPARAM_Threads                                 1","[2021-11-10T16:08:56Z, INFO] Legacy callback                                  i","[2021-11-10T16:08:56Z, INFO] 1 of 1 MIP starts provided solutions.","[2021-11-10T16:08:56Z, INFO] MIP start 'm1' defined initial solution with objective 100.0000.","[2021-11-10T16:08:56Z, INFO] Tried aggregator 1 time.","[2021-11-10T16:08:56Z, INFO] MIP Presolve eliminated 2 rows and 2 columns.","[2021-11-10T16:08:56Z, INFO] All rows and columns eliminated.","[2021-11-10T16:08:56Z, INFO] Presolve time = 0.00 sec. (0.00 ticks)","[2021-11-10T16:08:56Z, INFO] ","[2021-11-10T16:08:56Z, INFO] Root node processing (before b&c):","[2021-11-10T16:08:56Z, INFO]   Real time             =    0.00 sec. (0.00 ticks)","[2021-11-10T16:08:56Z, INFO] Sequential b&c:","[2021-11-10T16:08:56Z, INFO]   Real time             =    0.00 sec. (0.00 ticks)","[2021-11-10T16:08:56Z, INFO]                           ------------","[2021-11-10T16:08:56Z, INFO] Total (root+branch&cut) =    0.00 sec. (0.00 ticks)","[2021-11-10T16:08:56Z, INFO] status: integer optimal solution","[2021-11-10T16:08:56Z, INFO] obj val: 100.0","[2021-11-10T16:08:56Z, INFO] solution.csv"]},"runtimeDetails":{"state":"STARTED"},"taskSetupMillis":7458,"taskSolveMillis":6651,"taskTearDownMillis":1,"jobSpaceId":"8bb4e820-5a06-4aa4-a9ab-c19d7bb52bfa","jobId":"210173de-543d-4a63-a6ef-3726ec9a78bc","ping":1636560524789}