{"creationTime":1632989615841,"lastModificationTime":1632989642388,"state":"TERMINATED","solveConfig":{"containerId":"ScenarioWithLPFile","solveParameters":{"oaas.docplex.python":"3.8"}},"jobDetails":{"id":"0ba4232e-a4da-4274-9b8d-594cc365417c","createdAt":1632989630792,"startedAt":1632989632168,"endedAt":1632989637662,"submittedAt":1632989630792,"details":{"MODEL_DETAIL_BOOLEAN_VARS":"0","MODEL_DETAIL_CONSTRAINTS":"2","MODEL_DETAIL_CONTINUOUS_VARS":"0","MODEL_DETAIL_INTEGER_VARS":"2","MODEL_DETAIL_KPIS":"[]","MODEL_DETAIL_NONZEROS":"3","MODEL_DETAIL_OBJECTIVE_SENSE":"minimize","MODEL_DETAIL_TYPE":"MILP","PROGRESS_BEST_OBJECTIVE":"100.0","PROGRESS_BEST_OBJECTIVE.history":"[[1632989635.72, 100.0]]","PROGRESS_CURRENT_OBJECTIVE":"100.0","PROGRESS_CURRENT_OBJECTIVE.history":"[[1632989635.72, 100.0]]","PROGRESS_GAP":"0.0","PROGRESS_GAP.history":"[[1632989635.72, 0.0]]","STAT.cplex.modelType":"MILP","STAT.cplex.size.booleanVariables":"0","STAT.cplex.size.constraints":"2","STAT.cplex.size.continousVariables":"0","STAT.cplex.size.integerVariables":"2","STAT.cplex.size.linearConstraints":"2","STAT.cplex.size.quadraticConstraints":"0","STAT.cplex.size.variables":"2","STAT.job.coresCount":"1","STAT.job.inputsReadMs":"2897","STAT.job.memoryPeakKB":"97896","STAT.job.modelProcessingMs":"642","STAT.job.outputsWriteMs":"1741"},"executionStatus":"PROCESSED","solveStatus":"OPTIMAL_SOLUTION","logTail":["[2021-09-30T08:13:55Z, WARNING] Support for Python 3.8 is now enabled with pandas 1.0.5 libraries.","[2021-09-30T08:13:55Z, INFO] Model: diet1","[2021-09-30T08:13:55Z, INFO]  - number of variables: 2","[2021-09-30T08:13:55Z, INFO]    - binary=0, integer=2, continuous=0","[2021-09-30T08:13:55Z, INFO]  - number of constraints: 2","[2021-09-30T08:13:55Z, INFO]    - linear=2","[2021-09-30T08:13:55Z, INFO]  - parameters: defaults","[2021-09-30T08:13:55Z, INFO]  - objective: minimize","[2021-09-30T08:13:55Z, INFO]  - problem type is: MILP","[2021-09-30T08:13:55Z, INFO] WARNING: Number of workers has been reduced to 1 to comply with platform limitations.","[2021-09-30T08:13:55Z, INFO] Version identifier: 20.1.0.0 | 2020-11-10 | 9bedb6d68","[2021-09-30T08:13:55Z, INFO] CPXPARAM_Read_DataCheck                          1","[2021-09-30T08:13:55Z, INFO] CPXPARAM_Threads                                 1","[2021-09-30T08:13:55Z, INFO] Legacy callback                                  i","[2021-09-30T08:13:55Z, INFO] 1 of 1 MIP starts provided solutions.","[2021-09-30T08:13:55Z, INFO] MIP start 'm1' defined initial solution with objective 100.0000.","[2021-09-30T08:13:55Z, INFO] Tried aggregator 1 time.","[2021-09-30T08:13:55Z, INFO] MIP Presolve eliminated 2 rows and 2 columns.","[2021-09-30T08:13:55Z, INFO] All rows and columns eliminated.","[2021-09-30T08:13:55Z, INFO] Presolve time = 0.00 sec. (0.00 ticks)","[2021-09-30T08:13:55Z, INFO] ","[2021-09-30T08:13:55Z, INFO] Root node processing (before b&c):","[2021-09-30T08:13:55Z, INFO]   Real time             =    0.00 sec. (0.00 ticks)","[2021-09-30T08:13:55Z, INFO] Sequential b&c:","[2021-09-30T08:13:55Z, INFO]   Real time             =    0.00 sec. (0.00 ticks)","[2021-09-30T08:13:55Z, INFO]                           ------------","[2021-09-30T08:13:55Z, INFO] Total (root+branch&cut) =    0.00 sec. (0.00 ticks)","[2021-09-30T08:13:55Z, INFO] status: integer optimal solution","[2021-09-30T08:13:55Z, INFO] obj val: 100.0","[2021-09-30T08:13:55Z, INFO] solution.csv"]},"runtimeDetails":{"state":"STARTED"},"taskSetupMillis":13464,"taskSolveMillis":10269,"taskTearDownMillis":2,"jobSpaceId":"9d2c73ef-2521-4130-bd91-1898668084a3","jobId":"0ba4232e-a4da-4274-9b8d-594cc365417c","ping":1632989617526}