{"creationTime":1622475643133,"lastModificationTime":1622475652772,"state":"TERMINATED","solveConfig":{"containerId":"ScenarioWithLPFile","solveParameters":{}},"jobDetails":{"id":"cd5d92e9-181a-4918-884d-c846af257627","createdAt":1622475649592,"startedAt":1622475650190,"endedAt":1622475651415,"submittedAt":1622475649592,"details":{"MODEL_DETAIL_BOOLEAN_VARS":"0","MODEL_DETAIL_CONSTRAINTS":"2","MODEL_DETAIL_CONTINUOUS_VARS":"0","MODEL_DETAIL_INTEGER_VARS":"2","MODEL_DETAIL_KPIS":"[]","MODEL_DETAIL_NONZEROS":"3","MODEL_DETAIL_OBJECTIVE_SENSE":"minimize","MODEL_DETAIL_TYPE":"MILP","PROGRESS_BEST_OBJECTIVE":"100.0","PROGRESS_BEST_OBJECTIVE.history":"[[1622475650.75, 100.0]]","PROGRESS_CURRENT_OBJECTIVE":"100.0","PROGRESS_CURRENT_OBJECTIVE.history":"[[1622475650.75, 100.0]]","PROGRESS_GAP":"0.0","PROGRESS_GAP.history":"[[1622475650.75, 0.0]]","STAT.cplex.modelType":"MILP","STAT.cplex.size.booleanVariables":"0","STAT.cplex.size.constraints":"2","STAT.cplex.size.continousVariables":"0","STAT.cplex.size.integerVariables":"2","STAT.cplex.size.linearConstraints":"2","STAT.cplex.size.quadraticConstraints":"0","STAT.cplex.size.variables":"2","STAT.job.coresCount":"1","STAT.job.inputsReadMs":"462","STAT.job.memoryPeakKB":"74028","STAT.job.modelProcessingMs":"96","STAT.job.outputsWriteMs":"585"},"executionStatus":"PROCESSED","solveStatus":"OPTIMAL_SOLUTION","logTail":["[2021-05-31T15:40:50Z, INFO] Model: diet1","[2021-05-31T15:40:50Z, INFO]  - number of variables: 2","[2021-05-31T15:40:50Z, INFO]    - binary=0, integer=2, continuous=0","[2021-05-31T15:40:50Z, INFO]  - number of constraints: 2","[2021-05-31T15:40:50Z, INFO]    - linear=2","[2021-05-31T15:40:50Z, INFO]  - parameters: defaults","[2021-05-31T15:40:50Z, INFO]  - objective: minimize","[2021-05-31T15:40:50Z, INFO]  - problem type is: MILP","[2021-05-31T15:40:50Z, INFO] WARNING: Number of workers has been reduced to 1 to comply with platform limitations.","[2021-05-31T15:40:50Z, INFO] Version identifier: 20.1.0.0 | 2020-11-10 | 9bedb6d68","[2021-05-31T15:40:50Z, INFO] CPXPARAM_Read_DataCheck                          1","[2021-05-31T15:40:50Z, INFO] CPXPARAM_Threads                                 1","[2021-05-31T15:40:50Z, INFO] Legacy callback                                  i","[2021-05-31T15:40:50Z, INFO] 1 of 1 MIP starts provided solutions.","[2021-05-31T15:40:50Z, INFO] MIP start 'm1' defined initial solution with objective 100.0000.","[2021-05-31T15:40:50Z, INFO] Tried aggregator 1 time.","[2021-05-31T15:40:50Z, INFO] MIP Presolve eliminated 2 rows and 2 columns.","[2021-05-31T15:40:50Z, INFO] All rows and columns eliminated.","[2021-05-31T15:40:50Z, INFO] Presolve time = 0.00 sec. (0.00 ticks)","[2021-05-31T15:40:50Z, INFO] ","[2021-05-31T15:40:50Z, INFO] Root node processing (before b&c):","[2021-05-31T15:40:50Z, INFO]   Real time             =    0.00 sec. (0.00 ticks)","[2021-05-31T15:40:50Z, INFO] Sequential b&c:","[2021-05-31T15:40:50Z, INFO]   Real time             =    0.00 sec. (0.00 ticks)","[2021-05-31T15:40:50Z, INFO]                           ------------","[2021-05-31T15:40:50Z, INFO] Total (root+branch&cut) =    0.00 sec. (0.00 ticks)","[2021-05-31T15:40:50Z, INFO] status: integer optimal solution","[2021-05-31T15:40:50Z, INFO] obj val: 100.0","[2021-05-31T15:40:50Z, INFO] solution.csv"]},"runtimeDetails":{"state":"STARTED"},"taskSetupMillis":5848,"taskSolveMillis":2453,"taskTearDownMillis":1,"jobSpaceId":"35bb88af-4cb7-45f7-b26a-c166c256ea9a","jobId":"cd5d92e9-181a-4918-884d-c846af257627","ping":1622475643914}