{"creationTime":1648649893721,"lastModificationTime":1648649984879,"state":"TERMINATED","solveConfig":{"containerId":"ScenarioWithLPFile","solveParameters":{}},"jobDetails":{"id":"f80a9950-6fe8-4570-b0a3-3bb7c8026c61","createdAt":1648649903209,"startedAt":1648649975023,"endedAt":1648649981511,"submittedAt":1648649903209,"details":{"MODEL_DETAIL_BOOLEAN_VARS":"0","MODEL_DETAIL_CONSTRAINTS":"2","MODEL_DETAIL_CONTINUOUS_VARS":"0","MODEL_DETAIL_INTEGER_VARS":"2","MODEL_DETAIL_KPIS":"[]","MODEL_DETAIL_NONZEROS":"3","MODEL_DETAIL_OBJECTIVE_SENSE":"minimize","MODEL_DETAIL_TYPE":"MILP","PROGRESS_BEST_OBJECTIVE":"100.0","PROGRESS_BEST_OBJECTIVE.history":"[[1648649979.75, 100.0]]","PROGRESS_CURRENT_OBJECTIVE":"100.0","PROGRESS_CURRENT_OBJECTIVE.history":"[[1648649979.75, 100.0]]","PROGRESS_GAP":"0.0","PROGRESS_GAP.history":"[[1648649979.75, 0.0]]","STAT.cplex.modelType":"MILP","STAT.cplex.size.booleanVariables":"0","STAT.cplex.size.constraints":"2","STAT.cplex.size.continousVariables":"0","STAT.cplex.size.integerVariables":"2","STAT.cplex.size.linearConstraints":"2","STAT.cplex.size.quadraticConstraints":"0","STAT.cplex.size.variables":"2","STAT.job.coresCount":"1","STAT.job.inputsReadMs":"4147","STAT.job.memoryPeakKB":"109800","STAT.job.modelProcessingMs":"549","STAT.job.outputsWriteMs":"1590"},"executionStatus":"PROCESSED","solveStatus":"OPTIMAL_SOLUTION","logTail":["[2022-03-30T14:19:39Z, WARNING] Support for Python 3.9 is now enabled with pandas 1.3 libraries.","[2022-03-30T14:19:39Z, INFO] Model: diet1","[2022-03-30T14:19:39Z, INFO]  - number of variables: 2","[2022-03-30T14:19:39Z, INFO]    - binary=0, integer=2, continuous=0","[2022-03-30T14:19:39Z, INFO]  - number of constraints: 2","[2022-03-30T14:19:39Z, INFO]    - linear=2","[2022-03-30T14:19:39Z, INFO]  - parameters: defaults","[2022-03-30T14:19:39Z, INFO]  - objective: minimize","[2022-03-30T14:19:39Z, INFO]  - problem type is: MILP","[2022-03-30T14:19:39Z, INFO] WARNING: Number of workers has been reduced to 1 to comply with platform limitations.","[2022-03-30T14:19:39Z, INFO] Version identifier: 20.1.0.1 | 2021-12-07 | 9dfdf6686","[2022-03-30T14:19:39Z, INFO] CPXPARAM_Read_DataCheck                          1","[2022-03-30T14:19:39Z, INFO] CPXPARAM_Threads                                 1","[2022-03-30T14:19:39Z, INFO] Legacy callback                                  i","[2022-03-30T14:19:39Z, INFO] 1 of 1 MIP starts provided solutions.","[2022-03-30T14:19:39Z, INFO] MIP start 'm1' defined initial solution with objective 100.0000.","[2022-03-30T14:19:39Z, INFO] Tried aggregator 1 time.","[2022-03-30T14:19:39Z, INFO] MIP Presolve eliminated 2 rows and 2 columns.","[2022-03-30T14:19:39Z, INFO] All rows and columns eliminated.","[2022-03-30T14:19:39Z, INFO] Presolve time = 0.00 sec. (0.00 ticks)","[2022-03-30T14:19:39Z, INFO] ","[2022-03-30T14:19:39Z, INFO] Root node processing (before b&c):","[2022-03-30T14:19:39Z, INFO]   Real time             =    0.00 sec. (0.00 ticks)","[2022-03-30T14:19:39Z, INFO] Sequential b&c:","[2022-03-30T14:19:39Z, INFO]   Real time             =    0.00 sec. (0.00 ticks)","[2022-03-30T14:19:39Z, INFO]                           ------------","[2022-03-30T14:19:39Z, INFO] Total (root+branch&cut) =    0.00 sec. (0.00 ticks)","[2022-03-30T14:19:39Z, INFO] status: integer optimal solution","[2022-03-30T14:19:39Z, INFO] obj val: 100.0","[2022-03-30T14:19:39Z, INFO] solution.csv"]},"runtimeDetails":{"state":"STARTED"},"taskSetupMillis":7337,"taskSolveMillis":79587,"taskTearDownMillis":575,"jobSpaceId":"d1c259fb-9c7d-49f8-9b30-9bf356a48bc8","jobId":"f80a9950-6fe8-4570-b0a3-3bb7c8026c61","ping":1648649955970}