{"creationTime":1698152750584,"lastModificationTime":1698152764748,"state":"TERMINATED","solveConfig":{"containerId":"Copy 05","solveParameters":{}},"jobDetails":{"id":"55a07d3d-5a52-45f4-a5e0-4016b7927b90","createdAt":1698152756858,"startedAt":1698152757219,"endedAt":1698152759282,"submittedAt":1698152756858,"details":{"KPI.Nb Fix Used":"40.0","KPI.Nb Temp Used":"48.0","KPI.PROGRESS_CURRENT_OBJECTIVE":"6880.0","KPI.Total Cost":"6880.0","MODEL_DETAIL_BOOLEAN_VARS":"0","MODEL_DETAIL_CONSTRAINTS":"588","MODEL_DETAIL_CONTINUOUS_VARS":"0","MODEL_DETAIL_INTEGER_VARS":"774","MODEL_DETAIL_KPIS":"[\"Total Cost\", \"Nb Fix Used\", \"Nb Temp Used\"]","MODEL_DETAIL_NONZEROS":"6234","MODEL_DETAIL_OBJECTIVE_SENSE":"minimize","MODEL_DETAIL_TYPE":"MILP","PROGRESS_BEST_OBJECTIVE":"6880.0","PROGRESS_BEST_OBJECTIVE.history":"[[1698152758.52, 6880.0]]","PROGRESS_CURRENT_OBJECTIVE":"6880.0","PROGRESS_CURRENT_OBJECTIVE.history":"[[1698152758.52, 6880.0]]","PROGRESS_GAP":"0.0","PROGRESS_GAP.history":"[[1698152758.52, 0.0]]","STAT.cplex.modelType":"MILP","STAT.cplex.size.booleanVariables":"0","STAT.cplex.size.constraints":"588","STAT.cplex.size.continousVariables":"0","STAT.cplex.size.integerVariables":"774","STAT.cplex.size.linearConstraints":"588","STAT.cplex.size.quadraticConstraints":"0","STAT.cplex.size.variables":"774","STAT.job.coresCount":"1","STAT.job.inputsReadMs":"1092","STAT.job.memoryPeakKB":"104456","STAT.job.modelProcessingMs":"193","STAT.job.outputsWriteMs":"650","latestOutputUpload":"2023-10-24T13:05:59.280Z"},"executionStatus":"PROCESSED","solveStatus":"OPTIMAL_SOLUTION","logTail":["[2023-10-24T13:05:58.321Z, WARNING] Python 3.10 is used as default with pandas 1.5.3 libraries.","[2023-10-24T13:05:58.349Z, INFO] {'resources.csv': {'id': 'str'}}","[2023-10-24T13:05:58.507Z, INFO] WARNING: Number of workers has been reduced to 1 to comply with platform limitations.","[2023-10-24T13:05:58.508Z, INFO] Version identifier: 22.1.1.0 | 2023-06-15 | d64d5bd77","[2023-10-24T13:05:58.508Z, INFO] CPXPARAM_Read_DataCheck                          1","[2023-10-24T13:05:58.509Z, INFO] CPXPARAM_Threads                                 1","[2023-10-24T13:05:58.510Z, INFO] Legacy callback                                  i","[2023-10-24T13:05:58.511Z, INFO] Tried aggregator 2 times.","[2023-10-24T13:05:58.512Z, INFO] MIP Presolve eliminated 194 rows and 82 columns.","[2023-10-24T13:05:58.512Z, INFO] Aggregator did 263 substitutions.","[2023-10-24T13:05:58.513Z, INFO] Reduced MIP has 131 rows, 306 columns, and 3767 nonzeros.","[2023-10-24T13:05:58.513Z, INFO] Reduced MIP has 0 binaries, 306 generals, 0 SOSs, and 0 indicators.","[2023-10-24T13:05:58.514Z, INFO] Presolve time = 0.00 sec. (3.97 ticks)","[2023-10-24T13:05:58.516Z, INFO] Found incumbent of value 7000.000000 after 0.01 sec. (8.75 ticks)","[2023-10-24T13:05:58.517Z, INFO] Tried aggregator 1 time.","[2023-10-24T13:05:58.517Z, INFO] Detecting symmetries...","[2023-10-24T13:05:58.518Z, INFO] Reduced MIP has 131 rows, 306 columns, and 3767 nonzeros.","[2023-10-24T13:05:58.518Z, INFO] Reduced MIP has 0 binaries, 306 generals, 0 SOSs, and 0 indicators.","[2023-10-24T13:05:58.519Z, INFO] Presolve time = 0.00 sec. (1.50 ticks)","[2023-10-24T13:05:58.519Z, INFO] MIP emphasis: balance optimality and feasibility.","[2023-10-24T13:05:58.519Z, INFO] MIP search method: dynamic search.","[2023-10-24T13:05:58.520Z, INFO] Parallel mode: none, using 1 thread.","[2023-10-24T13:05:58.520Z, INFO] Root relaxation solution time = 0.00 sec. (0.65 ticks)","[2023-10-24T13:05:58.521Z, INFO] ","[2023-10-24T13:05:58.521Z, INFO]         Nodes                                         Cuts/","[2023-10-24T13:05:58.521Z, INFO]    Node  Left     Objective  IInf  Best Integer    Best Bound    ItCnt     Gap","[2023-10-24T13:05:58.522Z, INFO] ","[2023-10-24T13:05:58.522Z, INFO] *     0+    0                         7000.0000     1000.0000            85.71%","[2023-10-24T13:05:58.522Z, INFO] *     0     0      integral     0     6880.0000     6880.0000       48    0.00%","[2023-10-24T13:05:58.523Z, INFO] Elapsed time = 0.01 sec. (11.47 ticks, tree = 0.00 MB, solutions = 2)","[2023-10-24T13:05:58.523Z, INFO] ","[2023-10-24T13:05:58.524Z, INFO] Root node processing (before b&c):","[2023-10-24T13:05:58.524Z, INFO]   Real time             =    0.01 sec. (11.49 ticks)","[2023-10-24T13:05:58.525Z, INFO] Sequential b&c:","[2023-10-24T13:05:58.525Z, INFO]   Real time             =    0.00 sec. (0.00 ticks)","[2023-10-24T13:05:58.526Z, INFO]                           ------------","[2023-10-24T13:05:58.526Z, INFO] Total (root+branch&cut) =    0.01 sec. (11.49 ticks)","[2023-10-24T13:05:58.532Z, INFO]   Feasible 6880.0"]},"taskSetupTime":1698152756872,"taskSolveTime":1698152763703,"taskTearDownTime":1698152764747,"jobSpaceId":"1e6362e3-9985-4ea3-b8ba-5d35f3036aa5","jobDeploymentId":"d3d0099c-1a31-4cac-bf68-ce0cd117c9bc","jobId":"55a07d3d-5a52-45f4-a5e0-4016b7927b90","ping":1698152750688}