{"qualifiers":[{"name":"modelType","value":"cognitive"}],"categories":{"output":{"assets":{"solution.json":{"type":"Asset"},"NotScheduledActivities.csv":{"type":"Table"},"stats.csv":{"type":"Table"},"kpis.csv":{"type":"Table"},"log.txt":{"type":"Asset"},"ScheduledActivities.csv":{"type":"Table"}}},"input":{"assets":{"equipment.csv":{"type":"Table"},"activity.csv":{"type":"Table"},"wait.csv":{"type":"Table"}}},"model":{"assets":{"model.py":{"type":"Asset"}}},"CO_ASSET_SESSION":{"assets":{"CO_SESSION.json":{"type":"Asset"}}},"CO_ASSET":{"assets":{"CO_SOLUTION_TEXT.json":{"type":"Asset"},"CO_CHART_SUGGESTION_JSON.json":{"type":"Asset"},"solveParameters.json":{"type":"Asset"},"CO_DATASET.json":{"type":"Asset"},"CO_SOLUTION_JSON.json":{"type":"Asset"}}}},"category":"scenario"}