{"creationTime":1632989641607,"lastModificationTime":1632989673515,"state":"TERMINATED","solveConfig":{"containerId":"Scenario 1","solveParameters":{"oaas.logAttachmentName":"log.txt","oaas.logTailEnabled":"true","oaas.docplex.python":"3.8"},"setupWebHook":{"verb":"GET","url":"https://internal-nginx-svc:12443/v1/cognitive/solve/preprocess/Scenario%201?projectId=415267b5-f2ae-492e-9a67-93808556490b&parentId=BridgeScheduling","expectedStatus":200,"headers":{}},"tearDownWebHook":{"verb":"GET","url":"https://internal-nginx-svc:12443/v1/cognitive/solve/postprocess/Scenario%201?projectId=415267b5-f2ae-492e-9a67-93808556490b&parentId=BridgeScheduling","expectedStatus":200,"headers":{}}},"jobDetails":{"id":"2ffb83c5-e175-4e88-b8fc-e595988b7183","createdAt":1632989653704,"startedAt":1632989655432,"endedAt":1632989658729,"submittedAt":1632989653704,"details":{"KPI.time to complete all activities":"116","MODEL_DETAIL_CONSTRAINTS":"195","MODEL_DETAIL_INTEGER_VARS":"0","MODEL_DETAIL_INTERVAL_VARS":"44","MODEL_DETAIL_KPIS":"[\"time to complete all activities\"]","MODEL_DETAIL_OBJECTIVE_SENSE":"minimize","MODEL_DETAIL_SEQUENCE_VARS":"0","MODEL_DETAIL_TYPE":"CPO Scheduling","PROGRESS_BEST_BOUND":"107","PROGRESS_BEST_OBJECTIVE":"107","PROGRESS_BEST_OBJECTIVE.history":"[[1632989656.22, \"68\"], [1632989656.53, \"107\"]]","PROGRESS_CURRENT_OBJECTIVE":"116","PROGRESS_CURRENT_OBJECTIVE.history":"[[1632989656.22, \"147\"], [1632989656.53, \"116\"]]","PROGRESS_GAP":"0.0775862","PROGRESS_GAP.history":"[[1632989656.22, \"0.537415\"], [1632989656.53, \"0.0775862\"]]","STAT.cpo.modelType":"CPO","STAT.cpo.size.constraints":"195","STAT.cpo.size.integerVariables":"0","STAT.cpo.size.intervalVariables":"44","STAT.cpo.size.sequenceVariables":"0","STAT.cpo.size.variables":"44","STAT.cpo.solve.memoryUsage":"1380163","STAT.cpo.solve.numberOfBranches":"4034","STAT.cpo.solve.time":"0.07","STAT.job.coresCount":"1","STAT.job.inputsReadMs":"221","STAT.job.memoryPeakKB":"132188","STAT.job.modelProcessingMs":"1549","STAT.job.outputsWriteMs":"1396"},"executionStatus":"PROCESSED","solveStatus":"OPTIMAL_SOLUTION","logTail":["[2021-09-30T08:14:16Z, INFO]         116.0000    13000          1        F 146880  = startOf(_ITV_44)","[2021-09-30T08:14:16Z, INFO]         116.0000    14000          1          15840  = startOf(_ITV_14)","[2021-09-30T08:14:16Z, INFO]         116.0000    15000          1        F 86400  = startOf(_ITV_37)","[2021-09-30T08:14:16Z, INFO]         116.0000    16000          1          57600  = startOf(_ITV_12)","[2021-09-30T08:14:16Z, INFO]         116.0000    17000          1          38880  = endOf(_ITV_21)","[2021-09-30T08:14:16Z, INFO]         116.0000    18000          1          15840 != startOf(_ITV_26)","[2021-09-30T08:14:16Z, INFO]         116.0000    19000          1          41760 != startOf(_ITV_35)","[2021-09-30T08:14:16Z, INFO]         116.0000    20000          1        F 146880  = startOf(_ITV_44)","[2021-09-30T08:14:16Z, INFO]         116.0000    21000          1        F 146880  = startOf(_ITV_44)","[2021-09-30T08:14:16Z, INFO]         116.0000    22000          1           8640  = endOf(_ITV_1)","[2021-09-30T08:14:16Z, INFO]         116.0000    23000          1          30240  = startOf(_ITV_35)","[2021-09-30T08:14:16Z, INFO]         116.0000    24000          1          66240 != startOf(_ITV_22)","[2021-09-30T08:14:16Z, INFO]         116.0000    25000          1          92160 != startOf(_ITV_38)","[2021-09-30T08:14:16Z, INFO]         116.0000    26000          1        F 146880  = startOf(_ITV_44)","[2021-09-30T08:14:16Z, INFO]         116.0000    27000          1          15840  = startOf(_ITV_30)","[2021-09-30T08:14:16Z, INFO]         116.0000    28000          1          59040  = endOf(_ITV_18)","[2021-09-30T08:14:16Z, INFO]         116.0000    29000          1           8640  = endOf(_ITV_2)","[2021-09-30T08:14:17Z, INFO]         116.0000    30000          1        F 86400  = startOf(_ITV_12)","[2021-09-30T08:14:17Z, INFO]  ! Time = 0.50s, Average fail depth = 24, Memory usage = 1.4 MB","[2021-09-30T08:14:17Z, INFO]  ! Current bound is 106.9999 (gap is 7.76%)","[2021-09-30T08:14:17Z, INFO]  !          Best Branches  Non-fixed            Branch decision","[2021-09-30T08:14:17Z, INFO]  ! Using failure-directed search.","[2021-09-30T08:14:17Z, INFO]         116.0000    30724          1          155203 >= startOf(_ITV_29)","[2021-09-30T08:14:17Z, INFO]  + New bound is 107.7798 (gap is 7.09%)","[2021-09-30T08:14:17Z, INFO]         116.0000    30730          1          156457 >= startOf(_ITV_29)","[2021-09-30T08:14:17Z, INFO]  + New bound is 108.6506 (gap is 6.34%)","[2021-09-30T08:14:17Z, INFO]         116.0000    30751          1          156933 >= startOf(_ITV_29)","[2021-09-30T08:14:17Z, INFO]  + New bound is 108.9812 (gap is 6.05%)","[2021-09-30T08:14:17Z, INFO]         116.0000    30777          1        F 112993 >= startOf(_ITV_22)","[2021-09-30T08:14:17Z, INFO]  + New bound is 115.9884 (gap is 0.01%)","[2021-09-30T08:14:17Z, INFO]  ! ----------------------------------------------------------------------------","[2021-09-30T08:14:17Z, INFO]  ! Search completed, 8 solutions found.","[2021-09-30T08:14:17Z, INFO]  ! Best objective         : 116.0000 (optimal - effective tol. is 0.0116)","[2021-09-30T08:14:17Z, INFO]  ! Best bound             : 115.9884","[2021-09-30T08:14:17Z, INFO]  ! time to complete all activities: 116","[2021-09-30T08:14:17Z, INFO]  ! ----------------------------------------------------------------------------","[2021-09-30T08:14:17Z, INFO]  ! Number of branches     : 30778","[2021-09-30T08:14:17Z, INFO]  ! Number of fails        : 13124","[2021-09-30T08:14:17Z, INFO]  ! Total memory usage     : 1.5 MB (1.4 MB CP Optimizer + 0.1 MB Concert)","[2021-09-30T08:14:17Z, INFO]  ! Time spent in solve    : 0.71s (0.70s engine + 0.01s extraction)","[2021-09-30T08:14:17Z, INFO]  ! Search speed (br. / s) : 44605.8","[2021-09-30T08:14:17Z, INFO]  ! ----------------------------------------------------------------------------","[2021-09-30T08:14:17Z, INFO] solve + export of all intermediate solutions done in 1.04807710647583 secs","[2021-09-30T08:14:17Z, INFO] ScheduledActivities.csv","[2021-09-30T08:14:17Z, INFO] NotScheduledActivities.csv"]},"runtimeDetails":{"state":"STARTED"},"taskSetupMillis":11297,"taskSolveMillis":6643,"taskTearDownMillis":11217,"jobSpaceId":"9d2c73ef-2521-4130-bd91-1898668084a3","jobId":"2ffb83c5-e175-4e88-b8fc-e595988b7183","ping":1632989672540}