{"creationTime":1636560848217,"lastModificationTime":1636560885784,"state":"TERMINATED","solveConfig":{"containerId":"Scenario 1","solveParameters":{"oaas.logAttachmentName":"log.txt","oaas.docplex.python":"3.8","oaas.logTailEnabled":"true"},"setupWebHook":{"verb":"GET","url":"https://internal-nginx-svc:12443/v1/cognitive/solve/preprocess/Scenario%201?projectId=214bf38c-0e5a-477e-9da8-3899eaee0c65&parentId=BridgeScheduling","expectedStatus":200,"headers":{}},"tearDownWebHook":{"verb":"GET","url":"https://internal-nginx-svc:12443/v1/cognitive/solve/postprocess/Scenario%201?projectId=214bf38c-0e5a-477e-9da8-3899eaee0c65&parentId=BridgeScheduling","expectedStatus":200,"headers":{}}},"jobDetails":{"id":"cea4a293-fca0-4edc-a9b7-3adcfe1664aa","createdAt":1636560864477,"startedAt":1636560867068,"endedAt":1636560870008,"submittedAt":1636560864477,"details":{"KPI.time to complete all activities":"116","MODEL_DETAIL_CONSTRAINTS":"195","MODEL_DETAIL_INTEGER_VARS":"0","MODEL_DETAIL_INTERVAL_VARS":"44","MODEL_DETAIL_KPIS":"[\"time to complete all activities\"]","MODEL_DETAIL_OBJECTIVE_SENSE":"minimize","MODEL_DETAIL_SEQUENCE_VARS":"0","MODEL_DETAIL_TYPE":"CPO Scheduling","PROGRESS_BEST_BOUND":"106.99999999441206","PROGRESS_BEST_OBJECTIVE":"106.99999999441206","PROGRESS_BEST_OBJECTIVE.history":"[[1636560867.8, \"68\"], [1636560868.08, \"106.99999999441206\"]]","PROGRESS_CURRENT_OBJECTIVE":"116","PROGRESS_CURRENT_OBJECTIVE.history":"[[1636560867.8, \"147\"], [1636560868.08, \"116\"]]","PROGRESS_GAP":"0.0775862","PROGRESS_GAP.history":"[[1636560867.8, \"0.537415\"], [1636560868.08, \"0.0775862\"]]","STAT.cpo.modelType":"CPO","STAT.cpo.size.constraints":"195","STAT.cpo.size.integerVariables":"0","STAT.cpo.size.intervalVariables":"44","STAT.cpo.size.sequenceVariables":"0","STAT.cpo.size.variables":"44","STAT.cpo.solve.memoryUsage":"1380355","STAT.cpo.solve.numberOfBranches":"4034","STAT.cpo.solve.time":"0.05","STAT.job.coresCount":"1","STAT.job.inputsReadMs":"172","STAT.job.memoryPeakKB":"135248","STAT.job.modelProcessingMs":"1386","STAT.job.outputsWriteMs":"1226"},"executionStatus":"PROCESSED","solveStatus":"OPTIMAL_SOLUTION","logTail":["[2021-11-10T16:14:28Z, INFO]         116.0000    13000          1        F 146880  = startOf(_ITV_44)","[2021-11-10T16:14:28Z, INFO]         116.0000    14000          1          15840  = startOf(_ITV_14)","[2021-11-10T16:14:28Z, INFO]         116.0000    15000          1        F 86400  = startOf(_ITV_37)","[2021-11-10T16:14:28Z, INFO]         116.0000    16000          1          57600  = startOf(_ITV_12)","[2021-11-10T16:14:28Z, INFO]         116.0000    17000          1          38880  = endOf(_ITV_21)","[2021-11-10T16:14:28Z, INFO]         116.0000    18000          1          15840 != startOf(_ITV_26)","[2021-11-10T16:14:28Z, INFO]         116.0000    19000          1          41760 != startOf(_ITV_35)","[2021-11-10T16:14:28Z, INFO]         116.0000    20000          1        F 146880  = startOf(_ITV_44)","[2021-11-10T16:14:28Z, INFO]         116.0000    21000          1        F 146880  = startOf(_ITV_44)","[2021-11-10T16:14:28Z, INFO]         116.0000    22000          1           8640  = endOf(_ITV_1)","[2021-11-10T16:14:28Z, INFO]         116.0000    23000          1          30240  = startOf(_ITV_35)","[2021-11-10T16:14:28Z, INFO]         116.0000    24000          1          66240 != startOf(_ITV_22)","[2021-11-10T16:14:28Z, INFO]         116.0000    25000          1          92160 != startOf(_ITV_38)","[2021-11-10T16:14:28Z, INFO]         116.0000    26000          1        F 146880  = startOf(_ITV_44)","[2021-11-10T16:14:28Z, INFO]         116.0000    27000          1          15840  = startOf(_ITV_30)","[2021-11-10T16:14:28Z, INFO]         116.0000    28000          1          59040  = endOf(_ITV_18)","[2021-11-10T16:14:28Z, INFO]         116.0000    29000          1           8640  = endOf(_ITV_2)","[2021-11-10T16:14:28Z, INFO]         116.0000    30000          1        F 86400  = startOf(_ITV_12)","[2021-11-10T16:14:28Z, INFO]  ! Time = 0.38s, Average fail depth = 24, Memory usage = 1.4 MB","[2021-11-10T16:14:28Z, INFO]  ! Current bound is 106.9999 (gap is 7.76%)","[2021-11-10T16:14:28Z, INFO]  !          Best Branches  Non-fixed            Branch decision","[2021-11-10T16:14:28Z, INFO]  ! Using failure-directed search.","[2021-11-10T16:14:28Z, INFO]         116.0000    30724          1          155203 >= startOf(_ITV_29)","[2021-11-10T16:14:28Z, INFO]  + New bound is 107.7798 (gap is 7.09%)","[2021-11-10T16:14:28Z, INFO]         116.0000    30730          1          156457 >= startOf(_ITV_29)","[2021-11-10T16:14:28Z, INFO]  + New bound is 108.6506 (gap is 6.34%)","[2021-11-10T16:14:28Z, INFO]         116.0000    30751          1          156933 >= startOf(_ITV_29)","[2021-11-10T16:14:28Z, INFO]  + New bound is 108.9812 (gap is 6.05%)","[2021-11-10T16:14:28Z, INFO]         116.0000    30777          1        F 112993 >= startOf(_ITV_22)","[2021-11-10T16:14:28Z, INFO]  + New bound is 115.9884 (gap is 0.01%)","[2021-11-10T16:14:28Z, INFO]  ! ----------------------------------------------------------------------------","[2021-11-10T16:14:28Z, INFO]  ! Search completed, 8 solutions found.","[2021-11-10T16:14:28Z, INFO]  ! Best objective         : 116.0000 (optimal - effective tol. is 0.0116)","[2021-11-10T16:14:28Z, INFO]  ! Best bound             : 115.9884","[2021-11-10T16:14:28Z, INFO]  ! time to complete all activities: 116","[2021-11-10T16:14:28Z, INFO]  ! ----------------------------------------------------------------------------","[2021-11-10T16:14:28Z, INFO]  ! Number of branches     : 30778","[2021-11-10T16:14:28Z, INFO]  ! Number of fails        : 13124","[2021-11-10T16:14:28Z, INFO]  ! Total memory usage     : 1.5 MB (1.4 MB CP Optimizer + 0.1 MB Concert)","[2021-11-10T16:14:28Z, INFO]  ! Time spent in solve    : 0.57s (0.56s engine + 0.01s extraction)","[2021-11-10T16:14:28Z, INFO]  ! Search speed (br. / s) : 54960.7","[2021-11-10T16:14:28Z, INFO]  ! ----------------------------------------------------------------------------","[2021-11-10T16:14:28Z, INFO] solve + export of all intermediate solutions done in 0.88848876953125 secs","[2021-11-10T16:14:28Z, INFO] ScheduledActivities.csv","[2021-11-10T16:14:28Z, INFO] NotScheduledActivities.csv"]},"runtimeDetails":{"state":"STARTED"},"taskSetupMillis":14918,"taskSolveMillis":8034,"taskTearDownMillis":11679,"jobSpaceId":"8bb4e820-5a06-4aa4-a9ab-c19d7bb52bfa","jobId":"cea4a293-fca0-4edc-a9b7-3adcfe1664aa","ping":1636560879614}