{"creationTime":1622475622308,"lastModificationTime":1622475648299,"state":"TERMINATED","solveConfig":{"containerId":"Scenario 1","solveParameters":{"oaas.logAttachmentName":"log.txt","oaas.logTailEnabled":"true"},"setupWebHook":{"verb":"GET","url":"https://internal-nginx-svc:12443/v1/cognitive/solve/preprocess/Scenario%201?projectId=4214eea9-65c3-4605-8236-fb414b499e06&parentId=BridgeScheduling","expectedStatus":200,"headers":{}},"tearDownWebHook":{"verb":"GET","url":"https://internal-nginx-svc:12443/v1/cognitive/solve/postprocess/Scenario%201?projectId=4214eea9-65c3-4605-8236-fb414b499e06&parentId=BridgeScheduling","expectedStatus":200,"headers":{}}},"jobDetails":{"id":"958ed7eb-c467-4019-993c-b90f4a4930f4","createdAt":1622475631298,"startedAt":1622475634885,"endedAt":1622475640368,"submittedAt":1622475631298,"details":{"KPI.time to complete all activities":"116","MODEL_DETAIL_CONSTRAINTS":"197","MODEL_DETAIL_INTEGER_VARS":"1","MODEL_DETAIL_INTERVAL_VARS":"44","MODEL_DETAIL_KPIS":"[\"time to complete all activities\"]","MODEL_DETAIL_OBJECTIVE_SENSE":"minimize","MODEL_DETAIL_SEQUENCE_VARS":"0","MODEL_DETAIL_TYPE":"CPO Scheduling","PROGRESS_BEST_BOUND":"115.988","PROGRESS_BEST_OBJECTIVE":"115.988","PROGRESS_BEST_OBJECTIVE.history":"[[1622475635.28, \"68\"], [1622475640.0, \"115.988\"], [1622475635.52, \"107\"]]","PROGRESS_CURRENT_OBJECTIVE":"116","PROGRESS_CURRENT_OBJECTIVE.history":"[[1622475635.28, \"147\"], [1622475640.0, \"116\"], [1622475635.52, \"116\"]]","PROGRESS_GAP":"0.0001","PROGRESS_GAP.history":"[[1622475635.28, \"0.537415\"], [1622475640.0, \"0.0001\"], [1622475635.52, \"0.0775862\"]]","STAT.cpo.modelType":"CPO","STAT.cpo.size.constraints":"197","STAT.cpo.size.integerVariables":"1","STAT.cpo.size.intervalVariables":"44","STAT.cpo.size.sequenceVariables":"0","STAT.cpo.size.variables":"45","STAT.cpo.solve.memoryUsage":"1637243","STAT.cpo.solve.numberOfBranches":"368126","STAT.cpo.solve.time":"4.55","STAT.job.coresCount":"1","STAT.job.inputsReadMs":"193","STAT.job.memoryPeakKB":"128204","STAT.job.modelProcessingMs":"4933","STAT.job.outputsWriteMs":"261"},"executionStatus":"PROCESSED","solveStatus":"OPTIMAL_SOLUTION","logTail":["[2021-05-31T15:40:39Z, INFO]              116     347k          1        F 146880  = startOf(_ITV_44)","[2021-05-31T15:40:39Z, INFO]              116     348k          1        F 146880  = startOf(_ITV_44)","[2021-05-31T15:40:39Z, INFO]              116     349k          1        F 146880  = startOf(_ITV_44)","[2021-05-31T15:40:39Z, INFO]              116     350k          1        F 86400  = startOf(_ITV_43)","[2021-05-31T15:40:39Z, INFO]              116     351k          1              0  = startOf(_ITV_41)","[2021-05-31T15:40:39Z, INFO]              116     352k          1        F 146880  = startOf(_ITV_44)","[2021-05-31T15:40:39Z, INFO]              116     353k          1        F         !presenceOf(_ITV_24)","[2021-05-31T15:40:39Z, INFO]              116     354k          1          43200  = startOf(_ITV_27)","[2021-05-31T15:40:39Z, INFO]              116     355k          1          79200  = endOf(_ITV_10)","[2021-05-31T15:40:39Z, INFO]              116     356k          1          40320  = startOf(_ITV_27)","[2021-05-31T15:40:39Z, INFO]              116     357k          1          73440  = startOf(_ITV_43)","[2021-05-31T15:40:39Z, INFO]              116     358k          1          47520  = startOf(_ITV_12)","[2021-05-31T15:40:39Z, INFO]              116     359k          1        F 146880  = startOf(_ITV_44)","[2021-05-31T15:40:39Z, INFO]              116     360k          1        F 50400  = startOf(_ITV_25)","[2021-05-31T15:40:39Z, INFO]              116     361k          1          10080  = startOf(_ITV_3)","[2021-05-31T15:40:39Z, INFO]              116     362k          1          18720  = endOf(_ITV_8)","[2021-05-31T15:40:39Z, INFO]              116     363k          1          20160  = startOf(_ITV_6)","[2021-05-31T15:40:39Z, INFO]              116     364k          1          70560  = startOf(_ITV_9)","[2021-05-31T15:40:39Z, INFO]              116     365k          1          10080  = startOf(_ITV_27)","[2021-05-31T15:40:39Z, INFO]              116     366k          1        F 79200  = endOf(_ITV_20)","[2021-05-31T15:40:39Z, INFO]  ! Time = 4.50s, Average fail depth = 21, Memory usage = 1.6 MB","[2021-05-31T15:40:39Z, INFO]  ! Current bound is 108.9784 (gap is 6.05%)","[2021-05-31T15:40:39Z, INFO]  !          Best Branches  Non-fixed            Branch decision","[2021-05-31T15:40:39Z, INFO]              116     367k          1          36000  = startOf(_ITV_35)","[2021-05-31T15:40:39Z, INFO]              116     368k          1        F  6330 <= startOf(_ITV_28)","[2021-05-31T15:40:39Z, INFO]              116     368k         44        F 99349 >= startOf(_ITV_23)","[2021-05-31T15:40:39Z, INFO]  + New bound is 115.9884 (gap is 0.01%)","[2021-05-31T15:40:40Z, INFO] Objective values: (116,)","[2021-05-31T15:40:40Z, INFO] time to complete all activities --> 116","[2021-05-31T15:40:40Z, INFO] solution export done in 0.018393516540527344 secs","[2021-05-31T15:40:40Z, INFO]  ! ----------------------------------------------------------------------------","[2021-05-31T15:40:40Z, INFO]  ! Search completed, 9 solutions found.","[2021-05-31T15:40:40Z, INFO]  ! Best objective         : 116 (optimal - effective tol. is 0.0116)","[2021-05-31T15:40:40Z, INFO]  ! Best bound             : 115.9884","[2021-05-31T15:40:40Z, INFO]  ! time to complete all activities: 116","[2021-05-31T15:40:40Z, INFO]  ! ----------------------------------------------------------------------------","[2021-05-31T15:40:40Z, INFO]  ! Number of branches     : 368126","[2021-05-31T15:40:40Z, INFO]  ! Number of fails        : 150722","[2021-05-31T15:40:40Z, INFO]  ! Total memory usage     : 1.8 MB (1.6 MB CP Optimizer + 0.1 MB Concert)","[2021-05-31T15:40:40Z, INFO]  ! Time spent in solve    : 4.55s (4.55s engine + 0.01s extraction)","[2021-05-31T15:40:40Z, INFO]  ! Search speed (br. / s) : 81085.0","[2021-05-31T15:40:40Z, INFO]  ! ----------------------------------------------------------------------------","[2021-05-31T15:40:40Z, INFO] solve + export of all intermediate solutions done in 4.771774530410767 secs","[2021-05-31T15:40:40Z, INFO] ScheduledActivities.csv","[2021-05-31T15:40:40Z, INFO] NotScheduledActivities.csv"]},"runtimeDetails":{"state":"STARTED"},"taskSetupMillis":8428,"taskSolveMillis":9181,"taskTearDownMillis":6926,"jobSpaceId":"35bb88af-4cb7-45f7-b26a-c166c256ea9a","jobId":"958ed7eb-c467-4019-993c-b90f4a4930f4","ping":1622475622879}