{"creationTime":1686746498318,"lastModificationTime":1686746525236,"state":"TERMINATED","solveConfig":{"containerId":"Scenario 1","solveParameters":{}},"jobDetails":{"id":"2f9f0a54-892d-476a-8c86-5b7dbfd1d9d6","createdAt":1686746499408,"startedAt":1686746520411,"endedAt":1686746523901,"submittedAt":1686746499408,"details":{"KPI._time":"0.00251007080078125","MODEL_DETAIL_BOOLEAN_VARS":"36","MODEL_DETAIL_CONSTRAINTS":"210","MODEL_DETAIL_CONTINUOUS_VARS":"0","MODEL_DETAIL_INTEGER_VARS":"0","MODEL_DETAIL_KPIS":"[]","MODEL_DETAIL_NONZEROS":"630","MODEL_DETAIL_OBJECTIVE_SENSE":"maximize","MODEL_DETAIL_TYPE":"MILP","PROGRESS_BEST_OBJECTIVE":"24.0","PROGRESS_BEST_OBJECTIVE.history":"[[1686746523.05, 24.0]]","PROGRESS_CURRENT_OBJECTIVE":"11.0","PROGRESS_CURRENT_OBJECTIVE.history":"[[1686746523.05, 11.0]]","PROGRESS_GAP":"1.181818181807438","PROGRESS_GAP.history":"[[1686746523.05, 1.181818181807438]]","STAT.cplex.modelType":"MILP","STAT.cplex.size.booleanVariables":"36","STAT.cplex.size.constraints":"210","STAT.cplex.size.continousVariables":"0","STAT.cplex.size.integerVariables":"0","STAT.cplex.size.linearConstraints":"210","STAT.cplex.size.quadraticConstraints":"0","STAT.cplex.size.variables":"36","STAT.cplex.solve.elapsedTime":"0.00251007080078125","STAT.cplex.solve.explored":"0","STAT.cplex.solve.iterationCount":"54","STAT.cplex.solve.opened":"1","STAT.job.coresCount":"1","STAT.job.inputsReadMs":"1731","STAT.job.memoryPeakKB":"112596","STAT.job.modelProcessingMs":"795","STAT.job.outputsWriteMs":"728"},"executionStatus":"PROCESSED","solveStatus":"FEASIBLE_SOLUTION","logTail":["[2023-06-14T12:42:02.175Z, WARNING] Python 3.10 is used as default with pandas 1.4.3 libraries.","[2023-06-14T12:42:02.280Z, INFO] {}","[2023-06-14T12:42:02.591Z, INFO] * running love hearts puzzle with size=8","[2023-06-14T12:42:02.626Z, INFO] ","[2023-06-14T12:42:02.627Z, INFO] Non default CPLEX parameters are:","[2023-06-14T12:42:02.627Z, INFO] solutions:int(2)","[2023-06-14T12:42:02.627Z, INFO] datacheck:int(0)","[2023-06-14T12:42:02.628Z, INFO] End of non default parameters","[2023-06-14T12:42:02.628Z, INFO] ","[2023-06-14T12:42:02.629Z, INFO] ","[2023-06-14T12:42:02.976Z, INFO] Solve with default: 14.0","[2023-06-14T12:42:03.007Z, INFO] Solve with params through solve method and .ops file: 11.0","[2023-06-14T12:42:03.034Z, INFO] Solve with params through Model constructor and .ops file: 11.0","[2023-06-14T12:42:03.060Z, INFO] Solve with params through standard python code: 11.0","[2023-06-14T12:42:03.061Z, INFO] all checks are good","[2023-06-14T12:42:03.062Z, INFO] Warning: no outputs written"]},"runtimeDetails":{"state":"STARTED"},"taskSetupMillis":999,"taskSolveMillis":25258,"taskTearDownMillis":1,"jobSpaceId":"cc10303c-848d-41a2-9598-fae37e1feef5","jobDeploymentId":"e70e4394-7a72-42a8-bd23-6f3041fccd11","jobId":"2f9f0a54-892d-476a-8c86-5b7dbfd1d9d6","ping":1686746498637}