{"creationTime":1698151535348,"lastModificationTime":1698151639620,"state":"TERMINATED","solveConfig":{"containerId":"Scenario 1","solveParameters":{}},"jobDetails":{"id":"e1c15a6c-3a5f-486a-b7bd-0a33d098660e","createdAt":1698151541738,"startedAt":1698151632301,"endedAt":1698151634427,"submittedAt":1698151541738,"details":{"STAT.job.coresCount":"1","STAT.job.inputsReadMs":"1625","STAT.job.memoryPeakKB":"90488","STAT.job.modelProcessingMs":"36","STAT.job.outputsWriteMs":"226","latestOutputUpload":"2023-10-24T12:47:14.424Z"},"executionStatus":"PROCESSED","solveStatus":"UNKNOWN","logTail":["[2023-10-24T12:47:13.959Z, WARNING] Python 3.10 is used as default with pandas 1.5.3 libraries.","[2023-10-24T12:47:14.090Z, INFO] {}","[2023-10-24T12:47:14.108Z, INFO] +---------------+------+-------+","[2023-10-24T12:47:14.110Z, INFO] |      name     | qmin |  qmax |","[2023-10-24T12:47:14.111Z, INFO] +---------------+------+-------+","[2023-10-24T12:47:14.111Z, INFO] |    Calories   | 2000 |  2500 |","[2023-10-24T12:47:14.112Z, INFO] |    Calcium    | 800  |  1600 |","[2023-10-24T12:47:14.113Z, INFO] |      Iron     |  10  |   30  |","[2023-10-24T12:47:14.113Z, INFO] |     Vit_A     | 5000 | 50000 |","[2023-10-24T12:47:14.114Z, INFO] | Dietary_Fiber |  25  |  100  |","[2023-10-24T12:47:14.115Z, INFO] | Carbohydrates |  0   |  300  |","[2023-10-24T12:47:14.116Z, INFO] |    Protein    |  50  |  100  |","[2023-10-24T12:47:14.117Z, INFO] +---------------+------+-------+","[2023-10-24T12:47:14.117Z, INFO] Warning: no outputs written"]},"taskSetupTime":1698151541812,"taskSolveTime":1698151638579,"taskTearDownTime":1698151639619,"jobSpaceId":"1e6362e3-9985-4ea3-b8ba-5d35f3036aa5","jobDeploymentId":"cda9d29c-8ed0-4d84-a961-81d9de09a834","jobId":"e1c15a6c-3a5f-486a-b7bd-0a33d098660e","ping":1698151625505}