{"creationTime":1687855144441,"lastModificationTime":1687855182862,"state":"TERMINATED","solveConfig":{"containerId":"Scenario 1","solveParameters":{"oaas.logAttachmentName":"log.txt","oaas.logTailEnabled":"true"},"setupWebHook":{"verb":"GET","url":"https://internal-nginx-svc:12443/v1/cognitive/solve/preprocess/Scenario%201?projectId=9d08fb61-4c2d-4eaa-b28e-255cccbc8df8&parentId=HouseConstructionScheduling","expectedStatus":200,"headers":{}},"tearDownWebHook":{"verb":"GET","url":"https://internal-nginx-svc:12443/v1/cognitive/solve/postprocess/Scenario%201?projectId=9d08fb61-4c2d-4eaa-b28e-255cccbc8df8&parentId=HouseConstructionScheduling","expectedStatus":200,"headers":{}}},"jobDetails":{"id":"2392938e-31da-4ec1-bae2-2513c0214216","createdAt":1687855150870,"startedAt":1687855176758,"endedAt":1687855179132,"submittedAt":1687855150870,"details":{"KPI.time to complete all Activities":"90","MODEL_DETAIL_CONSTRAINTS":"68","MODEL_DETAIL_INTEGER_VARS":"0","MODEL_DETAIL_INTERVAL_VARS":"40","MODEL_DETAIL_KPIS":"[\"time to complete all Activities\"]","MODEL_DETAIL_OBJECTIVE_SENSE":"minimize","MODEL_DETAIL_SEQUENCE_VARS":"3","MODEL_DETAIL_TYPE":"CPO Scheduling","PROGRESS_BEST_BOUND":"90","PROGRESS_BEST_OBJECTIVE":"90","PROGRESS_BEST_OBJECTIVE.history":"[[1687855178.71, \"90\"], [1687855178.74, \"90\"]]","PROGRESS_CURRENT_OBJECTIVE":"90.00000000000001","PROGRESS_CURRENT_OBJECTIVE.history":"[[1687855178.71, \"90\"], [1687855178.74, \"90.00000000000001\"]]","PROGRESS_GAP":"1.57898e-16","PROGRESS_GAP.history":"[[1687855178.71, \"1.57898e-16\"], [1687855178.74, \"1.57898e-16\"]]","STAT.cpo.modelType":"CPO","STAT.cpo.size.constraints":"68","STAT.cpo.size.integerVariables":"0","STAT.cpo.size.intervalVariables":"40","STAT.cpo.size.sequenceVariables":"3","STAT.cpo.size.variables":"43","STAT.cpo.solve.memoryUsage":"1015501","STAT.cpo.solve.numberOfBranches":"13","STAT.cpo.solve.time":"0","STAT.job.coresCount":"1","STAT.job.inputsReadMs":"1449","STAT.job.memoryPeakKB":"127676","STAT.job.modelProcessingMs":"384","STAT.job.outputsWriteMs":"184"},"executionStatus":"PROCESSED","solveStatus":"OPTIMAL_SOLUTION","logTail":["[2023-06-27T08:39:38.250Z, WARNING] Python 3.10 is used as default with pandas 1.4.3 libraries.","[2023-06-27T08:39:38.382Z, INFO] {'Subcontractor.csv': {'Name': 'str'}, 'Activity.csv': {'Activity': 'str', 'Preceding activities': 'str', 'Possible Subcontractors': 'str'}, 'Expertise.csv': {'Activity': 'str', 'Subcontractor': 'str'}}","[2023-06-27T08:39:38.640Z, INFO] * building wado model","[2023-06-27T08:39:38.670Z, INFO] model building done in 0.03005671501159668 secs","[2023-06-27T08:39:38.671Z, INFO] * running wado model","[2023-06-27T08:39:38.672Z, INFO] WARNING: Number of workers has been reduced to 1 to comply with platform limitations.","[2023-06-27T08:39:38.697Z, INFO]  ! --------------------------------------------------- CP Optimizer 22.1.1.0 --","[2023-06-27T08:39:38.698Z, INFO]  ! Minimization problem - 43 variables, 68 constraints","[2023-06-27T08:39:38.699Z, INFO]  ! Presolve      : 10 extractables eliminated","[2023-06-27T08:39:38.699Z, INFO]  ! TimeLimit            = 120","[2023-06-27T08:39:38.699Z, INFO]  ! Workers              = 1","[2023-06-27T08:39:38.700Z, INFO]  ! Initial process time : 0.00s (0.00s extraction + 0.00s propagation)","[2023-06-27T08:39:38.701Z, INFO]  !  . Log search space  : 148.1 (before), 148.1 (after)","[2023-06-27T08:39:38.701Z, INFO]  !  . Memory usage      : 543.9 kB (before), 543.9 kB (after)","[2023-06-27T08:39:38.702Z, INFO]  ! Using sequential search.","[2023-06-27T08:39:38.702Z, INFO]  ! ----------------------------------------------------------------------------","[2023-06-27T08:39:38.704Z, INFO]  !          Best Branches  Non-fixed            Branch decision","[2023-06-27T08:39:38.723Z, INFO]                         0         43                 -","[2023-06-27T08:39:38.724Z, INFO]  + New bound is 90","[2023-06-27T08:39:38.725Z, INFO]  *      90.00000       11  0.00s               (gap is 0.00%)","[2023-06-27T08:39:38.726Z, INFO]  I time to complete all Activities: 90","[2023-06-27T08:39:38.737Z, INFO] Objective values: (90,)","[2023-06-27T08:39:38.738Z, INFO] time to complete all Activities --> 90","[2023-06-27T08:39:38.741Z, INFO] solution export done in 0.0274355411529541 secs","[2023-06-27T08:39:38.749Z, INFO]  ! ----------------------------------------------------------------------------","[2023-06-27T08:39:38.750Z, INFO]  ! Search completed, 1 solution found.","[2023-06-27T08:39:38.750Z, INFO]  ! Best objective         : 90.00000 (optimal - effective tol. is 0.009)","[2023-06-27T08:39:38.751Z, INFO]  ! Best bound             : 90","[2023-06-27T08:39:38.752Z, INFO]  ! time to complete all Activities: 90","[2023-06-27T08:39:38.753Z, INFO]  ! ----------------------------------------------------------------------------","[2023-06-27T08:39:38.754Z, INFO]  ! Number of branches     : 13","[2023-06-27T08:39:38.779Z, INFO]  ! Number of fails        : 13","[2023-06-27T08:39:38.780Z, INFO]  ! Total memory usage     : 1.1 MB (1.0 MB CP Optimizer + 0.1 MB Concert)","[2023-06-27T08:39:38.780Z, INFO]  ! Time spent in solve    : 0.00s (0.00s engine + 0.00s extraction)","[2023-06-27T08:39:38.781Z, INFO]  ! Search speed (br. / s) : 1300.0","[2023-06-27T08:39:38.782Z, INFO]  ! ----------------------------------------------------------------------------","[2023-06-27T08:39:38.786Z, INFO] solve + export of all intermediate solutions done in 0.07778739929199219 secs","[2023-06-27T08:39:38.787Z, INFO] ScheduledActivities.csv","[2023-06-27T08:39:38.788Z, INFO] NotScheduledActivities.csv"]},"runtimeDetails":{"state":"STARTED"},"taskSetupMillis":6184,"taskSolveMillis":30111,"taskTearDownMillis":1110,"jobSpaceId":"3d14a570-f6e3-4665-bd9b-5b4b94d83c31","jobDeploymentId":"26ae3bf5-d230-4ea3-9b89-a824cafcc735","jobId":"2392938e-31da-4ec1-bae2-2513c0214216","ping":1687855174696}