{"creationTime":1670335231060,"lastModificationTime":1670335274510,"state":"TERMINATED","solveConfig":{"containerId":"Scenario 1","environmentId":"fd8b9ed7-2982-41e7-84dc-928f024f88a6","solveParameters":{}},"jobDetails":{"id":"ae7a14ab-cb0d-4786-bd00-f5827c536421","createdAt":1670335233342,"startedAt":1670335269500,"endedAt":1670335270246,"submittedAt":1670335233342,"details":{"STAT.job.coresCount":"1","STAT.job.inputsReadMs":"374","STAT.job.memoryPeakKB":"90064","STAT.job.modelProcessingMs":"25","STAT.job.outputsWriteMs":"107"},"executionStatus":"PROCESSED","solveStatus":"UNKNOWN","logTail":["[2022-12-06T14:01:09Z, WARNING] Python 3.9 is used as default with pandas 1.3 libraries.","[2022-12-06T14:01:10Z, INFO] {}","[2022-12-06T14:01:10Z, INFO] +---------------+------+-------+","[2022-12-06T14:01:10Z, INFO] |      name     | qmin |  qmax |","[2022-12-06T14:01:10Z, INFO] +---------------+------+-------+","[2022-12-06T14:01:10Z, INFO] |    Calories   | 2000 |  2500 |","[2022-12-06T14:01:10Z, INFO] |    Calcium    | 800  |  1600 |","[2022-12-06T14:01:10Z, INFO] |      Iron     |  10  |   30  |","[2022-12-06T14:01:10Z, INFO] |     Vit_A     | 5000 | 50000 |","[2022-12-06T14:01:10Z, INFO] | Dietary_Fiber |  25  |  100  |","[2022-12-06T14:01:10Z, INFO] | Carbohydrates |  0   |  300  |","[2022-12-06T14:01:10Z, INFO] |    Protein    |  50  |  100  |","[2022-12-06T14:01:10Z, INFO] +---------------+------+-------+","[2022-12-06T14:01:10Z, INFO] Warning: no outputs written"]},"runtimeDetails":{"state":"STARTED"},"taskSetupMillis":2098,"taskSolveMillis":40073,"taskTearDownMillis":2,"jobSpaceId":"fe26ed89-1dd5-4002-bc35-112b0ae876f2","jobDeploymentId":"d496382d-9405-4239-9d6d-1b0ef3eab072","jobId":"ae7a14ab-cb0d-4786-bd00-f5827c536421","ping":1670335261255}