{"creationTime":1622475729438,"lastModificationTime":1622475735687,"state":"TERMINATED","solveConfig":{"containerId":"Scenario 1","solveParameters":{}},"jobDetails":{"id":"3670caff-8f50-4a30-9e15-4a00674f2c87","createdAt":1622475732003,"startedAt":1622475732828,"endedAt":1622475733961,"submittedAt":1622475732003,"details":{"MODEL_DETAIL_BOOLEAN_VARS":"0","MODEL_DETAIL_CONSTRAINTS":"5","MODEL_DETAIL_CONTINUOUS_VARS":"6","MODEL_DETAIL_INTEGER_VARS":"0","MODEL_DETAIL_LINEAR_CONSTRAINTS":"5","MODEL_DETAIL_NON_ZEROS":"12","MODEL_DETAIL_OBJECTIVE_SENSE":"minimize","MODEL_DETAIL_QUADRATIC_CONSTRAINTS":"0","MODEL_DETAIL_TYPE":"LP","PROGRESS_BEST_OBJECTIVE.history":"[]","PROGRESS_CURRENT_OBJECTIVE":"372","PROGRESS_CURRENT_OBJECTIVE.history":"[[1.622475733521E9,372]]","PROGRESS_GAP.history":"[]","STAT.cplex.modelType":"LP","STAT.cplex.size.booleanVariables":"0","STAT.cplex.size.constraints":"5","STAT.cplex.size.continousVariables":"6","STAT.cplex.size.integerVariables":"0","STAT.cplex.size.linearConstraints":"5","STAT.cplex.size.quadraticConstraints":"0","STAT.cplex.size.variables":"6","STAT.job.coresCount":"1","STAT.job.inputsReadMs":"603","STAT.job.memoryPeakKB":"98352","STAT.job.modelProcessingMs":"97","STAT.job.outputsWriteMs":"397"},"executionStatus":"PROCESSED","solveStatus":"OPTIMAL_SOLUTION","logTail":["[2021-05-31T15:42:13Z, INFO] Initialization of Products.","[2021-05-31T15:42:13Z, INFO] Initialization of TProduct.","[2021-05-31T15:42:13Z, INFO] Initialization of Consumptions.","[2021-05-31T15:42:13Z, INFO] Initialization of TConsumption.","[2021-05-31T15:42:13Z, INFO] Initialization of Resources.","[2021-05-31T15:42:13Z, INFO] Initialization of TResource.","[2021-05-31T15:42:13Z, INFO] Initialization of totalInsideCost.","[2021-05-31T15:42:13Z, INFO] Initialization of Inside.","[2021-05-31T15:42:13Z, INFO] Initialization of totalOutsideCost.","[2021-05-31T15:42:13Z, INFO] Initialization of Outside.","[2021-05-31T15:42:13Z, INFO] Initialization of ctCapacity.","[2021-05-31T15:42:13Z, INFO] Initialization of ctDemand.","[2021-05-31T15:42:13Z, WARNING] Effective number of workers to be used for solve has been updated to: '1' (original value was: '0')","[2021-05-31T15:42:13Z, INFO] Version identifier: 20.1.0.0 | 2020-11-10 | 9bedb6d68","[2021-05-31T15:42:13Z, INFO] CPXPARAM_Threads                                 1","[2021-05-31T15:42:13Z, INFO] Tried aggregator 1 time.","[2021-05-31T15:42:13Z, INFO] No LP presolve or aggregator reductions.","[2021-05-31T15:42:13Z, INFO] Presolve time = 0.00 sec. (0.00 ticks)","[2021-05-31T15:42:13Z, INFO] Iteration log . . .","[2021-05-31T15:42:13Z, INFO] Iteration:     1   Dual objective     =            90.000000","[2021-05-31T15:42:13Z, INFO] attachment : stats.csv","[2021-05-31T15:42:13Z, INFO] Initialization of plan.","[2021-05-31T15:42:13Z, INFO] Initialization of TPlannedProduction.","[2021-05-31T15:42:13Z, INFO] Initialization of plan.","[2021-05-31T15:42:13Z, INFO] attachment : plan.csv","[2021-05-31T15:42:13Z, INFO] Total time spent in post processing: 0 msecs.","[2021-05-31T15:42:13Z, INFO] Solve finished with status: OPTIMAL_SOLUTION."]},"runtimeDetails":{"state":"STARTED"},"taskSetupMillis":2233,"taskSolveMillis":2422,"taskTearDownMillis":1,"jobSpaceId":"35bb88af-4cb7-45f7-b26a-c166c256ea9a","jobId":"3670caff-8f50-4a30-9e15-4a00674f2c87","ping":1622475729778}