{"creationTime":1636560513642,"lastModificationTime":1636560553408,"state":"TERMINATED","solveConfig":{"containerId":"Scenario 1","solveParameters":{}},"jobDetails":{"id":"fb6e12bc-dcbc-4ca6-b27d-77c8d357b25f","createdAt":1636560527510,"startedAt":1636560547557,"endedAt":1636560550268,"submittedAt":1636560527510,"details":{"MODEL_DETAIL_BOOLEAN_VARS":"0","MODEL_DETAIL_CONSTRAINTS":"5","MODEL_DETAIL_CONTINUOUS_VARS":"6","MODEL_DETAIL_INTEGER_VARS":"0","MODEL_DETAIL_LINEAR_CONSTRAINTS":"5","MODEL_DETAIL_NON_ZEROS":"12","MODEL_DETAIL_OBJECTIVE_SENSE":"minimize","MODEL_DETAIL_QUADRATIC_CONSTRAINTS":"0","MODEL_DETAIL_TYPE":"LP","PROGRESS_BEST_OBJECTIVE.history":"[]","PROGRESS_CURRENT_OBJECTIVE":"372","PROGRESS_CURRENT_OBJECTIVE.history":"[[1.636560549785E9,372]]","PROGRESS_GAP.history":"[]","STAT.cplex.modelType":"LP","STAT.cplex.size.booleanVariables":"0","STAT.cplex.size.constraints":"5","STAT.cplex.size.continousVariables":"6","STAT.cplex.size.integerVariables":"0","STAT.cplex.size.linearConstraints":"5","STAT.cplex.size.quadraticConstraints":"0","STAT.cplex.size.variables":"6","STAT.job.coresCount":"1","STAT.job.inputsReadMs":"1892","STAT.job.memoryPeakKB":"97752","STAT.job.modelProcessingMs":"388","STAT.job.outputsWriteMs":"360"},"executionStatus":"PROCESSED","solveStatus":"OPTIMAL_SOLUTION","logTail":["[2021-11-10T16:09:09Z, INFO] Initialization of Resources.","[2021-11-10T16:09:09Z, INFO] Initialization of TResource.","[2021-11-10T16:09:09Z, INFO] Initialization of Products.","[2021-11-10T16:09:09Z, INFO] Initialization of TProduct.","[2021-11-10T16:09:09Z, INFO] Initialization of Consumptions.","[2021-11-10T16:09:09Z, INFO] Initialization of TConsumption.","[2021-11-10T16:09:09Z, INFO] Initialization of totalInsideCost.","[2021-11-10T16:09:09Z, INFO] Initialization of Inside.","[2021-11-10T16:09:09Z, INFO] Initialization of totalOutsideCost.","[2021-11-10T16:09:09Z, INFO] Initialization of Outside.","[2021-11-10T16:09:09Z, INFO] Initialization of ctCapacity.","[2021-11-10T16:09:09Z, INFO] Initialization of ctDemand.","[2021-11-10T16:09:09Z, WARNING] Effective number of workers to be used for solve has been updated to: '1' (original value was: '0')","[2021-11-10T16:09:09Z, INFO] Version identifier: 20.1.0.1 | 2021-08-16 | c4ad639ec","[2021-11-10T16:09:09Z, INFO] CPXPARAM_Threads                                 1","[2021-11-10T16:09:09Z, INFO] Tried aggregator 1 time.","[2021-11-10T16:09:09Z, INFO] No LP presolve or aggregator reductions.","[2021-11-10T16:09:09Z, INFO] Presolve time = 0.00 sec. (0.00 ticks)","[2021-11-10T16:09:09Z, INFO] Iteration log . . .","[2021-11-10T16:09:09Z, INFO] Iteration:     1   Dual objective     =            90.000000","[2021-11-10T16:09:09Z, INFO] attachment : stats.csv","[2021-11-10T16:09:09Z, INFO] Initialization of plan.","[2021-11-10T16:09:09Z, INFO] Initialization of TPlannedProduction.","[2021-11-10T16:09:09Z, INFO] Initialization of plan.","[2021-11-10T16:09:09Z, INFO] attachment : plan.csv","[2021-11-10T16:09:09Z, INFO] Total time spent in post processing: 0 msecs.","[2021-11-10T16:09:09Z, INFO] Solve finished with status: OPTIMAL_SOLUTION."]},"runtimeDetails":{"state":"STARTED"},"taskSetupMillis":13197,"taskSolveMillis":24051,"taskTearDownMillis":1,"jobSpaceId":"8bb4e820-5a06-4aa4-a9ab-c19d7bb52bfa","jobId":"fb6e12bc-dcbc-4ca6-b27d-77c8d357b25f","ping":1636560544515}