{"creationTime":1648649917565,"lastModificationTime":1648650057040,"state":"TERMINATED","solveConfig":{"containerId":"Scenario 1","solveParameters":{}},"jobDetails":{"id":"d566f2b7-b46b-4a2a-abdb-9f7aa4d8efb3","createdAt":1648649926995,"startedAt":1648650052516,"endedAt":1648650054737,"submittedAt":1648649926995,"details":{"MODEL_DETAIL_BOOLEAN_VARS":"0","MODEL_DETAIL_CONSTRAINTS":"5","MODEL_DETAIL_CONTINUOUS_VARS":"6","MODEL_DETAIL_INTEGER_VARS":"0","MODEL_DETAIL_LINEAR_CONSTRAINTS":"5","MODEL_DETAIL_NON_ZEROS":"12","MODEL_DETAIL_OBJECTIVE_SENSE":"minimize","MODEL_DETAIL_QUADRATIC_CONSTRAINTS":"0","MODEL_DETAIL_TYPE":"LP","PROGRESS_BEST_OBJECTIVE.history":"[]","PROGRESS_CURRENT_OBJECTIVE":"372","PROGRESS_CURRENT_OBJECTIVE.history":"[[1.648650053986E9,372]]","PROGRESS_GAP.history":"[]","STAT.cplex.modelType":"LP","STAT.cplex.size.booleanVariables":"0","STAT.cplex.size.constraints":"5","STAT.cplex.size.continousVariables":"6","STAT.cplex.size.integerVariables":"0","STAT.cplex.size.linearConstraints":"5","STAT.cplex.size.quadraticConstraints":"0","STAT.cplex.size.variables":"6","STAT.job.coresCount":"1","STAT.job.inputsReadMs":"651","STAT.job.memoryPeakKB":"115488","STAT.job.modelProcessingMs":"767","STAT.job.outputsWriteMs":"510"},"executionStatus":"PROCESSED","solveStatus":"OPTIMAL_SOLUTION","logTail":["[2022-03-30T14:20:53Z, INFO] Initialization of Consumptions.","[2022-03-30T14:20:54Z, INFO] Initialization of TConsumption.","[2022-03-30T14:20:54Z, INFO] Initialization of Products.","[2022-03-30T14:20:54Z, INFO] Initialization of TProduct.","[2022-03-30T14:20:54Z, INFO] Initialization of Resources.","[2022-03-30T14:20:54Z, INFO] Initialization of TResource.","[2022-03-30T14:20:54Z, INFO] Initialization of totalInsideCost.","[2022-03-30T14:20:54Z, INFO] Initialization of Inside.","[2022-03-30T14:20:54Z, INFO] Initialization of totalOutsideCost.","[2022-03-30T14:20:54Z, INFO] Initialization of Outside.","[2022-03-30T14:20:54Z, INFO] Initialization of ctCapacity.","[2022-03-30T14:20:54Z, INFO] Initialization of ctDemand.","[2022-03-30T14:20:54Z, WARNING] Effective number of workers to be used for solve has been updated to: '1' (original value was: '0')","[2022-03-30T14:20:54Z, INFO] Version identifier: 20.1.0.1 | 2021-12-07 | 9dfdf6686","[2022-03-30T14:20:54Z, INFO] CPXPARAM_Threads                                 1","[2022-03-30T14:20:54Z, INFO] Tried aggregator 1 time.","[2022-03-30T14:20:54Z, INFO] No LP presolve or aggregator reductions.","[2022-03-30T14:20:54Z, INFO] Presolve time = 0.00 sec. (0.00 ticks)","[2022-03-30T14:20:54Z, INFO] Iteration log . . .","[2022-03-30T14:20:54Z, INFO] Iteration:     1   Dual objective     =            90.000000","[2022-03-30T14:20:54Z, INFO] attachment : stats.csv","[2022-03-30T14:20:54Z, INFO] Initialization of plan.","[2022-03-30T14:20:54Z, INFO] Initialization of TPlannedProduction.","[2022-03-30T14:20:54Z, INFO] Initialization of plan.","[2022-03-30T14:20:54Z, INFO] attachment : plan.csv","[2022-03-30T14:20:54Z, INFO] Total time spent in post processing: 1 msecs.","[2022-03-30T14:20:54Z, INFO] Solve finished with status: OPTIMAL_SOLUTION."]},"runtimeDetails":{"state":"STARTED"},"taskSetupMillis":8023,"taskSolveMillis":129044,"taskTearDownMillis":0,"jobSpaceId":"d1c259fb-9c7d-49f8-9b30-9bf356a48bc8","jobId":"d566f2b7-b46b-4a2a-abdb-9f7aa4d8efb3","ping":1648650039094}