{"creationTime":1632989607652,"lastModificationTime":1632989678218,"state":"TERMINATED","solveConfig":{"containerId":"Scenario 1","solveParameters":{}},"jobDetails":{"id":"8f453c9f-3557-4f7e-8e2a-c4cb463d2602","createdAt":1632989626474,"startedAt":1632989669069,"endedAt":1632989673438,"submittedAt":1632989626474,"details":{"MODEL_DETAIL_BOOLEAN_VARS":"0","MODEL_DETAIL_CONSTRAINTS":"5","MODEL_DETAIL_CONTINUOUS_VARS":"6","MODEL_DETAIL_INTEGER_VARS":"0","MODEL_DETAIL_LINEAR_CONSTRAINTS":"5","MODEL_DETAIL_NON_ZEROS":"12","MODEL_DETAIL_OBJECTIVE_SENSE":"minimize","MODEL_DETAIL_QUADRATIC_CONSTRAINTS":"0","MODEL_DETAIL_TYPE":"LP","PROGRESS_BEST_OBJECTIVE.history":"[]","PROGRESS_CURRENT_OBJECTIVE":"372","PROGRESS_CURRENT_OBJECTIVE.history":"[[1.632989671992E9,372]]","PROGRESS_GAP.history":"[]","STAT.cplex.modelType":"LP","STAT.cplex.size.booleanVariables":"0","STAT.cplex.size.constraints":"5","STAT.cplex.size.continousVariables":"6","STAT.cplex.size.integerVariables":"0","STAT.cplex.size.linearConstraints":"5","STAT.cplex.size.quadraticConstraints":"0","STAT.cplex.size.variables":"6","STAT.job.coresCount":"1","STAT.job.inputsReadMs":"1955","STAT.job.memoryPeakKB":"119732","STAT.job.modelProcessingMs":"986","STAT.job.outputsWriteMs":"1096"},"executionStatus":"PROCESSED","solveStatus":"OPTIMAL_SOLUTION","logTail":["[2021-09-30T08:14:31Z, INFO] Initialization of Resources.","[2021-09-30T08:14:32Z, INFO] Initialization of TResource.","[2021-09-30T08:14:32Z, INFO] Initialization of Consumptions.","[2021-09-30T08:14:32Z, INFO] Initialization of TConsumption.","[2021-09-30T08:14:32Z, INFO] Initialization of Products.","[2021-09-30T08:14:32Z, INFO] Initialization of TProduct.","[2021-09-30T08:14:32Z, INFO] Initialization of totalInsideCost.","[2021-09-30T08:14:32Z, INFO] Initialization of Inside.","[2021-09-30T08:14:32Z, INFO] Initialization of totalOutsideCost.","[2021-09-30T08:14:32Z, INFO] Initialization of Outside.","[2021-09-30T08:14:32Z, INFO] Initialization of ctCapacity.","[2021-09-30T08:14:32Z, INFO] Initialization of ctDemand.","[2021-09-30T08:14:32Z, WARNING] Effective number of workers to be used for solve has been updated to: '1' (original value was: '0')","[2021-09-30T08:14:32Z, INFO] Version identifier: 20.1.0.0 | 2020-11-10 | 9bedb6d68","[2021-09-30T08:14:32Z, INFO] CPXPARAM_Threads                                 1","[2021-09-30T08:14:32Z, INFO] Tried aggregator 1 time.","[2021-09-30T08:14:32Z, INFO] No LP presolve or aggregator reductions.","[2021-09-30T08:14:32Z, INFO] Presolve time = 0.00 sec. (0.00 ticks)","[2021-09-30T08:14:32Z, INFO] Iteration log . . .","[2021-09-30T08:14:32Z, INFO] Iteration:     1   Dual objective     =            90.000000","[2021-09-30T08:14:32Z, INFO] attachment : stats.csv","[2021-09-30T08:14:32Z, INFO] Initialization of plan.","[2021-09-30T08:14:32Z, INFO] Initialization of TPlannedProduction.","[2021-09-30T08:14:32Z, INFO] Initialization of plan.","[2021-09-30T08:14:32Z, INFO] attachment : plan.csv","[2021-09-30T08:14:32Z, INFO] Total time spent in post processing: 0 msecs.","[2021-09-30T08:14:32Z, INFO] Solve finished with status: OPTIMAL_SOLUTION."]},"runtimeDetails":{"state":"STARTED"},"taskSetupMillis":18076,"taskSolveMillis":50216,"taskTearDownMillis":1,"jobSpaceId":"9d2c73ef-2521-4130-bd91-1898668084a3","jobId":"8f453c9f-3557-4f7e-8e2a-c4cb463d2602","ping":1632989668435}