{"creationTime":1622475623677,"lastModificationTime":1622475635529,"state":"TERMINATED","solveConfig":{"containerId":"Scenario 1","solveParameters":{"oaas.logAttachmentName":"log.txt"}},"jobDetails":{"id":"b60f659b-ea5b-43a2-8c39-a1bc7d241d99","createdAt":1622475631283,"startedAt":1622475633061,"endedAt":1622475634253,"submittedAt":1622475631283,"details":{"KPI.Minimal cost":"2.690409171696264","KPI.Total Calcium":"800.0000000000001","KPI.Total Calories":"2000.0","KPI.Total Carbohydrates":"256.80576358904455","KPI.Total Dietary_Fiber":"25.0","KPI.Total Iron":"11.278317739831891","KPI.Total Protein":"51.17372234135308","KPI.Total Vit_A":"8518.432542485823","MODEL_DETAIL_BOOLEAN_VARS":"0","MODEL_DETAIL_CONSTRAINTS":"16","MODEL_DETAIL_CONTINUOUS_VARS":"9","MODEL_DETAIL_INTEGER_VARS":"0","MODEL_DETAIL_KPIS":"[\"Total Calories\", \"Total Calcium\", \"Total Iron\", \"Total Vit_A\", \"Total Dietary_Fiber\", \"Total Carbohydrates\", \"Total Protein\", \"Minimal cost\"]","MODEL_DETAIL_NONZEROS":"66","MODEL_DETAIL_OBJECTIVE_SENSE":"minimize","MODEL_DETAIL_TYPE":"LP","PROGRESS_CURRENT_OBJECTIVE":"2.6904091716962637","PROGRESS_CURRENT_OBJECTIVE.history":"[[1622475633.64, 2.6904091716962637]]","STAT.cplex.modelType":"LP","STAT.cplex.size.booleanVariables":"0","STAT.cplex.size.constraints":"16","STAT.cplex.size.continousVariables":"9","STAT.cplex.size.integerVariables":"0","STAT.cplex.size.linearConstraints":"16","STAT.cplex.size.quadraticConstraints":"0","STAT.cplex.size.variables":"9","STAT.job.coresCount":"1","STAT.job.inputsReadMs":"424","STAT.job.memoryPeakKB":"73584","STAT.job.modelProcessingMs":"135","STAT.job.outputsWriteMs":"532"},"executionStatus":"PROCESSED","solveStatus":"OPTIMAL_SOLUTION","logTail":["[2021-05-31T15:40:33Z, INFO] Model: diet","[2021-05-31T15:40:33Z, INFO]  - number of variables: 9","[2021-05-31T15:40:33Z, INFO]    - binary=0, integer=0, continuous=9","[2021-05-31T15:40:33Z, INFO]  - number of constraints: 16","[2021-05-31T15:40:33Z, INFO]    - linear=16","[2021-05-31T15:40:33Z, INFO]  - parameters: defaults","[2021-05-31T15:40:33Z, INFO]  - objective: minimize","[2021-05-31T15:40:33Z, INFO]  - problem type is: LP","[2021-05-31T15:40:33Z, INFO] Warning: Model: \"diet\" is not a MIP problem, progress listeners are disabled","[2021-05-31T15:40:33Z, INFO] objective: 2.690","[2021-05-31T15:40:33Z, INFO]   \"qty_Spaghetti W/ Sauce\"=2.155","[2021-05-31T15:40:33Z, INFO]   \"qty_Chocolate Chip Cookies\"=10.000","[2021-05-31T15:40:33Z, INFO]   \"qty_Lowfat Milk\"=1.831","[2021-05-31T15:40:33Z, INFO]   \"qty_Hotdog\"=0.930","[2021-05-31T15:40:33Z, INFO] solution.csv"]},"runtimeDetails":{"state":"STARTED"},"taskSetupMillis":7128,"taskSolveMillis":3341,"taskTearDownMillis":1,"jobSpaceId":"35bb88af-4cb7-45f7-b26a-c166c256ea9a","jobId":"b60f659b-ea5b-43a2-8c39-a1bc7d241d99","ping":1622475624164}