{"creationTime":1636560831315,"lastModificationTime":1636560853390,"state":"TERMINATED","solveConfig":{"containerId":"Scenario 1","solveParameters":{"oaas.logAttachmentName":"log.txt","oaas.docplex.python":"3.8"}},"jobDetails":{"id":"6e7b3431-fade-4e80-8979-bfd37a810279","createdAt":1636560843501,"startedAt":1636560844993,"endedAt":1636560849520,"submittedAt":1636560843501,"details":{"KPI.Minimal cost":"2.690409171696264","KPI.Total Calcium":"800.0000000000001","KPI.Total Calories":"2000.0","KPI.Total Carbohydrates":"256.80576358904455","KPI.Total Dietary_Fiber":"25.0","KPI.Total Iron":"11.278317739831891","KPI.Total Protein":"51.17372234135308","KPI.Total Vit_A":"8518.432542485823","MODEL_DETAIL_BOOLEAN_VARS":"0","MODEL_DETAIL_CONSTRAINTS":"16","MODEL_DETAIL_CONTINUOUS_VARS":"9","MODEL_DETAIL_INTEGER_VARS":"0","MODEL_DETAIL_KPIS":"[\"Total Calories\", \"Total Calcium\", \"Total Iron\", \"Total Vit_A\", \"Total Dietary_Fiber\", \"Total Carbohydrates\", \"Total Protein\", \"Minimal cost\"]","MODEL_DETAIL_NONZEROS":"66","MODEL_DETAIL_OBJECTIVE_SENSE":"minimize","MODEL_DETAIL_TYPE":"LP","PROGRESS_CURRENT_OBJECTIVE":"2.6904091716962637","PROGRESS_CURRENT_OBJECTIVE.history":"[[1636560847.99, 2.6904091716962637]]","STAT.cplex.modelType":"LP","STAT.cplex.size.booleanVariables":"0","STAT.cplex.size.constraints":"16","STAT.cplex.size.continousVariables":"9","STAT.cplex.size.integerVariables":"0","STAT.cplex.size.linearConstraints":"16","STAT.cplex.size.quadraticConstraints":"0","STAT.cplex.size.variables":"9","STAT.job.coresCount":"1","STAT.job.inputsReadMs":"2463","STAT.job.memoryPeakKB":"99892","STAT.job.modelProcessingMs":"539","STAT.job.outputsWriteMs":"1394"},"executionStatus":"PROCESSED","solveStatus":"OPTIMAL_SOLUTION","logTail":["[2021-11-10T16:14:07Z, WARNING] Support for Python 3.8 is now enabled with pandas 1.2.4 libraries.","[2021-11-10T16:14:07Z, INFO] Model: diet","[2021-11-10T16:14:07Z, INFO]  - number of variables: 9","[2021-11-10T16:14:07Z, INFO]    - binary=0, integer=0, continuous=9","[2021-11-10T16:14:07Z, INFO]  - number of constraints: 16","[2021-11-10T16:14:07Z, INFO]    - linear=16","[2021-11-10T16:14:07Z, INFO]  - parameters: defaults","[2021-11-10T16:14:07Z, INFO]  - objective: minimize","[2021-11-10T16:14:07Z, INFO]  - problem type is: LP","[2021-11-10T16:14:07Z, INFO] Warning: Model: \"diet\" is not a MIP problem, progress listeners are disabled","[2021-11-10T16:14:07Z, INFO] objective: 2.690","[2021-11-10T16:14:07Z, INFO]   \"qty_Spaghetti W/ Sauce\"=2.155","[2021-11-10T16:14:07Z, INFO]   \"qty_Chocolate Chip Cookies\"=10.000","[2021-11-10T16:14:07Z, INFO]   \"qty_Lowfat Milk\"=1.831","[2021-11-10T16:14:08Z, INFO]   \"qty_Hotdog\"=0.930","[2021-11-10T16:14:08Z, INFO] solution.csv"]},"runtimeDetails":{"state":"STARTED"},"taskSetupMillis":11284,"taskSolveMillis":7461,"taskTearDownMillis":0,"jobSpaceId":"8bb4e820-5a06-4aa4-a9ab-c19d7bb52bfa","jobId":"6e7b3431-fade-4e80-8979-bfd37a810279","ping":1636560833969}