{"creationTime":1632989623217,"lastModificationTime":1632989650527,"state":"TERMINATED","solveConfig":{"containerId":"Scenario 1","solveParameters":{"oaas.logAttachmentName":"log.txt","oaas.docplex.python":"3.8"}},"jobDetails":{"id":"feacbf04-910b-4664-ba39-69b836f12399","createdAt":1632989632224,"startedAt":1632989645556,"endedAt":1632989647463,"submittedAt":1632989632224,"details":{"KPI.Minimal cost":"2.690409171696264","KPI.Total Calcium":"800.0000000000001","KPI.Total Calories":"2000.0","KPI.Total Carbohydrates":"256.80576358904455","KPI.Total Dietary_Fiber":"25.0","KPI.Total Iron":"11.278317739831891","KPI.Total Protein":"51.17372234135308","KPI.Total Vit_A":"8518.432542485823","MODEL_DETAIL_BOOLEAN_VARS":"0","MODEL_DETAIL_CONSTRAINTS":"16","MODEL_DETAIL_CONTINUOUS_VARS":"9","MODEL_DETAIL_INTEGER_VARS":"0","MODEL_DETAIL_KPIS":"[\"Total Calories\", \"Total Calcium\", \"Total Iron\", \"Total Vit_A\", \"Total Dietary_Fiber\", \"Total Carbohydrates\", \"Total Protein\", \"Minimal cost\"]","MODEL_DETAIL_NONZEROS":"66","MODEL_DETAIL_OBJECTIVE_SENSE":"minimize","MODEL_DETAIL_TYPE":"LP","PROGRESS_CURRENT_OBJECTIVE":"2.6904091716962637","PROGRESS_CURRENT_OBJECTIVE.history":"[[1632989646.66, 2.6904091716962637]]","STAT.cplex.modelType":"LP","STAT.cplex.size.booleanVariables":"0","STAT.cplex.size.constraints":"16","STAT.cplex.size.continousVariables":"9","STAT.cplex.size.integerVariables":"0","STAT.cplex.size.linearConstraints":"16","STAT.cplex.size.quadraticConstraints":"0","STAT.cplex.size.variables":"9","STAT.job.coresCount":"1","STAT.job.inputsReadMs":"498","STAT.job.memoryPeakKB":"99684","STAT.job.modelProcessingMs":"589","STAT.job.outputsWriteMs":"666"},"executionStatus":"PROCESSED","solveStatus":"OPTIMAL_SOLUTION","logTail":["[2021-09-30T08:14:06Z, WARNING] Support for Python 3.8 is now enabled with pandas 1.0.5 libraries.","[2021-09-30T08:14:06Z, INFO] Model: diet","[2021-09-30T08:14:06Z, INFO]  - number of variables: 9","[2021-09-30T08:14:06Z, INFO]    - binary=0, integer=0, continuous=9","[2021-09-30T08:14:06Z, INFO]  - number of constraints: 16","[2021-09-30T08:14:06Z, INFO]    - linear=16","[2021-09-30T08:14:06Z, INFO]  - parameters: defaults","[2021-09-30T08:14:06Z, INFO]  - objective: minimize","[2021-09-30T08:14:06Z, INFO]  - problem type is: LP","[2021-09-30T08:14:06Z, INFO] Warning: Model: \"diet\" is not a MIP problem, progress listeners are disabled","[2021-09-30T08:14:06Z, INFO] objective: 2.690","[2021-09-30T08:14:06Z, INFO]   \"qty_Spaghetti W/ Sauce\"=2.155","[2021-09-30T08:14:06Z, INFO]   \"qty_Chocolate Chip Cookies\"=10.000","[2021-09-30T08:14:06Z, INFO]   \"qty_Lowfat Milk\"=1.831","[2021-09-30T08:14:06Z, INFO]   \"qty_Hotdog\"=0.930","[2021-09-30T08:14:06Z, INFO] solution.csv"]},"runtimeDetails":{"state":"STARTED"},"taskSetupMillis":6202,"taskSolveMillis":15406,"taskTearDownMillis":0,"jobSpaceId":"9d2c73ef-2521-4130-bd91-1898668084a3","jobId":"feacbf04-910b-4664-ba39-69b836f12399","ping":1632989627375}