{"creationTime":1648649834810,"lastModificationTime":1648649899919,"state":"TERMINATED","solveConfig":{"containerId":"Scenario 1","solveParameters":{"oaas.logAttachmentName":"log.txt"}},"jobDetails":{"id":"77bb6e7e-9ae9-4e45-863a-4fc5d16d5b45","createdAt":1648649851689,"startedAt":1648649889262,"endedAt":1648649894433,"submittedAt":1648649851689,"details":{"KPI.Minimal cost":"2.690409171696264","KPI.Total Calcium":"800.0000000000001","KPI.Total Calories":"2000.0","KPI.Total Carbohydrates":"256.80576358904455","KPI.Total Dietary_Fiber":"25.0","KPI.Total Iron":"11.278317739831891","KPI.Total Protein":"51.17372234135308","KPI.Total Vit_A":"8518.432542485823","MODEL_DETAIL_BOOLEAN_VARS":"0","MODEL_DETAIL_CONSTRAINTS":"16","MODEL_DETAIL_CONTINUOUS_VARS":"9","MODEL_DETAIL_INTEGER_VARS":"0","MODEL_DETAIL_KPIS":"[\"Total Calories\", \"Total Calcium\", \"Total Iron\", \"Total Vit_A\", \"Total Dietary_Fiber\", \"Total Carbohydrates\", \"Total Protein\", \"Minimal cost\"]","MODEL_DETAIL_NONZEROS":"66","MODEL_DETAIL_OBJECTIVE_SENSE":"minimize","MODEL_DETAIL_TYPE":"LP","PROGRESS_CURRENT_OBJECTIVE":"2.6904091716962637","PROGRESS_CURRENT_OBJECTIVE.history":"[[1648649892.12, 2.6904091716962637]]","STAT.cplex.modelType":"LP","STAT.cplex.size.booleanVariables":"0","STAT.cplex.size.constraints":"16","STAT.cplex.size.continousVariables":"9","STAT.cplex.size.integerVariables":"0","STAT.cplex.size.linearConstraints":"16","STAT.cplex.size.quadraticConstraints":"0","STAT.cplex.size.variables":"9","STAT.job.coresCount":"1","STAT.job.inputsReadMs":"2002","STAT.job.memoryPeakKB":"110220","STAT.job.modelProcessingMs":"549","STAT.job.outputsWriteMs":"2057"},"executionStatus":"PROCESSED","solveStatus":"OPTIMAL_SOLUTION","logTail":["[2022-03-30T14:18:11Z, WARNING] Support for Python 3.9 is now enabled with pandas 1.3 libraries.","[2022-03-30T14:18:12Z, INFO] Model: diet","[2022-03-30T14:18:12Z, INFO]  - number of variables: 9","[2022-03-30T14:18:12Z, INFO]    - binary=0, integer=0, continuous=9","[2022-03-30T14:18:12Z, INFO]  - number of constraints: 16","[2022-03-30T14:18:12Z, INFO]    - linear=16","[2022-03-30T14:18:12Z, INFO]  - parameters: defaults","[2022-03-30T14:18:12Z, INFO]  - objective: minimize","[2022-03-30T14:18:12Z, INFO]  - problem type is: LP","[2022-03-30T14:18:12Z, INFO] Warning: Model: \"diet\" is not a MIP problem, progress listeners are disabled","[2022-03-30T14:18:12Z, INFO] objective: 2.690","[2022-03-30T14:18:12Z, INFO]   \"qty_Spaghetti W/ Sauce\"=2.155","[2022-03-30T14:18:12Z, INFO]   \"qty_Chocolate Chip Cookies\"=10.000","[2022-03-30T14:18:12Z, INFO]   \"qty_Lowfat Milk\"=1.831","[2022-03-30T14:18:12Z, INFO]   \"qty_Hotdog\"=0.930","[2022-03-30T14:18:12Z, INFO] solution.csv"]},"runtimeDetails":{"state":"STARTED"},"taskSetupMillis":15926,"taskSolveMillis":43388,"taskTearDownMillis":3410,"jobSpaceId":"d1c259fb-9c7d-49f8-9b30-9bf356a48bc8","jobId":"77bb6e7e-9ae9-4e45-863a-4fc5d16d5b45","ping":1648649896509}