{"creationTime":1527264562511,"lastModificationTime":1527264565100,"state":"TERMINATED","solveConfig":{"containerId":"Copy 03","solveParameters":{"oaas.logAttachmentName":"log.txt","oaas.logTailEnabled":"true"}},"jobDetails":{"id":"job.b999b759-727b-4f45-bba8-57b20669d7a2","createdAt":1527264562715,"startedAt":1527264562810,"endedAt":1527264565012,"endReportedAt":1527264565032,"submittedAt":1527264562715,"updatedAt":1527264565012,"applicationVersionUsed":"1.0-release_to_dsxl_ce-b3","details":{"MODEL_DETAIL_BOOLEAN_VARS":"0","MODEL_DETAIL_CONSTRAINTS":"588","MODEL_DETAIL_CONTINUOUS_VARS":"0","MODEL_DETAIL_KPIS":"[\"Total Cost\", \"Nb Fix Used\", \"Nb Temp Used\"]","MODEL_DETAIL_INTEGER_VARS":"774","PROGRESS_GAP":"0.0","MODEL_DETAIL_NONZEROS":"6234","PROGRESS_BEST_OBJECTIVE":"4600.0","KPI.Nb Temp Used":"10.0","KPI.Nb Fix Used":"40.0","MODEL_DETAIL_TYPE":"MILP","PROGRESS_CURRENT_OBJECTIVE":"4600","KPI.Total Cost":"4600"},"systemDetails":{"worker.process.max.memory":"524288","worker.cores.total":"8","worker.cores.default":"1","worker.heap.max":"524288","worker.data.read.bytes":"9308","worker.data.write.duration":"391","worker.processing.duration":"2149","worker.process.peak.swap":"0","worker.log.write.duration":"7","worker.process.processing.duration":"1420","worker.data.read.duration":"43","worker.jms.write.chars":"15748","worker.log.write.chars":"1066","worker.data.write.bytes":"11927","worker.heap.used":"84725","worker.process.peak.memory":"98448","worker.setup.duration":"58","worker.jms.write.duration":"40"},"executionStatus":"PROCESSED","solveStatus":"OPTIMAL_SOLUTION","logTail":["[2018-05-25T16:09:24Z, INFO] WARNING: Number of workers has been reduced to 1 to comply with platform limitations.","[2018-05-25T16:09:24Z, INFO] CPXPARAM_Read_DataCheck                          1","[2018-05-25T16:09:24Z, INFO] CPXPARAM_Threads                                 1","[2018-05-25T16:09:24Z, INFO] Tried aggregator 2 times.","[2018-05-25T16:09:24Z, INFO] MIP Presolve eliminated 77 rows and 98 columns.","[2018-05-25T16:09:24Z, INFO] Aggregator did 386 substitutions.","[2018-05-25T16:09:24Z, INFO] Reduced MIP has 125 rows, 290 columns, and 3655 nonzeros.","[2018-05-25T16:09:24Z, INFO] Reduced MIP has 0 binaries, 290 generals, 0 SOSs, and 0 indicators.","[2018-05-25T16:09:24Z, INFO] Presolve time = 0.01 sec. (3.73 ticks)","[2018-05-25T16:09:24Z, INFO] Found incumbent of value 5160.000000 after 0.02 sec. (8.61 ticks)","[2018-05-25T16:09:24Z, INFO] Tried aggregator 1 time.","[2018-05-25T16:09:24Z, INFO] Reduced MIP has 125 rows, 290 columns, and 3655 nonzeros.","[2018-05-25T16:09:24Z, INFO] Reduced MIP has 0 binaries, 290 generals, 0 SOSs, and 0 indicators.","[2018-05-25T16:09:24Z, INFO] Presolve time = 0.00 sec. (1.41 ticks)","[2018-05-25T16:09:24Z, INFO] MIP emphasis: balance optimality and feasibility.","[2018-05-25T16:09:24Z, INFO] MIP search method: dynamic search.","[2018-05-25T16:09:24Z, INFO] Parallel mode: none, using 1 thread.","[2018-05-25T16:09:24Z, INFO] Root relaxation solution time = 0.00 sec. (0.69 ticks)","[2018-05-25T16:09:24Z, INFO] ","[2018-05-25T16:09:24Z, INFO]         Nodes                                         Cuts/","[2018-05-25T16:09:24Z, INFO]    Node  Left     Objective  IInf  Best Integer    Best Bound    ItCnt     Gap","[2018-05-25T16:09:24Z, INFO] *     0+    0                         5160.0000     1000.0000            80.62%","[2018-05-25T16:09:24Z, INFO] *     0     0      integral     0     4600.0000     4600.0000       54    0.00%","[2018-05-25T16:09:24Z, INFO] Elapsed time = 0.02 sec. (11.26 ticks, tree = 0.00 MB","[2018-05-25T16:09:24Z, INFO] , solutions = 2","[2018-05-25T16:09:24Z, INFO] )","[2018-05-25T16:09:24Z, INFO] ","[2018-05-25T16:09:24Z, INFO] Root node processing (before b&c):","[2018-05-25T16:09:24Z, INFO]   Real time             =    0.02 sec. (11.31 ticks)","[2018-05-25T16:09:24Z, INFO] Sequential b&c:","[2018-05-25T16:09:24Z, INFO]   Real time             =    0.00 sec. (0.00 ticks)","[2018-05-25T16:09:24Z, INFO]                           ------------","[2018-05-25T16:09:24Z, INFO] Total (root+branch&cut) =    0.02 sec. (11.31 ticks)","[2018-05-25T16:09:24Z, INFO]   Feasible 4600"]},"runtimeDetails":{"state":"STARTED"},"taskSetupMillis":178,"taskSolveMillis":2301,"taskTearDownMillis":1,"jobId":"job.b999b759-727b-4f45-bba8-57b20669d7a2","transactionId":"384dc763-eeae-47f9-8ef3-d461898f863a","dataContainerId":"80460e8c-edfb-4a5a-a9e5-8186085fd410","ping":0}