{"creationTime":1651064028970,"lastModificationTime":1651064028970,"state":"TERMINATED","solveConfig":{"containerId":"scenario 3","solveParameters":{"oaas.logAttachmentName":"log.txt","oaas.logTailEnabled":"true"},"setupWebHook":{"verb":"GET","url":"https://internal-nginx-svc:12443/v1/cognitive/solve/preprocess/scenario%203?projectId=0e14ce68-22dd-40e6-b646-df3586b97c0e&parentId=MarketingCampaignAssignment","expectedStatus":200,"headers":{}},"tearDownWebHook":{"verb":"GET","url":"https://internal-nginx-svc:12443/v1/cognitive/solve/postprocess/scenario%203?projectId=0e14ce68-22dd-40e6-b646-df3586b97c0e&parentId=MarketingCampaignAssignment","expectedStatus":200,"headers":{}}},"jobDetails":{"id":"1dcb04ed-479e-4b6a-a5df-ece6e02935dc","createdAt":1648646364189,"startedAt":1648646365419,"endedAt":1648646367140,"submittedAt":1648646364189,"details":{"KPI.overall quality or value of Customer-Campaign assignments according to Candidates":"735.0","KPI.the number of Customer-Campaign assignments":"9.0","MODEL_DETAIL_BOOLEAN_VARS":"27","MODEL_DETAIL_CONSTRAINTS":"14","MODEL_DETAIL_CONTINUOUS_VARS":"0","MODEL_DETAIL_INTEGER_VARS":"0","MODEL_DETAIL_KPIS":"[\"the number of Customer-Campaign assignments\", \"overall quality or value of Customer-Campaign assignments according to Candidates\"]","MODEL_DETAIL_NONZEROS":"56","MODEL_DETAIL_OBJECTIVE_SENSE":"maximize","MODEL_DETAIL_TYPE":"MILP","PROGRESS_BEST_OBJECTIVE":"11904.0","PROGRESS_BEST_OBJECTIVE.history":"[[1648646365.81, 11904.0]]","PROGRESS_CURRENT_OBJECTIVE":"11904.0","PROGRESS_CURRENT_OBJECTIVE.history":"[[1648646365.81, 11904.0]]","PROGRESS_GAP":"0.0","PROGRESS_GAP.history":"[[1648646365.81, 0.0]]","STAT.cplex.modelType":"MILP","STAT.cplex.size.booleanVariables":"27","STAT.cplex.size.constraints":"14","STAT.cplex.size.continousVariables":"0","STAT.cplex.size.integerVariables":"0","STAT.cplex.size.linearConstraints":"14","STAT.cplex.size.quadraticConstraints":"0","STAT.cplex.size.variables":"27","STAT.job.coresCount":"1","STAT.job.inputsReadMs":"130","STAT.job.memoryPeakKB":"106888","STAT.job.modelProcessingMs":"235","STAT.job.outputsWriteMs":"1011"},"executionStatus":"PROCESSED","solveStatus":"OPTIMAL_SOLUTION","logTail":["[2022-03-30T13:19:25Z, INFO] WARNING: Number of workers has been reduced to 1 to comply with platform limitations.","[2022-03-30T13:19:25Z, INFO] Version identifier: 20.1.0.1 | 2021-12-07 | 9dfdf6686","[2022-03-30T13:19:25Z, INFO] CPXPARAM_Read_DataCheck                          1","[2022-03-30T13:19:25Z, INFO] CPXPARAM_Threads                                 1","[2022-03-30T13:19:25Z, INFO] CPXPARAM_TimeLimit                               120","[2022-03-30T13:19:25Z, INFO] Legacy callback                                  i","[2022-03-30T13:19:25Z, INFO] Found incumbent of value 0.000000 after 0.00 sec. (0.00 ticks)","[2022-03-30T13:19:25Z, INFO] Tried aggregator 1 time.","[2022-03-30T13:19:25Z, INFO] MIP Presolve eliminated 2 rows and 2 columns.","[2022-03-30T13:19:25Z, INFO] Reduced MIP has 12 rows, 25 columns, and 50 nonzeros.","[2022-03-30T13:19:25Z, INFO] Reduced MIP has 25 binaries, 0 generals, 0 SOSs, and 0 indicators.","[2022-03-30T13:19:25Z, INFO] Presolve time = 0.00 sec. (0.03 ticks)","[2022-03-30T13:19:25Z, INFO] Probing time = 0.00 sec. (0.01 ticks)","[2022-03-30T13:19:25Z, INFO] Tried aggregator 1 time.","[2022-03-30T13:19:25Z, INFO] Detecting symmetries...","[2022-03-30T13:19:25Z, INFO] Reduced MIP has 12 rows, 25 columns, and 50 nonzeros.","[2022-03-30T13:19:25Z, INFO] Reduced MIP has 25 binaries, 0 generals, 0 SOSs, and 0 indicators.","[2022-03-30T13:19:25Z, INFO] Presolve time = 0.00 sec. (0.04 ticks)","[2022-03-30T13:19:25Z, INFO] Probing time = 0.00 sec. (0.01 ticks)","[2022-03-30T13:19:25Z, INFO] Clique table members: 9.","[2022-03-30T13:19:25Z, INFO] MIP emphasis: balance optimality and feasibility.","[2022-03-30T13:19:25Z, INFO] MIP search method: dynamic search.","[2022-03-30T13:19:25Z, INFO] Parallel mode: none, using 1 thread.","[2022-03-30T13:19:25Z, INFO] Root relaxation solution time = 0.00 sec. (0.02 ticks)","[2022-03-30T13:19:25Z, INFO] ","[2022-03-30T13:19:25Z, INFO]         Nodes                                         Cuts/","[2022-03-30T13:19:25Z, INFO]    Node  Left     Objective  IInf  Best Integer    Best Bound    ItCnt     Gap","[2022-03-30T13:19:25Z, INFO] ","[2022-03-30T13:19:25Z, INFO] *     0+    0                            0.0000    29520.0000              --- ","[2022-03-30T13:19:25Z, INFO] *     0     0      integral     0    11904.0000    11904.0000       11    0.00%","[2022-03-30T13:19:25Z, INFO] Elapsed time = 0.00 sec. (0.14 ticks, tree = 0.00 MB, solutions = 2)","[2022-03-30T13:19:25Z, INFO] ","[2022-03-30T13:19:25Z, INFO] Root node processing (before b&c):","[2022-03-30T13:19:25Z, INFO]   Real time             =    0.00 sec. (0.14 ticks)","[2022-03-30T13:19:25Z, INFO] Sequential b&c:","[2022-03-30T13:19:25Z, INFO]   Real time             =    0.00 sec. (0.00 ticks)","[2022-03-30T13:19:25Z, INFO]                           ------------","[2022-03-30T13:19:25Z, INFO] Total (root+branch&cut) =    0.00 sec. (0.14 ticks)","[2022-03-30T13:19:26Z, INFO] Solve status: JobSolveStatus.OPTIMAL_SOLUTION","[2022-03-30T13:19:26Z, INFO] * model docplex_model1 solved with objective = 11904.000","[2022-03-30T13:19:26Z, INFO] *  KPI: the number of Customer-Campaign assignments                                       = 9.000","[2022-03-30T13:19:26Z, INFO] *  KPI: overall quality or value of Customer-Campaign assignments according to Candidates = 735.000","[2022-03-30T13:19:26Z, INFO] model solve done in 0.028107166290283203 secs","[2022-03-30T13:19:26Z, INFO] solution export done in 0.015472173690795898 secs","[2022-03-30T13:19:26Z, INFO] AssignedCampaigns.csv"]},"runtimeDetails":{"state":"STARTED"},"taskSetupMillis":7390,"taskSolveMillis":4331,"taskTearDownMillis":5035,"jobSpaceId":"5f6efc9a-f726-4409-b93e-446a080a3f16","jobDeploymentId":"6cd79da5-6a38-498a-8f1f-448152e6fcbc","jobId":"1dcb04ed-479e-4b6a-a5df-ece6e02935dc","ping":1648646356972}