{"parentId":"Diet","category":"dashboard","creator":"achabrier@es.ibm.com","createdAt":1516351674010,"usage":{"lastModificationTime":1516352161450,"lastModifier":"achabrier@es.ibm.com"},"dataUsagePerCategory":{"":{"lastModificationTime":1516352161450,"lastModifier":"achabrier@es.ibm.com"}},"state":"available","assets":[{"name":"dashboard.json","creator":"achabrier@es.ibm.com","createdAt":1516351675764,"lastUpdater":"achabrier@es.ibm.com","updatedAt":1516352161450,"contentType":"application/json","path":"dashboard.json"}]}