{"creationTime":1592922125106,"lastModificationTime":1592922146116,"state":"TERMINATED","solveConfig":{"containerId":"Copy 04","solveParameters":{"oaas.logAttachmentName":"log.txt","oaas.logTailEnabled":"true"}},"jobDetails":{"id":"02841594-4395-4468-ab64-991a80869f49","createdAt":1592922133993,"startedAt":1592922134891,"endedAt":1592922140059,"submittedAt":1592922133993,"details":{"PROGRESS_GAP":"0.0","KPI.Total Cost":"4100","MODEL_DETAIL_NONZEROS":"6234","MODEL_DETAIL_TYPE":"MILP","KPI.Nb Fix Used":"32.0","MODEL_DETAIL_CONTINUOUS_VARS":"0","MODEL_DETAIL_CONSTRAINTS":"588","PROGRESS_CURRENT_OBJECTIVE":"4100","MODEL_DETAIL_INTEGER_VARS":"774","MODEL_DETAIL_KPIS":"[\"Total Cost\", \"Nb Fix Used\", \"Nb Temp Used\"]","PROGRESS_CURRENT_OBJECTIVE.history":"[[1592922137.4, 4100]]","KPI.Nb Temp Used":"15.0","MODEL_DETAIL_BOOLEAN_VARS":"0","PROGRESS_BEST_OBJECTIVE":"4100.0"},"executionStatus":"PROCESSED","solveStatus":"OPTIMAL_SOLUTION","logTail":["[2020-06-23T14:22:17Z, INFO] WARNING: Number of workers has been reduced to 1 to comply with platform limitations.","[2020-06-23T14:22:17Z, INFO] CPXPARAM_Read_DataCheck                          1","[2020-06-23T14:22:17Z, INFO] CPXPARAM_Threads                                 1","[2020-06-23T14:22:17Z, INFO] Tried aggregator 2 times.","[2020-06-23T14:22:17Z, INFO] MIP Presolve eliminated 81 rows and 101 columns.","[2020-06-23T14:22:17Z, INFO] Aggregator did 386 substitutions.","[2020-06-23T14:22:17Z, INFO] Reduced MIP has 121 rows, 287 columns, and 3515 nonzeros.","[2020-06-23T14:22:17Z, INFO] Reduced MIP has 0 binaries, 287 generals, 0 SOSs, and 0 indicators.","[2020-06-23T14:22:17Z, INFO] Presolve time = 0.01 sec. (4.01 ticks)","[2020-06-23T14:22:17Z, INFO] Found incumbent of value 5260.000000 after 0.02 sec. (8.38 ticks)","[2020-06-23T14:22:17Z, INFO] Tried aggregator 1 time.","[2020-06-23T14:22:17Z, INFO] Reduced MIP has 121 rows, 287 columns, and 3515 nonzeros.","[2020-06-23T14:22:17Z, INFO] Reduced MIP has 0 binaries, 287 generals, 0 SOSs, and 0 indicators.","[2020-06-23T14:22:17Z, INFO] Presolve time = 0.00 sec. (1.40 ticks)","[2020-06-23T14:22:17Z, INFO] MIP emphasis: balance optimality and feasibility.","[2020-06-23T14:22:17Z, INFO] MIP search method: dynamic search.","[2020-06-23T14:22:17Z, INFO] Parallel mode: none, using 1 thread.","[2020-06-23T14:22:17Z, INFO] Root relaxation solution time = 0.00 sec. (0.72 ticks)","[2020-06-23T14:22:17Z, INFO] ","[2020-06-23T14:22:17Z, INFO]         Nodes                                         Cuts/","[2020-06-23T14:22:17Z, INFO]    Node  Left     Objective  IInf  Best Integer    Best Bound    ItCnt     Gap","[2020-06-23T14:22:17Z, INFO] *     0+    0                         5260.0000     1000.0000            80.99%","[2020-06-23T14:22:17Z, INFO] *     0     0      integral     0     4100.0000     4100.0000       64    0.00%","[2020-06-23T14:22:17Z, INFO] Elapsed time = 0.02 sec. (11.11 ticks, tree = 0.00 MB","[2020-06-23T14:22:17Z, INFO] , solutions = 2","[2020-06-23T14:22:17Z, INFO] )","[2020-06-23T14:22:17Z, INFO] ","[2020-06-23T14:22:17Z, INFO] Root node processing (before b&c):","[2020-06-23T14:22:17Z, INFO]   Real time             =    0.02 sec. (11.13 ticks)","[2020-06-23T14:22:17Z, INFO] Sequential b&c:","[2020-06-23T14:22:17Z, INFO]   Real time             =    0.00 sec. (0.00 ticks)","[2020-06-23T14:22:17Z, INFO]                           ------------","[2020-06-23T14:22:17Z, INFO] Total (root+branch&cut) =    0.02 sec. (11.13 ticks)","[2020-06-23T14:22:17Z, INFO]   Feasible 4100","[2020-06-23T14:22:17Z, INFO] starts.csv","[2020-06-23T14:22:17Z, INFO] works.csv","[2020-06-23T14:22:17Z, INFO] nr.csv"]},"runtimeDetails":{"state":"STARTED"},"taskSetupMillis":8437,"taskSolveMillis":9398,"taskTearDownMillis":2,"jobId":"02841594-4395-4468-ab64-991a80869f49","transactionId":"cb169c86-f058-48ce-9b72-c4f1ac2b33a8","dataContainerId":"1fd29b2f-e8a7-423f-abde-ab4dda80bf8b","ping":1592922125605,"taskUserId":"florence.varignier@fr.ibm.com"}