{"creationTime":1636559977763,"lastModificationTime":1636560043085,"state":"TERMINATED","solveConfig":{"containerId":"Scenario 1","solveParameters":{"oaas.docplex.python":"3.8"},"setupWebHook":{"verb":"GET","url":"https://internal-nginx-svc:12443/v1/cognitive/solve/preprocess/Scenario%201?projectId=214bf38c-0e5a-477e-9da8-3899eaee0c65&parentId=SupplyDemandPlanning","expectedStatus":200,"headers":{}},"tearDownWebHook":{"verb":"GET","url":"https://internal-nginx-svc:12443/v1/cognitive/solve/postprocess/Scenario%201?projectId=214bf38c-0e5a-477e-9da8-3899eaee0c65&parentId=SupplyDemandPlanning","expectedStatus":200,"headers":{}}},"jobDetails":{"id":"77c2eff7-542c-49b2-a899-d24016ba7519","createdAt":1636559989720,"startedAt":1636560016694,"endedAt":1636560020582,"submittedAt":1636559989720,"details":{"KPI.market sales":"3452.0","KPI.overall production cost based on plant_product_cost":"323091.5","KPI.sales profit based on marginal_profit":"2644191.0","KPI.total inventory at markets":"495.0","MODEL_DETAIL_BOOLEAN_VARS":"0","MODEL_DETAIL_CONSTRAINTS":"1828","MODEL_DETAIL_CONTINUOUS_VARS":"678","MODEL_DETAIL_INTEGER_VARS":"0","MODEL_DETAIL_KPIS":"[\"sales profit based on marginal_profit\", \"overall production cost based on plant_product_cost\", \"market sales\", \"total inventory at markets\"]","MODEL_DETAIL_NONZEROS":"3838","MODEL_DETAIL_OBJECTIVE_SENSE":"minimize","MODEL_DETAIL_TYPE":"LP","PROGRESS_CURRENT_OBJECTIVE":"-37184904.0","PROGRESS_CURRENT_OBJECTIVE.history":"[[1636560019.65, -37184904.0]]","STAT.cplex.modelType":"LP","STAT.cplex.size.booleanVariables":"0","STAT.cplex.size.constraints":"1828","STAT.cplex.size.continousVariables":"678","STAT.cplex.size.integerVariables":"0","STAT.cplex.size.linearConstraints":"1828","STAT.cplex.size.quadraticConstraints":"0","STAT.cplex.size.variables":"678","STAT.job.coresCount":"1","STAT.job.inputsReadMs":"1315","STAT.job.memoryPeakKB":"106704","STAT.job.modelProcessingMs":"1422","STAT.job.outputsWriteMs":"621"},"executionStatus":"PROCESSED","solveStatus":"OPTIMAL_SOLUTION","logTail":["[2021-11-10T16:00:18Z, WARNING] Support for Python 3.8 is now enabled with pandas 1.2.4 libraries.","[2021-11-10T16:00:18Z, INFO] * building wado model","[2021-11-10T16:00:19Z, INFO] model building done in 0.7850286960601807 secs","[2021-11-10T16:00:19Z, INFO] * running wado model","[2021-11-10T16:00:19Z, INFO] Warning: Model: \"docplex_model1\" is not a MIP problem, progress listeners are disabled","[2021-11-10T16:00:19Z, INFO] WARNING: Number of workers has been reduced to 1 to comply with platform limitations.","[2021-11-10T16:00:19Z, INFO] Version identifier: 20.1.0.1 | 2021-08-16 | c4ad639ec","[2021-11-10T16:00:19Z, INFO] CPXPARAM_Read_DataCheck                          1","[2021-11-10T16:00:19Z, INFO] CPXPARAM_Threads                                 1","[2021-11-10T16:00:19Z, INFO] CPXPARAM_TimeLimit                               120","[2021-11-10T16:00:19Z, INFO] Tried aggregator 1 time.","[2021-11-10T16:00:19Z, INFO] LP Presolve eliminated 1660 rows and 64 columns.","[2021-11-10T16:00:19Z, INFO] Reduced LP has 168 rows, 614 columns, and 1540 nonzeros.","[2021-11-10T16:00:19Z, INFO] Presolve time = 0.00 sec. (1.05 ticks)","[2021-11-10T16:00:19Z, INFO] Initializing dual steep norms . . .","[2021-11-10T16:00:19Z, INFO] ","[2021-11-10T16:00:19Z, INFO] Iteration log . . .","[2021-11-10T16:00:19Z, INFO] Iteration:     1   Dual objective     =     -42344336.000000","[2021-11-10T16:00:19Z, INFO] Iteration:    62   Dual objective     =     -37186392.000000","[2021-11-10T16:00:19Z, INFO] Solve status: JobSolveStatus.OPTIMAL_SOLUTION","[2021-11-10T16:00:19Z, INFO] * model docplex_model1 solved with objective = -37184904.000","[2021-11-10T16:00:19Z, INFO] *  KPI: sales profit based on marginal_profit               = 2644191.000","[2021-11-10T16:00:19Z, INFO] *  KPI: overall production cost based on plant_product_cost = 323091.500","[2021-11-10T16:00:19Z, INFO] *  KPI: market sales                                        = 3452.000","[2021-11-10T16:00:19Z, INFO] *  KPI: total inventory at markets                          = 495.000","[2021-11-10T16:00:19Z, INFO] model solve done in 0.04465484619140625 secs","[2021-11-10T16:00:19Z, INFO] solution export done in 0.10016226768493652 secs","[2021-11-10T16:00:19Z, INFO] delivery.csv","[2021-11-10T16:00:19Z, INFO] marketInventory.csv","[2021-11-10T16:00:19Z, INFO] production.csv","[2021-11-10T16:00:19Z, INFO] plantInventory.csv","[2021-11-10T16:00:19Z, INFO] executedSales.csv"]},"runtimeDetails":{"state":"STARTED"},"taskSetupMillis":10363,"taskSolveMillis":34631,"taskTearDownMillis":16500,"jobSpaceId":"8bb4e820-5a06-4aa4-a9ab-c19d7bb52bfa","jobId":"77c2eff7-542c-49b2-a899-d24016ba7519","ping":1636560039398}