{"creationTime":1648650093213,"lastModificationTime":1648650144604,"state":"TERMINATED","solveConfig":{"containerId":"Scenario 1","solveParameters":{},"setupWebHook":{"verb":"GET","url":"https://internal-nginx-svc:12443/v1/cognitive/solve/preprocess/Scenario%201?projectId=817c6754-919f-475f-8044-597cc4cbaa29&parentId=SupplyDemandPlanning","expectedStatus":200,"headers":{}},"tearDownWebHook":{"verb":"GET","url":"https://internal-nginx-svc:12443/v1/cognitive/solve/postprocess/Scenario%201?projectId=817c6754-919f-475f-8044-597cc4cbaa29&parentId=SupplyDemandPlanning","expectedStatus":200,"headers":{}}},"jobDetails":{"id":"c7580362-dfee-4480-95df-86ca98b45e99","createdAt":1648650111196,"startedAt":1648650130380,"endedAt":1648650135669,"submittedAt":1648650111196,"details":{"KPI.market sales":"3452.0","KPI.overall production cost based on plant_product_cost":"323091.5","KPI.sales profit based on marginal_profit":"2644191.0","KPI.total inventory at markets":"495.0","MODEL_DETAIL_BOOLEAN_VARS":"0","MODEL_DETAIL_CONSTRAINTS":"1828","MODEL_DETAIL_CONTINUOUS_VARS":"678","MODEL_DETAIL_INTEGER_VARS":"0","MODEL_DETAIL_KPIS":"[\"sales profit based on marginal_profit\", \"overall production cost based on plant_product_cost\", \"market sales\", \"total inventory at markets\"]","MODEL_DETAIL_NONZEROS":"3838","MODEL_DETAIL_OBJECTIVE_SENSE":"minimize","MODEL_DETAIL_TYPE":"LP","PROGRESS_CURRENT_OBJECTIVE":"-37184904.0","PROGRESS_CURRENT_OBJECTIVE.history":"[[1648650133.35, -37184904.0]]","STAT.cplex.modelType":"LP","STAT.cplex.size.booleanVariables":"0","STAT.cplex.size.constraints":"1828","STAT.cplex.size.continousVariables":"678","STAT.cplex.size.integerVariables":"0","STAT.cplex.size.linearConstraints":"1828","STAT.cplex.size.quadraticConstraints":"0","STAT.cplex.size.variables":"678","STAT.job.coresCount":"1","STAT.job.inputsReadMs":"1917","STAT.job.memoryPeakKB":"116440","STAT.job.modelProcessingMs":"1154","STAT.job.outputsWriteMs":"2042"},"executionStatus":"PROCESSED","solveStatus":"OPTIMAL_SOLUTION","logTail":["[2022-03-30T14:22:12Z, WARNING] Support for Python 3.9 is now enabled with pandas 1.3 libraries.","[2022-03-30T14:22:12Z, INFO] * building wado model","[2022-03-30T14:22:13Z, INFO] model building done in 0.6160204410552979 secs","[2022-03-30T14:22:13Z, INFO] * running wado model","[2022-03-30T14:22:13Z, INFO] Warning: Model: \"docplex_model1\" is not a MIP problem, progress listeners are disabled","[2022-03-30T14:22:13Z, INFO] WARNING: Number of workers has been reduced to 1 to comply with platform limitations.","[2022-03-30T14:22:13Z, INFO] Version identifier: 20.1.0.1 | 2021-12-07 | 9dfdf6686","[2022-03-30T14:22:13Z, INFO] CPXPARAM_Read_DataCheck                          1","[2022-03-30T14:22:13Z, INFO] CPXPARAM_Threads                                 1","[2022-03-30T14:22:13Z, INFO] CPXPARAM_TimeLimit                               120","[2022-03-30T14:22:13Z, INFO] Tried aggregator 1 time.","[2022-03-30T14:22:13Z, INFO] LP Presolve eliminated 1660 rows and 64 columns.","[2022-03-30T14:22:13Z, INFO] Reduced LP has 168 rows, 614 columns, and 1540 nonzeros.","[2022-03-30T14:22:13Z, INFO] Presolve time = 0.00 sec. (1.05 ticks)","[2022-03-30T14:22:13Z, INFO] Initializing dual steep norms . . .","[2022-03-30T14:22:13Z, INFO] ","[2022-03-30T14:22:13Z, INFO] Iteration log . . .","[2022-03-30T14:22:13Z, INFO] Iteration:     1   Dual objective     =     -42344336.000000","[2022-03-30T14:22:13Z, INFO] Iteration:    62   Dual objective     =     -37186392.000000","[2022-03-30T14:22:13Z, INFO] Solve status: JobSolveStatus.OPTIMAL_SOLUTION","[2022-03-30T14:22:13Z, INFO] * model docplex_model1 solved with objective = -37184904.000","[2022-03-30T14:22:13Z, INFO] *  KPI: sales profit based on marginal_profit               = 2644191.000","[2022-03-30T14:22:13Z, INFO] *  KPI: overall production cost based on plant_product_cost = 323091.500","[2022-03-30T14:22:13Z, INFO] *  KPI: market sales                                        = 3452.000","[2022-03-30T14:22:13Z, INFO] *  KPI: total inventory at markets                          = 495.000","[2022-03-30T14:22:13Z, INFO] model solve done in 0.04947829246520996 secs","[2022-03-30T14:22:13Z, INFO] solution export done in 0.0923926830291748 secs","[2022-03-30T14:22:13Z, INFO] delivery.csv","[2022-03-30T14:22:13Z, INFO] marketInventory.csv","[2022-03-30T14:22:13Z, INFO] production.csv","[2022-03-30T14:22:13Z, INFO] plantInventory.csv","[2022-03-30T14:22:13Z, INFO] executedSales.csv"]},"runtimeDetails":{"state":"STARTED"},"taskSetupMillis":16631,"taskSolveMillis":24271,"taskTearDownMillis":7245,"jobSpaceId":"d1c259fb-9c7d-49f8-9b30-9bf356a48bc8","jobId":"c7580362-dfee-4480-95df-86ca98b45e99","ping":1648650124588}