{"creationTime":1632989413607,"lastModificationTime":1632989482455,"state":"TERMINATED","solveConfig":{"containerId":"Scenario 1","solveParameters":{"oaas.docplex.python":"3.8"},"setupWebHook":{"verb":"GET","url":"https://internal-nginx-svc:12443/v1/cognitive/solve/preprocess/Scenario%201?projectId=415267b5-f2ae-492e-9a67-93808556490b&parentId=SupplyDemandPlanning","expectedStatus":200,"headers":{}},"tearDownWebHook":{"verb":"GET","url":"https://internal-nginx-svc:12443/v1/cognitive/solve/postprocess/Scenario%201?projectId=415267b5-f2ae-492e-9a67-93808556490b&parentId=SupplyDemandPlanning","expectedStatus":200,"headers":{}}},"jobDetails":{"id":"c7f11f8b-518e-4c14-a550-d740270507e2","createdAt":1632989433686,"startedAt":1632989468216,"endedAt":1632989473105,"submittedAt":1632989433686,"details":{"KPI.market sales":"3452.0","KPI.overall production cost based on plant_product_cost":"323091.5","KPI.sales profit based on marginal_profit":"2644191.0","KPI.total inventory at markets":"495.0","MODEL_DETAIL_BOOLEAN_VARS":"0","MODEL_DETAIL_CONSTRAINTS":"1828","MODEL_DETAIL_CONTINUOUS_VARS":"678","MODEL_DETAIL_INTEGER_VARS":"0","MODEL_DETAIL_KPIS":"[\"sales profit based on marginal_profit\", \"overall production cost based on plant_product_cost\", \"market sales\", \"total inventory at markets\"]","MODEL_DETAIL_NONZEROS":"3838","MODEL_DETAIL_OBJECTIVE_SENSE":"minimize","MODEL_DETAIL_TYPE":"LP","PROGRESS_CURRENT_OBJECTIVE":"-37184904.0","PROGRESS_CURRENT_OBJECTIVE.history":"[[1632989470.82, -37184904.0]]","STAT.cplex.modelType":"LP","STAT.cplex.size.booleanVariables":"0","STAT.cplex.size.constraints":"1828","STAT.cplex.size.continousVariables":"678","STAT.cplex.size.integerVariables":"0","STAT.cplex.size.linearConstraints":"1828","STAT.cplex.size.quadraticConstraints":"0","STAT.cplex.size.variables":"678","STAT.job.coresCount":"1","STAT.job.inputsReadMs":"739","STAT.job.memoryPeakKB":"100256","STAT.job.modelProcessingMs":"1852","STAT.job.outputsWriteMs":"1926"},"executionStatus":"PROCESSED","solveStatus":"OPTIMAL_SOLUTION","logTail":["[2021-09-30T08:11:08Z, WARNING] Support for Python 3.8 is now enabled with pandas 1.0.5 libraries.","[2021-09-30T08:11:09Z, INFO] * building wado model","[2021-09-30T08:11:10Z, INFO] model building done in 1.1075828075408936 secs","[2021-09-30T08:11:10Z, INFO] * running wado model","[2021-09-30T08:11:10Z, INFO] Warning: Model: \"docplex_model1\" is not a MIP problem, progress listeners are disabled","[2021-09-30T08:11:10Z, INFO] WARNING: Number of workers has been reduced to 1 to comply with platform limitations.","[2021-09-30T08:11:10Z, INFO] Version identifier: 20.1.0.0 | 2020-11-10 | 9bedb6d68","[2021-09-30T08:11:10Z, INFO] CPXPARAM_Read_DataCheck                          1","[2021-09-30T08:11:10Z, INFO] CPXPARAM_Threads                                 1","[2021-09-30T08:11:10Z, INFO] CPXPARAM_TimeLimit                               120","[2021-09-30T08:11:10Z, INFO] Tried aggregator 1 time.","[2021-09-30T08:11:10Z, INFO] LP Presolve eliminated 1660 rows and 64 columns.","[2021-09-30T08:11:10Z, INFO] Reduced LP has 168 rows, 614 columns, and 1540 nonzeros.","[2021-09-30T08:11:10Z, INFO] Presolve time = 0.00 sec. (1.05 ticks)","[2021-09-30T08:11:10Z, INFO] Initializing dual steep norms . . .","[2021-09-30T08:11:10Z, INFO] ","[2021-09-30T08:11:10Z, INFO] Iteration log . . .","[2021-09-30T08:11:10Z, INFO] Iteration:     1   Dual objective     =     -42344336.000000","[2021-09-30T08:11:10Z, INFO] Iteration:    62   Dual objective     =     -37186392.000000","[2021-09-30T08:11:10Z, INFO] Solve status: JobSolveStatus.OPTIMAL_SOLUTION","[2021-09-30T08:11:10Z, INFO] * model docplex_model1 solved with objective = -37184904.000","[2021-09-30T08:11:10Z, INFO] *  KPI: sales profit based on marginal_profit               = 2644191.000","[2021-09-30T08:11:10Z, INFO] *  KPI: overall production cost based on plant_product_cost = 323091.500","[2021-09-30T08:11:10Z, INFO] *  KPI: market sales                                        = 3452.000","[2021-09-30T08:11:10Z, INFO] *  KPI: total inventory at markets                          = 495.000","[2021-09-30T08:11:10Z, INFO] model solve done in 0.04233384132385254 secs","[2021-09-30T08:11:10Z, INFO] solution export done in 0.1255190372467041 secs","[2021-09-30T08:11:10Z, INFO] delivery.csv","[2021-09-30T08:11:10Z, INFO] marketInventory.csv","[2021-09-30T08:11:11Z, INFO] production.csv","[2021-09-30T08:11:11Z, INFO] plantInventory.csv","[2021-09-30T08:11:11Z, INFO] executedSales.csv"]},"runtimeDetails":{"state":"STARTED"},"taskSetupMillis":17179,"taskSolveMillis":39377,"taskTearDownMillis":7571,"jobSpaceId":"9d2c73ef-2521-4130-bd91-1898668084a3","jobId":"c7f11f8b-518e-4c14-a550-d740270507e2","ping":1632989476742}