{"creationTime":1622475809744,"lastModificationTime":1622475828662,"state":"TERMINATED","solveConfig":{"containerId":"Scenario 1","solveParameters":{},"setupWebHook":{"verb":"GET","url":"https://internal-nginx-svc:12443/v1/cognitive/solve/preprocess/Scenario%201?projectId=4214eea9-65c3-4605-8236-fb414b499e06&parentId=SupplyDemandPlanning","expectedStatus":200,"headers":{}},"tearDownWebHook":{"verb":"GET","url":"https://internal-nginx-svc:12443/v1/cognitive/solve/postprocess/Scenario%201?projectId=4214eea9-65c3-4605-8236-fb414b499e06&parentId=SupplyDemandPlanning","expectedStatus":200,"headers":{}}},"jobDetails":{"id":"8bfd9e56-13d6-43a9-bf46-f96d810c71b1","createdAt":1622475821340,"startedAt":1622475822090,"endedAt":1622475824410,"submittedAt":1622475821340,"details":{"KPI.market sales":"3452.0","KPI.overall production cost based on plant_product_cost":"323091.5","KPI.sales profit based on marginal_profit":"2644191.0","KPI.total inventory at markets":"495.0","MODEL_DETAIL_BOOLEAN_VARS":"0","MODEL_DETAIL_CONSTRAINTS":"10882","MODEL_DETAIL_CONTINUOUS_VARS":"678","MODEL_DETAIL_INTEGER_VARS":"0","MODEL_DETAIL_KPIS":"[\"sales profit based on marginal_profit\", \"overall production cost based on plant_product_cost\", \"market sales\", \"total inventory at markets\"]","MODEL_DETAIL_NONZEROS":"12892","MODEL_DETAIL_OBJECTIVE_SENSE":"minimize","MODEL_DETAIL_TYPE":"LP","PROGRESS_CURRENT_OBJECTIVE":"-37184904.0","PROGRESS_CURRENT_OBJECTIVE.history":"[[1622475823.78, -37184904.0]]","STAT.cplex.modelType":"LP","STAT.cplex.size.booleanVariables":"0","STAT.cplex.size.constraints":"10882","STAT.cplex.size.continousVariables":"678","STAT.cplex.size.integerVariables":"0","STAT.cplex.size.linearConstraints":"10882","STAT.cplex.size.quadraticConstraints":"0","STAT.cplex.size.variables":"678","STAT.job.coresCount":"1","STAT.job.inputsReadMs":"503","STAT.job.memoryPeakKB":"117068","STAT.job.modelProcessingMs":"1307","STAT.job.outputsWriteMs":"402"},"executionStatus":"PROCESSED","solveStatus":"OPTIMAL_SOLUTION","logTail":["[2021-05-31T15:43:42Z, INFO] * building wado model","[2021-05-31T15:43:43Z, INFO] model building done in 1.0005147457122803 secs","[2021-05-31T15:43:43Z, INFO] * running wado model","[2021-05-31T15:43:43Z, INFO] Warning: Model: \"docplex_model1\" is not a MIP problem, progress listeners are disabled","[2021-05-31T15:43:43Z, INFO] WARNING: Number of workers has been reduced to 1 to comply with platform limitations.","[2021-05-31T15:43:43Z, INFO] Version identifier: 20.1.0.0 | 2020-11-10 | 9bedb6d68","[2021-05-31T15:43:43Z, INFO] CPXPARAM_Read_DataCheck                          1","[2021-05-31T15:43:43Z, INFO] CPXPARAM_Threads                                 1","[2021-05-31T15:43:43Z, INFO] CPXPARAM_TimeLimit                               120","[2021-05-31T15:43:43Z, INFO] Tried aggregator 1 time.","[2021-05-31T15:43:43Z, INFO] LP Presolve eliminated 10714 rows and 64 columns.","[2021-05-31T15:43:43Z, INFO] Reduced LP has 168 rows, 614 columns, and 1540 nonzeros.","[2021-05-31T15:43:43Z, INFO] Presolve time = 0.00 sec. (3.31 ticks)","[2021-05-31T15:43:43Z, INFO] Initializing dual steep norms . . .","[2021-05-31T15:43:43Z, INFO] ","[2021-05-31T15:43:43Z, INFO] Iteration log . . .","[2021-05-31T15:43:43Z, INFO] Iteration:     1   Dual objective     =     -42344336.000000","[2021-05-31T15:43:43Z, INFO] Iteration:    62   Dual objective     =     -37186392.000000","[2021-05-31T15:43:43Z, INFO] Solve status: JobSolveStatus.OPTIMAL_SOLUTION","[2021-05-31T15:43:43Z, INFO] * model docplex_model1 solved with objective = -37184904.000","[2021-05-31T15:43:43Z, INFO] *  KPI: sales profit based on marginal_profit               = 2644191.000","[2021-05-31T15:43:43Z, INFO] *  KPI: overall production cost based on plant_product_cost = 323091.500","[2021-05-31T15:43:43Z, INFO] *  KPI: market sales                                        = 3452.000","[2021-05-31T15:43:43Z, INFO] *  KPI: total inventory at markets                          = 495.000","[2021-05-31T15:43:43Z, INFO] model solve done in 0.09898924827575684 secs","[2021-05-31T15:43:43Z, INFO] solution export done in 0.06296992301940918 secs","[2021-05-31T15:43:43Z, INFO] delivery.csv","[2021-05-31T15:43:43Z, INFO] marketInventory.csv","[2021-05-31T15:43:43Z, INFO] production.csv","[2021-05-31T15:43:43Z, INFO] plantInventory.csv","[2021-05-31T15:43:43Z, INFO] executedSales.csv"]},"runtimeDetails":{"state":"STARTED"},"taskSetupMillis":10774,"taskSolveMillis":3486,"taskTearDownMillis":3138,"jobSpaceId":"35bb88af-4cb7-45f7-b26a-c166c256ea9a","jobId":"8bfd9e56-13d6-43a9-bf46-f96d810c71b1","ping":1622475810591}