{"CPLEXSolution": {"version": "1.0", "header": {"problemName": "diet", "objectiveValue": "2.6904091716962637", "solved_by": "cplex_local"}, "variables": [{"index": "1", "name": "qty_Spaghetti W/ Sauce", "value": "2.1551724137931036", "reducedCost": 0}, {"index": "5", "name": "qty_Chocolate Chip Cookies", "value": "10.0", "reducedCost": 0}, {"index": "6", "name": "qty_Lowfat Milk", "value": "1.8311671008899097", "reducedCost": 0}, {"index": "8", "name": "qty_Hotdog", "value": "0.9296975991385925", "reducedCost": 0}], "linearConstraints": [{"name": null, "index": 0, "slack": -10.0}, {"name": null, "index": 1, "slack": -7.844827586206897}, {"name": null, "index": 2, "slack": -10.0}, {"name": null, "index": 3, "slack": -10.0}, {"name": null, "index": 4, "slack": -10.0}, {"name": null, "index": 5, "dual": -0.06964156898661943}, {"name": null, "index": 6, "slack": -8.16883289911009}, {"name": null, "index": 7, "slack": -10.0}, {"name": null, "index": 8, "slack": -9.070302400861408}, {"name": null, "index": 9, "slack": -500.0, "dual": 0.0012549782286529975}, {"name": null, "index": 10, "slack": -800.0, "dual": 0.0002625434401323112}, {"name": null, "index": 11, "slack": -18.721682260168105}, {"name": null, "index": 12, "slack": -41481.56745751418}, {"name": null, "index": 13, "slack": -75.0, "dual": 0.026673346086024577}, {"name": null, "index": 14, "slack": -43.19423641095548}, {"name": null, "index": 15, "slack": -48.82627765864693}]}}