{"creationTime":1645198504742,"lastModificationTime":1645198534643,"state":"TERMINATED","solveConfig":{"containerId":"Scenario 1","solveParameters":{"oaas.logAttachmentName":"log.txt"}},"jobDetails":{"id":"178f7a2e-7dfc-4779-8aaa-e7f946a9f4c2","createdAt":1645198507475,"startedAt":1645198529522,"endedAt":1645198531997,"submittedAt":1645198507475,"details":{"KPI.Minimal cost":"2.690409171696264","KPI.Total Calcium":"800.0000000000001","KPI.Total Calories":"2000.0","KPI.Total Carbohydrates":"256.80576358904455","KPI.Total Dietary_Fiber":"25.0","KPI.Total Iron":"11.278317739831891","KPI.Total Protein":"51.17372234135308","KPI.Total Vit_A":"8518.432542485823","MODEL_DETAIL_BOOLEAN_VARS":"0","MODEL_DETAIL_CONSTRAINTS":"16","MODEL_DETAIL_CONTINUOUS_VARS":"9","MODEL_DETAIL_INTEGER_VARS":"0","MODEL_DETAIL_KPIS":"[\"Total Calories\", \"Total Calcium\", \"Total Iron\", \"Total Vit_A\", \"Total Dietary_Fiber\", \"Total Carbohydrates\", \"Total Protein\", \"Minimal cost\"]","MODEL_DETAIL_NONZEROS":"66","MODEL_DETAIL_OBJECTIVE_SENSE":"minimize","MODEL_DETAIL_TYPE":"LP","PROGRESS_CURRENT_OBJECTIVE":"2.6904091716962637","PROGRESS_CURRENT_OBJECTIVE.history":"[[1645198531.08, 2.6904091716962637]]","STAT.cplex.modelType":"LP","STAT.cplex.size.booleanVariables":"0","STAT.cplex.size.constraints":"16","STAT.cplex.size.continousVariables":"9","STAT.cplex.size.integerVariables":"0","STAT.cplex.size.linearConstraints":"16","STAT.cplex.size.quadraticConstraints":"0","STAT.cplex.size.variables":"9","STAT.job.coresCount":"1","STAT.job.inputsReadMs":"1006","STAT.job.memoryPeakKB":"98544","STAT.job.modelProcessingMs":"433","STAT.job.outputsWriteMs":"800"},"executionStatus":"PROCESSED","solveStatus":"OPTIMAL_SOLUTION","logTail":["[2022-02-18T15:35:30Z, WARNING] Support for Python 3.8 is now enabled with pandas 1.2.4 libraries.","[2022-02-18T15:35:31Z, INFO] Model: diet","[2022-02-18T15:35:31Z, INFO]  - number of variables: 9","[2022-02-18T15:35:31Z, INFO]    - binary=0, integer=0, continuous=9","[2022-02-18T15:35:31Z, INFO]  - number of constraints: 16","[2022-02-18T15:35:31Z, INFO]    - linear=16","[2022-02-18T15:35:31Z, INFO]  - parameters: defaults","[2022-02-18T15:35:31Z, INFO]  - objective: minimize","[2022-02-18T15:35:31Z, INFO]  - problem type is: LP","[2022-02-18T15:35:31Z, INFO] Warning: Model: \"diet\" is not a MIP problem, progress listeners are disabled","[2022-02-18T15:35:31Z, INFO] objective: 2.690","[2022-02-18T15:35:31Z, INFO]   \"qty_Spaghetti W/ Sauce\"=2.155","[2022-02-18T15:35:31Z, INFO]   \"qty_Chocolate Chip Cookies\"=10.000","[2022-02-18T15:35:31Z, INFO]   \"qty_Lowfat Milk\"=1.831","[2022-02-18T15:35:31Z, INFO]   \"qty_Hotdog\"=0.930","[2022-02-18T15:35:31Z, INFO] solution.csv"]},"runtimeDetails":{"state":"STARTED"},"taskSetupMillis":2564,"taskSolveMillis":26525,"taskTearDownMillis":2,"jobSpaceId":"c765df71-66f6-497c-afac-f8a3ee8f12d4","jobDeploymentId":"5af26767-7683-4d6e-805d-31422623bd64","jobId":"178f7a2e-7dfc-4779-8aaa-e7f946a9f4c2","ping":1645198504998}