{"creationTime":1622215068251,"lastModificationTime":1622215110379,"state":"TERMINATED","solveConfig":{"containerId":"Scenario 1","solveParameters":{"oaas.logAttachmentName":"log.txt"}},"jobDetails":{"id":"522cb4ec-ec2b-4f15-9bd1-49dd7234f38d","createdAt":1622215077805,"startedAt":1622215102574,"endedAt":1622215108553,"submittedAt":1622215077805,"details":{"KPI.Minimal cost":"2.690409171696264","KPI.Total Calcium":"800.0000000000001","KPI.Total Calories":"2000.0","KPI.Total Carbohydrates":"256.80576358904455","KPI.Total Dietary_Fiber":"25.0","KPI.Total Iron":"11.278317739831891","KPI.Total Protein":"51.17372234135308","KPI.Total Vit_A":"8518.432542485823","MODEL_DETAIL_BOOLEAN_VARS":"0","MODEL_DETAIL_CONSTRAINTS":"16","MODEL_DETAIL_CONTINUOUS_VARS":"9","MODEL_DETAIL_INTEGER_VARS":"0","MODEL_DETAIL_KPIS":"[\"Total Calories\", \"Total Calcium\", \"Total Iron\", \"Total Vit_A\", \"Total Dietary_Fiber\", \"Total Carbohydrates\", \"Total Protein\", \"Minimal cost\"]","MODEL_DETAIL_NONZEROS":"66","MODEL_DETAIL_OBJECTIVE_SENSE":"minimize","MODEL_DETAIL_TYPE":"LP","PROGRESS_CURRENT_OBJECTIVE":"2.6904091716962637","PROGRESS_CURRENT_OBJECTIVE.history":"[[1622215107.0, 2.6904091716962637]]","STAT.cplex.modelType":"LP","STAT.cplex.size.booleanVariables":"0","STAT.cplex.size.constraints":"16","STAT.cplex.size.continousVariables":"9","STAT.cplex.size.integerVariables":"0","STAT.cplex.size.linearConstraints":"16","STAT.cplex.size.quadraticConstraints":"0","STAT.cplex.size.variables":"9","STAT.job.coresCount":"1","STAT.job.inputsReadMs":"3683","STAT.job.memoryPeakKB":"97084","STAT.job.modelProcessingMs":"583","STAT.job.outputsWriteMs":"1436"},"executionStatus":"PROCESSED","solveStatus":"OPTIMAL_SOLUTION","logTail":["[2021-05-28T15:18:26Z, WARNING] Support for Python 3.7 is now enabled and used as the default.","[2021-05-28T15:18:26Z, INFO] Model: diet","[2021-05-28T15:18:26Z, INFO]  - number of variables: 9","[2021-05-28T15:18:26Z, INFO]    - binary=0, integer=0, continuous=9","[2021-05-28T15:18:26Z, INFO]  - number of constraints: 16","[2021-05-28T15:18:26Z, INFO]    - linear=16","[2021-05-28T15:18:26Z, INFO]  - parameters: defaults","[2021-05-28T15:18:26Z, INFO]  - objective: minimize","[2021-05-28T15:18:26Z, INFO]  - problem type is: LP","[2021-05-28T15:18:26Z, INFO] Warning: Model: \"diet\" is not a MIP problem, progress listeners are disabled","[2021-05-28T15:18:27Z, INFO] objective: 2.690","[2021-05-28T15:18:27Z, INFO]   \"qty_Spaghetti W/ Sauce\"=2.155","[2021-05-28T15:18:27Z, INFO]   \"qty_Chocolate Chip Cookies\"=10.000","[2021-05-28T15:18:27Z, INFO]   \"qty_Lowfat Milk\"=1.831","[2021-05-28T15:18:27Z, INFO]   \"qty_Hotdog\"=0.930","[2021-05-28T15:18:27Z, INFO] solution.csv"]},"runtimeDetails":{"state":"STARTED"},"taskSetupMillis":9108,"taskSolveMillis":31359,"taskTearDownMillis":0,"jobSpaceId":"cf8149be-2496-4afc-b3cc-e5aea64024d2","jobId":"522cb4ec-ec2b-4f15-9bd1-49dd7234f38d","ping":1622215098936}