{"creationTime":1556896078142,"lastModificationTime":1556896085282,"state":"TERMINATED","solveConfig":{"containerId":"scenario 1","solveParameters":{"oaas.logAttachmentName":"log.txt"}},"jobDetails":{"id":"job.fd9e453c-b2c7-48e1-bc72-a04f35aaa0f1","createdAt":1556896081369,"startedAt":1556896081426,"endedAt":1556896084562,"endReportedAt":1556896084575,"submittedAt":1556896081369,"updatedAt":1556896084562,"applicationVersionUsed":"1.0-ws_cloud-b47","details":{"MODEL_DETAIL_INTEGER_VARS":"0","MODEL_DETAIL_CONTINUOUS_VARS":"9","MODEL_DETAIL_CONSTRAINTS":"7","MODEL_DETAIL_BOOLEAN_VARS":"0","MODEL_DETAIL_KPIS":"[\"Total Calories\", \"Total Calcium\", \"Total Iron\", \"Total Vit_A\", \"Total Dietary_Fiber\", \"Total Carbohydrates\", \"Total Protein\", \"Minimal cost\"]","MODEL_DETAIL_TYPE":"LP","MODEL_DETAIL_NONZEROS":"57","KPI.Total Calories":"2000.0000000000002","KPI.Total Calcium":"799.9999999999999","KPI.Total Iron":"11.278317739831893","KPI.Total Vit_A":"8518.432542485823","KPI.Total Dietary_Fiber":"25.0","KPI.Total Carbohydrates":"256.80576358904455","KPI.Total Protein":"51.17372234135308","KPI.Minimal cost":"2.690409171696264","PROGRESS_CURRENT_OBJECTIVE":"2.6904091716962637","PROGRESS_CURRENT_OBJECTIVE.history":"[[1556896082.71, 2.6904091716962637]]"},"systemDetails":{"worker.process.max.memory":"-1024","worker.cores.total":"2","worker.cores.default":"2","worker.heap.max":"524288","worker.data.read.bytes":"6933","worker.data.write.duration":"1724","worker.processing.duration":"3101","worker.process.peak.swap":"0","worker.log.write.duration":"5","worker.process.processing.duration":"598","worker.data.read.duration":"672","worker.jms.write.chars":"8737","worker.log.write.chars":"1314","worker.data.write.bytes":"1057","worker.heap.used":"141296","worker.process.peak.memory":"0","worker.setup.duration":"2","worker.jms.write.duration":"22"},"executionStatus":"PROCESSED","solveStatus":"OPTIMAL_SOLUTION","logTail":["[2019-05-03T15:08:02Z, INFO] Model: diet","[2019-05-03T15:08:02Z, INFO]  - number of variables: 9","[2019-05-03T15:08:02Z, INFO]    - binary=0, integer=0, continuous=9","[2019-05-03T15:08:02Z, INFO]  - number of constraints: 7","[2019-05-03T15:08:02Z, INFO]    - linear=7","[2019-05-03T15:08:02Z, INFO]  - parameters: defaults","[2019-05-03T15:08:02Z, INFO] objective: 2.690","[2019-05-03T15:08:02Z, INFO]   \"Spaghetti W/ Sauce\"=2.155","[2019-05-03T15:08:02Z, INFO]   \"Chocolate Chip Cookies\"=10.000","[2019-05-03T15:08:02Z, INFO]   \"Lowfat Milk\"=1.831","[2019-05-03T15:08:02Z, INFO]   \"Hotdog\"=0.930","[2019-05-03T15:08:02Z, INFO] solution.csv"]},"runtimeDetails":{"state":"STARTED"},"taskSetupMillis":2806,"taskSolveMillis":3234,"taskTearDownMillis":1,"jobId":"job.fd9e453c-b2c7-48e1-bc72-a04f35aaa0f1","transactionId":"9a9f825b-4f5a-45ef-bac4-663349a453d0","dataContainerId":"3bd48659-af5f-471f-9e23-4f2ff7976f07","ping":1556896079006,"taskUserId":"IBMid-550002DX6T"}