{"creationTime":1603813826492,"lastModificationTime":1603813843121,"state":"TERMINATED","solveConfig":{"containerId":"scenario 1","solveParameters":{"oaas.logAttachmentName":"log.txt"}},"jobDetails":{"id":"d47826be-8e53-4dfa-ad9c-f703aeedb82b","createdAt":1603813834683,"startedAt":1603813835210,"endedAt":1603813840341,"submittedAt":1603813834683,"details":{"KPI.Minimal cost":"2.690409171696264","KPI.Total Calcium":"800.0000000000001","KPI.Total Calories":"2000.0","KPI.Total Carbohydrates":"256.80576358904455","KPI.Total Dietary_Fiber":"25.0","KPI.Total Iron":"11.278317739831891","KPI.Total Protein":"51.17372234135308","KPI.Total Vit_A":"8518.432542485823","MODEL_DETAIL_BOOLEAN_VARS":"0","MODEL_DETAIL_CONSTRAINTS":"16","MODEL_DETAIL_CONTINUOUS_VARS":"9","MODEL_DETAIL_INTEGER_VARS":"0","MODEL_DETAIL_KPIS":"[\"Total Calories\", \"Total Calcium\", \"Total Iron\", \"Total Vit_A\", \"Total Dietary_Fiber\", \"Total Carbohydrates\", \"Total Protein\", \"Minimal cost\"]","MODEL_DETAIL_NONZEROS":"66","MODEL_DETAIL_OBJECTIVE_SENSE":"minimize","MODEL_DETAIL_TYPE":"LP","PROGRESS_CURRENT_OBJECTIVE":"2.6904091716962637","PROGRESS_CURRENT_OBJECTIVE.history":"[[1603813838.31, 2.6904091716962637]]","STAT.cplex.modelType":"LP","STAT.cplex.size.booleanVariables":"0","STAT.cplex.size.constraints":"16","STAT.cplex.size.continousVariables":"9","STAT.cplex.size.integerVariables":"0","STAT.cplex.size.linearConstraints":"16","STAT.cplex.size.quadraticConstraints":"0","STAT.cplex.size.variables":"9"},"executionStatus":"PROCESSED","solveStatus":"OPTIMAL_SOLUTION","logTail":["[2020-10-27T15:50:38Z, INFO] Model: diet","[2020-10-27T15:50:38Z, INFO]  - number of variables: 9","[2020-10-27T15:50:38Z, INFO]    - binary=0, integer=0, continuous=9","[2020-10-27T15:50:38Z, INFO]  - number of constraints: 16","[2020-10-27T15:50:38Z, INFO]    - linear=16","[2020-10-27T15:50:38Z, INFO]  - parameters: defaults","[2020-10-27T15:50:38Z, INFO]  - objective: minimize","[2020-10-27T15:50:38Z, INFO]  - problem type is: LP","[2020-10-27T15:50:38Z, INFO] Warning: Model: \"diet\" is not a MIP problem, progress listeners are disabled","[2020-10-27T15:50:38Z, INFO] objective: 2.690","[2020-10-27T15:50:38Z, INFO]   \"qty_Spaghetti W/ Sauce\"=2.155","[2020-10-27T15:50:38Z, INFO]   \"qty_Chocolate Chip Cookies\"=10.000","[2020-10-27T15:50:38Z, INFO]   \"qty_Lowfat Milk\"=1.831","[2020-10-27T15:50:38Z, INFO]   \"qty_Hotdog\"=0.930","[2020-10-27T15:50:38Z, INFO] solution.csv"]},"runtimeDetails":{"state":"STARTED"},"taskSetupMillis":7732,"taskSolveMillis":6421,"taskTearDownMillis":1,"jobSpaceId":"426685a2-463c-4427-8421-55de797e99f6","jobId":"d47826be-8e53-4dfa-ad9c-f703aeedb82b","transactionId":"750a4781-6332-4a8f-9764-15112cee5dda","ping":1603813827746,"taskUserId":"admin"}