{"creationTime":1631872326830,"lastModificationTime":1631872355904,"state":"TERMINATED","solveConfig":{"containerId":"Scenario 1","solveParameters":{"oaas.logAttachmentName":"log.txt","oaas.docplex.python":"3.8"}},"jobDetails":{"id":"7bce6e39-ac4a-449f-9af9-c65cb94f6d60","createdAt":1631872333167,"startedAt":1631872352060,"endedAt":1631872354323,"submittedAt":1631872333167,"details":{"KPI.Minimal cost":"2.690409171696264","KPI.Total Calcium":"800.0000000000001","KPI.Total Calories":"2000.0","KPI.Total Carbohydrates":"256.80576358904455","KPI.Total Dietary_Fiber":"25.0","KPI.Total Iron":"11.278317739831891","KPI.Total Protein":"51.17372234135308","KPI.Total Vit_A":"8518.432542485823","MODEL_DETAIL_BOOLEAN_VARS":"0","MODEL_DETAIL_CONSTRAINTS":"16","MODEL_DETAIL_CONTINUOUS_VARS":"9","MODEL_DETAIL_INTEGER_VARS":"0","MODEL_DETAIL_KPIS":"[\"Total Calories\", \"Total Calcium\", \"Total Iron\", \"Total Vit_A\", \"Total Dietary_Fiber\", \"Total Carbohydrates\", \"Total Protein\", \"Minimal cost\"]","MODEL_DETAIL_NONZEROS":"66","MODEL_DETAIL_OBJECTIVE_SENSE":"minimize","MODEL_DETAIL_TYPE":"LP","PROGRESS_CURRENT_OBJECTIVE":"2.6904091716962637","PROGRESS_CURRENT_OBJECTIVE.history":"[[1631872353.4, 2.6904091716962637]]","STAT.cplex.modelType":"LP","STAT.cplex.size.booleanVariables":"0","STAT.cplex.size.constraints":"16","STAT.cplex.size.continousVariables":"9","STAT.cplex.size.integerVariables":"0","STAT.cplex.size.linearConstraints":"16","STAT.cplex.size.quadraticConstraints":"0","STAT.cplex.size.variables":"9","STAT.job.coresCount":"1","STAT.job.inputsReadMs":"883","STAT.job.memoryPeakKB":"96968","STAT.job.modelProcessingMs":"350","STAT.job.outputsWriteMs":"839"},"executionStatus":"PROCESSED","solveStatus":"OPTIMAL_SOLUTION","logTail":["[2021-09-17T09:52:32Z, WARNING] Support for Python 3.8 is now enabled with pandas 1.0.5 libraries.","[2021-09-17T09:52:33Z, INFO] Model: diet","[2021-09-17T09:52:33Z, INFO]  - number of variables: 9","[2021-09-17T09:52:33Z, INFO]    - binary=0, integer=0, continuous=9","[2021-09-17T09:52:33Z, INFO]  - number of constraints: 16","[2021-09-17T09:52:33Z, INFO]    - linear=16","[2021-09-17T09:52:33Z, INFO]  - parameters: defaults","[2021-09-17T09:52:33Z, INFO]  - objective: minimize","[2021-09-17T09:52:33Z, INFO]  - problem type is: LP","[2021-09-17T09:52:33Z, INFO] Warning: Model: \"diet\" is not a MIP problem, progress listeners are disabled","[2021-09-17T09:52:33Z, INFO] objective: 2.690","[2021-09-17T09:52:33Z, INFO]   \"qty_Spaghetti W/ Sauce\"=2.155","[2021-09-17T09:52:33Z, INFO]   \"qty_Chocolate Chip Cookies\"=10.000","[2021-09-17T09:52:33Z, INFO]   \"qty_Lowfat Milk\"=1.831","[2021-09-17T09:52:33Z, INFO]   \"qty_Hotdog\"=0.930","[2021-09-17T09:52:33Z, INFO] solution.csv"]},"runtimeDetails":{"state":"STARTED"},"taskSetupMillis":5959,"taskSolveMillis":21575,"taskTearDownMillis":1,"jobSpaceId":"d9bda584-cf9f-4f9b-8b9e-61ec05932519","jobId":"7bce6e39-ac4a-449f-9af9-c65cb94f6d60","ping":1631872327258}