{"creationTime":1651045328743,"lastModificationTime":1651045357799,"state":"TERMINATED","solveConfig":{"containerId":"Scenario 1","solveParameters":{"oaas.logAttachmentName":"log.txt"}},"jobDetails":{"id":"0184c70f-2e50-45d9-aa58-05d51140f758","createdAt":1651045330862,"startedAt":1651045353502,"endedAt":1651045356508,"submittedAt":1651045330862,"details":{"KPI.Minimal cost":"2.690409171696264","KPI.Total Calcium":"800.0000000000001","KPI.Total Calories":"2000.0","KPI.Total Carbohydrates":"256.80576358904455","KPI.Total Dietary_Fiber":"25.0","KPI.Total Iron":"11.278317739831891","KPI.Total Protein":"51.17372234135308","KPI.Total Vit_A":"8518.432542485823","MODEL_DETAIL_BOOLEAN_VARS":"0","MODEL_DETAIL_CONSTRAINTS":"16","MODEL_DETAIL_CONTINUOUS_VARS":"9","MODEL_DETAIL_INTEGER_VARS":"0","MODEL_DETAIL_KPIS":"[\"Total Calories\", \"Total Calcium\", \"Total Iron\", \"Total Vit_A\", \"Total Dietary_Fiber\", \"Total Carbohydrates\", \"Total Protein\", \"Minimal cost\"]","MODEL_DETAIL_NONZEROS":"66","MODEL_DETAIL_OBJECTIVE_SENSE":"minimize","MODEL_DETAIL_TYPE":"LP","PROGRESS_CURRENT_OBJECTIVE":"2.6904091716962637","PROGRESS_CURRENT_OBJECTIVE.history":"[[1651045355.25, 2.6904091716962637]]","STAT.cplex.modelType":"LP","STAT.cplex.size.booleanVariables":"0","STAT.cplex.size.constraints":"16","STAT.cplex.size.continousVariables":"9","STAT.cplex.size.integerVariables":"0","STAT.cplex.size.linearConstraints":"16","STAT.cplex.size.quadraticConstraints":"0","STAT.cplex.size.variables":"9","STAT.job.coresCount":"1","STAT.job.inputsReadMs":"969","STAT.job.memoryPeakKB":"106412","STAT.job.modelProcessingMs":"554","STAT.job.outputsWriteMs":"1127"},"executionStatus":"PROCESSED","solveStatus":"OPTIMAL_SOLUTION","logTail":["[2022-04-27T07:42:34Z, WARNING] Support for Python 3.9 is now enabled with pandas 1.3 libraries.","[2022-04-27T07:42:35Z, INFO] Model: diet","[2022-04-27T07:42:35Z, INFO]  - number of variables: 9","[2022-04-27T07:42:35Z, INFO]    - binary=0, integer=0, continuous=9","[2022-04-27T07:42:35Z, INFO]  - number of constraints: 16","[2022-04-27T07:42:35Z, INFO]    - linear=16","[2022-04-27T07:42:35Z, INFO]  - parameters: defaults","[2022-04-27T07:42:35Z, INFO]  - objective: minimize","[2022-04-27T07:42:35Z, INFO]  - problem type is: LP","[2022-04-27T07:42:35Z, INFO] Warning: Model: \"diet\" is not a MIP problem, progress listeners are disabled","[2022-04-27T07:42:35Z, INFO] objective: 2.690","[2022-04-27T07:42:35Z, INFO]   \"qty_Spaghetti W/ Sauce\"=2.155","[2022-04-27T07:42:35Z, INFO]   \"qty_Chocolate Chip Cookies\"=10.000","[2022-04-27T07:42:35Z, INFO]   \"qty_Lowfat Milk\"=1.831","[2022-04-27T07:42:35Z, INFO]   \"qty_Hotdog\"=0.930","[2022-04-27T07:42:35Z, INFO] solution.csv"]},"runtimeDetails":{"state":"STARTED"},"taskSetupMillis":1946,"taskSolveMillis":26301,"taskTearDownMillis":1,"jobSpaceId":"6d902298-59e9-4647-88fa-075fbff492fc","jobDeploymentId":"a8cab1ea-fde7-4c62-8298-b3f5df608ab6","jobId":"0184c70f-2e50-45d9-aa58-05d51140f758","ping":1651045328962}