{"creationTime":1632409011880,"lastModificationTime":1632409025981,"state":"TERMINATED","solveConfig":{"containerId":"Scenario 1","solveParameters":{}},"jobDetails":{"id":"43a2a7e1-4a81-42b2-b7a7-c5f762c68061","createdAt":1632409016371,"startedAt":1632409017940,"endedAt":1632409023090,"submittedAt":1632409016371,"details":{"EffectiveWorkers":"1","MODEL_DETAIL_CONSTRAINTS":"1","MODEL_DETAIL_INTEGER_VARS":"18","MODEL_DETAIL_TYPE":"CPO CP","MemoryUsage":"723277","NumberOfAuxiliaryVariables":"0","NumberOfBranches":"15548","NumberOfChoicePoints":"7933","NumberOfConstraints":"1","NumberOfConstraintsAggregated":"0","NumberOfConstraintsGenerated":"0","NumberOfCriteria":"1","NumberOfEngineConstraints":"14","NumberOfEngineVariables":"30","NumberOfFails":"7669","NumberOfIntegerVariables":"18","NumberOfIntervalVariables":"0","NumberOfModelVariables":"18","NumberOfSequenceVariables":"0","NumberOfSolutions":"10","NumberOfVariables":"18","PROGRESS_CURRENT_OBJECTIVE":"17.0","STAT.job.coresCount":"1","STAT.job.inputsReadMs":"1676","STAT.job.memoryPeakKB":"96096","STAT.job.modelProcessingMs":"248","STAT.job.outputsWriteMs":"3177","SearchStatus":"45","SearchStopCause":"47","solutionStatus.failStatus":"SearchHasFailedNormally","solutionStatus.solveStatus":"Optimal"},"executionStatus":"PROCESSED","solveStatus":"OPTIMAL_SOLUTION","logTail":["[2021-09-23T14:56:59Z, INFO]  + New bound is 1","[2021-09-23T14:56:59Z, INFO]  *            42       52  0.01s               (gap is 97.62%)","[2021-09-23T14:56:59Z, INFO]  *            35       60  0.01s               (gap is 97.14%)","[2021-09-23T14:56:59Z, INFO]  *            31      187  0.02s               (gap is 96.77%)","[2021-09-23T14:56:59Z, INFO]  *            30      446  0.02s               (gap is 96.67%)","[2021-09-23T14:56:59Z, INFO]               30     1000          4              2  = SL[4]","[2021-09-23T14:56:59Z, INFO]  *            28     1296  0.03s               (gap is 96.43%)","[2021-09-23T14:56:59Z, INFO]  *            26     1309  0.03s               (gap is 96.15%)","[2021-09-23T14:56:59Z, INFO]  *            25     1462  0.03s               (gap is 96.00%)","[2021-09-23T14:56:59Z, INFO]               25     2000          4              3  = SL[5]","[2021-09-23T14:56:59Z, INFO]  *            23     2669  0.04s               (gap is 95.65%)","[2021-09-23T14:56:59Z, INFO]  *            19     2679  0.04s               (gap is 94.74%)","[2021-09-23T14:56:59Z, INFO]               19     3000          4        F     3  = SL[7]","[2021-09-23T14:56:59Z, INFO]               19     4000          4              4 != SC[8]","[2021-09-23T14:56:59Z, INFO]               19     5000          4        F     3  = SL[3]","[2021-09-23T14:56:59Z, INFO]               19     6000          6              8  = SC[2]","[2021-09-23T14:56:59Z, INFO]               19     6828          6        F     8 != SC[0]","[2021-09-23T14:56:59Z, INFO]  + New bound is 11 (gap is 42.11%)","[2021-09-23T14:56:59Z, INFO]               19     7000          4              5  = SL[1]","[2021-09-23T14:56:59Z, INFO]               19     8000          4        F     4  = SL[6]","[2021-09-23T14:56:59Z, INFO]  ! Time = 0.06s, Average fail depth = 9, Memory usage = 721.8 kB","[2021-09-23T14:56:59Z, INFO]  ! Current bound is 11 (gap is 42.11%)","[2021-09-23T14:56:59Z, INFO]  !          Best Branches  Non-fixed            Branch decision","[2021-09-23T14:56:59Z, INFO]               19     9000          4              6 != SC[8]","[2021-09-23T14:56:59Z, INFO]               19    10000          4              1  = SL[5]","[2021-09-23T14:56:59Z, INFO]               19    11000          4              3 != SC[5]","[2021-09-23T14:56:59Z, INFO]               19    12000          4        F     6  = SC[8]","[2021-09-23T14:56:59Z, INFO]  *            17    12890  0.08s               (gap is 35.29%)","[2021-09-23T14:56:59Z, INFO]               17    13000          4              6 != SC[1]","[2021-09-23T14:56:59Z, INFO]               17    14000          4              5  = SL[4]","[2021-09-23T14:56:59Z, INFO]               17    15000          6        F     3  = SC[8]","[2021-09-23T14:56:59Z, INFO]               17    15548          4                 -","[2021-09-23T14:56:59Z, INFO]  + New bound is 17 (gap is 0.00%)","[2021-09-23T14:56:59Z, INFO]  ! ----------------------------------------------------------------------------","[2021-09-23T14:56:59Z, INFO]  ! Search completed, 10 solutions found.","[2021-09-23T14:56:59Z, INFO]  ! Best objective         : 17 (optimal - effective tol. is 0)","[2021-09-23T14:56:59Z, INFO]  ! Best bound             : 17","[2021-09-23T14:56:59Z, INFO]  ! ----------------------------------------------------------------------------","[2021-09-23T14:56:59Z, INFO]  ! Number of branches     : 15548","[2021-09-23T14:56:59Z, INFO]  ! Number of fails        : 7669","[2021-09-23T14:56:59Z, INFO]  ! Total memory usage     : 764.1 kB (723.3 kB CP Optimizer + 40.8 kB Concert)","[2021-09-23T14:56:59Z, INFO]  ! Time spent in solve    : 0.10s (0.10s engine + 0.00s extraction)","[2021-09-23T14:56:59Z, INFO]  ! Search speed (br. / s) : 155480.0","[2021-09-23T14:56:59Z, INFO]  ! ----------------------------------------------------------------------------","[2021-09-23T14:56:59Z, INFO] Solve finished with status: OPTIMAL_SOLUTION"]},"runtimeDetails":{"state":"STARTED"},"taskSetupMillis":4794,"taskSolveMillis":8080,"taskTearDownMillis":1,"jobSpaceId":"d9bda584-cf9f-4f9b-8b9e-61ec05932519","jobId":"43a2a7e1-4a81-42b2-b7a7-c5f762c68061","ping":1632409012443}