{"creationTime":1622215119337,"lastModificationTime":1622215127794,"state":"TERMINATED","solveConfig":{"containerId":"ScenarioWithLPFile","solveParameters":{}},"jobDetails":{"id":"854c3970-2ed8-4560-b3fe-d19e01fdafd5","createdAt":1622215122974,"startedAt":1622215123671,"endedAt":1622215126328,"submittedAt":1622215122974,"details":{"MODEL_DETAIL_BOOLEAN_VARS":"0","MODEL_DETAIL_CONSTRAINTS":"2","MODEL_DETAIL_CONTINUOUS_VARS":"0","MODEL_DETAIL_INTEGER_VARS":"2","MODEL_DETAIL_KPIS":"[]","MODEL_DETAIL_NONZEROS":"3","MODEL_DETAIL_OBJECTIVE_SENSE":"minimize","MODEL_DETAIL_TYPE":"MILP","PROGRESS_BEST_OBJECTIVE":"100.0","PROGRESS_BEST_OBJECTIVE.history":"[[1622215125.38, 100.0]]","PROGRESS_CURRENT_OBJECTIVE":"100.0","PROGRESS_CURRENT_OBJECTIVE.history":"[[1622215125.38, 100.0]]","PROGRESS_GAP":"0.0","PROGRESS_GAP.history":"[[1622215125.38, 0.0]]","STAT.cplex.modelType":"MILP","STAT.cplex.size.booleanVariables":"0","STAT.cplex.size.constraints":"2","STAT.cplex.size.continousVariables":"0","STAT.cplex.size.integerVariables":"2","STAT.cplex.size.linearConstraints":"2","STAT.cplex.size.quadraticConstraints":"0","STAT.cplex.size.variables":"2","STAT.job.coresCount":"1","STAT.job.inputsReadMs":"1540","STAT.job.memoryPeakKB":"96772","STAT.job.modelProcessingMs":"164","STAT.job.outputsWriteMs":"849"},"executionStatus":"PROCESSED","solveStatus":"OPTIMAL_SOLUTION","logTail":["[2021-05-28T15:18:45Z, WARNING] Support for Python 3.7 is now enabled and used as the default.","[2021-05-28T15:18:45Z, INFO] Model: diet1","[2021-05-28T15:18:45Z, INFO]  - number of variables: 2","[2021-05-28T15:18:45Z, INFO]    - binary=0, integer=2, continuous=0","[2021-05-28T15:18:45Z, INFO]  - number of constraints: 2","[2021-05-28T15:18:45Z, INFO]    - linear=2","[2021-05-28T15:18:45Z, INFO]  - parameters: defaults","[2021-05-28T15:18:45Z, INFO]  - objective: minimize","[2021-05-28T15:18:45Z, INFO]  - problem type is: MILP","[2021-05-28T15:18:45Z, INFO] WARNING: Number of workers has been reduced to 1 to comply with platform limitations.","[2021-05-28T15:18:45Z, INFO] Version identifier: 20.1.0.0 | 2020-11-10 | 9bedb6d68","[2021-05-28T15:18:45Z, INFO] CPXPARAM_Read_DataCheck                          1","[2021-05-28T15:18:45Z, INFO] CPXPARAM_Threads                                 1","[2021-05-28T15:18:45Z, INFO] Legacy callback                                  i","[2021-05-28T15:18:45Z, INFO] 1 of 1 MIP starts provided solutions.","[2021-05-28T15:18:45Z, INFO] MIP start 'm1' defined initial solution with objective 100.0000.","[2021-05-28T15:18:45Z, INFO] Tried aggregator 1 time.","[2021-05-28T15:18:45Z, INFO] MIP Presolve eliminated 2 rows and 2 columns.","[2021-05-28T15:18:45Z, INFO] All rows and columns eliminated.","[2021-05-28T15:18:45Z, INFO] Presolve time = 0.00 sec. (0.00 ticks)","[2021-05-28T15:18:45Z, INFO] ","[2021-05-28T15:18:45Z, INFO] Root node processing (before b&amp;c):","[2021-05-28T15:18:45Z, INFO]   Real time             =    0.00 sec. (0.00 ticks)","[2021-05-28T15:18:45Z, INFO] Sequential b&amp;c:","[2021-05-28T15:18:45Z, INFO]   Real time             =    0.00 sec. (0.00 ticks)","[2021-05-28T15:18:45Z, INFO]                           ------------","[2021-05-28T15:18:45Z, INFO] Total (root+branch&amp;cut) =    0.00 sec. (0.00 ticks)","[2021-05-28T15:18:45Z, INFO] status: integer optimal solution","[2021-05-28T15:18:45Z, INFO] obj val: 100.0","[2021-05-28T15:18:45Z, INFO] solution.csv"]},"runtimeDetails":{"state":"STARTED"},"taskSetupMillis":3077,"taskSolveMillis":3893,"taskTearDownMillis":0,"jobSpaceId":"cf8149be-2496-4afc-b3cc-e5aea64024d2","jobId":"854c3970-2ed8-4560-b3fe-d19e01fdafd5","ping":1622215120029}