{"creationTime":1645198531390,"lastModificationTime":1645198559303,"state":"TERMINATED","solveConfig":{"containerId":"ScenarioWithLPFile","solveParameters":{}},"jobDetails":{"id":"9376a99a-233a-4e70-baf4-147ce090a248","createdAt":1645198533398,"startedAt":1645198552318,"endedAt":1645198557234,"submittedAt":1645198533398,"details":{"MODEL_DETAIL_BOOLEAN_VARS":"0","MODEL_DETAIL_CONSTRAINTS":"2","MODEL_DETAIL_CONTINUOUS_VARS":"0","MODEL_DETAIL_INTEGER_VARS":"2","MODEL_DETAIL_KPIS":"[]","MODEL_DETAIL_NONZEROS":"3","MODEL_DETAIL_OBJECTIVE_SENSE":"minimize","MODEL_DETAIL_TYPE":"MILP","PROGRESS_BEST_OBJECTIVE":"100.0","PROGRESS_BEST_OBJECTIVE.history":"[[1645198555.57, 100.0]]","PROGRESS_CURRENT_OBJECTIVE":"100.0","PROGRESS_CURRENT_OBJECTIVE.history":"[[1645198555.57, 100.0]]","PROGRESS_GAP":"0.0","PROGRESS_GAP.history":"[[1645198555.57, 0.0]]","STAT.cplex.modelType":"MILP","STAT.cplex.size.booleanVariables":"0","STAT.cplex.size.constraints":"2","STAT.cplex.size.continousVariables":"0","STAT.cplex.size.integerVariables":"2","STAT.cplex.size.linearConstraints":"2","STAT.cplex.size.quadraticConstraints":"0","STAT.cplex.size.variables":"2","STAT.job.coresCount":"1","STAT.job.inputsReadMs":"2818","STAT.job.memoryPeakKB":"99216","STAT.job.modelProcessingMs":"340","STAT.job.outputsWriteMs":"1545"},"executionStatus":"PROCESSED","solveStatus":"OPTIMAL_SOLUTION","logTail":["[2022-02-18T15:35:55Z, WARNING] Support for Python 3.8 is now enabled with pandas 1.2.4 libraries.","[2022-02-18T15:35:55Z, INFO] Model: diet1","[2022-02-18T15:35:55Z, INFO]  - number of variables: 2","[2022-02-18T15:35:55Z, INFO]    - binary=0, integer=2, continuous=0","[2022-02-18T15:35:55Z, INFO]  - number of constraints: 2","[2022-02-18T15:35:55Z, INFO]    - linear=2","[2022-02-18T15:35:55Z, INFO]  - parameters: defaults","[2022-02-18T15:35:55Z, INFO]  - objective: minimize","[2022-02-18T15:35:55Z, INFO]  - problem type is: MILP","[2022-02-18T15:35:55Z, INFO] WARNING: Number of workers has been reduced to 1 to comply with platform limitations.","[2022-02-18T15:35:55Z, INFO] Version identifier: 20.1.0.1 | 2021-12-07 | 9dfdf6686","[2022-02-18T15:35:55Z, INFO] CPXPARAM_Read_DataCheck                          1","[2022-02-18T15:35:55Z, INFO] CPXPARAM_Threads                                 1","[2022-02-18T15:35:55Z, INFO] Legacy callback                                  i","[2022-02-18T15:35:55Z, INFO] 1 of 1 MIP starts provided solutions.","[2022-02-18T15:35:55Z, INFO] MIP start 'm1' defined initial solution with objective 100.0000.","[2022-02-18T15:35:55Z, INFO] Tried aggregator 1 time.","[2022-02-18T15:35:55Z, INFO] MIP Presolve eliminated 2 rows and 2 columns.","[2022-02-18T15:35:55Z, INFO] All rows and columns eliminated.","[2022-02-18T15:35:55Z, INFO] Presolve time = 0.00 sec. (0.00 ticks)","[2022-02-18T15:35:55Z, INFO] ","[2022-02-18T15:35:55Z, INFO] Root node processing (before b&c):","[2022-02-18T15:35:55Z, INFO]   Real time             =    0.00 sec. (0.00 ticks)","[2022-02-18T15:35:55Z, INFO] Sequential b&c:","[2022-02-18T15:35:55Z, INFO]   Real time             =    0.00 sec. (0.00 ticks)","[2022-02-18T15:35:55Z, INFO]                           ------------","[2022-02-18T15:35:55Z, INFO] Total (root+branch&cut) =    0.00 sec. (0.00 ticks)","[2022-02-18T15:35:55Z, INFO] status: integer optimal solution","[2022-02-18T15:35:55Z, INFO] obj val: 100.0","[2022-02-18T15:35:55Z, INFO] solution.csv"]},"runtimeDetails":{"state":"STARTED"},"taskSetupMillis":1786,"taskSolveMillis":24342,"taskTearDownMillis":924,"jobSpaceId":"c765df71-66f6-497c-afac-f8a3ee8f12d4","jobDeploymentId":"b0300fe7-4bd4-4468-a1af-4c80393c9dc0","jobId":"9376a99a-233a-4e70-baf4-147ce090a248","ping":1645198531775}