{"creationTime":1651045394388,"lastModificationTime":1651045429607,"state":"TERMINATED","solveConfig":{"containerId":"ScenarioWithLPFile","solveParameters":{}},"jobDetails":{"id":"95540f9d-9737-424c-b989-31c2769342f2","createdAt":1651045396551,"startedAt":1651045421245,"endedAt":1651045426863,"submittedAt":1651045396551,"details":{"MODEL_DETAIL_BOOLEAN_VARS":"0","MODEL_DETAIL_CONSTRAINTS":"2","MODEL_DETAIL_CONTINUOUS_VARS":"0","MODEL_DETAIL_INTEGER_VARS":"2","MODEL_DETAIL_KPIS":"[]","MODEL_DETAIL_NONZEROS":"3","MODEL_DETAIL_OBJECTIVE_SENSE":"minimize","MODEL_DETAIL_TYPE":"MILP","PROGRESS_BEST_OBJECTIVE":"100.0","PROGRESS_BEST_OBJECTIVE.history":"[[1651045424.25, 100.0]]","PROGRESS_CURRENT_OBJECTIVE":"100.0","PROGRESS_CURRENT_OBJECTIVE.history":"[[1651045424.25, 100.0]]","PROGRESS_GAP":"0.0","PROGRESS_GAP.history":"[[1651045424.25, 0.0]]","STAT.cplex.modelType":"MILP","STAT.cplex.size.booleanVariables":"0","STAT.cplex.size.constraints":"2","STAT.cplex.size.continousVariables":"0","STAT.cplex.size.integerVariables":"2","STAT.cplex.size.linearConstraints":"2","STAT.cplex.size.quadraticConstraints":"0","STAT.cplex.size.variables":"2","STAT.job.coresCount":"1","STAT.job.inputsReadMs":"2380","STAT.job.memoryPeakKB":"104300","STAT.job.modelProcessingMs":"468","STAT.job.outputsWriteMs":"2455"},"executionStatus":"PROCESSED","solveStatus":"OPTIMAL_SOLUTION","logTail":["[2022-04-27T07:43:43Z, WARNING] Support for Python 3.9 is now enabled with pandas 1.3 libraries.","[2022-04-27T07:43:44Z, INFO] Model: diet1","[2022-04-27T07:43:44Z, INFO]  - number of variables: 2","[2022-04-27T07:43:44Z, INFO]    - binary=0, integer=2, continuous=0","[2022-04-27T07:43:44Z, INFO]  - number of constraints: 2","[2022-04-27T07:43:44Z, INFO]    - linear=2","[2022-04-27T07:43:44Z, INFO]  - parameters: defaults","[2022-04-27T07:43:44Z, INFO]  - objective: minimize","[2022-04-27T07:43:44Z, INFO]  - problem type is: MILP","[2022-04-27T07:43:44Z, INFO] WARNING: Number of workers has been reduced to 1 to comply with platform limitations.","[2022-04-27T07:43:44Z, INFO] Version identifier: 20.1.0.1 | 2021-12-07 | 9dfdf6686","[2022-04-27T07:43:44Z, INFO] CPXPARAM_Read_DataCheck                          1","[2022-04-27T07:43:44Z, INFO] CPXPARAM_Threads                                 1","[2022-04-27T07:43:44Z, INFO] Legacy callback                                  i","[2022-04-27T07:43:44Z, INFO] 1 of 1 MIP starts provided solutions.","[2022-04-27T07:43:44Z, INFO] MIP start 'm1' defined initial solution with objective 100.0000.","[2022-04-27T07:43:44Z, INFO] Tried aggregator 1 time.","[2022-04-27T07:43:44Z, INFO] MIP Presolve eliminated 2 rows and 2 columns.","[2022-04-27T07:43:44Z, INFO] All rows and columns eliminated.","[2022-04-27T07:43:44Z, INFO] Presolve time = 0.00 sec. (0.00 ticks)","[2022-04-27T07:43:44Z, INFO] ","[2022-04-27T07:43:44Z, INFO] Root node processing (before b&c):","[2022-04-27T07:43:44Z, INFO]   Real time             =    0.00 sec. (0.00 ticks)","[2022-04-27T07:43:44Z, INFO] Sequential b&c:","[2022-04-27T07:43:44Z, INFO]   Real time             =    0.00 sec. (0.00 ticks)","[2022-04-27T07:43:44Z, INFO]                           ------------","[2022-04-27T07:43:44Z, INFO] Total (root+branch&cut) =    0.00 sec. (0.00 ticks)","[2022-04-27T07:43:44Z, INFO] status: integer optimal solution","[2022-04-27T07:43:44Z, INFO] obj val: 100.0","[2022-04-27T07:43:44Z, INFO] solution.csv"]},"runtimeDetails":{"state":"STARTED"},"taskSetupMillis":1991,"taskSolveMillis":32353,"taskTearDownMillis":91,"jobSpaceId":"6d902298-59e9-4647-88fa-075fbff492fc","jobDeploymentId":"5d9a7faa-dedc-4916-8a95-e92cb70650ab","jobId":"95540f9d-9737-424c-b989-31c2769342f2","ping":1651045424621}