{"creationTime":1632299268960,"lastModificationTime":1632299290914,"state":"TERMINATED","solveConfig":{"containerId":"ScenarioWithLPFile","solveParameters":{"oaas.docplex.python":"3.8"}},"jobDetails":{"id":"c3ce1c5a-3359-45ab-86d2-e005d58abc1a","createdAt":1632299272373,"startedAt":1632299273096,"endedAt":1632299275026,"submittedAt":1632299272373,"details":{"MODEL_DETAIL_BOOLEAN_VARS":"0","MODEL_DETAIL_CONSTRAINTS":"2","MODEL_DETAIL_CONTINUOUS_VARS":"0","MODEL_DETAIL_INTEGER_VARS":"2","MODEL_DETAIL_KPIS":"[]","MODEL_DETAIL_NONZEROS":"3","MODEL_DETAIL_OBJECTIVE_SENSE":"minimize","MODEL_DETAIL_TYPE":"MILP","PROGRESS_BEST_OBJECTIVE":"100.0","PROGRESS_BEST_OBJECTIVE.history":"[[1632299274.06, 100.0]]","PROGRESS_CURRENT_OBJECTIVE":"100.0","PROGRESS_CURRENT_OBJECTIVE.history":"[[1632299274.06, 100.0]]","PROGRESS_GAP":"0.0","PROGRESS_GAP.history":"[[1632299274.06, 0.0]]","STAT.cplex.modelType":"MILP","STAT.cplex.size.booleanVariables":"0","STAT.cplex.size.constraints":"2","STAT.cplex.size.continousVariables":"0","STAT.cplex.size.integerVariables":"2","STAT.cplex.size.linearConstraints":"2","STAT.cplex.size.quadraticConstraints":"0","STAT.cplex.size.variables":"2","STAT.job.coresCount":"1","STAT.job.inputsReadMs":"336","STAT.job.memoryPeakKB":"96788","STAT.job.modelProcessingMs":"624","STAT.job.outputsWriteMs":"823"},"executionStatus":"PROCESSED","solveStatus":"OPTIMAL_SOLUTION","logTail":["[2021-09-22T08:27:53Z, WARNING] Support for Python 3.8 is now enabled with pandas 1.0.5 libraries.","[2021-09-22T08:27:54Z, INFO] Model: diet1","[2021-09-22T08:27:54Z, INFO]  - number of variables: 2","[2021-09-22T08:27:54Z, INFO]    - binary=0, integer=2, continuous=0","[2021-09-22T08:27:54Z, INFO]  - number of constraints: 2","[2021-09-22T08:27:54Z, INFO]    - linear=2","[2021-09-22T08:27:54Z, INFO]  - parameters: defaults","[2021-09-22T08:27:54Z, INFO]  - objective: minimize","[2021-09-22T08:27:54Z, INFO]  - problem type is: MILP","[2021-09-22T08:27:54Z, INFO] WARNING: Number of workers has been reduced to 1 to comply with platform limitations.","[2021-09-22T08:27:54Z, INFO] Version identifier: 20.1.0.0 | 2020-11-10 | 9bedb6d68","[2021-09-22T08:27:54Z, INFO] CPXPARAM_Read_DataCheck                          1","[2021-09-22T08:27:54Z, INFO] CPXPARAM_Threads                                 1","[2021-09-22T08:27:54Z, INFO] Legacy callback                                  i","[2021-09-22T08:27:54Z, INFO] 1 of 1 MIP starts provided solutions.","[2021-09-22T08:27:54Z, INFO] MIP start 'm1' defined initial solution with objective 100.0000.","[2021-09-22T08:27:54Z, INFO] Tried aggregator 1 time.","[2021-09-22T08:27:54Z, INFO] MIP Presolve eliminated 2 rows and 2 columns.","[2021-09-22T08:27:54Z, INFO] All rows and columns eliminated.","[2021-09-22T08:27:54Z, INFO] Presolve time = 0.00 sec. (0.00 ticks)","[2021-09-22T08:27:54Z, INFO] ","[2021-09-22T08:27:54Z, INFO] Root node processing (before b&c):","[2021-09-22T08:27:54Z, INFO]   Real time             =    0.00 sec. (0.00 ticks)","[2021-09-22T08:27:54Z, INFO] Sequential b&c:","[2021-09-22T08:27:54Z, INFO]   Real time             =    0.00 sec. (0.00 ticks)","[2021-09-22T08:27:54Z, INFO]                           ------------","[2021-09-22T08:27:54Z, INFO] Total (root+branch&cut) =    0.00 sec. (0.00 ticks)","[2021-09-22T08:27:54Z, INFO] status: integer optimal solution","[2021-09-22T08:27:54Z, INFO] obj val: 100.0","[2021-09-22T08:27:54Z, INFO] solution.csv"]},"runtimeDetails":{"state":"STARTED"},"taskSetupMillis":2857,"taskSolveMillis":17572,"taskTearDownMillis":1,"jobSpaceId":"d9bda584-cf9f-4f9b-8b9e-61ec05932519","jobId":"c3ce1c5a-3359-45ab-86d2-e005d58abc1a","ping":1632299269574}