{"goalObjectives":[{"weight":1.0,"weightedValue":117.0,"value":117.0,"verbalization":"Minimize time to complete all activities","scaledWeight":1.0}],"decisions_sorted_columns":{"Scheduled activities":["Id","Days","Required equipment Capacity","Required equipment Id","activity start","activity duration","activity end","required equipment","predecessors activity"]},"decisions_schema":{"Scheduled activities":[{"domainConcepts":"cTask","semantic":"unperformed,activity","level":0,"isKPI":false,"concept":"activity","isKey":false,"isDecision":false,"id":"Days","type":"NUMBER"},{"domainConcepts":"cTask","semantic":"unperformed,activity","level":0,"isKPI":false,"concept":"activity","isKey":true,"isDecision":false,"id":"Id","type":"STRING"},{"domainConcepts":"cSchedulingResource,cDiscreteResource","semantic":"unperformed,activity,equipment","level":1,"isKPI":false,"concept":"equipment","isKey":false,"isDecision":false,"id":"Required equipment Capacity","type":"NUMBER"},{"domainConcepts":"cSchedulingResource,cDiscreteResource","semantic":"unperformed,activity,equipment","level":1,"isKPI":false,"concept":"equipment","isKey":false,"isDecision":false,"id":"Required equipment Id","type":"STRING"},{"domainConcepts":"cTaskStart","semantic":"task.start","level":10,"isKPI":false,"concept":"cTaskStart[activity]","isKey":false,"isDecision":true,"id":"activity start","type":"FLOAT"},{"domainConcepts":"cTaskDuration","semantic":"task.duration","level":11,"isKPI":false,"concept":"cTaskDuration[activity]","isKey":false,"isDecision":true,"id":"activity duration","type":"FLOAT"},{"domainConcepts":"cTaskEnd","semantic":"task.end","level":12,"isKPI":false,"concept":"cTaskEnd[activity]","isKey":false,"isDecision":true,"id":"activity end","type":"FLOAT"},{"domainConcepts":"cTask","semantic":"task.discreteResourceRequests","level":20,"isKPI":false,"concept":"activity","isKey":false,"isDecision":false,"id":"required equipment","type":"STRING"},{"domainConcepts":"cTask","semantic":"task.predecessors","level":20,"isKPI":false,"concept":"activity","isKey":false,"isDecision":false,"id":"predecessors activity","type":"STRING"}]},"decisions":{"Scheduled activities":[{"activity duration":0.0,"Required equipment":"","required equipment":"","predecessors activity":"","Days":0,"activity end":"2018\/01\/04 00:00:00","Id":"pa","activity start":"2018\/01\/04 00:00:00"},{"activity duration":2.0,"required equipment":"excavator(1.0)","predecessors activity":"pa","Days":2,"activity end":"2018\/01\/06 00:00:00","Id":"a5","Required equipment Id":"excavator","activity start":"2018\/01\/04 00:00:00","Required equipment Capacity":1},{"activity duration":2.0,"required equipment":"crane(1.0)","predecessors activity":"","Days":2,"activity end":"2018\/01\/06 00:00:00","Id":"l","Required equipment Id":"crane","activity start":"2018\/01\/04 00:00:00","Required equipment Capacity":1},{"activity duration":10.0,"Required equipment":"","required equipment":"","predecessors activity":"pa","Days":10,"activity end":"2018\/01\/16 00:00:00","Id":"ue","activity start":"2018\/01\/04 00:00:00"},{"activity duration":10.0,"Required equipment":"","required equipment":"","predecessors activity":"","Days":10,"activity end":"2018\/01\/16 00:00:00","Id":"ua","activity start":"2018\/01\/04 00:00:00"},{"activity duration":2.0,"required equipment":"excavator(1.0)","predecessors activity":"pa","Days":2,"activity end":"2018\/01\/09 00:00:00","Id":"a4","Required equipment Id":"excavator","activity start":"2018\/01\/06 00:00:00","Required equipment Capacity":1},{"activity duration":4.0,"required equipment":"carpentry(1.0)","predecessors activity":"a5","Days":4,"activity end":"2018\/01\/11 00:00:00","Id":"s5","Required equipment Id":"carpentry","activity start":"2018\/01\/06 00:00:00","Required equipment Capacity":1},{"activity duration":2.0,"required equipment":"excavator(1.0)","predecessors activity":"pa","Days":2,"activity end":"2018\/01\/11 00:00:00","Id":"a2","Required equipment Id":"excavator","activity start":"2018\/01\/09 00:00:00","Required equipment Capacity":1},{"activity duration":13.0,"required equipment":"pile driver(1.0)","predecessors activity":"a4","Days":13,"activity end":"2018\/01\/24 00:00:00","Id":"p2","Required equipment Id":"pile driver","activity start":"2018\/01\/09 00:00:00","Required equipment Capacity":1},{"activity duration":1.0,"required equipment":"concrete mixer(1.0)","predecessors activity":"s5","Days":1,"activity end":"2018\/01\/12 00:00:00","Id":"b5","Required equipment Id":"concrete mixer","activity start":"2018\/01\/11 00:00:00","Required equipment Capacity":1},{"activity duration":4.0,"required equipment":"excavator(1.0)","predecessors activity":"pa","Days":4,"activity end":"2018\/01\/16 00:00:00","Id":"a1","Required equipment Id":"excavator","activity start":"2018\/01\/11 00:00:00","Required equipment Capacity":1},{"activity duration":4.0,"required equipment":"carpentry(1.0)","predecessors activity":"a2","Days":4,"activity end":"2018\/01\/16 00:00:00","Id":"s2","Required equipment Id":"carpentry","activity start":"2018\/01\/11 00:00:00","Required equipment Capacity":1},{"activity duration":1.0,"Required equipment":"","required equipment":"","predecessors activity":"b5","Days":1,"activity end":"2018\/01\/13 00:00:00","Id":"ab5","activity start":"2018\/01\/12 00:00:00"},{"activity duration":8.0,"required equipment":"bricklaying(1.0)","predecessors activity":"ab5","Days":8,"activity end":"2018\/01\/23 00:00:00","Id":"m5","Required equipment Id":"bricklaying","activity start":"2018\/01\/13 00:00:00","Required equipment Capacity":1},{"activity duration":1.0,"required equipment":"concrete mixer(1.0)","predecessors activity":"s2","Days":1,"activity end":"2018\/01\/17 00:00:00","Id":"b2","Required equipment Id":"concrete mixer","activity start":"2018\/01\/16 00:00:00","Required equipment Capacity":1},{"activity duration":2.0,"required equipment":"excavator(1.0)","predecessors activity":"pa","Days":2,"activity end":"2018\/01\/18 00:00:00","Id":"a3","Required equipment Id":"excavator","activity start":"2018\/01\/16 00:00:00","Required equipment Capacity":1},{"activity duration":8.0,"required equipment":"carpentry(1.0)","predecessors activity":"a1","Days":8,"activity end":"2018\/01\/25 00:00:00","Id":"s1","Required equipment Id":"carpentry","activity start":"2018\/01\/16 00:00:00","Required equipment Capacity":1},{"activity duration":1.0,"Required equipment":"","required equipment":"","predecessors activity":"b2","Days":1,"activity end":"2018\/01\/18 00:00:00","Id":"ab2","activity start":"2018\/01\/17 00:00:00"},{"activity duration":5.0,"required equipment":"excavator(1.0)","predecessors activity":"pa","Days":5,"activity end":"2018\/01\/24 00:00:00","Id":"a6","Required equipment Id":"excavator","activity start":"2018\/01\/18 00:00:00","Required equipment Capacity":1},{"activity duration":8.0,"required equipment":"bricklaying(1.0)","predecessors activity":"ab2","Days":8,"activity end":"2018\/02\/01 00:00:00","Id":"m2","Required equipment Id":"bricklaying","activity start":"2018\/01\/23 00:00:00","Required equipment Capacity":1},{"activity duration":20.0,"required equipment":"pile driver(1.0)","predecessors activity":"a3","Days":20,"activity end":"2018\/02\/16 00:00:00","Id":"p1","Required equipment Id":"pile driver","activity start":"2018\/01\/24 00:00:00","Required equipment Capacity":1},{"activity duration":1.0,"required equipment":"concrete mixer(1.0)","predecessors activity":"s1","Days":1,"activity end":"2018\/01\/26 00:00:00","Id":"b1","Required equipment Id":"concrete mixer","activity start":"2018\/01\/25 00:00:00","Required equipment Capacity":1},{"activity duration":4.0,"required equipment":"carpentry(1.0)","predecessors activity":"p2","Days":4,"activity end":"2018\/01\/30 00:00:00","Id":"s4","Required equipment Id":"carpentry","activity start":"2018\/01\/25 00:00:00","Required equipment Capacity":1},{"activity duration":1.0,"Required equipment":"","required equipment":"","predecessors activity":"b1","Days":1,"activity end":"2018\/01\/27 00:00:00","Id":"ab1","activity start":"2018\/01\/26 00:00:00"},{"activity duration":1.0,"required equipment":"concrete mixer(1.0)","predecessors activity":"s4","Days":1,"activity end":"2018\/01\/31 00:00:00","Id":"b4","Required equipment Id":"concrete mixer","activity start":"2018\/01\/30 00:00:00","Required equipment Capacity":1},{"activity duration":10.0,"required equipment":"carpentry(1.0)","predecessors activity":"a6","Days":10,"activity end":"2018\/02\/10 00:00:00","Id":"s6","Required equipment Id":"carpentry","activity start":"2018\/01\/30 00:00:00","Required equipment Capacity":1},{"activity duration":1.0,"Required equipment":"","required equipment":"","predecessors activity":"b4","Days":1,"activity end":"2018\/02\/01 00:00:00","Id":"ab4","activity start":"2018\/01\/31 00:00:00"},{"activity duration":8.0,"required equipment":"bricklaying(1.0)","predecessors activity":"ab4","Days":8,"activity end":"2018\/02\/10 00:00:00","Id":"m4","Required equipment Id":"bricklaying","activity start":"2018\/02\/01 00:00:00","Required equipment Capacity":1},{"activity duration":1.0,"required equipment":"concrete mixer(1.0)","predecessors activity":"s6","Days":1,"activity end":"2018\/02\/11 00:00:00","Id":"b6","Required equipment Id":"concrete mixer","activity start":"2018\/02\/10 00:00:00","Required equipment Capacity":1},{"activity duration":12.0,"required equipment":"crane(1.0)","predecessors activity":"m4, l, m5","Days":12,"activity end":"2018\/02\/24 00:00:00","Id":"t4","Required equipment Id":"crane","activity start":"2018\/02\/10 00:00:00","Required equipment Capacity":1},{"activity duration":16.0,"required equipment":"bricklaying(1.0)","predecessors activity":"ab1","Days":16,"activity end":"2018\/03\/01 00:00:00","Id":"m1","Required equipment Id":"bricklaying","activity start":"2018\/02\/10 00:00:00","Required equipment Capacity":1},{"activity duration":1.0,"Required equipment":"","required equipment":"","predecessors activity":"b6","Days":1,"activity end":"2018\/02\/13 00:00:00","Id":"ab6","activity start":"2018\/02\/12 00:00:00"},{"activity duration":4.0,"required equipment":"carpentry(1.0)","predecessors activity":"p1","Days":4,"activity end":"2018\/02\/21 00:00:00","Id":"s3","Required equipment Id":"carpentry","activity start":"2018\/02\/16 00:00:00","Required equipment Capacity":1},{"activity duration":1.0,"required equipment":"concrete mixer(1.0)","predecessors activity":"s3","Days":1,"activity end":"2018\/02\/22 00:00:00","Id":"b3","Required equipment Id":"concrete mixer","activity start":"2018\/02\/21 00:00:00","Required equipment Capacity":1},{"activity duration":1.0,"Required equipment":"","required equipment":"","predecessors activity":"b3","Days":1,"activity end":"2018\/02\/23 00:00:00","Id":"ab3","activity start":"2018\/02\/22 00:00:00"},{"activity duration":8.0,"required equipment":"bricklaying(1.0)","predecessors activity":"ab3","Days":8,"activity end":"2018\/03\/10 00:00:00","Id":"m3","Required equipment Id":"bricklaying","activity start":"2018\/03\/01 00:00:00","Required equipment Capacity":1},{"activity duration":12.0,"required equipment":"crane(1.0)","predecessors activity":"m1, l, m2","Days":12,"activity end":"2018\/03\/15 00:00:00","Id":"t1","Required equipment Id":"crane","activity start":"2018\/03\/01 00:00:00","Required equipment Capacity":1},{"activity duration":20.0,"required equipment":"bricklaying(1.0)","predecessors activity":"ab6","Days":20,"activity end":"2018\/04\/03 00:00:00","Id":"m6","Required equipment Id":"bricklaying","activity start":"2018\/03\/10 00:00:00","Required equipment Capacity":1},{"activity duration":12.0,"required equipment":"crane(1.0)","predecessors activity":"m3, m4, l","Days":12,"activity end":"2018\/03\/29 00:00:00","Id":"t3","Required equipment Id":"crane","activity start":"2018\/03\/15 00:00:00","Required equipment Capacity":1},{"activity duration":15.0,"required equipment":"caterpillar(1.0)","predecessors activity":"t1","Days":15,"activity end":"2018\/04\/01 00:00:00","Id":"v1","Required equipment Id":"caterpillar","activity start":"2018\/03\/15 00:00:00","Required equipment Capacity":1},{"activity duration":12.0,"required equipment":"crane(1.0)","predecessors activity":"m6, l, m5","Days":12,"activity end":"2018\/04\/17 00:00:00","Id":"t5","Required equipment Id":"crane","activity start":"2018\/04\/03 00:00:00","Required equipment Capacity":1},{"activity duration":10.0,"required equipment":"caterpillar(1.0)","predecessors activity":"t5","Days":10,"activity end":"2018\/04\/28 00:00:00","Id":"v2","Required equipment Id":"caterpillar","activity start":"2018\/04\/17 00:00:00","Required equipment Capacity":1},{"activity duration":12.0,"required equipment":"crane(1.0)","predecessors activity":"m3, l, m2","Days":12,"activity end":"2018\/05\/01 00:00:00","Id":"t2","Required equipment Id":"crane","activity start":"2018\/04\/17 00:00:00","Required equipment Capacity":1},{"activity duration":0.0,"Required equipment":"","required equipment":"","predecessors activity":"v1, ua, t4, v2, t2, t3","Days":0,"activity end":"2018\/05\/01 00:00:00","Id":"pe","activity start":"2018\/05\/01 00:00:00"}]}}