shiftId,department,day,start time,end time,min req,max req,requested skills,duration,day index,week start,start date,end date
1,Dispatching,Monday,6,12,3,8,Supervising,6,1,6/21/21 0:00,6/21/21 6:00,6/21/21 12:00
2,Dispatching,Monday,12,18,3,8,Supervising,6,1,6/21/21 0:00,6/21/21 12:00,6/21/21 18:00
3,Receiving,Monday,8,12,2,5,Handling,4,1,6/21/21 0:00,6/21/21 8:00,6/21/21 12:00
4,Receiving,Monday,13,17,3,5,Handling,4,1,6/21/21 0:00,6/21/21 13:00,6/21/21 17:00
5,Shipping,Monday,12,18,3,8,Handling,6,1,6/21/21 0:00,6/21/21 12:00,6/21/21 18:00
6,Packaging,Monday,8,12,3,8,,4,1,6/21/21 0:00,6/21/21 8:00,6/21/21 12:00
7,Packaging,Monday,12,17,3,8,,5,1,6/21/21 0:00,6/21/21 12:00,6/21/21 17:00
8,HelpDesk,Monday,8,12,4,8,CustomerFacing,4,1,6/21/21 0:00,6/21/21 8:00,6/21/21 12:00
9,HelpDesk,Monday,12,17,4,8,CustomerFacing,5,1,6/21/21 0:00,6/21/21 12:00,6/21/21 17:00
10,HelpDesk,Monday,17,21,4,8,CustomerFacing,4,1,6/21/21 0:00,6/21/21 17:00,6/21/21 21:00
11,Dispatching,Tuesday,6,12,3,8,Supervising,6,2,6/22/21 0:00,6/22/21 6:00,6/22/21 12:00
12,Dispatching,Tuesday,12,18,3,8,Supervising,6,2,6/22/21 0:00,6/22/21 12:00,6/22/21 18:00
13,Receiving,Tuesday,8,12,2,5,Handling,4,2,6/22/21 0:00,6/22/21 8:00,6/22/21 12:00
14,Receiving,Tuesday,13,17,3,5,Handling,4,2,6/22/21 0:00,6/22/21 13:00,6/22/21 17:00
15,Shipping,Tuesday,12,18,3,8,Handling,6,2,6/22/21 0:00,6/22/21 12:00,6/22/21 18:00
16,Packaging,Tuesday,8,12,3,8,,4,2,6/22/21 0:00,6/22/21 8:00,6/22/21 12:00
17,Packaging,Tuesday,12,17,3,8,,5,2,6/22/21 0:00,6/22/21 12:00,6/22/21 17:00
18,HelpDesk,Tuesday,8,12,4,8,CustomerFacing,4,2,6/22/21 0:00,6/22/21 8:00,6/22/21 12:00
19,HelpDesk,Tuesday,12,17,4,8,CustomerFacing,5,2,6/22/21 0:00,6/22/21 12:00,6/22/21 17:00
20,HelpDesk,Tuesday,17,21,4,8,CustomerFacing,4,2,6/22/21 0:00,6/22/21 17:00,6/22/21 21:00
21,Dispatching,Wednesday,6,12,3,8,Supervising,6,3,6/23/21 0:00,6/23/21 6:00,6/23/21 12:00
22,Dispatching,Wednesday,12,18,3,8,Supervising,6,3,6/23/21 0:00,6/23/21 12:00,6/23/21 18:00
23,Receiving,Wednesday,8,12,2,5,Handling,4,3,6/23/21 0:00,6/23/21 8:00,6/23/21 12:00
24,Receiving,Wednesday,13,17,3,5,Handling,4,3,6/23/21 0:00,6/23/21 13:00,6/23/21 17:00
25,Shipping,Wednesday,12,18,3,8,Handling,6,3,6/23/21 0:00,6/23/21 12:00,6/23/21 18:00
26,Packaging,Wednesday,8,12,3,8,,4,3,6/23/21 0:00,6/23/21 8:00,6/23/21 12:00
27,Packaging,Wednesday,12,17,3,8,,5,3,6/23/21 0:00,6/23/21 12:00,6/23/21 17:00
28,HelpDesk,Wednesday,8,12,4,8,CustomerFacing,4,3,6/23/21 0:00,6/23/21 8:00,6/23/21 12:00
29,HelpDesk,Wednesday,12,17,4,8,CustomerFacing,5,3,6/23/21 0:00,6/23/21 12:00,6/23/21 17:00
30,HelpDesk,Wednesday,17,21,4,8,CustomerFacing,4,3,6/23/21 0:00,6/23/21 17:00,6/23/21 21:00
31,Dispatching,Thursday,6,12,3,8,Supervising,6,4,6/24/21 0:00,6/24/21 6:00,6/24/21 12:00
32,Dispatching,Thursday,12,18,3,8,Supervising,6,4,6/24/21 0:00,6/24/21 12:00,6/24/21 18:00
33,Receiving,Thursday,8,12,2,5,Handling,4,4,6/24/21 0:00,6/24/21 8:00,6/24/21 12:00
34,Receiving,Thursday,13,17,3,5,Handling,4,4,6/24/21 0:00,6/24/21 13:00,6/24/21 17:00
35,Shipping,Thursday,12,18,3,8,Handling,6,4,6/24/21 0:00,6/24/21 12:00,6/24/21 18:00
36,Packaging,Thursday,8,12,3,8,,4,4,6/24/21 0:00,6/24/21 8:00,6/24/21 12:00
37,Packaging,Thursday,12,17,3,8,,5,4,6/24/21 0:00,6/24/21 12:00,6/24/21 17:00
38,HelpDesk,Thursday,8,12,4,8,CustomerFacing,4,4,6/24/21 0:00,6/24/21 8:00,6/24/21 12:00
39,HelpDesk,Thursday,12,17,4,8,CustomerFacing,5,4,6/24/21 0:00,6/24/21 12:00,6/24/21 17:00
40,HelpDesk,Thursday,17,21,4,8,CustomerFacing,4,4,6/24/21 0:00,6/24/21 17:00,6/24/21 21:00
41,Dispatching,Friday,6,12,3,8,Supervising,6,5,6/25/21 0:00,6/25/21 6:00,6/25/21 12:00
42,Dispatching,Friday,12,18,3,8,Supervising,6,5,6/25/21 0:00,6/25/21 12:00,6/25/21 18:00
43,Receiving,Friday,8,12,2,5,Handling,4,5,6/25/21 0:00,6/25/21 8:00,6/25/21 12:00
44,Receiving,Friday,13,17,3,5,Handling,4,5,6/25/21 0:00,6/25/21 13:00,6/25/21 17:00
45,Shipping,Friday,12,18,3,8,Handling,6,5,6/25/21 0:00,6/25/21 12:00,6/25/21 18:00
46,Packaging,Friday,8,12,3,8,,4,5,6/25/21 0:00,6/25/21 8:00,6/25/21 12:00
47,Packaging,Friday,12,17,3,8,,5,5,6/25/21 0:00,6/25/21 12:00,6/25/21 17:00
48,HelpDesk,Friday,8,12,4,8,CustomerFacing,4,5,6/25/21 0:00,6/25/21 8:00,6/25/21 12:00
49,HelpDesk,Friday,12,17,4,8,CustomerFacing,5,5,6/25/21 0:00,6/25/21 12:00,6/25/21 17:00
50,HelpDesk,Friday,17,21,4,8,CustomerFacing,4,5,6/25/21 0:00,6/25/21 17:00,6/25/21 21:00
51,HelpDesk,Saturday,8,12,4,8,CustomerFacing,4,6,6/25/21 0:00,6/26/21 8:00,6/26/21 12:00
52,HelpDesk,Saturday,12,18,4,8,CustomerFacing,6,6,6/25/21 0:00,6/26/21 12:00,6/26/21 18:00
