{"creationTime":1636560215571,"lastModificationTime":1636560247956,"state":"TERMINATED","solveConfig":{"containerId":"SimpleAssignment","solveParameters":{"oaas.docplex.python":"3.8"},"setupWebHook":{"verb":"GET","url":"https://internal-nginx-svc:12443/v1/cognitive/solve/preprocess/SimpleAssignment?projectId=214bf38c-0e5a-477e-9da8-3899eaee0c65&parentId=ShiftAssignment","expectedStatus":200,"headers":{}},"tearDownWebHook":{"verb":"GET","url":"https://internal-nginx-svc:12443/v1/cognitive/solve/postprocess/SimpleAssignment?projectId=214bf38c-0e5a-477e-9da8-3899eaee0c65&parentId=ShiftAssignment","expectedStatus":200,"headers":{}}},"jobDetails":{"id":"cba892e2-01de-495f-803a-533d6a43064c","createdAt":1636560225039,"startedAt":1636560226662,"endedAt":1636560231882,"submittedAt":1636560225039,"details":{"KPI.the number of Employee-Shift assignments":"130.0","MODEL_DETAIL_BOOLEAN_VARS":"1664","MODEL_DETAIL_CONSTRAINTS":"246","MODEL_DETAIL_CONTINUOUS_VARS":"0","MODEL_DETAIL_INTEGER_VARS":"0","MODEL_DETAIL_KPIS":"[\"the number of Employee-Shift assignments\"]","MODEL_DETAIL_NONZEROS":"4517","MODEL_DETAIL_OBJECTIVE_SENSE":"maximize","MODEL_DETAIL_TYPE":"MILP","PROGRESS_BEST_OBJECTIVE":"97630.0","PROGRESS_BEST_OBJECTIVE.history":"[[1636560228.08, 97630.0]]","PROGRESS_CURRENT_OBJECTIVE":"97630.0","PROGRESS_CURRENT_OBJECTIVE.history":"[[1636560228.08, 97630.0]]","PROGRESS_GAP":"0.0","PROGRESS_GAP.history":"[[1636560228.08, 0.0]]","STAT.cplex.modelType":"MILP","STAT.cplex.size.booleanVariables":"1664","STAT.cplex.size.constraints":"246","STAT.cplex.size.continousVariables":"0","STAT.cplex.size.integerVariables":"0","STAT.cplex.size.linearConstraints":"246","STAT.cplex.size.quadraticConstraints":"0","STAT.cplex.size.variables":"1664","STAT.job.coresCount":"1","STAT.job.inputsReadMs":"649","STAT.job.memoryPeakKB":"106144","STAT.job.modelProcessingMs":"808","STAT.job.outputsWriteMs":"3624"},"executionStatus":"PROCESSED","solveStatus":"OPTIMAL_SOLUTION","logTail":["[2021-11-10T16:03:48Z, INFO] Legacy callback                                  i","[2021-11-10T16:03:48Z, INFO] Found incumbent of value 0.000000 after 0.00 sec. (0.04 ticks)","[2021-11-10T16:03:48Z, INFO] Tried aggregator 1 time.","[2021-11-10T16:03:48Z, INFO] MIP Presolve eliminated 92 rows and 1086 columns.","[2021-11-10T16:03:48Z, INFO] Reduced MIP has 154 rows, 578 columns, and 1156 nonzeros.","[2021-11-10T16:03:48Z, INFO] Reduced MIP has 578 binaries, 0 generals, 0 SOSs, and 0 indicators.","[2021-11-10T16:03:48Z, INFO] Presolve time = 0.00 sec. (1.51 ticks)","[2021-11-10T16:03:48Z, INFO] Probing time = 0.00 sec. (0.25 ticks)","[2021-11-10T16:03:48Z, INFO] Tried aggregator 1 time.","[2021-11-10T16:03:48Z, INFO] MIP Presolve eliminated 122 rows and 449 columns.","[2021-11-10T16:03:48Z, INFO] Reduced MIP has 32 rows, 129 columns, and 258 nonzeros.","[2021-11-10T16:03:48Z, INFO] Reduced MIP has 129 binaries, 0 generals, 0 SOSs, and 0 indicators.","[2021-11-10T16:03:48Z, INFO] Presolve time = 0.00 sec. (0.34 ticks)","[2021-11-10T16:03:48Z, INFO] Probing time = 0.00 sec. (0.06 ticks)","[2021-11-10T16:03:48Z, INFO] Tried aggregator 1 time.","[2021-11-10T16:03:48Z, INFO] Detecting symmetries...","[2021-11-10T16:03:48Z, INFO] Reduced MIP has 32 rows, 129 columns, and 258 nonzeros.","[2021-11-10T16:03:48Z, INFO] Reduced MIP has 129 binaries, 0 generals, 0 SOSs, and 0 indicators.","[2021-11-10T16:03:48Z, INFO] Presolve time = 0.00 sec. (0.27 ticks)","[2021-11-10T16:03:48Z, INFO] Probing time = 0.00 sec. (0.06 ticks)","[2021-11-10T16:03:48Z, INFO] Clique table members: 24.","[2021-11-10T16:03:48Z, INFO] MIP emphasis: balance optimality and feasibility.","[2021-11-10T16:03:48Z, INFO] MIP search method: dynamic search.","[2021-11-10T16:03:48Z, INFO] Parallel mode: none, using 1 thread.","[2021-11-10T16:03:48Z, INFO] Root relaxation solution time = 0.00 sec. (0.17 ticks)","[2021-11-10T16:03:48Z, INFO] ","[2021-11-10T16:03:48Z, INFO]         Nodes                                         Cuts/","[2021-11-10T16:03:48Z, INFO]    Node  Left     Objective  IInf  Best Integer    Best Bound    ItCnt     Gap","[2021-11-10T16:03:48Z, INFO] ","[2021-11-10T16:03:48Z, INFO] *     0+    0                        79606.0000   176485.0000           121.70%","[2021-11-10T16:03:48Z, INFO] *     0     0      integral     0    97630.0000    97630.0000       64    0.00%","[2021-11-10T16:03:48Z, INFO] Elapsed time = 0.01 sec. (8.80 ticks, tree = 0.00 MB, solutions = 3)","[2021-11-10T16:03:48Z, INFO] ","[2021-11-10T16:03:48Z, INFO] Root node processing (before b&c):","[2021-11-10T16:03:48Z, INFO]   Real time             =    0.01 sec. (8.88 ticks)","[2021-11-10T16:03:48Z, INFO] Sequential b&c:","[2021-11-10T16:03:48Z, INFO]   Real time             =    0.00 sec. (0.00 ticks)","[2021-11-10T16:03:48Z, INFO]                           ------------","[2021-11-10T16:03:48Z, INFO] Total (root+branch&cut) =    0.01 sec. (8.88 ticks)","[2021-11-10T16:03:48Z, INFO] Solve status: JobSolveStatus.OPTIMAL_SOLUTION","[2021-11-10T16:03:48Z, INFO] * model docplex_model1 solved with objective = 97630.000","[2021-11-10T16:03:48Z, INFO] *  KPI: the number of Employee-Shift assignments = 130.000","[2021-11-10T16:03:48Z, INFO] model solve done in 0.041294097900390625 secs","[2021-11-10T16:03:48Z, INFO] solution export done in 0.04068326950073242 secs","[2021-11-10T16:03:48Z, INFO] AssignedShifts.csv"]},"runtimeDetails":{"state":"STARTED"},"taskSetupMillis":8887,"taskSolveMillis":7638,"taskTearDownMillis":12315,"jobSpaceId":"8bb4e820-5a06-4aa4-a9ab-c19d7bb52bfa","jobId":"cba892e2-01de-495f-803a-533d6a43064c","ping":1636560246302}