investment id,investment expected return,investment expected return amount,investment index,investment stock price,investment maxValueAllocation,investment minValueAllocationForAssignment,investment country,investment industry,investment recommendation
Invest5,1.47987,11.31508602,5,7.646,,,NL,Technology,Buy
Invest7,1.89596,103.0833452,7,54.37,,,FR,Industrial Goods & Services,Strong Buy
Invest9,1.7466,137.335158,9,78.63,,,BE,Food & Beverage,Strong Buy
Invest3,1.80874,138.4680907,3,76.555,,,DE,Chemicals,Strong Buy
Invest11,1.85894,43.870984,11,23.6,,,DE,Technology,Strong Buy
Invest8,1.82284,50.7478656,8,27.84,,,FR,Chemicals,Strong Buy
