id_of_Investment,allocationVar,selectionVar,integerSubAllocationVar
Invest0,0.0,0.0,0.0
Invest1,0.0,0.0,0.0
Invest10,0.0,0.0,0.0
Invest11,259.6,1.0,11.0
Invest12,0.0,0.0,0.0
Invest13,0.0,0.0,0.0
Invest14,0.0,0.0,0.0
Invest15,0.0,0.0,0.0
Invest16,0.0,0.0,0.0
Invest17,0.0,0.0,0.0
Invest18,0.0,0.0,0.0
Invest19,0.0,0.0,0.0
Invest2,0.0,0.0,0.0
Invest3,229.665,1.0,3.0
Invest4,0.0,0.0,0.0
Invest5,137.628,1.0,18.0
Invest6,0.0,0.0,0.0
Invest7,108.74,1.0,2.0
Invest8,27.84,1.0,1.0
Invest9,235.89,1.0,3.0
