{"categories":{"output":{"assets":{"investment_pieces_report.csv":{"type":"Table"},"list_of_Investment_solution.csv":{"type":"Table"},"investment_selection_report.csv":{"type":"Table"},"kpis.csv":{"type":"Table"},"log.txt":{"type":"Asset"},"investment_allocation_report.csv":{"type":"Table"}}},"input":{"assets":{"param.csv":{"type":"Table"},"covariance.csv":{"type":"Table"},"investment.csv":{"type":"Table"}}},"model":{"assets":{"model.py":{"type":"Asset"}}},"dashboard-file":{"assets":{"dashboard.json":{"type":"Asset"}}},"CO_ASSET_SESSION":{"assets":{"CO_SESSION.json":{"type":"Asset"}}},"CO_ASSET":{"assets":{"CO_SOLUTION_TEXT.json":{"type":"Asset"},"CO_SOLUTION_JSON.json":{"type":"Asset"},"CO_DATASET.json":{"type":"Asset"}}}},"modelType":"cognitive","category":"scenario"}