{"creationTime":1532939957651,"lastModificationTime":1532939961593,"state":"TERMINATED","solveConfig":{"containerId":"Scenario 1","solveParameters":{}},"jobDetails":{"id":"job.d4245d35-c58b-41bb-b24a-ef07054c6c05","createdAt":1532939956399,"startedAt":1532939956619,"endedAt":1532939958641,"endReportedAt":1532939958660,"submittedAt":1532939956399,"updatedAt":1532939958641,"applicationVersionUsed":"1.0-master_ce-b154","details":{"MODEL_DETAIL_BOOLEAN_VARS":"20","MODEL_DETAIL_KPIS":"[\"total expected return of allocated investments over all allocations\"]","MODEL_DETAIL_CONTINUOUS_VARS":"20","MODEL_DETAIL_CONSTRAINTS":"106","MODEL_DETAIL_INTEGER_VARS":"20","PROGRESS_CURRENT_OBJECTIVE.history":"[[1532939957.96, 0.0]]","PROGRESS_CURRENT_OBJECTIVE":"1770.57667446","KPI.total expected return of allocated investments over all allocations":"1770.57667446","KPI._time":"0.08236980438232422","PROGRESS_BEST_OBJECTIVE":"1770.7259506700002","MODEL_DETAIL_TYPE":"MILP","PROGRESS_GAP":"8.430937341116357e-05","MODEL_DETAIL_NONZEROS":"249"},"systemDetails":{"worker.process.max.memory":"524288","worker.cores.total":"4","worker.cores.default":"1","worker.heap.max":"524288","worker.data.read.bytes":"36034","worker.data.write.duration":"318","worker.processing.duration":"1948","worker.process.peak.swap":"0","worker.log.write.duration":"9","worker.process.processing.duration":"1230","worker.data.read.duration":"96","worker.jms.write.chars":"10342","worker.log.write.chars":"1255","worker.data.write.bytes":"7082","worker.heap.used":"116810","worker.process.peak.memory":"76680","worker.setup.duration":"59","worker.jms.write.duration":"30"},"executionStatus":"PROCESSED","solveStatus":"OPTIMAL_SOLUTION","logTail":["[2018-07-30T08:39:17Z, INFO] Reduced MIP has 27 rows, 22 columns, and 83 nonzeros.","[2018-07-30T08:39:17Z, INFO] Reduced MIP has 11 binaries, 11 generals, 0 SOSs, and 0 indicators.","[2018-07-30T08:39:17Z, INFO] Presolve time = 0.00 sec. (0.05 ticks)","[2018-07-30T08:39:17Z, INFO] Probing time = 0.00 sec. (0.01 ticks)","[2018-07-30T08:39:17Z, INFO] Tried aggregator 1 time.","[2018-07-30T08:39:17Z, INFO] Reduced MIP has 27 rows, 22 columns, and 83 nonzeros.","[2018-07-30T08:39:17Z, INFO] Reduced MIP has 11 binaries, 11 generals, 0 SOSs, and 0 indicators.","[2018-07-30T08:39:17Z, INFO] Presolve time = 0.00 sec. (0.05 ticks)","[2018-07-30T08:39:17Z, INFO] Represolve time = 0.00 sec. (0.16 ticks)","[2018-07-30T08:39:17Z, INFO] Probing time = 0.00 sec. (0.01 ticks)","[2018-07-30T08:39:17Z, INFO] MIP emphasis: balance optimality and feasibility.","[2018-07-30T08:39:17Z, INFO] MIP search method: dynamic search.","[2018-07-30T08:39:17Z, INFO] Parallel mode: none, using 1 thread.","[2018-07-30T08:39:17Z, INFO] Root relaxation solution time = 0.00 sec. (0.09 ticks)","[2018-07-30T08:39:17Z, INFO] ","[2018-07-30T08:39:17Z, INFO]         Nodes                                         Cuts/","[2018-07-30T08:39:17Z, INFO]    Node  Left     Objective  IInf  Best Integer    Best Bound    ItCnt     Gap","[2018-07-30T08:39:17Z, INFO] *     0+    0                         1770.5767     1781.7026             0.63%","[2018-07-30T08:39:17Z, INFO]       0     0     1781.7026     4     1770.5767     1781.7026       30    0.63%","[2018-07-30T08:39:17Z, INFO]       0     0     1780.8856     6     1770.5767       Cuts: 8       34    0.58%","[2018-07-30T08:39:17Z, INFO]       0     0     1779.3045     6     1770.5767       Cuts: 2       35    0.49%","[2018-07-30T08:39:17Z, INFO]       0     0     1779.1242     8     1770.5767       Cuts: 3       37    0.48%","[2018-07-30T08:39:17Z, INFO]       0     0     1779.1219     8     1770.5767    MIRcuts: 1       38    0.48%","[2018-07-30T08:39:17Z, INFO]       0     0     1779.0972    12     1770.5767    MIRcuts: 1       41    0.48%","[2018-07-30T08:39:17Z, INFO]       0     2     1779.0972    12     1770.5767     1778.8817       41    0.47%","[2018-07-30T08:39:17Z, INFO] Elapsed time = 0.06 sec. (2.36 ticks, tree = 0.01 MB","[2018-07-30T08:39:17Z, INFO] , solutions = 3","[2018-07-30T08:39:17Z, INFO] )","[2018-07-30T08:39:18Z, INFO] Flow cuts applied:  1","[2018-07-30T08:39:18Z, INFO] Mixed integer rounding cuts applied:  3","[2018-07-30T08:39:18Z, INFO] Zero-half cuts applied:  1","[2018-07-30T08:39:18Z, INFO] Gomory fractional cuts applied:  5","[2018-07-30T08:39:18Z, INFO] ","[2018-07-30T08:39:18Z, INFO] Root node processing (before b&c):","[2018-07-30T08:39:18Z, INFO]   Real time             =    0.06 sec. (2.36 ticks)","[2018-07-30T08:39:18Z, INFO] Sequential b&c:","[2018-07-30T08:39:18Z, INFO]   Real time             =    0.02 sec. (0.50 ticks)","[2018-07-30T08:39:18Z, INFO]                           ------------","[2018-07-30T08:39:18Z, INFO] Total (root+branch&cut) =    0.09 sec. (2.86 ticks)","[2018-07-30T08:39:18Z, INFO] Solve status:","[2018-07-30T08:39:18Z, INFO] JobSolveStatus.OPTIMAL_SOLUTION","[2018-07-30T08:39:18Z, INFO] * model docplex_model1 solved with objective = 1770.577","[2018-07-30T08:39:18Z, INFO] *  KPI: total expected return of allocated investments over all allocations = 1770.577","[2018-07-30T08:39:18Z, INFO] model solve done in 0.255308866501 secs","[2018-07-30T08:39:18Z, INFO] solution export done in 0.004154920578 secs"]},"runtimeDetails":{"state":"STARTED"},"taskSetupMillis":755,"taskSolveMillis":2317,"taskTearDownMillis":665,"ping":0}