{"goalObjectives":[{"weight":5.0,"weightedValue":1770.59,"value":1770.59,"verbalization":"Maximize total expected return of investments over all allocations","scaledWeight":1.0}],"decisions_sorted_columns":{"investment selection":["investment id","investment expected return","investment expected return amount","investment index","investment stock price","investment maxValueAllocation","investment minValueAllocationForAssignment","investment country","investment industry","investment recommendation"],"investment allocation":["investment id","value","investment expected return","investment expected return amount","investment index","investment stock price","investment maxValueAllocation","investment minValueAllocationForAssignment","investment country","investment industry","investment recommendation","total expected return of investments over all allocations"],"investment pieces":["investment id","value","investment expected return","investment expected return amount","investment index","investment stock price","investment maxValueAllocation","investment minValueAllocationForAssignment","investment country","investment industry","investment recommendation"]},"decisions_schema":{"investment selection":[{"domainConcepts":"cItem","semantic":"cSelection[investment],investment","level":1,"isKPI":false,"concept":"investment","isKey":true,"isDecision":false,"id":"investment id","type":"STRING"},{"domainConcepts":"","semantic":"cSelection[investment],investment,country","level":2,"isKPI":false,"concept":"country","isKey":false,"isDecision":false,"id":"investment country","type":"STRING"},{"domainConcepts":"cItem","semantic":"cSelection[investment],investment","level":1,"isKPI":false,"concept":"investment","isKey":false,"isDecision":false,"id":"investment expected return","type":"NUMBER"},{"domainConcepts":"cItem","semantic":"cSelection[investment],investment","level":1,"isKPI":false,"concept":"investment","isKey":false,"isDecision":false,"id":"investment expected return amount","type":"NUMBER"},{"domainConcepts":"cItem","semantic":"cSelection[investment],investment","level":1,"isKPI":false,"concept":"investment","isKey":false,"isDecision":false,"id":"investment index","type":"NUMBER"},{"domainConcepts":"","semantic":"cSelection[investment],investment,industry","level":2,"isKPI":false,"concept":"industry","isKey":false,"isDecision":false,"id":"investment industry","type":"STRING"},{"domainConcepts":"","semantic":"cSelection[investment],investment,recommendation","level":2,"isKPI":false,"concept":"recommendation","isKey":false,"isDecision":false,"id":"investment recommendation","type":"STRING"},{"domainConcepts":"cItem","semantic":"cSelection[investment],investment","level":1,"isKPI":false,"concept":"investment","isKey":false,"isDecision":false,"id":"investment stock price","type":"NUMBER"},{"domainConcepts":"cItem","semantic":"cSelection[investment],investment","level":1,"isKPI":false,"concept":"investment","isKey":false,"isDecision":false,"id":"investment maxValueAllocation","type":"NUMBER"},{"domainConcepts":"cItem","semantic":"cSelection[investment],investment","level":1,"isKPI":false,"concept":"investment","isKey":false,"isDecision":false,"id":"investment minValueAllocationForAssignment","type":"NUMBER"}],"investment allocation":[{"domainConcepts":"cItem","semantic":"cAllocation[investment],investment","level":1,"isKPI":false,"concept":"investment","isKey":true,"isDecision":false,"id":"investment id","type":"STRING"},{"domainConcepts":"","semantic":"cAllocation[investment],investment,country","level":2,"isKPI":false,"concept":"country","isKey":false,"isDecision":false,"id":"investment country","type":"STRING"},{"domainConcepts":"cItem","semantic":"cAllocation[investment],investment","level":1,"isKPI":false,"concept":"investment","isKey":false,"isDecision":false,"id":"investment expected return","type":"NUMBER"},{"domainConcepts":"cItem","semantic":"cAllocation[investment],investment","level":1,"isKPI":false,"concept":"investment","isKey":false,"isDecision":false,"id":"investment expected return amount","type":"NUMBER"},{"domainConcepts":"cItem","semantic":"cAllocation[investment],investment","level":1,"isKPI":false,"concept":"investment","isKey":false,"isDecision":false,"id":"investment index","type":"NUMBER"},{"domainConcepts":"","semantic":"cAllocation[investment],investment,industry","level":2,"isKPI":false,"concept":"industry","isKey":false,"isDecision":false,"id":"investment industry","type":"STRING"},{"domainConcepts":"","semantic":"cAllocation[investment],investment,recommendation","level":2,"isKPI":false,"concept":"recommendation","isKey":false,"isDecision":false,"id":"investment recommendation","type":"STRING"},{"domainConcepts":"cItem","semantic":"cAllocation[investment],investment","level":1,"isKPI":false,"concept":"investment","isKey":false,"isDecision":false,"id":"investment stock price","type":"NUMBER"},{"domainConcepts":"cItem","semantic":"cAllocation[investment],investment","level":1,"isKPI":false,"concept":"investment","isKey":false,"isDecision":false,"id":"investment maxValueAllocation","type":"NUMBER"},{"domainConcepts":"cItem","semantic":"cAllocation[investment],investment","level":1,"isKPI":false,"concept":"investment","isKey":false,"isDecision":false,"id":"investment minValueAllocationForAssignment","type":"NUMBER"},{"domainConcepts":"cAllocation","level":0,"isKPI":false,"concept":"cAllocation[investment]","isKey":false,"isDecision":true,"id":"value","type":"FLOAT"},{"domainConcepts":"cAllocation","level":10,"isKPI":false,"concept":"cAllocation[investment]","isKey":false,"isDecision":false,"id":"total expected return of investments over all allocations","type":"NUMBER"}],"investment pieces":[{"domainConcepts":"cItem","semantic":"cIntegerSubAllocation[investment],investment","level":1,"isKPI":false,"concept":"investment","isKey":true,"isDecision":false,"id":"investment id","type":"STRING"},{"domainConcepts":"","semantic":"cIntegerSubAllocation[investment],investment,country","level":2,"isKPI":false,"concept":"country","isKey":false,"isDecision":false,"id":"investment country","type":"STRING"},{"domainConcepts":"cItem","semantic":"cIntegerSubAllocation[investment],investment","level":1,"isKPI":false,"concept":"investment","isKey":false,"isDecision":false,"id":"investment expected return","type":"NUMBER"},{"domainConcepts":"cItem","semantic":"cIntegerSubAllocation[investment],investment","level":1,"isKPI":false,"concept":"investment","isKey":false,"isDecision":false,"id":"investment expected return amount","type":"NUMBER"},{"domainConcepts":"cItem","semantic":"cIntegerSubAllocation[investment],investment","level":1,"isKPI":false,"concept":"investment","isKey":false,"isDecision":false,"id":"investment index","type":"NUMBER"},{"domainConcepts":"","semantic":"cIntegerSubAllocation[investment],investment,industry","level":2,"isKPI":false,"concept":"industry","isKey":false,"isDecision":false,"id":"investment industry","type":"STRING"},{"domainConcepts":"","semantic":"cIntegerSubAllocation[investment],investment,recommendation","level":2,"isKPI":false,"concept":"recommendation","isKey":false,"isDecision":false,"id":"investment recommendation","type":"STRING"},{"domainConcepts":"cItem","semantic":"cIntegerSubAllocation[investment],investment","level":1,"isKPI":false,"concept":"investment","isKey":false,"isDecision":false,"id":"investment stock price","type":"NUMBER"},{"domainConcepts":"cItem","semantic":"cIntegerSubAllocation[investment],investment","level":1,"isKPI":false,"concept":"investment","isKey":false,"isDecision":false,"id":"investment maxValueAllocation","type":"NUMBER"},{"domainConcepts":"cItem","semantic":"cIntegerSubAllocation[investment],investment","level":1,"isKPI":false,"concept":"investment","isKey":false,"isDecision":false,"id":"investment minValueAllocationForAssignment","type":"NUMBER"},{"domainConcepts":"cIntegerSubAllocation","level":0,"isKPI":false,"concept":"cIntegerSubAllocation[investment]","isKey":false,"isDecision":true,"id":"value","type":"FLOAT"}]},"decisions":{"investment selection":[{"investment index":7,"investment industry":"Industrial Goods & Services","investment minValueAllocationForAssignment":null,"investment recommendation":"Strong Buy","investment country":"FR","investment id":"Invest7","investment stock price":54.37,"investment maxValueAllocation":null,"investment expected return":1.89596,"investment expected return amount":103.0833452},{"investment index":11,"investment industry":"Technology","investment minValueAllocationForAssignment":null,"investment recommendation":"Strong Buy","investment country":"DE","investment id":"Invest11","investment stock price":23.6,"investment maxValueAllocation":null,"investment expected return":1.85894,"investment expected return amount":43.870984},{"investment index":8,"investment industry":"Chemicals","investment minValueAllocationForAssignment":null,"investment recommendation":"Strong Buy","investment country":"FR","investment id":"Invest8","investment stock price":27.84,"investment maxValueAllocation":null,"investment expected return":1.82284,"investment expected return amount":50.7478656},{"investment index":5,"investment industry":"Technology","investment minValueAllocationForAssignment":null,"investment recommendation":"Buy","investment country":"NL","investment id":"Invest5","investment stock price":7.646,"investment maxValueAllocation":null,"investment expected return":1.47987,"investment expected return amount":11.31508602},{"investment index":9,"investment industry":"Food & Beverage","investment minValueAllocationForAssignment":null,"investment recommendation":"Strong Buy","investment country":"BE","investment id":"Invest9","investment stock price":78.63,"investment maxValueAllocation":null,"investment expected return":1.7466,"investment expected return amount":137.335158},{"investment index":3,"investment industry":"Chemicals","investment minValueAllocationForAssignment":null,"investment recommendation":"Strong Buy","investment country":"DE","investment id":"Invest3","investment stock price":76.555,"investment maxValueAllocation":null,"investment expected return":1.80874,"investment expected return amount":138.4680907}],"investment allocation":[{"investment index":10,"investment industry":"Utilities","investment minValueAllocationForAssignment":null,"investment recommendation":"Neutral","investment country":"DE","total expected return of investments over all allocations":0.0,"investment id":"Invest10","investment stock price":63.61,"investment maxValueAllocation":null,"investment expected return":1.17411,"investment expected return amount":74.6851371,"value":0.0},{"investment index":11,"investment industry":"Technology","investment minValueAllocationForAssignment":null,"investment recommendation":"Strong Buy","investment country":"DE","total expected return of investments over all allocations":482.58,"investment id":"Invest11","investment stock price":23.6,"investment maxValueAllocation":null,"investment expected return":1.85894,"investment expected return amount":43.870984,"value":259.6},{"investment index":6,"investment industry":"Insurance","investment minValueAllocationForAssignment":null,"investment recommendation":"Neutral","investment country":"DE","total expected return of investments over all allocations":0.0,"investment id":"Invest6","investment stock price":96.9,"investment maxValueAllocation":null,"investment expected return":1.35029,"investment expected return amount":130.843101,"value":0.0},{"investment index":14,"investment industry":"Food & Beverage","investment minValueAllocationForAssignment":null,"investment recommendation":"Neutral","investment country":"FR","total expected return of investments over all allocations":0.0,"investment id":"Invest14","investment stock price":8.78,"investment maxValueAllocation":null,"investment expected return":1.30399,"investment expected return amount":11.4490322,"value":0.0},{"investment index":18,"investment industry":"Automobiles & Parts","investment minValueAllocationForAssignment":null,"investment recommendation":"Sell","investment country":"DE","total expected return of investments over all allocations":0.0,"investment id":"Invest18","investment stock price":119.05,"investment maxValueAllocation":null,"investment expected return":1.14731,"investment expected return amount":136.5872555,"value":0.0},{"investment index":1,"investment industry":"Utilities","investment minValueAllocationForAssignment":null,"investment recommendation":"Buy","investment country":"IT","total expected return of investments over all allocations":0.0,"investment id":"Invest1","investment stock price":83.46,"investment maxValueAllocation":null,"investment expected return":1.56359,"investment expected return amount":130.4972214,"value":0.0},{"investment index":15,"investment industry":"Automobiles & Parts","investment minValueAllocationForAssignment":null,"investment recommendation":"Strong Sell","investment country":"DE","total expected return of investments over all allocations":0.0,"investment id":"Invest15","investment stock price":4.049,"investment maxValueAllocation":null,"investment expected return":1.01498,"investment expected return amount":4.10965402,"value":0.0},{"investment index":2,"investment industry":"Chemicals","investment minValueAllocationForAssignment":null,"investment recommendation":"Neutral","investment country":"DE","total expected return of investments over all allocations":0.0,"investment id":"Invest2","investment stock price":24.38,"investment maxValueAllocation":null,"investment expected return":1.1933,"investment expected return amount":29.092654,"value":0.0},{"investment index":4,"investment industry":"Insurance","investment minValueAllocationForAssignment":null,"investment recommendation":"Buy","investment country":"FR","total expected return of investments over all allocations":0.0,"investment id":"Invest4","investment stock price":122.3,"investment maxValueAllocation":null,"investment expected return":1.58501,"investment expected return amount":193.846723,"value":0.0},{"investment index":0,"investment industry":"Utilities","investment minValueAllocationForAssignment":null,"investment recommendation":"Strong Sell","investment country":"FR","total expected return of investments over all allocations":0.0,"investment id":"Invest0","investment stock price":161.15,"investment maxValueAllocation":null,"investment expected return":1.00125,"investment expected return amount":161.3514375,"value":0.0},{"investment index":3,"investment industry":"Chemicals","investment minValueAllocationForAssignment":null,"investment recommendation":"Strong Buy","investment country":"DE","total expected return of investments over all allocations":415.41,"investment id":"Invest3","investment stock price":76.555,"investment maxValueAllocation":null,"investment expected return":1.80874,"investment expected return amount":138.4680907,"value":229.67},{"investment index":13,"investment industry":"Banks","investment minValueAllocationForAssignment":null,"investment recommendation":"Buy","investment country":"DE","total expected return of investments over all allocations":0.0,"investment id":"Invest13","investment stock price":16.88,"investment maxValueAllocation":null,"investment expected return":1.51353,"investment expected return amount":25.5483864,"value":0.0},{"investment index":16,"investment industry":"Retail","investment minValueAllocationForAssignment":null,"investment recommendation":"Sell","investment country":"FR","total expected return of investments over all allocations":0.0,"investment id":"Invest16","investment stock price":16.22,"investment maxValueAllocation":null,"investment expected return":1.0914,"investment expected return amount":17.702508,"value":0.0},{"investment index":17,"investment industry":"Banks","investment minValueAllocationForAssignment":null,"investment recommendation":"Buy","investment country":"FR","total expected return of investments over all allocations":0.0,"investment id":"Invest17","investment stock price":14.895,"investment maxValueAllocation":null,"investment expected return":1.36445,"investment expected return amount":20.32348275,"value":0.0},{"investment index":9,"investment industry":"Food & Beverage","investment minValueAllocationForAssignment":null,"investment recommendation":"Strong Buy","investment country":"BE","total expected return of investments over all allocations":412.01,"investment id":"Invest9","investment stock price":78.63,"investment maxValueAllocation":null,"investment expected return":1.7466,"investment expected return amount":137.335158,"value":235.89},{"investment index":5,"investment industry":"Technology","investment minValueAllocationForAssignment":null,"investment recommendation":"Buy","investment country":"NL","total expected return of investments over all allocations":203.67,"investment id":"Invest5","investment stock price":7.646,"investment maxValueAllocation":null,"investment expected return":1.47987,"investment expected return amount":11.31508602,"value":137.63},{"investment index":7,"investment industry":"Industrial Goods & Services","investment minValueAllocationForAssignment":null,"investment recommendation":"Strong Buy","investment country":"FR","total expected return of investments over all allocations":206.17,"investment id":"Invest7","investment stock price":54.37,"investment maxValueAllocation":null,"investment expected return":1.89596,"investment expected return amount":103.0833452,"value":108.74},{"investment index":12,"investment industry":"Industrial Goods & Services","investment minValueAllocationForAssignment":null,"investment recommendation":"Strong Buy","investment country":"DE","total expected return of investments over all allocations":0.0,"investment id":"Invest12","investment stock price":26.64,"investment maxValueAllocation":null,"investment expected return":1.7105,"investment expected return amount":45.56772,"value":0.0},{"investment index":19,"investment industry":"Banks","investment minValueAllocationForAssignment":null,"investment recommendation":"Neutral","investment country":"ES","total expected return of investments over all allocations":0.0,"investment id":"Invest19","investment stock price":17.435,"investment maxValueAllocation":null,"investment expected return":1.1659,"investment expected return amount":20.3274665,"value":0.0},{"investment index":8,"investment industry":"Chemicals","investment minValueAllocationForAssignment":null,"investment recommendation":"Strong Buy","investment country":"FR","total expected return of investments over all allocations":50.75,"investment id":"Invest8","investment stock price":27.84,"investment maxValueAllocation":null,"investment expected return":1.82284,"investment expected return amount":50.7478656,"value":27.84}],"investment pieces":[{"investment index":5,"investment industry":"Technology","investment minValueAllocationForAssignment":null,"investment recommendation":"Buy","investment country":"NL","investment id":"Invest5","investment stock price":7.646,"investment maxValueAllocation":null,"investment expected return":1.47987,"investment expected return amount":11.31508602,"value":18.0},{"investment index":11,"investment industry":"Technology","investment minValueAllocationForAssignment":null,"investment recommendation":"Strong Buy","investment country":"DE","investment id":"Invest11","investment stock price":23.6,"investment maxValueAllocation":null,"investment expected return":1.85894,"investment expected return amount":43.870984,"value":11.0},{"investment index":1,"investment industry":"Utilities","investment minValueAllocationForAssignment":null,"investment recommendation":"Buy","investment country":"IT","investment id":"Invest1","investment stock price":83.46,"investment maxValueAllocation":null,"investment expected return":1.56359,"investment expected return amount":130.4972214,"value":0.0},{"investment index":17,"investment industry":"Banks","investment minValueAllocationForAssignment":null,"investment recommendation":"Buy","investment country":"FR","investment id":"Invest17","investment stock price":14.895,"investment maxValueAllocation":null,"investment expected return":1.36445,"investment expected return amount":20.32348275,"value":0.0},{"investment index":18,"investment industry":"Automobiles & Parts","investment minValueAllocationForAssignment":null,"investment recommendation":"Sell","investment country":"DE","investment id":"Invest18","investment stock price":119.05,"investment maxValueAllocation":null,"investment expected return":1.14731,"investment expected return amount":136.5872555,"value":0.0},{"investment index":19,"investment industry":"Banks","investment minValueAllocationForAssignment":null,"investment recommendation":"Neutral","investment country":"ES","investment id":"Invest19","investment stock price":17.435,"investment maxValueAllocation":null,"investment expected return":1.1659,"investment expected return amount":20.3274665,"value":0.0},{"investment index":12,"investment industry":"Industrial Goods & Services","investment minValueAllocationForAssignment":null,"investment recommendation":"Strong Buy","investment country":"DE","investment id":"Invest12","investment stock price":26.64,"investment maxValueAllocation":null,"investment expected return":1.7105,"investment expected return amount":45.56772,"value":0.0},{"investment index":6,"investment industry":"Insurance","investment minValueAllocationForAssignment":null,"investment recommendation":"Neutral","investment country":"DE","investment id":"Invest6","investment stock price":96.9,"investment maxValueAllocation":null,"investment expected return":1.35029,"investment expected return amount":130.843101,"value":0.0},{"investment index":10,"investment industry":"Utilities","investment minValueAllocationForAssignment":null,"investment recommendation":"Neutral","investment country":"DE","investment id":"Invest10","investment stock price":63.61,"investment maxValueAllocation":null,"investment expected return":1.17411,"investment expected return amount":74.6851371,"value":0.0},{"investment index":15,"investment industry":"Automobiles & Parts","investment minValueAllocationForAssignment":null,"investment recommendation":"Strong Sell","investment country":"DE","investment id":"Invest15","investment stock price":4.049,"investment maxValueAllocation":null,"investment expected return":1.01498,"investment expected return amount":4.10965402,"value":0.0},{"investment index":9,"investment industry":"Food & Beverage","investment minValueAllocationForAssignment":null,"investment recommendation":"Strong Buy","investment country":"BE","investment id":"Invest9","investment stock price":78.63,"investment maxValueAllocation":null,"investment expected return":1.7466,"investment expected return amount":137.335158,"value":3.0},{"investment index":4,"investment industry":"Insurance","investment minValueAllocationForAssignment":null,"investment recommendation":"Buy","investment country":"FR","investment id":"Invest4","investment stock price":122.3,"investment maxValueAllocation":null,"investment expected return":1.58501,"investment expected return amount":193.846723,"value":0.0},{"investment index":2,"investment industry":"Chemicals","investment minValueAllocationForAssignment":null,"investment recommendation":"Neutral","investment country":"DE","investment id":"Invest2","investment stock price":24.38,"investment maxValueAllocation":null,"investment expected return":1.1933,"investment expected return amount":29.092654,"value":0.0},{"investment index":3,"investment industry":"Chemicals","investment minValueAllocationForAssignment":null,"investment recommendation":"Strong Buy","investment country":"DE","investment id":"Invest3","investment stock price":76.555,"investment maxValueAllocation":null,"investment expected return":1.80874,"investment expected return amount":138.4680907,"value":3.0},{"investment index":16,"investment industry":"Retail","investment minValueAllocationForAssignment":null,"investment recommendation":"Sell","investment country":"FR","investment id":"Invest16","investment stock price":16.22,"investment maxValueAllocation":null,"investment expected return":1.0914,"investment expected return amount":17.702508,"value":0.0},{"investment index":8,"investment industry":"Chemicals","investment minValueAllocationForAssignment":null,"investment recommendation":"Strong Buy","investment country":"FR","investment id":"Invest8","investment stock price":27.84,"investment maxValueAllocation":null,"investment expected return":1.82284,"investment expected return amount":50.7478656,"value":1.0},{"investment index":14,"investment industry":"Food & Beverage","investment minValueAllocationForAssignment":null,"investment recommendation":"Neutral","investment country":"FR","investment id":"Invest14","investment stock price":8.78,"investment maxValueAllocation":null,"investment expected return":1.30399,"investment expected return amount":11.4490322,"value":0.0},{"investment index":0,"investment industry":"Utilities","investment minValueAllocationForAssignment":null,"investment recommendation":"Strong Sell","investment country":"FR","investment id":"Invest0","investment stock price":161.15,"investment maxValueAllocation":null,"investment expected return":1.00125,"investment expected return amount":161.3514375,"value":0.0},{"investment index":13,"investment industry":"Banks","investment minValueAllocationForAssignment":null,"investment recommendation":"Buy","investment country":"DE","investment id":"Invest13","investment stock price":16.88,"investment maxValueAllocation":null,"investment expected return":1.51353,"investment expected return amount":25.5483864,"value":0.0},{"investment index":7,"investment industry":"Industrial Goods & Services","investment minValueAllocationForAssignment":null,"investment recommendation":"Strong Buy","investment country":"FR","investment id":"Invest7","investment stock price":54.37,"investment maxValueAllocation":null,"investment expected return":1.89596,"investment expected return amount":103.0833452,"value":2.0}]}}