{"creationTime":1636560831406,"lastModificationTime":1636560877733,"state":"TERMINATED","solveConfig":{"containerId":"Scenario 1","solveParameters":{"oaas.logAttachmentName":"log.txt","oaas.docplex.python":"3.8","oaas.logTailEnabled":"true"},"setupWebHook":{"verb":"GET","url":"https://internal-nginx-svc:12443/v1/cognitive/solve/preprocess/Scenario%201?projectId=214bf38c-0e5a-477e-9da8-3899eaee0c65&parentId=HouseConstructionScheduling","expectedStatus":200,"headers":{}},"tearDownWebHook":{"verb":"GET","url":"https://internal-nginx-svc:12443/v1/cognitive/solve/postprocess/Scenario%201?projectId=214bf38c-0e5a-477e-9da8-3899eaee0c65&parentId=HouseConstructionScheduling","expectedStatus":200,"headers":{}}},"jobDetails":{"id":"c97b06bf-6941-4fd7-8b75-fbd944f8fe68","createdAt":1636560852597,"startedAt":1636560856037,"endedAt":1636560862218,"submittedAt":1636560852597,"details":{"KPI.time to complete all Activities":"90","MODEL_DETAIL_CONSTRAINTS":"68","MODEL_DETAIL_INTEGER_VARS":"0","MODEL_DETAIL_INTERVAL_VARS":"40","MODEL_DETAIL_KPIS":"[\"time to complete all Activities\"]","MODEL_DETAIL_OBJECTIVE_SENSE":"minimize","MODEL_DETAIL_SEQUENCE_VARS":"3","MODEL_DETAIL_TYPE":"CPO Scheduling","PROGRESS_BEST_BOUND":"90","PROGRESS_BEST_OBJECTIVE":"90","PROGRESS_BEST_OBJECTIVE.history":"[[1636560857.39, \"90\"]]","PROGRESS_CURRENT_OBJECTIVE":"90","PROGRESS_CURRENT_OBJECTIVE.history":"[[1636560857.39, \"90\"]]","PROGRESS_GAP":"1.57898e-16","PROGRESS_GAP.history":"[[1636560857.39, \"1.57898e-16\"]]","STAT.cpo.modelType":"CPO","STAT.cpo.size.constraints":"68","STAT.cpo.size.integerVariables":"0","STAT.cpo.size.intervalVariables":"40","STAT.cpo.size.sequenceVariables":"3","STAT.cpo.size.variables":"43","STAT.cpo.solve.memoryUsage":"1006957","STAT.cpo.solve.numberOfBranches":"11","STAT.cpo.solve.time":"0.01","STAT.job.coresCount":"1","STAT.job.inputsReadMs":"846","STAT.job.memoryPeakKB":"113556","STAT.job.modelProcessingMs":"554","STAT.job.outputsWriteMs":"4642"},"executionStatus":"PROCESSED","solveStatus":"OPTIMAL_SOLUTION","logTail":["[2021-11-10T16:14:16Z, WARNING] Support for Python 3.8 is now enabled with pandas 1.2.4 libraries.","[2021-11-10T16:14:17Z, INFO] * building wado model","[2021-11-10T16:14:17Z, INFO] model building done in 0.05794668197631836 secs","[2021-11-10T16:14:17Z, INFO] * running wado model","[2021-11-10T16:14:17Z, INFO] WARNING: Number of workers has been reduced to 1 to comply with platform limitations.","[2021-11-10T16:14:17Z, INFO]  ! --------------------------------------------------- CP Optimizer 20.1.0.1 --","[2021-11-10T16:14:17Z, INFO]  ! Minimization problem - 43 variables, 68 constraints","[2021-11-10T16:14:17Z, INFO]  ! Presolve      : 10 extractables eliminated","[2021-11-10T16:14:17Z, INFO]  ! TimeLimit            = 120","[2021-11-10T16:14:17Z, INFO]  ! Workers              = 1","[2021-11-10T16:14:17Z, INFO]  ! Initial process time : 0.01s (0.01s extraction + 0.00s propagation)","[2021-11-10T16:14:17Z, INFO]  !  . Log search space  : 148.1 (before), 148.1 (after)","[2021-11-10T16:14:17Z, INFO]  !  . Memory usage      : 543.9 kB (before), 543.9 kB (after)","[2021-11-10T16:14:17Z, INFO]  ! Using sequential search.","[2021-11-10T16:14:17Z, INFO]  ! ----------------------------------------------------------------------------","[2021-11-10T16:14:17Z, INFO]  !          Best Branches  Non-fixed            Branch decision","[2021-11-10T16:14:17Z, INFO]                         0         43                 -","[2021-11-10T16:14:17Z, INFO]  + New bound is 90","[2021-11-10T16:14:17Z, INFO]  *      90.00000       11  0.01s               (gap is 0.00%)","[2021-11-10T16:14:17Z, INFO]  I time to complete all Activities: 90","[2021-11-10T16:14:17Z, INFO] Objective values: (90,)","[2021-11-10T16:14:17Z, INFO] time to complete all Activities --> 90","[2021-11-10T16:14:17Z, INFO] solution export done in 0.04793739318847656 secs","[2021-11-10T16:14:17Z, INFO]  ! ----------------------------------------------------------------------------","[2021-11-10T16:14:17Z, INFO]  ! Search completed, 1 solution found.","[2021-11-10T16:14:17Z, INFO]  ! Best objective         : 90.00000 (optimal - effective tol. is 0.009)","[2021-11-10T16:14:17Z, INFO]  ! Best bound             : 90","[2021-11-10T16:14:17Z, INFO]  ! time to complete all Activities: 90","[2021-11-10T16:14:17Z, INFO]  ! ----------------------------------------------------------------------------","[2021-11-10T16:14:17Z, INFO]  ! Number of branches     : 13","[2021-11-10T16:14:17Z, INFO]  ! Number of fails        : 12","[2021-11-10T16:14:17Z, INFO]  ! Total memory usage     : 1.1 MB (1.0 MB CP Optimizer + 0.1 MB Concert)","[2021-11-10T16:14:17Z, INFO]  ! Time spent in solve    : 0.01s (0.00s engine + 0.01s extraction)","[2021-11-10T16:14:17Z, INFO]  ! Search speed (br. / s) : 1300.0","[2021-11-10T16:14:17Z, INFO]  ! ----------------------------------------------------------------------------","[2021-11-10T16:14:17Z, INFO] solve + export of all intermediate solutions done in 0.10459208488464355 secs","[2021-11-10T16:14:17Z, INFO] ScheduledActivities.csv","[2021-11-10T16:14:17Z, INFO] NotScheduledActivities.csv"]},"runtimeDetails":{"state":"STARTED"},"taskSetupMillis":18935,"taskSolveMillis":10357,"taskTearDownMillis":11830,"jobSpaceId":"8bb4e820-5a06-4aa4-a9ab-c19d7bb52bfa","jobId":"c97b06bf-6941-4fd7-8b75-fbd944f8fe68","ping":1636560864383}