{"creationTime":1648649881840,"lastModificationTime":1648649985025,"state":"TERMINATED","solveConfig":{"containerId":"Scenario 1","solveParameters":{"oaas.logAttachmentName":"log.txt","oaas.logTailEnabled":"true"},"setupWebHook":{"verb":"GET","url":"https://internal-nginx-svc:12443/v1/cognitive/solve/preprocess/Scenario%201?projectId=817c6754-919f-475f-8044-597cc4cbaa29&parentId=HouseConstructionScheduling","expectedStatus":200,"headers":{}},"tearDownWebHook":{"verb":"GET","url":"https://internal-nginx-svc:12443/v1/cognitive/solve/postprocess/Scenario%201?projectId=817c6754-919f-475f-8044-597cc4cbaa29&parentId=HouseConstructionScheduling","expectedStatus":200,"headers":{}}},"jobDetails":{"id":"b387f25a-2066-4da7-9684-c4202ca0f76f","createdAt":1648649891862,"startedAt":1648649959749,"endedAt":1648649964055,"submittedAt":1648649891862,"details":{"KPI.time to complete all Activities":"90","MODEL_DETAIL_CONSTRAINTS":"68","MODEL_DETAIL_INTEGER_VARS":"0","MODEL_DETAIL_INTERVAL_VARS":"40","MODEL_DETAIL_KPIS":"[\"time to complete all Activities\"]","MODEL_DETAIL_OBJECTIVE_SENSE":"minimize","MODEL_DETAIL_SEQUENCE_VARS":"3","MODEL_DETAIL_TYPE":"CPO Scheduling","PROGRESS_BEST_BOUND":"90","PROGRESS_BEST_OBJECTIVE":"90","PROGRESS_BEST_OBJECTIVE.history":"[[1648649961.13, \"90\"], [1648649961.17, \"90\"]]","PROGRESS_CURRENT_OBJECTIVE":"90.00000000000001","PROGRESS_CURRENT_OBJECTIVE.history":"[[1648649961.13, \"90\"], [1648649961.17, \"90.00000000000001\"]]","PROGRESS_GAP":"1.57898e-16","PROGRESS_GAP.history":"[[1648649961.13, \"1.57898e-16\"], [1648649961.17, \"1.57898e-16\"]]","STAT.cpo.modelType":"CPO","STAT.cpo.size.constraints":"68","STAT.cpo.size.integerVariables":"0","STAT.cpo.size.intervalVariables":"40","STAT.cpo.size.sequenceVariables":"3","STAT.cpo.size.variables":"43","STAT.cpo.solve.memoryUsage":"1039370","STAT.cpo.solve.numberOfBranches":"13","STAT.cpo.solve.time":"0","STAT.job.coresCount":"1","STAT.job.inputsReadMs":"915","STAT.job.memoryPeakKB":"122036","STAT.job.modelProcessingMs":"469","STAT.job.outputsWriteMs":"2732"},"executionStatus":"PROCESSED","solveStatus":"OPTIMAL_SOLUTION","logTail":["[2022-03-30T14:19:20Z, WARNING] Support for Python 3.9 is now enabled with pandas 1.3 libraries.","[2022-03-30T14:19:21Z, INFO] * building wado model","[2022-03-30T14:19:21Z, INFO] model building done in 0.04119229316711426 secs","[2022-03-30T14:19:21Z, INFO] * running wado model","[2022-03-30T14:19:21Z, INFO] WARNING: Number of workers has been reduced to 1 to comply with platform limitations.","[2022-03-30T14:19:21Z, INFO]  ! --------------------------------------------------- CP Optimizer 20.1.0.1 --","[2022-03-30T14:19:21Z, INFO]  ! Minimization problem - 43 variables, 68 constraints","[2022-03-30T14:19:21Z, INFO]  ! Presolve      : 10 extractables eliminated","[2022-03-30T14:19:21Z, INFO]  ! TimeLimit            = 120","[2022-03-30T14:19:21Z, INFO]  ! Workers              = 1","[2022-03-30T14:19:21Z, INFO]  ! Initial process time : 0.00s (0.00s extraction + 0.00s propagation)","[2022-03-30T14:19:21Z, INFO]  !  . Log search space  : 148.1 (before), 148.1 (after)","[2022-03-30T14:19:21Z, INFO]  !  . Memory usage      : 543.9 kB (before), 543.9 kB (after)","[2022-03-30T14:19:21Z, INFO]  ! Using sequential search.","[2022-03-30T14:19:21Z, INFO]  ! ----------------------------------------------------------------------------","[2022-03-30T14:19:21Z, INFO]  !          Best Branches  Non-fixed            Branch decision","[2022-03-30T14:19:21Z, INFO]                         0         43                 -","[2022-03-30T14:19:21Z, INFO]  + New bound is 90","[2022-03-30T14:19:21Z, INFO]  *      90.00000       11  0.00s               (gap is 0.00%)","[2022-03-30T14:19:21Z, INFO]  I time to complete all Activities: 90","[2022-03-30T14:19:21Z, INFO] Objective values: (90,)","[2022-03-30T14:19:21Z, INFO] time to complete all Activities --> 90","[2022-03-30T14:19:21Z, INFO] solution export done in 0.04121136665344238 secs","[2022-03-30T14:19:21Z, INFO]  ! ----------------------------------------------------------------------------","[2022-03-30T14:19:21Z, INFO]  ! Search completed, 1 solution found.","[2022-03-30T14:19:21Z, INFO]  ! Best objective         : 90.00000 (optimal - effective tol. is 0.009)","[2022-03-30T14:19:21Z, INFO]  ! Best bound             : 90","[2022-03-30T14:19:21Z, INFO]  ! time to complete all Activities: 90","[2022-03-30T14:19:21Z, INFO]  ! ----------------------------------------------------------------------------","[2022-03-30T14:19:21Z, INFO]  ! Number of branches     : 13","[2022-03-30T14:19:21Z, INFO]  ! Number of fails        : 12","[2022-03-30T14:19:21Z, INFO]  ! Total memory usage     : 1.1 MB (1.0 MB CP Optimizer + 0.1 MB Concert)","[2022-03-30T14:19:21Z, INFO]  ! Time spent in solve    : 0.00s (0.00s engine + 0.00s extraction)","[2022-03-30T14:19:21Z, INFO]  ! Search speed (br. / s) : 1300.0","[2022-03-30T14:19:21Z, INFO]  ! ----------------------------------------------------------------------------","[2022-03-30T14:19:21Z, INFO] solve + export of all intermediate solutions done in 0.08538436889648438 secs","[2022-03-30T14:19:21Z, INFO] ScheduledActivities.csv","[2022-03-30T14:19:21Z, INFO] NotScheduledActivities.csv"]},"runtimeDetails":{"state":"STARTED"},"taskSetupMillis":9069,"taskSolveMillis":73297,"taskTearDownMillis":18197,"jobSpaceId":"d1c259fb-9c7d-49f8-9b30-9bf356a48bc8","jobId":"b387f25a-2066-4da7-9684-c4202ca0f76f","ping":1648649973247}