{"creationTime":1632989631257,"lastModificationTime":1632989668837,"state":"TERMINATED","solveConfig":{"containerId":"Scenario 1","solveParameters":{"oaas.logAttachmentName":"log.txt","oaas.logTailEnabled":"true","oaas.docplex.python":"3.8"},"setupWebHook":{"verb":"GET","url":"https://internal-nginx-svc:12443/v1/cognitive/solve/preprocess/Scenario%201?projectId=415267b5-f2ae-492e-9a67-93808556490b&parentId=HouseConstructionScheduling","expectedStatus":200,"headers":{}},"tearDownWebHook":{"verb":"GET","url":"https://internal-nginx-svc:12443/v1/cognitive/solve/postprocess/Scenario%201?projectId=415267b5-f2ae-492e-9a67-93808556490b&parentId=HouseConstructionScheduling","expectedStatus":200,"headers":{}}},"jobDetails":{"id":"6808bbaa-9301-47b8-95d3-b43de5bae487","createdAt":1632989646196,"startedAt":1632989649591,"endedAt":1632989653465,"submittedAt":1632989646196,"details":{"KPI.time to complete all Activities":"90","MODEL_DETAIL_CONSTRAINTS":"68","MODEL_DETAIL_INTEGER_VARS":"0","MODEL_DETAIL_INTERVAL_VARS":"40","MODEL_DETAIL_KPIS":"[\"time to complete all Activities\"]","MODEL_DETAIL_OBJECTIVE_SENSE":"minimize","MODEL_DETAIL_SEQUENCE_VARS":"3","MODEL_DETAIL_TYPE":"CPO Scheduling","PROGRESS_BEST_BOUND":"90","PROGRESS_BEST_OBJECTIVE":"90","PROGRESS_BEST_OBJECTIVE.history":"[[1632989651.73, \"90\"]]","PROGRESS_CURRENT_OBJECTIVE":"90","PROGRESS_CURRENT_OBJECTIVE.history":"[[1632989651.73, \"90\"]]","PROGRESS_GAP":"1.57898e-16","PROGRESS_GAP.history":"[[1632989651.73, \"1.57898e-16\"]]","STAT.cpo.modelType":"CPO","STAT.cpo.size.constraints":"68","STAT.cpo.size.integerVariables":"0","STAT.cpo.size.intervalVariables":"40","STAT.cpo.size.sequenceVariables":"3","STAT.cpo.size.variables":"43","STAT.cpo.solve.memoryUsage":"1006765","STAT.cpo.solve.numberOfBranches":"11","STAT.cpo.solve.time":"0.01","STAT.job.coresCount":"1","STAT.job.inputsReadMs":"909","STAT.job.memoryPeakKB":"110236","STAT.job.modelProcessingMs":"1302","STAT.job.outputsWriteMs":"1495"},"executionStatus":"PROCESSED","solveStatus":"OPTIMAL_SOLUTION","logTail":["[2021-09-30T08:14:10Z, WARNING] Support for Python 3.8 is now enabled with pandas 1.0.5 libraries.","[2021-09-30T08:14:11Z, INFO] * building wado model","[2021-09-30T08:14:11Z, INFO] model building done in 0.08117055892944336 secs","[2021-09-30T08:14:11Z, INFO] * running wado model","[2021-09-30T08:14:11Z, INFO] WARNING: Number of workers has been reduced to 1 to comply with platform limitations.","[2021-09-30T08:14:11Z, INFO]  ! --------------------------------------------------- CP Optimizer 20.1.0.0 --","[2021-09-30T08:14:11Z, INFO]  ! Minimization problem - 43 variables, 68 constraints","[2021-09-30T08:14:11Z, INFO]  ! Presolve      : 10 extractables eliminated","[2021-09-30T08:14:11Z, INFO]  ! TimeLimit            = 120","[2021-09-30T08:14:11Z, INFO]  ! Workers              = 1","[2021-09-30T08:14:11Z, INFO]  ! Initial process time : 0.02s (0.02s extraction + 0.00s propagation)","[2021-09-30T08:14:11Z, INFO]  !  . Log search space  : 148.1 (before), 148.1 (after)","[2021-09-30T08:14:11Z, INFO]  !  . Memory usage      : 543.8 kB (before), 543.8 kB (after)","[2021-09-30T08:14:11Z, INFO]  ! Using sequential search.","[2021-09-30T08:14:11Z, INFO]  ! ----------------------------------------------------------------------------","[2021-09-30T08:14:11Z, INFO]  !          Best Branches  Non-fixed            Branch decision","[2021-09-30T08:14:11Z, INFO]                         0         43                 -","[2021-09-30T08:14:11Z, INFO]  + New bound is 90","[2021-09-30T08:14:11Z, INFO]  *      90.00000       11  0.02s               (gap is 0.00%)","[2021-09-30T08:14:11Z, INFO]  I time to complete all Activities: 90","[2021-09-30T08:14:11Z, INFO] Objective values: (90,)","[2021-09-30T08:14:11Z, INFO] time to complete all Activities --> 90","[2021-09-30T08:14:11Z, INFO] solution export done in 0.08397531509399414 secs","[2021-09-30T08:14:11Z, INFO]  ! ----------------------------------------------------------------------------","[2021-09-30T08:14:11Z, INFO]  ! Search completed, 1 solution found.","[2021-09-30T08:14:11Z, INFO]  ! Best objective         : 90.00000 (optimal - effective tol. is 0.009)","[2021-09-30T08:14:11Z, INFO]  ! Best bound             : 90","[2021-09-30T08:14:11Z, INFO]  ! time to complete all Activities: 90","[2021-09-30T08:14:11Z, INFO]  ! ----------------------------------------------------------------------------","[2021-09-30T08:14:11Z, INFO]  ! Number of branches     : 13","[2021-09-30T08:14:11Z, INFO]  ! Number of fails        : 12","[2021-09-30T08:14:11Z, INFO]  ! Total memory usage     : 1.1 MB (1.0 MB CP Optimizer + 0.1 MB Concert)","[2021-09-30T08:14:11Z, INFO]  ! Time spent in solve    : 0.02s (0.00s engine + 0.02s extraction)","[2021-09-30T08:14:11Z, INFO]  ! Search speed (br. / s) : 1300.0","[2021-09-30T08:14:11Z, INFO]  ! ----------------------------------------------------------------------------","[2021-09-30T08:14:11Z, INFO] solve + export of all intermediate solutions done in 0.603461742401123 secs","[2021-09-30T08:14:11Z, INFO] ScheduledActivities.csv","[2021-09-30T08:14:11Z, INFO] NotScheduledActivities.csv"]},"runtimeDetails":{"state":"STARTED"},"taskSetupMillis":12727,"taskSolveMillis":7693,"taskTearDownMillis":13201,"jobSpaceId":"9d2c73ef-2521-4130-bd91-1898668084a3","jobId":"6808bbaa-9301-47b8-95d3-b43de5bae487","ping":1632989663502}