{"creationTime":1622475633391,"lastModificationTime":1622475651228,"state":"TERMINATED","solveConfig":{"containerId":"Scenario 1","solveParameters":{"oaas.logAttachmentName":"log.txt","oaas.logTailEnabled":"true"},"setupWebHook":{"verb":"GET","url":"https://internal-nginx-svc:12443/v1/cognitive/solve/preprocess/Scenario%201?projectId=4214eea9-65c3-4605-8236-fb414b499e06&parentId=HouseConstructionScheduling","expectedStatus":200,"headers":{}},"tearDownWebHook":{"verb":"GET","url":"https://internal-nginx-svc:12443/v1/cognitive/solve/postprocess/Scenario%201?projectId=4214eea9-65c3-4605-8236-fb414b499e06&parentId=HouseConstructionScheduling","expectedStatus":200,"headers":{}}},"jobDetails":{"id":"8bbd386a-7c1e-4010-9dd2-76ef3957365b","createdAt":1622475638292,"startedAt":1622475642248,"endedAt":1622475643264,"submittedAt":1622475638292,"details":{"KPI.time to complete all Activities":"90","MODEL_DETAIL_CONSTRAINTS":"70","MODEL_DETAIL_INTEGER_VARS":"1","MODEL_DETAIL_INTERVAL_VARS":"40","MODEL_DETAIL_KPIS":"[\"time to complete all Activities\"]","MODEL_DETAIL_OBJECTIVE_SENSE":"minimize","MODEL_DETAIL_SEQUENCE_VARS":"3","MODEL_DETAIL_TYPE":"CPO Scheduling","PROGRESS_BEST_BOUND":"90","PROGRESS_BEST_OBJECTIVE":"90","PROGRESS_BEST_OBJECTIVE.history":"[[1622475642.59, \"90\"], [1622475642.63, \"90\"]]","PROGRESS_CURRENT_OBJECTIVE":"90","PROGRESS_CURRENT_OBJECTIVE.history":"[[1622475642.59, \"90\"], [1622475642.63, \"90\"]]","PROGRESS_GAP":"0","PROGRESS_GAP.history":"[[1622475642.59, \"0\"], [1622475642.63, \"0\"]]","STAT.cpo.modelType":"CPO","STAT.cpo.size.constraints":"70","STAT.cpo.size.integerVariables":"1","STAT.cpo.size.intervalVariables":"40","STAT.cpo.size.sequenceVariables":"3","STAT.cpo.size.variables":"44","STAT.cpo.solve.memoryUsage":"1048178","STAT.cpo.solve.numberOfBranches":"13","STAT.cpo.solve.time":"0.01","STAT.job.coresCount":"1","STAT.job.inputsReadMs":"173","STAT.job.memoryPeakKB":"109280","STAT.job.modelProcessingMs":"245","STAT.job.outputsWriteMs":"537"},"executionStatus":"PROCESSED","solveStatus":"OPTIMAL_SOLUTION","logTail":["[2021-05-31T15:40:42Z, INFO] * building wado model","[2021-05-31T15:40:42Z, INFO] model building done in 0.04544663429260254 secs","[2021-05-31T15:40:42Z, INFO] * running wado model","[2021-05-31T15:40:42Z, INFO] WARNING: Number of workers has been reduced to 1 to comply with platform limitations.","[2021-05-31T15:40:42Z, INFO]  ! --------------------------------------------------- CP Optimizer 20.1.0.0 --","[2021-05-31T15:40:42Z, INFO]  ! Minimization problem - 44 variables, 70 constraints","[2021-05-31T15:40:42Z, INFO]  ! Presolve      : 10 extractables eliminated","[2021-05-31T15:40:42Z, INFO]  ! TimeLimit            = 120","[2021-05-31T15:40:42Z, INFO]  ! Workers              = 1","[2021-05-31T15:40:42Z, INFO]  ! Initial process time : 0.01s (0.01s extraction + 0.00s propagation)","[2021-05-31T15:40:42Z, INFO]  !  . Log search space  : 159.9 (before), 159.9 (after)","[2021-05-31T15:40:42Z, INFO]  !  . Memory usage      : 543.9 kB (before), 543.9 kB (after)","[2021-05-31T15:40:42Z, INFO]  ! Using sequential search.","[2021-05-31T15:40:42Z, INFO]  ! ----------------------------------------------------------------------------","[2021-05-31T15:40:42Z, INFO]  !          Best Branches  Non-fixed            Branch decision","[2021-05-31T15:40:42Z, INFO]                         0         44                 -","[2021-05-31T15:40:42Z, INFO]  + New bound is 90","[2021-05-31T15:40:42Z, INFO]  ! Using temporal relaxation.","[2021-05-31T15:40:42Z, INFO]  *            90       11  0.01s               (gap is 0.00%)","[2021-05-31T15:40:42Z, INFO]  I time to complete all Activities: 90","[2021-05-31T15:40:42Z, INFO] Objective values: (90,)","[2021-05-31T15:40:42Z, INFO] time to complete all Activities --> 90","[2021-05-31T15:40:42Z, INFO] solution export done in 0.036827802658081055 secs","[2021-05-31T15:40:42Z, INFO] Objective values: (90,)","[2021-05-31T15:40:42Z, INFO] time to complete all Activities --> 90","[2021-05-31T15:40:42Z, INFO] solution export done in 0.035392045974731445 secs","[2021-05-31T15:40:42Z, INFO]  ! ----------------------------------------------------------------------------","[2021-05-31T15:40:42Z, INFO]  ! Search completed, 1 solution found.","[2021-05-31T15:40:42Z, INFO]  ! Best objective         : 90 (optimal - effective tol. is 0.009)","[2021-05-31T15:40:42Z, INFO]  ! Best bound             : 90","[2021-05-31T15:40:42Z, INFO]  ! time to complete all Activities: 90","[2021-05-31T15:40:42Z, INFO]  ! ----------------------------------------------------------------------------","[2021-05-31T15:40:42Z, INFO]  ! Number of branches     : 13","[2021-05-31T15:40:42Z, INFO]  ! Number of fails        : 12","[2021-05-31T15:40:42Z, INFO]  ! Total memory usage     : 1.1 MB (1.0 MB CP Optimizer + 0.1 MB Concert)","[2021-05-31T15:40:42Z, INFO]  ! Time spent in solve    : 0.01s (0.00s engine + 0.01s extraction)","[2021-05-31T15:40:42Z, INFO]  ! Search speed (br. / s) : 1300.0","[2021-05-31T15:40:42Z, INFO]  ! ----------------------------------------------------------------------------","[2021-05-31T15:40:42Z, INFO] solve + export of all intermediate solutions done in 0.09918832778930664 secs","[2021-05-31T15:40:42Z, INFO] ScheduledActivities.csv","[2021-05-31T15:40:42Z, INFO] NotScheduledActivities.csv"]},"runtimeDetails":{"state":"STARTED"},"taskSetupMillis":3986,"taskSolveMillis":5230,"taskTearDownMillis":6861,"jobSpaceId":"35bb88af-4cb7-45f7-b26a-c166c256ea9a","jobId":"8bbd386a-7c1e-4010-9dd2-76ef3957365b","ping":1622475634315}