{"goalObjectives":[{"weight":5.0,"weightedValue":745.0,"value":745.0,"verbalization":"Maximize overall quality of Customer to Campaign assignments according to Candidates","scaledWeight":1.0}],"decisions_sorted_columns":{"Customer to Campaign assignment":["Customer id","Campaign id","Customer age","Campaign max customers","Candidates expected value"]},"decisions_schema":{"Customer to Campaign assignment":[{"domainConcepts":"cResource","semantic":"cResourceAssignment[Customer, Campaign],Customer","level":1,"isKPI":false,"concept":"Customer","isKey":false,"isDecision":false,"id":"Customer age","type":"NUMBER"},{"domainConcepts":"cResource","semantic":"cResourceAssignment[Customer, Campaign],Customer","level":1,"isKPI":false,"concept":"Customer","isKey":true,"isDecision":false,"id":"Customer id","type":"STRING"},{"domainConcepts":"cActivity","semantic":"cResourceAssignment[Customer, Campaign],Campaign","level":1,"isKPI":false,"concept":"Campaign","isKey":true,"isDecision":false,"id":"Campaign id","type":"STRING"},{"domainConcepts":"cActivity","semantic":"cResourceAssignment[Customer, Campaign],Campaign","level":1,"isKPI":false,"concept":"Campaign","isKey":false,"isDecision":false,"id":"Campaign max customers","type":"NUMBER"},{"domainConcepts":"cAssignmentValueConcept","level":10,"isKPI":false,"concept":"Candidates","isKey":false,"isDecision":false,"id":"Candidates expected value","type":"NUMBER"}]},"decisions":{"Customer to Campaign assignment":[{"Customer age":18,"Customer id":"Customer 9","Campaign id":"Auto","Candidates expected value":110,"Campaign max customers":3},{"Customer age":17,"Customer id":"Customer 6","Campaign id":"Home","Candidates expected value":75,"Campaign max customers":3},{"Customer age":29,"Customer id":"Customer 4","Campaign id":"Travel","Candidates expected value":75,"Campaign max customers":3},{"Customer age":25,"Customer id":"Customer 3","Campaign id":"Auto","Candidates expected value":75,"Campaign max customers":3},{"Customer age":24,"Customer id":"Customer 8","Campaign id":"Home","Candidates expected value":65,"Campaign max customers":3},{"Customer age":40,"Customer id":"Customer 1","Campaign id":"Auto","Candidates expected value":120,"Campaign max customers":3},{"Customer age":30,"Customer id":"Customer 2","Campaign id":"Travel","Candidates expected value":75,"Campaign max customers":3},{"Customer age":48,"Customer id":"Customer 5","Campaign id":"Home","Candidates expected value":75,"Campaign max customers":3},{"Customer age":33,"Customer id":"Customer 7","Campaign id":"Travel","Candidates expected value":75,"Campaign max customers":3}]}}