{"qualifiers":[{"name":"modelType","value":"cognitive"},{"name":"modelMetadata","value":"{\"creationTime\":1557247915435}"}],"parentId":"MarketingCampaignAssignment","category":"scenario","readOnly":false,"creator":"arnaud.schulz@fr.ibm.com","createdAt":1557247915209,"usage":{"lastModificationTime":1557247937045,"lastModifier":"arnaud.schulz@fr.ibm.com"},"dataUsagePerCategory":{"CO_ASSET_SESSION":{"lastModificationTime":1557247915805,"lastModifier":"arnaud.schulz@fr.ibm.com"},"CO_ASSET":{"lastModificationTime":1557247923044,"lastModifier":"arnaud.schulz@fr.ibm.com"},"input":{"lastModificationTime":1557247921303,"lastModifier":"arnaud.schulz@fr.ibm.com"},"output":{"lastModificationTime":1557247922119,"lastModifier":"arnaud.schulz@fr.ibm.com"},"model":{"lastModificationTime":1557247922687,"lastModifier":"arnaud.schulz@fr.ibm.com"}},"state":"available","tables":[{"tableType":{"columns":[{"key":"Customer","dataType":"String"},{"key":"Campaign","dataType":"String"},{"key":"expected value","dataType":"Number"}]},"name":"Candidates","category":"input","numberOfRows":27,"creator":"arnaud.schulz@fr.ibm.com","createdAt":1557247917119,"lastUpdater":"arnaud.schulz@fr.ibm.com","updatedAt":1557247917454,"path":"Candidates.csv"},{"tableType":{"columns":[{"key":"Name","dataType":"String"},{"key":"Value","dataType":"Number"},{"key":"Slider","dataType":"Number"},{"key":"Weight factor","dataType":"Number"},{"key":"Scale factor","dataType":"Number"},{"key":"Scaled weighted value","dataType":"Number"}]},"name":"kpis","category":"output","numberOfRows":2,"creator":"arnaud.schulz@fr.ibm.com","createdAt":1557247917745,"lastUpdater":"arnaud.schulz@fr.ibm.com","updatedAt":1557247918057,"path":"kpis.csv"},{"tableType":{"columns":[{"key":"id","dataType":"String"},{"key":"max customers","dataType":"Number"}]},"name":"Campaign","category":"input","numberOfRows":3,"creator":"arnaud.schulz@fr.ibm.com","createdAt":1557247918888,"lastUpdater":"arnaud.schulz@fr.ibm.com","updatedAt":1557247919472,"path":"Campaign.csv"},{"tableType":{"columns":[{"key":"Customer id","dataType":"String"},{"key":"Campaign id","dataType":"String"},{"key":"Customer age","dataType":"Number"},{"key":"Campaign max customers","dataType":"Number"},{"key":"Candidates expected value","dataType":"Number"},{"key":"the number of Customer to Campaign assignments","dataType":"Number"},{"key":"overall quality of Customer to Campaign assignments according to Candidates","dataType":"Number"}]},"name":"Customer_to_Campaign_assignment_report","category":"output","numberOfRows":9,"creator":"arnaud.schulz@fr.ibm.com","createdAt":1557247920477,"lastUpdater":"arnaud.schulz@fr.ibm.com","updatedAt":1557247920817,"path":"Customer_to_Campaign_assignment_report.csv"},{"tableType":{"columns":[{"key":"id","dataType":"String"},{"key":"age","dataType":"Number"}]},"name":"Customer","category":"input","numberOfRows":9,"creator":"arnaud.schulz@fr.ibm.com","createdAt":1557247921124,"lastUpdater":"arnaud.schulz@fr.ibm.com","updatedAt":1557247921303,"path":"Customer.csv"},{"tableType":{"columns":[{"key":"id_of_Customer","dataType":"String"},{"key":"id_of_Campaign","dataType":"String"},{"key":"resourceAssignmentVar","dataType":"Number"}]},"name":"list_of_ResourceAssignment_solution","category":"output","numberOfRows":9,"creator":"arnaud.schulz@fr.ibm.com","createdAt":1557247921745,"lastUpdater":"arnaud.schulz@fr.ibm.com","updatedAt":1557247922119,"path":"list_of_ResourceAssignment_solution.csv"}],"assets":[{"name":"CO_SESSION.json","category":"CO_ASSET_SESSION","creator":"arnaud.schulz@fr.ibm.com","createdAt":1557247915805,"lastUpdater":"arnaud.schulz@fr.ibm.com","updatedAt":1557247915805,"contentType":"text/plain","path":"CO_SESSION.json"},{"name":"CO_SOLUTION_TEXT.json","category":"CO_ASSET","creator":"arnaud.schulz@fr.ibm.com","createdAt":1557247916424,"lastUpdater":"arnaud.schulz@fr.ibm.com","updatedAt":1557247916424,"contentType":"text/plain","path":"CO_SOLUTION_TEXT.json"},{"name":"solveParameters.json","category":"CO_ASSET","creator":"arnaud.schulz@fr.ibm.com","createdAt":1557247916751,"lastUpdater":"arnaud.schulz@fr.ibm.com","updatedAt":1557247916751,"contentType":"text/plain","path":"solveParameters.json"},{"name":"CO_DATASET.json","category":"CO_ASSET","creator":"arnaud.schulz@fr.ibm.com","createdAt":1557247918588,"lastUpdater":"arnaud.schulz@fr.ibm.com","updatedAt":1557247918588,"contentType":"text/plain","path":"CO_DATASET.json"},{"name":"log.txt","category":"output","creator":"arnaud.schulz@fr.ibm.com","createdAt":1557247919907,"lastUpdater":"arnaud.schulz@fr.ibm.com","updatedAt":1557247919907,"contentType":"text/plain","path":"log.txt"},{"name":"model.py","category":"model","creator":"arnaud.schulz@fr.ibm.com","createdAt":1557247922687,"lastUpdater":"arnaud.schulz@fr.ibm.com","updatedAt":1557247922687,"contentType":"text/plain","path":"model.py"},{"name":"CO_SOLUTION_JSON.json","category":"CO_ASSET","creator":"arnaud.schulz@fr.ibm.com","createdAt":1557247923044,"lastUpdater":"arnaud.schulz@fr.ibm.com","updatedAt":1557247923044,"contentType":"text/plain","path":"CO_SOLUTION_JSON.json"}]}