{
  "qualifiers": [
    {
      "name": "modelType",
      "value": "cognitive"
    },
    {
      "name": "modelMetadata",
      "value": "null"
    }
  ],
  "parentId": "MarketingCampaignAssignment",
  "category": "scenario",
  "creator": "achabrier@es.ibm.com",
  "createdAt": 1519204153644,
  "usage": {
    "lastModificationTime": 1521536986398,
    "lastModifier": "stephane.michel@fr.ibm.com"
  },
  "dataUsagePerCategory": {
    "input": {
      "lastModificationTime": 1519303808087,
      "lastModifier": "achabrier@es.ibm.com"
    },
    "CO_ASSET_SESSION": {
      "lastModificationTime": 1521536920769,
      "lastModifier": "stephane.michel@fr.ibm.com"
    },
    "model": {
      "lastModificationTime": 1521536983619,
      "lastModifier": "stephane.michel@fr.ibm.com"
    },
    "CO_ASSET": {
      "lastModificationTime": 1521536986398,
      "lastModifier": "stephane.michel@fr.ibm.com"
    },
    "output": {
      "lastModificationTime": 1521536986211,
      "lastModifier": "stephane.michel@fr.ibm.com"
    }
  },
  "state": "available",
  "tables": [
    {
      "tableType": {
        "columns": [
          {
            "key": "Customer",
            "dataType": "String"
          },
          {
            "key": "Campaign",
            "dataType": "String"
          },
          {
            "key": "expected value",
            "dataType": "Number"
          }
        ]
      },
      "name": "Candidates",
      "category": "input",
      "lineage": "Copied from marketing-candidate-small.csv",
      "numberOfRows": 27,
      "creator": "achabrier@es.ibm.com",
      "createdAt": 1519204163820,
      "lastUpdater": "achabrier@es.ibm.com",
      "updatedAt": 1519204183737,
      "path": "marketing-candidate-small.csv"
    },
    {
      "tableType": {
        "columns": [
          {
            "key": "id",
            "dataType": "String"
          },
          {
            "key": "max customers",
            "dataType": "Number"
          }
        ]
      },
      "name": "Campaign",
      "category": "input",
      "lineage": "Copied from marketing-campaign-small.csv",
      "numberOfRows": 3,
      "creator": "achabrier@es.ibm.com",
      "createdAt": 1519303796042,
      "lastUpdater": "achabrier@es.ibm.com",
      "updatedAt": 1519303804730,
      "path": "marketing-campaign-small.csv"
    },
    {
      "tableType": {
        "columns": [
          {
            "key": "id",
            "dataType": "String"
          },
          {
            "key": "age",
            "dataType": "Number"
          }
        ]
      },
      "name": "Customer",
      "category": "input",
      "lineage": "Copied from marketing-customer-small.csv",
      "numberOfRows": 9,
      "creator": "achabrier@es.ibm.com",
      "createdAt": 1519303800982,
      "lastUpdater": "achabrier@es.ibm.com",
      "updatedAt": 1519303808087,
      "path": "marketing-customer-small.csv"
    },
    {
      "tableType": {
        "columns": [
          {
            "key": "NAME",
            "dataType": "String"
          },
          {
            "key": "VALUE",
            "dataType": "Number"
          }
        ]
      },
      "name": "kpis",
      "category": "output",
      "numberOfRows": 1,
      "creator": "stephane.michel@fr.ibm.com",
      "createdAt": 1521536985078,
      "lastUpdater": "stephane.michel@fr.ibm.com",
      "updatedAt": 1521536985078,
      "path": "kpis.csv"
    },
    {
      "tableType": {
        "columns": [
          {
            "key": "id_of_Customer",
            "dataType": "String"
          },
          {
            "key": "id_of_Campaign",
            "dataType": "String"
          },
          {
            "key": "resourceAssignmentVar",
            "dataType": "Number"
          }
        ]
      },
      "name": "list_of_ResourceAssignment_solution",
      "category": "output",
      "numberOfRows": 9,
      "creator": "stephane.michel@fr.ibm.com",
      "createdAt": 1521536985156,
      "lastUpdater": "stephane.michel@fr.ibm.com",
      "updatedAt": 1521536985156,
      "path": "list_of_ResourceAssignment_solution.csv"
    },
    {
      "tableType": {
        "columns": [
          {
            "key": "Customer id",
            "dataType": "String"
          },
          {
            "key": "Campaign id",
            "dataType": "String"
          },
          {
            "key": "Customer age",
            "dataType": "Number"
          },
          {
            "key": "Campaign max customers",
            "dataType": "Number"
          },
          {
            "key": "Candidates expected value",
            "dataType": "Number"
          }
        ]
      },
      "name": "Customer_to_Campaign_assignment_report",
      "category": "output",
      "numberOfRows": 9,
      "creator": "stephane.michel@fr.ibm.com",
      "createdAt": 1521536986181,
      "lastUpdater": "stephane.michel@fr.ibm.com",
      "updatedAt": 1521536986181,
      "path": "Customer_to_Campaign_assignment_report.csv"
    },
    {
      "tableType": {
        "columns": [
          {
            "key": "Name",
            "dataType": "String"
          },
          {
            "key": "Value",
            "dataType": "Number"
          },
          {
            "key": "Weight",
            "dataType": "Number"
          }
        ]
      },
      "name": "Objectives_report",
      "category": "output",
      "numberOfRows": 1,
      "creator": "stephane.michel@fr.ibm.com",
      "createdAt": 1521536986211,
      "lastUpdater": "stephane.michel@fr.ibm.com",
      "updatedAt": 1521536986211,
      "path": "Objectives_report.csv"
    }
  ],
  "assets": [
    {
      "name": "CO_SESSION.json",
      "category": "CO_ASSET_SESSION",
      "creator": "stephane.michel@fr.ibm.com",
      "createdAt": 1521536667458,
      "lastUpdater": "stephane.michel@fr.ibm.com",
      "updatedAt": 1521536920769,
      "contentType": "application/json; charset=utf-8",
      "path": "CO_SESSION.json"
    },
    {
      "name": "model.py",
      "category": "model",
      "creator": "stephane.michel@fr.ibm.com",
      "createdAt": 1521536983619,
      "lastUpdater": "stephane.michel@fr.ibm.com",
      "updatedAt": 1521536983619,
      "contentType": "application/json; charset=utf-8",
      "path": "model.py"
    },
    {
      "name": "log.txt",
      "category": "output",
      "creator": "stephane.michel@fr.ibm.com",
      "createdAt": 1521536985116,
      "lastUpdater": "stephane.michel@fr.ibm.com",
      "updatedAt": 1521536985116,
      "path": "log.txt"
    },
    {
      "name": "CO_SOLUTION_TEXT.json",
      "category": "CO_ASSET",
      "creator": "stephane.michel@fr.ibm.com",
      "createdAt": 1521536986121,
      "lastUpdater": "stephane.michel@fr.ibm.com",
      "updatedAt": 1521536986121,
      "contentType": "application/json; charset=utf-8",
      "path": "CO_SOLUTION_TEXT.json"
    },
    {
      "name": "CO_SOLUTION_JSON.json",
      "category": "CO_ASSET",
      "creator": "stephane.michel@fr.ibm.com",
      "createdAt": 1521536986237,
      "lastUpdater": "stephane.michel@fr.ibm.com",
      "updatedAt": 1521536986237,
      "contentType": "application/json; charset=utf-8",
      "path": "CO_SOLUTION_JSON.json"
    },
    {
      "name": "CO_SOLVE_STATUS.json",
      "category": "CO_ASSET",
      "creator": "stephane.michel@fr.ibm.com",
      "createdAt": 1521536986269,
      "lastUpdater": "stephane.michel@fr.ibm.com",
      "updatedAt": 1521536986398,
      "contentType": "application/json; charset=utf-8",
      "path": "CO_SOLVE_STATUS.json"
    }
  ]
}
