{"retry":0,"creationTime":1521536983692,"lastModificationTime":1521536985687,"state":"TERMINATED","solveConfig":{"containerId":"Scenario 2","collectEngineLog":true,"solveParameters":{"oaas.logAttachmentName":"log.txt","oaas.logTailEnabled":"true"}},"jobId":"job.2e43441b-7c4e-4b7d-88f5-4341bfcaf931","transactionId":"f33d0669-064c-45ed-850c-9457f57c80d6","dataContainerId":"384fabaa-35f6-43c1-acfd-35e8f7ae12d8","jobDetails":{"id":"job.2e43441b-7c4e-4b7d-88f5-4341bfcaf931","createdAt":1521536983958,"startedAt":1521536984085,"endedAt":1521536985258,"endReportedAt":1521536985292,"submittedAt":1521536983958,"updatedAt":1521536985258,"applicationVersionUsed":"1.0-R1-b4176","details":{"MODEL_DETAIL_BOOLEAN_VARS":"27","MODEL_DETAIL_CONSTRAINTS":"12","MODEL_DETAIL_CONTINUOUS_VARS":"0","MODEL_DETAIL_KPIS":"[\"overall quality of Customer to Campaign assignments according to Candidates\"]","MODEL_DETAIL_INTEGER_VARS":"0","KPI.overall quality of Customer to Campaign assignments according to Candidates":"745","PROGRESS_BEST_OBJECTIVE":"745.0","MODEL_DETAIL_TYPE":"MILP","PROGRESS_GAP":"0.0","PROGRESS_CURRENT_OBJECTIVE":"745","MODEL_DETAIL_NONZEROS":"54"},"systemDetails":{"worker.process.max.memory":"524288","worker.cores.total":"16","worker.cores.default":"1","worker.process.cpu.set":null,"worker.heap.max":"524288","worker.data.read.bytes":"14615","worker.data.write.duration":"197","worker.processing.duration":"1097","worker.process.peak.swap":"0","worker.log.write.duration":"4","worker.process.processing.duration":"618","worker.data.read.duration":"47","worker.jms.write.chars":"10196","worker.log.write.chars":"1018","worker.data.write.bytes":"3547","worker.heap.used":"130480","worker.process.peak.memory":"0","worker.setup.duration":"79","worker.jms.write.duration":"27"},"executionStatus":"PROCESSED","solveStatus":"OPTIMAL_SOLUTION","logTail":["[2018-03-20T09:09:44Z, INFO] * building wado model","[2018-03-20T09:09:44Z, INFO] model building done in 0.0849142074585 secs","[2018-03-20T09:09:44Z, INFO] * running wado model","[2018-03-20T09:09:44Z, INFO] WARNING: Number of workers has been reduced to 1 to comply with platform limitations.","[2018-03-20T09:09:44Z, INFO] CPXPARAM_TimeLimit                               120","[2018-03-20T09:09:44Z, INFO] CPXPARAM_Read_DataCheck                          1","[2018-03-20T09:09:44Z, INFO] CPXPARAM_Threads                                 1","[2018-03-20T09:09:44Z, INFO] Found incumbent of value 0.000000 after 0.00 sec. (0.00 ticks)","[2018-03-20T09:09:44Z, INFO] Tried aggregator 1 time.","[2018-03-20T09:09:44Z, INFO] Reduced MIP has 12 rows, 27 columns, and 54 nonzeros.","[2018-03-20T09:09:44Z, INFO] Reduced MIP has 27 binaries, 0 generals, 0 SOSs, and 0 indicators.","[2018-03-20T09:09:44Z, INFO] Presolve time = 0.00 sec. (0.03 ticks)","[2018-03-20T09:09:44Z, INFO] Probing time = 0.00 sec. (0.01 ticks)","[2018-03-20T09:09:44Z, INFO] Tried aggregator 1 time.","[2018-03-20T09:09:44Z, INFO] Reduced MIP has 12 rows, 27 columns, and 54 nonzeros.","[2018-03-20T09:09:44Z, INFO] Reduced MIP has 27 binaries, 0 generals, 0 SOSs, and 0 indicators.","[2018-03-20T09:09:44Z, INFO] Presolve time = 0.00 sec. (0.04 ticks)","[2018-03-20T09:09:44Z, INFO] Probing time = 0.00 sec. (0.01 ticks)","[2018-03-20T09:09:44Z, INFO] Clique table members: 9.","[2018-03-20T09:09:44Z, INFO] MIP emphasis: balance optimality and feasibility.","[2018-03-20T09:09:44Z, INFO] MIP search method: dynamic search.","[2018-03-20T09:09:44Z, INFO] Parallel mode: none, using 1 thread.","[2018-03-20T09:09:44Z, INFO] Root relaxation solution time = 0.00 sec. (0.03 ticks)","[2018-03-20T09:09:44Z, INFO] ","[2018-03-20T09:09:44Z, INFO]         Nodes                                         Cuts/","[2018-03-20T09:09:44Z, INFO]    Node  Left     Objective  IInf  Best Integer    Best Bound    ItCnt     Gap","[2018-03-20T09:09:44Z, INFO] *     0+    0                            0.0000     1975.0000              ---","[2018-03-20T09:09:44Z, INFO] *     0     0      integral     0      745.0000      745.0000       12    0.00%","[2018-03-20T09:09:44Z, INFO] Elapsed time = 0.00 sec. (0.15 ticks, tree = 0.00 MB","[2018-03-20T09:09:44Z, INFO] , solutions = 2","[2018-03-20T09:09:44Z, INFO] )","[2018-03-20T09:09:44Z, INFO] ","[2018-03-20T09:09:44Z, INFO] Root node processing (before b&c):","[2018-03-20T09:09:44Z, INFO]   Real time             =    0.00 sec. (0.15 ticks)","[2018-03-20T09:09:44Z, INFO] Sequential b&c:","[2018-03-20T09:09:44Z, INFO]   Real time             =    0.00 sec. (0.00 ticks)","[2018-03-20T09:09:44Z, INFO]                           ------------","[2018-03-20T09:09:44Z, INFO] Total (root+branch&cut) =    0.00 sec. (0.15 ticks)","[2018-03-20T09:09:44Z, INFO] Solve status:","[2018-03-20T09:09:44Z, INFO] JobSolveStatus.OPTIMAL_SOLUTION","[2018-03-20T09:09:44Z, INFO] * model docplex_model1 solved with objective = 745","[2018-03-20T09:09:44Z, INFO] *  KPI: overall quality of Customer to Campaign assignments according to Candidates = 745.000","[2018-03-20T09:09:44Z, INFO] model solve done in 0.0573861598969 secs","[2018-03-20T09:09:44Z, INFO] solution export done in 0.00390696525574 secs"]},"runtimeDetails":{"state":"STARTED"},"taskSetupMillis":213,"taskSolveMillis":1551,"taskTearDownMillis":1,"jobUri":"http://dods-processor-server-1521447110072-svc.ibmdsxuser-1023.svc.cluster.local/dd-execution/api/v1/solve/job.2e43441b-7c4e-4b7d-88f5-4341bfcaf931"}