{"retry":0,"creationTime":1557223235020,"lastModificationTime":1557223252910,"state":"TERMINATED","solveConfig":{"containerId":"scenario 2","solveParameters":{"oaas.logAttachmentName":"log.txt","oaas.logTailEnabled":"true"}},"jobDetails":{"id":"job.5933b25d-e5d2-49b1-8c98-fccbdb820c62","createdAt":1557223242691,"startedAt":1557223242718,"endedAt":1557223245864,"endReportedAt":1557223245875,"submittedAt":1557223242691,"updatedAt":1557223245864,"applicationVersionUsed":"1.0-ws_cloud-b47","details":{"MODEL_DETAIL_INTEGER_VARS":"0","MODEL_DETAIL_CONTINUOUS_VARS":"0","MODEL_DETAIL_CONSTRAINTS":"12","MODEL_DETAIL_BOOLEAN_VARS":"27","MODEL_DETAIL_KPIS":"[\"the number of Customer to Campaign assignments\", \"overall quality of Customer to Campaign assignments according to Candidates\"]","MODEL_DETAIL_TYPE":"MILP","MODEL_DETAIL_NONZEROS":"54","PROGRESS_GAP":"0.0","PROGRESS_BEST_OBJECTIVE":"12064.0","KPI.the number of Customer to Campaign assignments":"144.0","KPI.overall quality of Customer to Campaign assignments according to Candidates":"11920.0","PROGRESS_CURRENT_OBJECTIVE":"12064.0","PROGRESS_CURRENT_OBJECTIVE.history":"[[1557223244.11, 12064.0]]"},"systemDetails":{"worker.process.max.memory":"-1024","worker.cores.total":"2","worker.cores.default":"2","worker.heap.max":"524288","worker.data.read.bytes":"18230","worker.data.write.duration":"1636","worker.processing.duration":"3087","worker.process.peak.swap":"0","worker.log.write.duration":"8","worker.process.processing.duration":"592","worker.data.read.duration":"723","worker.jms.write.chars":"8766","worker.log.write.chars":"1321","worker.data.write.bytes":"4062","worker.heap.used":"110446","worker.process.peak.memory":"0","worker.setup.duration":"2","worker.jms.write.duration":"44"},"executionStatus":"PROCESSED","solveStatus":"OPTIMAL_SOLUTION","logTail":["[2019-05-07T10:00:44Z, INFO] WARNING: Number of workers has been reduced to 2 to comply with platform limitations.","[2019-05-07T10:00:44Z, INFO] CPXPARAM_TimeLimit                               120","[2019-05-07T10:00:44Z, INFO] CPXPARAM_Read_DataCheck                          1","[2019-05-07T10:00:44Z, INFO] CPXPARAM_Threads                                 2","[2019-05-07T10:00:44Z, INFO] Found incumbent of value 0.000000 after 0.00 sec. (0.00 ticks)","[2019-05-07T10:00:44Z, INFO] Tried aggregator 1 time.","[2019-05-07T10:00:44Z, INFO] Reduced MIP has 12 rows, 27 columns, and 54 nonzeros.","[2019-05-07T10:00:44Z, INFO] Reduced MIP has 27 binaries, 0 generals, 0 SOSs, and 0 indicators.","[2019-05-07T10:00:44Z, INFO] Presolve time = 0.00 sec. (0.03 ticks)","[2019-05-07T10:00:44Z, INFO] Probing time = 0.00 sec. (0.01 ticks)","[2019-05-07T10:00:44Z, INFO] Tried aggregator 1 time.","[2019-05-07T10:00:44Z, INFO] Reduced MIP has 12 rows, 27 columns, and 54 nonzeros.","[2019-05-07T10:00:44Z, INFO] Reduced MIP has 27 binaries, 0 generals, 0 SOSs, and 0 indicators.","[2019-05-07T10:00:44Z, INFO] Presolve time = 0.00 sec. (0.04 ticks)","[2019-05-07T10:00:44Z, INFO] Probing time = 0.00 sec. (0.01 ticks)","[2019-05-07T10:00:44Z, INFO] Clique table members: 9.","[2019-05-07T10:00:44Z, INFO] MIP emphasis: balance optimality and feasibility.","[2019-05-07T10:00:44Z, INFO] MIP search method: dynamic search.","[2019-05-07T10:00:44Z, INFO] Parallel mode: deterministic, using up to 2 threads.","[2019-05-07T10:00:44Z, INFO] Root relaxation solution time = 0.00 sec. (0.03 ticks)","[2019-05-07T10:00:44Z, INFO] ","[2019-05-07T10:00:44Z, INFO]         Nodes                                         Cuts/","[2019-05-07T10:00:44Z, INFO]    Node  Left     Objective  IInf  Best Integer    Best Bound    ItCnt     Gap","[2019-05-07T10:00:44Z, INFO] *     0+    0                            0.0000    32032.0000              ---","[2019-05-07T10:00:44Z, INFO] *     0+    0                        11024.0000    32032.0000           190.57%","[2019-05-07T10:00:44Z, INFO] *     0     0      integral     0    12064.0000    12064.0000       12    0.00%","[2019-05-07T10:00:44Z, INFO] Elapsed time = 0.00 sec. (0.16 ticks, tree = 0.00 MB","[2019-05-07T10:00:44Z, INFO] , solutions = 3","[2019-05-07T10:00:44Z, INFO] )","[2019-05-07T10:00:44Z, INFO] ","[2019-05-07T10:00:44Z, INFO] Root node processing (before b&c):","[2019-05-07T10:00:44Z, INFO]   Real time             =    0.00 sec. (0.16 ticks)","[2019-05-07T10:00:44Z, INFO] Parallel b&c, 2 threads:","[2019-05-07T10:00:44Z, INFO]   Real time             =    0.00 sec. (0.00 ticks)","[2019-05-07T10:00:44Z, INFO]   Sync time (average)   =    0.00 sec.","[2019-05-07T10:00:44Z, INFO]   Wait time (average)   =    0.00 sec.","[2019-05-07T10:00:44Z, INFO]                           ------------","[2019-05-07T10:00:44Z, INFO] Total (root+branch&cut) =    0.00 sec. (0.16 ticks)","[2019-05-07T10:00:44Z, INFO] Solve status: JobSolveStatus.OPTIMAL_SOLUTION","[2019-05-07T10:00:44Z, INFO] * model docplex_model1 solved with objective = 12064.000","[2019-05-07T10:00:44Z, INFO] *  KPI: the number of Customer to Campaign assignments                              = 144.000","[2019-05-07T10:00:44Z, INFO] *  KPI: overall quality of Customer to Campaign assignments according to Candidates = 11920.000","[2019-05-07T10:00:44Z, INFO] model solve done in 0.03794050216674805 secs","[2019-05-07T10:00:44Z, INFO] solution export done in 0.0035505294799804688 secs","[2019-05-07T10:00:44Z, INFO] list_of_ResourceAssignment_solution.csv"]},"runtimeDetails":{"state":"STARTED"},"taskSetupMillis":7410,"taskSolveMillis":3252,"taskTearDownMillis":6278}