{"creationTime":1698151721103,"lastModificationTime":1698151762336,"state":"TERMINATED","solveConfig":{"containerId":"Scenario 1","solveParameters":{},"setupWebHook":{"verb":"GET","url":"https://internal-nginx-svc:12443/v1/cognitive/solve/preprocess/Scenario%201?projectId=4bcb4898-8a86-4f3f-8ba7-4dc62cc7ebc2&parentId=PortfolioAllocation","expectedStatus":200,"headers":{}},"tearDownWebHook":{"verb":"GET","url":"https://internal-nginx-svc:12443/v1/cognitive/solve/postprocess/Scenario%201?projectId=4bcb4898-8a86-4f3f-8ba7-4dc62cc7ebc2&parentId=PortfolioAllocation","expectedStatus":200,"headers":{}}},"jobDetails":{"id":"a3416898-3765-474a-b3fc-dfd09c56e013","createdAt":1698151727939,"startedAt":1698151753551,"endedAt":1698151756941,"submittedAt":1698151727939,"details":{"KPI.PROGRESS_CURRENT_OBJECTIVE":"-1180.358456239082","KPI._time":"0.15584301948547363","KPI.dependencies between investment allocations based on covariances":"18118.268015011476","KPI.total expected return of investments over all allocations":"164.36374358999998","MODEL_DETAIL_BOOLEAN_VARS":"20","MODEL_DETAIL_CONSTRAINTS":"106","MODEL_DETAIL_CONTINUOUS_VARS":"20","MODEL_DETAIL_INTEGER_VARS":"20","MODEL_DETAIL_KPIS":"[\"total expected return of investments over all allocations\", \"dependencies between investment allocations based on covariances\"]","MODEL_DETAIL_NONZEROS":"249","MODEL_DETAIL_OBJECTIVE_SENSE":"minimize","MODEL_DETAIL_TYPE":"MIQP","PROGRESS_BEST_OBJECTIVE":"-1180.358456239082","PROGRESS_BEST_OBJECTIVE.history":"[[1698151756.26, -3347.8591643470736]]","PROGRESS_CURRENT_OBJECTIVE":"-1180.358456239082","PROGRESS_CURRENT_OBJECTIVE.history":"[[1698151756.26, 0.0]]","PROGRESS_GAP":"0.0","PROGRESS_GAP.history":"[[1698151756.26, 33478591643470.734]]","STAT.cplex.modelType":"MIQP","STAT.cplex.size.booleanVariables":"20","STAT.cplex.size.constraints":"106","STAT.cplex.size.continousVariables":"20","STAT.cplex.size.integerVariables":"20","STAT.cplex.size.linearConstraints":"106","STAT.cplex.size.quadraticConstraints":"0","STAT.cplex.size.variables":"60","STAT.cplex.solve.elapsedTime":"0.15584301948547363","STAT.cplex.solve.explored":"82","STAT.cplex.solve.iterationCount":"161","STAT.cplex.solve.opened":"0","STAT.job.coresCount":"1","STAT.job.inputsReadMs":"2115","STAT.job.memoryPeakKB":"120304","STAT.job.modelProcessingMs":"617","STAT.job.outputsWriteMs":"379","latestOutputUpload":"2023-10-24T12:49:16.939Z"},"executionStatus":"PROCESSED","solveStatus":"OPTIMAL_SOLUTION","logTail":["[2023-10-24T12:49:16.307Z, INFO] Repeating presolve.","[2023-10-24T12:49:16.309Z, INFO] Tried aggregator 1 time.","[2023-10-24T12:49:16.309Z, INFO] MIQP Presolve eliminated 21 rows and 20 columns.","[2023-10-24T12:49:16.310Z, INFO] Reduced MIQP has 40 rows, 33 columns, and 109 nonzeros.","[2023-10-24T12:49:16.311Z, INFO] Reduced MIQP has 11 binaries, 11 generals, 0 SOSs, and 0 indicators.","[2023-10-24T12:49:16.311Z, INFO] Reduced MIQP objective Q matrix has 121 nonzeros.","[2023-10-24T12:49:16.312Z, INFO] Presolve time = 0.00 sec. (0.08 ticks)","[2023-10-24T12:49:16.313Z, INFO] Probing time = 0.00 sec. (0.01 ticks)","[2023-10-24T12:49:16.314Z, INFO] Tried aggregator 1 time.","[2023-10-24T12:49:16.314Z, INFO] Reduced MIQP has 40 rows, 33 columns, and 109 nonzeros.","[2023-10-24T12:49:16.315Z, INFO] Reduced MIQP has 11 binaries, 11 generals, 0 SOSs, and 0 indicators.","[2023-10-24T12:49:16.316Z, INFO] Reduced MIQP objective Q matrix has 121 nonzeros.","[2023-10-24T12:49:16.317Z, INFO] Presolve time = 0.00 sec. (0.06 ticks)","[2023-10-24T12:49:16.318Z, INFO] Represolve time = 0.00 sec. (0.19 ticks)","[2023-10-24T12:49:16.318Z, INFO] Probing time = 0.00 sec. (0.01 ticks)","[2023-10-24T12:49:16.319Z, INFO] MIP emphasis: balance optimality and feasibility.","[2023-10-24T12:49:16.320Z, INFO] MIP search method: dynamic search.","[2023-10-24T12:49:16.320Z, INFO] Parallel mode: none, using 1 thread.","[2023-10-24T12:49:16.321Z, INFO] Root relaxation solution time = 0.00 sec. (0.37 ticks)","[2023-10-24T12:49:16.322Z, INFO] ","[2023-10-24T12:49:16.322Z, INFO]         Nodes                                         Cuts/","[2023-10-24T12:49:16.323Z, INFO]    Node  Left     Objective  IInf  Best Integer    Best Bound    ItCnt     Gap","[2023-10-24T12:49:16.323Z, INFO] ","[2023-10-24T12:49:16.324Z, INFO] *     0+    0                         -544.7177    -1862.6647           241.95%","[2023-10-24T12:49:16.324Z, INFO]       0     0    -1862.6647    22     -544.7177    -1862.6647       29  241.95%","[2023-10-24T12:49:16.325Z, INFO] *     0+    0                         -826.0211    -1862.6647           125.50%","[2023-10-24T12:49:16.326Z, INFO] *     0+    0                         -892.3035    -1862.6647           108.75%","[2023-10-24T12:49:16.326Z, INFO]       0     0  -1.00000e+75     0     -892.3035    -1862.6647       29  108.75%","[2023-10-24T12:49:16.331Z, INFO]       0     2    -1862.6647    22     -892.3035    -1722.1111       29   93.00%","[2023-10-24T12:49:16.332Z, INFO] Elapsed time = 0.02 sec. (5.01 ticks, tree = 0.01 MB, solutions = 4)","[2023-10-24T12:49:16.372Z, INFO] *    20+    9                        -1016.0020    -1585.6182            56.06%","[2023-10-24T12:49:16.377Z, INFO] *    34    11      integral     0    -1180.3585    -1585.6182       80   34.33%","[2023-10-24T12:49:16.464Z, INFO] ","[2023-10-24T12:49:16.465Z, INFO] Root node processing (before b&c):","[2023-10-24T12:49:16.466Z, INFO]   Real time             =    0.02 sec. (5.02 ticks)","[2023-10-24T12:49:16.467Z, INFO] Sequential b&c:","[2023-10-24T12:49:16.468Z, INFO]   Real time             =    0.14 sec. (3.76 ticks)","[2023-10-24T12:49:16.468Z, INFO]                           ------------","[2023-10-24T12:49:16.469Z, INFO] Total (root+branch&cut) =    0.16 sec. (8.78 ticks)","[2023-10-24T12:49:16.476Z, INFO] Solve status: JobSolveStatus.OPTIMAL_SOLUTION","[2023-10-24T12:49:16.477Z, INFO] * model docplex_model1 solved with objective = -1180.358","[2023-10-24T12:49:16.477Z, INFO] *  KPI: total expected return of investments over all allocations        = 164.364","[2023-10-24T12:49:16.478Z, INFO] *  KPI: dependencies between investment allocations based on covariances = 18118.268","[2023-10-24T12:49:16.479Z, INFO] model solve done in 0.1720736026763916 secs","[2023-10-24T12:49:16.479Z, INFO] solution export done in 0.009986162185668945 secs"]},"taskSetupTime":1698151728004,"taskSolveTime":1698151759403,"taskTearDownTime":1698151762336,"jobSpaceId":"1e6362e3-9985-4ea3-b8ba-5d35f3036aa5","jobDeploymentId":"d0ff6ab0-3311-48c9-9477-429e4a8237ae","jobId":"a3416898-3765-474a-b3fc-dfd09c56e013","ping":1698151751611}