{"creationTime":1632990456665,"lastModificationTime":1632990468315,"state":"TERMINATED","solveConfig":{"containerId":"Copy 04","solveParameters":{"oaas.logAttachmentName":"log.txt","oaas.logTailEnabled":"true","oaas.docplex.python":"3.8"}},"jobDetails":{"id":"d6ee14e8-dc22-4bb0-838c-1622cede6075","createdAt":1632990461833,"startedAt":1632990463378,"endedAt":1632990465517,"submittedAt":1632990461833,"details":{"KPI.Nb Fix Used":"40.0","KPI.Nb Temp Used":"14.0","KPI.Total Cost":"4840.0","KPI._time":"0.020037174224853516","MODEL_DETAIL_BOOLEAN_VARS":"0","MODEL_DETAIL_CONSTRAINTS":"588","MODEL_DETAIL_CONTINUOUS_VARS":"0","MODEL_DETAIL_INTEGER_VARS":"774","MODEL_DETAIL_KPIS":"[\"Total Cost\", \"Nb Fix Used\", \"Nb Temp Used\"]","MODEL_DETAIL_NONZEROS":"6234","MODEL_DETAIL_OBJECTIVE_SENSE":"minimize","MODEL_DETAIL_TYPE":"MILP","PROGRESS_BEST_OBJECTIVE":"4840.0","PROGRESS_BEST_OBJECTIVE.history":"[[1632990464.55, 4820.0]]","PROGRESS_CURRENT_OBJECTIVE":"4840.0","PROGRESS_CURRENT_OBJECTIVE.history":"[[1632990464.55, 5560.0]]","PROGRESS_GAP":"0.0","PROGRESS_GAP.history":"[[1632990464.55, 0.13309352517985373]]","STAT.cplex.modelType":"MILP","STAT.cplex.size.booleanVariables":"0","STAT.cplex.size.constraints":"588","STAT.cplex.size.continousVariables":"0","STAT.cplex.size.integerVariables":"774","STAT.cplex.size.linearConstraints":"588","STAT.cplex.size.quadraticConstraints":"0","STAT.cplex.size.variables":"774","STAT.cplex.solve.elapsedTime":"0.020037174224853516","STAT.cplex.solve.explored":"0","STAT.cplex.solve.iterationCount":"68","STAT.cplex.solve.opened":"1","STAT.job.coresCount":"1","STAT.job.inputsReadMs":"477","STAT.job.memoryPeakKB":"93316","STAT.job.modelProcessingMs":"717","STAT.job.outputsWriteMs":"840"},"executionStatus":"PROCESSED","solveStatus":"OPTIMAL_SOLUTION","logTail":["[2021-09-30T08:27:43Z, WARNING] Support for Python 3.8 is now enabled with pandas 1.0.5 libraries.","[2021-09-30T08:27:44Z, INFO] WARNING: Number of workers has been reduced to 1 to comply with platform limitations.","[2021-09-30T08:27:44Z, INFO] Version identifier: 20.1.0.0 | 2020-11-10 | 9bedb6d68","[2021-09-30T08:27:44Z, INFO] CPXPARAM_Read_DataCheck                          1","[2021-09-30T08:27:44Z, INFO] CPXPARAM_Threads                                 1","[2021-09-30T08:27:44Z, INFO] Legacy callback                                  i","[2021-09-30T08:27:44Z, INFO] Tried aggregator 2 times.","[2021-09-30T08:27:44Z, INFO] MIP Presolve eliminated 206 rows and 79 columns.","[2021-09-30T08:27:44Z, INFO] Aggregator did 255 substitutions.","[2021-09-30T08:27:44Z, INFO] Reduced MIP has 127 rows, 309 columns, and 3694 nonzeros.","[2021-09-30T08:27:44Z, INFO] Reduced MIP has 0 binaries, 309 generals, 0 SOSs, and 0 indicators.","[2021-09-30T08:27:44Z, INFO] Presolve time = 0.01 sec. (3.94 ticks)","[2021-09-30T08:27:44Z, INFO] Found incumbent of value 5560.000000 after 0.01 sec. (8.80 ticks)","[2021-09-30T08:27:44Z, INFO] Tried aggregator 1 time.","[2021-09-30T08:27:44Z, INFO] Detecting symmetries...","[2021-09-30T08:27:44Z, INFO] Reduced MIP has 127 rows, 309 columns, and 3694 nonzeros.","[2021-09-30T08:27:44Z, INFO] Reduced MIP has 0 binaries, 309 generals, 0 SOSs, and 0 indicators.","[2021-09-30T08:27:44Z, INFO] Presolve time = 0.00 sec. (1.48 ticks)","[2021-09-30T08:27:44Z, INFO] MIP emphasis: balance optimality and feasibility.","[2021-09-30T08:27:44Z, INFO] MIP search method: dynamic search.","[2021-09-30T08:27:44Z, INFO] Parallel mode: none, using 1 thread.","[2021-09-30T08:27:44Z, INFO] Root relaxation solution time = 0.00 sec. (0.83 ticks)","[2021-09-30T08:27:44Z, INFO] ","[2021-09-30T08:27:44Z, INFO]         Nodes                                         Cuts/","[2021-09-30T08:27:44Z, INFO]    Node  Left     Objective  IInf  Best Integer    Best Bound    ItCnt     Gap","[2021-09-30T08:27:44Z, INFO] ","[2021-09-30T08:27:44Z, INFO] *     0+    0                         5560.0000     1000.0000            82.01%","[2021-09-30T08:27:44Z, INFO]       0     0     4820.0000     6     5560.0000     4820.0000       68   13.31%","[2021-09-30T08:27:44Z, INFO] *     0+    0                         4840.0000     4820.0000             0.41%","[2021-09-30T08:27:44Z, INFO]       0     0        cutoff           4840.0000                     68    0.00%","[2021-09-30T08:27:44Z, INFO] Elapsed time = 0.02 sec. (12.94 ticks, tree = 0.01 MB, solutions = 2)","[2021-09-30T08:27:44Z, INFO] ","[2021-09-30T08:27:44Z, INFO] Root node processing (before b&c):","[2021-09-30T08:27:44Z, INFO]   Real time             =    0.02 sec. (12.96 ticks)","[2021-09-30T08:27:44Z, INFO] Sequential b&c:","[2021-09-30T08:27:44Z, INFO]   Real time             =    0.00 sec. (0.00 ticks)","[2021-09-30T08:27:44Z, INFO]                           ------------","[2021-09-30T08:27:44Z, INFO] Total (root+branch&cut) =    0.02 sec. (12.96 ticks)","[2021-09-30T08:27:44Z, INFO]   Feasible 4840.0","[2021-09-30T08:27:44Z, INFO] starts.csv","[2021-09-30T08:27:44Z, INFO] works.csv","[2021-09-30T08:27:44Z, INFO] nr.csv"]},"runtimeDetails":{"state":"STARTED"},"taskSetupMillis":3772,"taskSolveMillis":5228,"taskTearDownMillis":1,"jobSpaceId":"9d2c73ef-2521-4130-bd91-1898668084a3","jobId":"d6ee14e8-dc22-4bb0-838c-1622cede6075","ping":1632990458080}