{"CPLEXSolution": {"version": "1.0", "header": {"problemName": "docplex_model1", "objectiveValue": "445.0", "solved_by": "cplex_local"}, "variables": [{"index": "0", "name": null, "value": "1.0"}, {"index": "4", "name": null, "value": "1.0"}, {"index": "6", "name": null, "value": "1.0"}, {"index": "12", "name": null, "value": "1.0"}, {"index": "17", "name": null, "value": "1.0"}], "linearConstraints": [{"name": "_L_EXPR_1", "index": 0}, {"name": "_L_EXPR_2", "index": 1, "slack": -4.0}, {"name": "_L_EXPR_3", "index": 2, "slack": 1.0}, {"name": "_L_EXPR_4", "index": 3}, {"name": "_L_EXPR_5", "index": 4, "slack": 3.0}, {"name": "_L_EXPR_6", "index": 5}, {"name": "_L_EXPR_7", "index": 6, "slack": 1.0}, {"name": "_L_EXPR_8", "index": 7, "slack": 1.0}, {"name": "_L_EXPR_9", "index": 8}, {"name": "_L_EXPR_10", "index": 9}, {"name": "_L_EXPR_11", "index": 10, "slack": 1.0}, {"name": "_L_EXPR_12", "index": 11}, {"name": "_L_EXPR_13", "index": 12, "slack": 1.0}, {"name": "_L_EXPR_14", "index": 13}, {"name": "_L_EXPR_15", "index": 14}]}}