{"creationTime":1687855157244,"lastModificationTime":1687855271104,"state":"TERMINATED","solveConfig":{"containerId":"scenario 4 selection","solveParameters":{"oaas.logAttachmentName":"log.txt","oaas.logTailEnabled":"true"},"setupWebHook":{"verb":"GET","url":"https://internal-nginx-svc:12443/v1/cognitive/solve/preprocess/scenario%204%20selection?projectId=9d08fb61-4c2d-4eaa-b28e-255cccbc8df8&parentId=MarketingCampaignAssignment","expectedStatus":200,"headers":{}},"tearDownWebHook":{"verb":"GET","url":"https://internal-nginx-svc:12443/v1/cognitive/solve/postprocess/scenario%204%20selection?projectId=9d08fb61-4c2d-4eaa-b28e-255cccbc8df8&parentId=MarketingCampaignAssignment","expectedStatus":200,"headers":{}}},"jobDetails":{"id":"9a4892f0-9162-4003-bf3e-b71b61dc9bfd","createdAt":1687855162615,"startedAt":1687855262441,"endedAt":1687855265478,"submittedAt":1687855162615,"details":{"KPI.total expected value of Candidates over all selections":"445.0","MODEL_DETAIL_BOOLEAN_VARS":"27","MODEL_DETAIL_CONSTRAINTS":"15","MODEL_DETAIL_CONTINUOUS_VARS":"0","MODEL_DETAIL_INTEGER_VARS":"0","MODEL_DETAIL_KPIS":"[\"total expected value of Candidates over all selections\"]","MODEL_DETAIL_NONZEROS":"109","MODEL_DETAIL_OBJECTIVE_SENSE":"maximize","MODEL_DETAIL_TYPE":"MILP","PROGRESS_BEST_OBJECTIVE":"445.0","PROGRESS_BEST_OBJECTIVE.history":"[[1687855265.08, 445.0]]","PROGRESS_CURRENT_OBJECTIVE":"445.0","PROGRESS_CURRENT_OBJECTIVE.history":"[[1687855265.08, 445.0]]","PROGRESS_GAP":"0.0","PROGRESS_GAP.history":"[[1687855265.08, 0.0]]","STAT.cplex.modelType":"MILP","STAT.cplex.size.booleanVariables":"27","STAT.cplex.size.constraints":"15","STAT.cplex.size.continousVariables":"0","STAT.cplex.size.integerVariables":"0","STAT.cplex.size.linearConstraints":"15","STAT.cplex.size.quadraticConstraints":"0","STAT.cplex.size.variables":"27","STAT.job.coresCount":"1","STAT.job.inputsReadMs":"1941","STAT.job.memoryPeakKB":"118488","STAT.job.modelProcessingMs":"538","STAT.job.outputsWriteMs":"192"},"executionStatus":"PROCESSED","solveStatus":"OPTIMAL_SOLUTION","logTail":["[2023-06-27T08:41:05.085Z, INFO] WARNING: Number of workers has been reduced to 1 to comply with platform limitations.","[2023-06-27T08:41:05.086Z, INFO] Version identifier: 22.1.1.0 | 2023-06-15 | d64d5bd77","[2023-06-27T08:41:05.087Z, INFO] CPXPARAM_Read_DataCheck                          1","[2023-06-27T08:41:05.088Z, INFO] CPXPARAM_Threads                                 1","[2023-06-27T08:41:05.089Z, INFO] CPXPARAM_TimeLimit                               120","[2023-06-27T08:41:05.090Z, INFO] Legacy callback                                  i","[2023-06-27T08:41:05.090Z, INFO] Found incumbent of value 100.000000 after 0.00 sec. (0.00 ticks)","[2023-06-27T08:41:05.091Z, INFO] Tried aggregator 1 time.","[2023-06-27T08:41:05.092Z, INFO] MIP Presolve eliminated 3 rows and 3 columns.","[2023-06-27T08:41:05.093Z, INFO] Reduced MIP has 12 rows, 24 columns, and 72 nonzeros.","[2023-06-27T08:41:05.094Z, INFO] Reduced MIP has 24 binaries, 0 generals, 0 SOSs, and 0 indicators.","[2023-06-27T08:41:05.096Z, INFO] Presolve time = 0.00 sec. (0.05 ticks)","[2023-06-27T08:41:05.097Z, INFO] Probing time = 0.00 sec. (0.01 ticks)","[2023-06-27T08:41:05.098Z, INFO] Tried aggregator 1 time.","[2023-06-27T08:41:05.099Z, INFO] Detecting symmetries...","[2023-06-27T08:41:05.100Z, INFO] Reduced MIP has 12 rows, 24 columns, and 72 nonzeros.","[2023-06-27T08:41:05.101Z, INFO] Reduced MIP has 24 binaries, 0 generals, 0 SOSs, and 0 indicators.","[2023-06-27T08:41:05.102Z, INFO] Presolve time = 0.00 sec. (0.05 ticks)","[2023-06-27T08:41:05.103Z, INFO] Probing time = 0.00 sec. (0.01 ticks)","[2023-06-27T08:41:05.104Z, INFO] Clique table members: 8.","[2023-06-27T08:41:05.119Z, INFO] MIP emphasis: balance optimality and feasibility.","[2023-06-27T08:41:05.120Z, INFO] MIP search method: dynamic search.","[2023-06-27T08:41:05.121Z, INFO] Parallel mode: none, using 1 thread.","[2023-06-27T08:41:05.122Z, INFO] Root relaxation solution time = 0.00 sec. (0.02 ticks)","[2023-06-27T08:41:05.123Z, INFO] ","[2023-06-27T08:41:05.124Z, INFO]         Nodes                                         Cuts/","[2023-06-27T08:41:05.124Z, INFO]    Node  Left     Objective  IInf  Best Integer    Best Bound    ItCnt     Gap","[2023-06-27T08:41:05.125Z, INFO] ","[2023-06-27T08:41:05.126Z, INFO] *     0+    0                          100.0000     1765.0000              --- ","[2023-06-27T08:41:05.127Z, INFO] *     0     0      integral     0      445.0000      445.0000        3    0.00%","[2023-06-27T08:41:05.128Z, INFO] Elapsed time = 0.00 sec. (0.18 ticks, tree = 0.00 MB, solutions = 2)","[2023-06-27T08:41:05.128Z, INFO] ","[2023-06-27T08:41:05.129Z, INFO] Root node processing (before b&c):","[2023-06-27T08:41:05.130Z, INFO]   Real time             =    0.00 sec. (0.18 ticks)","[2023-06-27T08:41:05.131Z, INFO] Sequential b&c:","[2023-06-27T08:41:05.131Z, INFO]   Real time             =    0.00 sec. (0.00 ticks)","[2023-06-27T08:41:05.131Z, INFO]                           ------------","[2023-06-27T08:41:05.132Z, INFO] Total (root+branch&cut) =    0.00 sec. (0.18 ticks)","[2023-06-27T08:41:05.136Z, INFO] Solve status: JobSolveStatus.OPTIMAL_SOLUTION","[2023-06-27T08:41:05.136Z, INFO] * model docplex_model1 solved with objective = 445.000","[2023-06-27T08:41:05.136Z, INFO] *  KPI: total expected value of Candidates over all selections = 445.000","[2023-06-27T08:41:05.137Z, INFO] model solve done in 0.03513693809509277 secs","[2023-06-27T08:41:05.137Z, INFO] solution export done in 0.006623268127441406 secs","[2023-06-27T08:41:05.138Z, INFO] SelectedCandidates.csv","[2023-06-27T08:41:05.138Z, INFO] NotSelectedCandidates.csv"]},"runtimeDetails":{"state":"STARTED"},"taskSetupMillis":5265,"taskSolveMillis":105112,"taskTearDownMillis":2416,"jobSpaceId":"3d14a570-f6e3-4665-bd9b-5b4b94d83c31","jobDeploymentId":"65e2605e-7590-47eb-9df1-7a7e9f83974c","jobId":"9a4892f0-9162-4003-bf3e-b71b61dc9bfd","ping":1687855247361}