Day,Employee,OnCallDuty decision,Day on-call requirement,Day index,Employee seniority,Employee qualification,Employee pay rate
Friday,Anne,1.0,8,5,11,1,25
Friday,Cathy,1.0,8,5,2,2,17
Friday,Debbie,1.0,8,5,7,2,24
Friday,Kate,1.0,8,5,5,3,24
Friday,Nancy,1.0,8,5,8,4,32
Friday,Patricia,1.0,8,5,1,1,13
Friday,Patrick,1.0,8,5,6,1,19
Friday,Zoe,1.0,8,5,8,3,29
Monday,Cecilia,1.0,10,1,9,5,38
Monday,Chris,1.0,10,1,11,4,38
Monday,Jane,1.0,10,1,3,4,23
Monday,Janice,1.0,10,1,2,2,17
Monday,Jemma,1.0,10,1,2,4,22
Monday,Joyce,1.0,10,1,8,3,29
Monday,Juliet,1.0,10,1,7,4,31
Monday,Nathalie,1.0,10,1,9,5,38
Monday,Nicole,1.0,10,1,0,2,14
Monday,Vickie,1.0,10,1,7,1,20
Saturday,Bethanie,1.0,4,6,4,5,28
Saturday,David,1.0,4,6,1,2,15
Saturday,Dee,1.0,4,6,3,3,21
Saturday,Nathalie,1.0,4,6,9,5,38
Thursday,Cindy,1.0,10,4,5,2,21
Thursday,Dee,1.0,10,4,3,3,21
Thursday,Janelle,1.0,10,4,4,3,22
Thursday,Janice,1.0,10,4,2,2,17
Thursday,Jemma,1.0,10,4,2,4,22
Thursday,Jude,1.0,10,4,4,3,22
Thursday,Julie,1.0,10,4,6,2,22
Thursday,Nicole,1.0,10,4,0,2,14
Thursday,Roberta,1.0,10,4,3,5,26
Thursday,Suzanne,1.0,10,4,5,1,18
Tuesday,Cecilia,1.0,10,2,9,5,38
Tuesday,Debbie,1.0,10,2,7,2,24
Tuesday,Gloria,1.0,10,2,8,2,25
Tuesday,Isabelle,1.0,10,2,3,1,16
Tuesday,Janelle,1.0,10,2,4,3,22
Tuesday,Joan,1.0,10,2,5,3,24
Tuesday,Nancy,1.0,10,2,8,4,32
Tuesday,Patricia,1.0,10,2,1,1,13
Tuesday,Vickie,1.0,10,2,7,1,20
Tuesday,Wendie,1.0,10,2,5,2,21
Wednesday,Betsy,1.0,10,3,2,2,17
Wednesday,Cathy,1.0,10,3,2,2,17
Wednesday,Gloria,1.0,10,3,8,2,25
Wednesday,Isabelle,1.0,10,3,3,1,16
Wednesday,Jane,1.0,10,3,3,4,23
Wednesday,Joan,1.0,10,3,5,3,24
Wednesday,Jude,1.0,10,3,4,3,22
Wednesday,Juliet,1.0,10,3,7,4,31
Wednesday,Kate,1.0,10,3,5,3,24
Wednesday,Wendie,1.0,10,3,5,2,21
