{"CPLEXSolution": {"version": "1.0", "header": {"problemName": "docplex_model1", "objectiveValue": "-608.0", "solved_by": "cplex_local"}, "variables": [{"index": "0", "name": null, "value": "1.0"}, {"index": "3", "name": null, "value": "1.0"}, {"index": "8", "name": null, "value": "1.0"}, {"index": "21", "name": null, "value": "1.0"}, {"index": "22", "name": null, "value": "1.0"}, {"index": "25", "name": null, "value": "1.0"}, {"index": "26", "name": null, "value": "1.0"}, {"index": "31", "name": null, "value": "1.0"}, {"index": "36", "name": null, "value": "1.0"}, {"index": "37", "name": null, "value": "1.0"}, {"index": "44", "name": null, "value": "1.0"}, {"index": "46", "name": null, "value": "1.0"}, {"index": "47", "name": null, "value": "1.0"}, {"index": "49", "name": null, "value": "1.0"}, {"index": "52", "name": null, "value": "1.0"}, {"index": "55", "name": null, "value": "1.0"}, {"index": "56", "name": null, "value": "1.0"}, {"index": "61", "name": null, "value": "1.0"}, {"index": "65", "name": null, "value": "1.0"}, {"index": "71", "name": null, "value": "1.0"}, {"index": "73", "name": null, "value": "1.0"}, {"index": "87", "name": null, "value": "1.0"}, {"index": "134", "name": null, "value": "1.0"}, {"index": "137", "name": null, "value": "1.0"}, {"index": "141", "name": null, "value": "1.0"}, {"index": "142", "name": null, "value": "1.0"}, {"index": "143", "name": null, "value": "1.0"}, {"index": "146", "name": null, "value": "1.0"}, {"index": "147", "name": null, "value": "1.0"}, {"index": "152", "name": null, "value": "1.0"}, {"index": "155", "name": null, "value": "1.0"}, {"index": "156", "name": null, "value": "1.0"}, {"index": "164", "name": null, "value": "1.0"}, {"index": "168", "name": null, "value": "1.0"}, {"index": "170", "name": null, "value": "1.0"}, {"index": "171", "name": null, "value": "1.0"}, {"index": "173", "name": null, "value": "1.0"}, {"index": "176", "name": null, "value": "1.0"}, {"index": "182", "name": null, "value": "1.0"}, {"index": "185", "name": null, "value": "1.0"}, {"index": "189", "name": null, "value": "1.0"}, {"index": "190", "name": null, "value": "1.0"}, {"index": "194", "name": null, "value": "1.0"}, {"index": "195", "name": null, "value": "1.0"}, {"index": "202", "name": null, "value": "1.0"}, {"index": "203", "name": null, "value": "1.0"}, {"index": "204", "name": null, "value": "1.0"}, {"index": "208", "name": null, "value": "1.0"}, {"index": "210", "name": null, "value": "1.0"}, {"index": "212", "name": null, "value": "1.0"}, {"index": "213", "name": null, "value": "1.0"}, {"index": "222", "name": null, "value": "1.0"}, {"index": "225", "name": null, "value": "1.0"}, {"index": "239", "name": null, "value": "1.0"}, {"index": "249", "name": null, "value": "1.0"}, {"index": "259", "name": null, "value": "1.0"}, {"index": "271", "name": null, "value": "1.0"}, {"index": "281", "name": null, "value": "1.0"}, {"index": "311", "name": null, "value": "1.0"}, {"index": "316", "name": null, "value": "1.0"}, {"index": "326", "name": null, "value": "1.0"}, {"index": "343", "name": null, "value": "1.0"}, {"index": "349", "name": null, "value": "1.0"}, {"index": "375", "name": null, "value": "1.0"}, {"index": "379", "name": null, "value": "1.0"}, {"index": "386", "name": null, "value": "1.0"}, {"index": "406", "name": null, "value": "1.0"}, {"index": "427", "name": null, "value": "1.0"}, {"index": "430", "name": null, "value": "1.0"}, {"index": "439", "name": null, "value": "1.0"}, {"index": "447", "name": null, "value": "1.0"}, {"index": "467", "name": null, "value": "1.0"}, {"index": "483", "name": null, "value": "1.0"}, {"index": "485", "name": null, "value": "1.0"}, {"index": "509", "name": null, "value": "1.0"}, {"index": "531", "name": null, "value": "1.0"}, {"index": "534", "name": null, "value": "1.0"}, {"index": "540", "name": null, "value": "1.0"}, {"index": "550", "name": null, "value": "1.0"}, {"index": "560", "name": null, "value": "1.0"}, {"index": "570", "name": null, "value": "1.0"}, {"index": "581", "name": null, "value": "1.0"}, {"index": "586", "name": null, "value": "1.0"}, {"index": "599", "name": null, "value": "1.0"}, {"index": "609", "name": null, "value": "1.0"}, {"index": "619", "name": null, "value": "1.0"}, {"index": "633", "name": null, "value": "1.0"}, {"index": "638", "name": null, "value": "1.0"}, {"index": "641", "name": null, "value": "1.0"}, {"index": "652", "name": null, "value": "1.0"}, {"index": "672", "name": null, "value": "1.0"}, {"index": "685", "name": null, "value": "1.0"}, {"index": "694", "name": null, "value": "1.0"}, {"index": "714", "name": null, "value": "1.0"}, {"index": "725", "name": null, "value": "1.0"}, {"index": "742", "name": null, "value": "1.0"}, {"index": "760", "name": null, "value": "1.0"}, {"index": "770", "name": null, "value": "1.0"}, {"index": "780", "name": null, "value": "1.0"}, {"index": "784", "name": null, "value": "1.0"}, {"index": "808", "name": null, "value": "1.0"}, {"index": "818", "name": null, "value": "1.0"}, {"index": "840", "name": null, "value": "1.0"}, {"index": "850", "name": null, "value": "1.0"}, {"index": "861", "name": null, "value": "1.0"}, {"index": "871", "name": null, "value": "1.0"}, {"index": "880", "name": null, "value": "1.0"}, {"index": "892", "name": null, "value": "1.0"}, {"index": "903", "name": null, "value": "1.0"}, {"index": "915", "name": null, "value": "1.0"}, {"index": "935", "name": null, "value": "1.0"}, {"index": "957", "name": null, "value": "1.0"}, {"index": "977", "name": null, "value": "1.0"}, {"index": "988", "name": null, "value": "1.0"}, {"index": "1010", "name": null, "value": "1.0"}, {"index": "1020", "name": null, "value": "1.0"}, {"index": "1038", "name": null, "value": "1.0"}, {"index": "1060", "name": null, "value": "1.0"}, {"index": "1070", "name": null, "value": "1.0"}, {"index": "1080", "name": null, "value": "1.0"}, {"index": "1100", "name": null, "value": "1.0"}, {"index": "1108", "name": null, "value": "1.0"}, {"index": "1118", "name": null, "value": "1.0"}, {"index": "1132", "name": null, "value": "1.0"}, {"index": "1152", "name": null, "value": "1.0"}, {"index": "1161", "name": null, "value": "1.0"}, {"index": "1184", "name": null, "value": "1.0"}, {"index": "1190", "name": null, "value": "1.0"}, {"index": "1213", "name": null, "value": "1.0"}, {"index": "1227", "name": null, "value": "1.0"}, {"index": "1237", "name": null, "value": "1.0"}, {"index": "1247", "name": null, "value": "1.0"}, {"index": "1259", "name": null, "value": "1.0"}, {"index": "1262", "name": null, "value": "1.0"}, {"index": "1266", "name": null, "value": "1.0"}, {"index": "1288", "name": null, "value": "1.0"}, {"index": "1308", "name": null, "value": "1.0"}, {"index": "1341", "name": null, "value": "1.0"}, {"index": "1351", "name": null, "value": "1.0"}, {"index": "1361", "name": null, "value": "1.0"}, {"index": "1372", "name": null, "value": "1.0"}, {"index": "1382", "name": null, "value": "1.0"}, {"index": "1392", "name": null, "value": "1.0"}, {"index": "1402", "name": null, "value": "1.0"}, {"index": "1412", "name": null, "value": "1.0"}, {"index": "1421", "name": null, "value": "1.0"}, {"index": "1435", "name": null, "value": "1.0"}, {"index": "1445", "name": null, "value": "1.0"}, {"index": "1467", "name": null, "value": "1.0"}, {"index": "1470", "name": null, "value": "1.0"}, {"index": "1476", "name": null, "value": "1.0"}, {"index": "1486", "name": null, "value": "1.0"}, {"index": "1506", "name": null, "value": "1.0"}, {"index": "1528", "name": null, "value": "1.0"}, {"index": "1538", "name": null, "value": "1.0"}, {"index": "1558", "name": null, "value": "1.0"}, {"index": "1568", "name": null, "value": "1.0"}, {"index": "1577", "name": null, "value": "1.0"}, {"index": "1591", "name": null, "value": "1.0"}, {"index": "1601", "name": null, "value": "1.0"}, {"index": "1611", "name": null, "value": "1.0"}, {"index": "1623", "name": null, "value": "1.0"}, {"index": "1632", "name": null, "value": "1.0"}, {"index": "1642", "name": null, "value": "1.0"}, {"index": "1652", "name": null, "value": "1.0"}, {"index": "1662", "name": null, "value": "1.0"}, {"index": "1696", "name": null, "value": "1.0"}, {"index": "1706", "name": null, "value": "1.0"}, {"index": "1716", "name": null, "value": "1.0"}, {"index": "1720", "name": null, "value": "1.0"}, {"index": "1736", "name": null, "value": "1.0"}, {"index": "1746", "name": null, "value": "1.0"}, {"index": "1766", "name": null, "value": "1.0"}, {"index": "1785", "name": null, "value": "1.0"}, {"index": "1799", "name": null, "value": "1.0"}, {"index": "1809", "name": null, "value": "1.0"}, {"index": "1831", "name": null, "value": "1.0"}, {"index": "1840", "name": null, "value": "1.0"}, {"index": "1850", "name": null, "value": "1.0"}, {"index": "1860", "name": null, "value": "1.0"}, {"index": "1870", "name": null, "value": "1.0"}, {"index": "1880", "name": null, "value": "1.0"}], "linearConstraints": [{"name": "_L_EXPR_1", "index": 0, "slack": 7.0}, {"name": "_L_EXPR_2", "index": 1}, {"name": "_L_EXPR_3", "index": 2, "slack": 2.0}, {"name": "_L_EXPR_4", "index": 3, "slack": 4.0}, {"name": "_L_EXPR_5", "index": 4}, {"name": "_L_EXPR_6", "index": 5, "slack": 6.0}, {"name": "_L_EXPR_7", "index": 6, "slack": 6.0}, {"name": "_L_EXPR_8", "index": 7, "slack": 7.0}, {"name": "_L_EXPR_9", "index": 8, "slack": 8.0}, {"name": "_L_EXPR_10", "index": 9, "slack": 8.0}, {"name": "_L_EXPR_11", "index": 10, "slack": 7.0}, {"name": "_L_EXPR_12", "index": 11, "slack": 7.0}, {"name": "_L_EXPR_13", "index": 12, "slack": 3.0}, {"name": "_L_EXPR_14", "index": 13, "slack": 4.0}, {"name": "_L_EXPR_15", "index": 14}, {"name": "_L_EXPR_16", "index": 15}, {"name": "_L_EXPR_17", "index": 16, "slack": 5.0}, {"name": "_L_EXPR_18", "index": 17, "slack": 8.0}, {"name": "_L_EXPR_19", "index": 18, "slack": 8.0}, {"name": "_L_EXPR_20", "index": 19, "slack": 8.0}, {"name": "_L_EXPR_21", "index": 20, "slack": 8.0}, {"name": "_L_EXPR_22", "index": 21, "slack": 6.0}, {"name": "_L_EXPR_23", "index": 22, "slack": 3.0}, {"name": "_L_EXPR_24", "index": 23, "slack": 4.0}, {"name": "_L_EXPR_25", "index": 24}, {"name": "_L_EXPR_26", "index": 25}, {"name": "_L_EXPR_27", "index": 26, "slack": 5.0}, {"name": "_L_EXPR_28", "index": 27, "slack": 8.0}, {"name": "_L_EXPR_29", "index": 28, "slack": 8.0}, {"name": "_L_EXPR_30", "index": 29, "slack": 8.0}, {"name": "_L_EXPR_31", "index": 30, "slack": 7.0}, {"name": "_L_EXPR_32", "index": 31, "slack": 7.0}, {"name": "_L_EXPR_33", "index": 32, "slack": 3.0}, {"name": "_L_EXPR_34", "index": 33, "slack": 4.0}, {"name": "_L_EXPR_35", "index": 34}, {"name": "_L_EXPR_36", "index": 35, "slack": 1.0}, {"name": "_L_EXPR_37", "index": 36, "slack": 5.0}, {"name": "_L_EXPR_38", "index": 37, "slack": 8.0}, {"name": "_L_EXPR_39", "index": 38, "slack": 8.0}, {"name": "_L_EXPR_40", "index": 39, "slack": 8.0}, {"name": "_L_EXPR_41", "index": 40, "slack": 5.0}, {"name": "_L_EXPR_42", "index": 41, "slack": 8.0}, {"name": "_L_EXPR_43", "index": 42, "slack": 5.0}, {"name": "_L_EXPR_44", "index": 43, "slack": 5.0}, {"name": "_L_EXPR_45", "index": 44}, {"name": "_L_EXPR_46", "index": 45, "slack": 4.0}, {"name": "_L_EXPR_47", "index": 46, "slack": 8.0}, {"name": "_L_EXPR_48", "index": 47}, {"name": "_L_EXPR_49", "index": 48, "slack": 8.0}, {"name": "_L_EXPR_50", "index": 49, "slack": 8.0}, {"name": "_L_EXPR_51", "index": 50}, {"name": "_L_EXPR_52", "index": 51, "slack": 6.0}, {"name": "_L_EXPR_53", "index": 52}, {"name": "_L_EXPR_54", "index": 53}, {"name": "_L_EXPR_55", "index": 54}, {"name": "_L_EXPR_56", "index": 55}, {"name": "_L_EXPR_57", "index": 56, "slack": 1.0}, {"name": "_L_EXPR_58", "index": 57}, {"name": "_L_EXPR_59", "index": 58}, {"name": "_L_EXPR_60", "index": 59}, {"name": "_L_EXPR_61", "index": 60}, {"name": "_L_EXPR_62", "index": 61}, {"name": "_L_EXPR_63", "index": 62}, {"name": "_L_EXPR_64", "index": 63}, {"name": "_L_EXPR_65", "index": 64, "slack": 1.0}, {"name": "_L_EXPR_66", "index": 65, "slack": 1.0}, {"name": "_L_EXPR_67", "index": 66}, {"name": "_L_EXPR_68", "index": 67, "slack": 1.0}, {"name": "_L_EXPR_69", "index": 68}, {"name": "_L_EXPR_70", "index": 69, "slack": 1.0}, {"name": "_L_EXPR_71", "index": 70}, {"name": "_L_EXPR_72", "index": 71}, {"name": "_L_EXPR_73", "index": 72}, {"name": "_L_EXPR_74", "index": 73}, {"name": "_L_EXPR_75", "index": 74}, {"name": "_L_EXPR_76", "index": 75, "slack": 1.0}, {"name": "_L_EXPR_77", "index": 76, "slack": 1.0}, {"name": "_L_EXPR_78", "index": 77}, {"name": "_L_EXPR_79", "index": 78, "slack": 1.0}, {"name": "_L_EXPR_80", "index": 79}, {"name": "_L_EXPR_81", "index": 80}, {"name": "_L_EXPR_82", "index": 81}, {"name": "_L_EXPR_83", "index": 82}, {"name": "_L_EXPR_84", "index": 83, "slack": 1.0}, {"name": "_L_EXPR_85", "index": 84}, {"name": "_L_EXPR_86", "index": 85}, {"name": "_L_EXPR_87", "index": 86}, {"name": "_L_EXPR_88", "index": 87, "slack": 1.0}, {"name": "_L_EXPR_89", "index": 88, "slack": 1.0}, {"name": "_L_EXPR_90", "index": 89}, {"name": "_L_EXPR_91", "index": 90}, {"name": "_L_EXPR_92", "index": 91}, {"name": "_L_EXPR_93", "index": 92}, {"name": "_L_EXPR_94", "index": 93}, {"name": "_L_EXPR_95", "index": 94}, {"name": "_L_EXPR_96", "index": 95}, {"name": "_L_EXPR_97", "index": 96}, {"name": "_L_EXPR_98", "index": 97, "slack": 1.0}, {"name": "_L_EXPR_99", "index": 98}, {"name": "_L_EXPR_100", "index": 99}, {"name": "_L_EXPR_101", "index": 100}, {"name": "_L_EXPR_102", "index": 101}, {"name": "_L_EXPR_103", "index": 102}, {"name": "_L_EXPR_104", "index": 103}, {"name": "_L_EXPR_105", "index": 104, "slack": 1.0}, {"name": "_L_EXPR_106", "index": 105}, {"name": "_L_EXPR_107", "index": 106}, {"name": "_L_EXPR_108", "index": 107, "slack": 1.0}, {"name": "_L_EXPR_109", "index": 108, "slack": 1.0}, {"name": "_L_EXPR_110", "index": 109}, {"name": "_L_EXPR_111", "index": 110}, {"name": "_L_EXPR_112", "index": 111}, {"name": "_L_EXPR_113", "index": 112, "slack": 1.0}, {"name": "_L_EXPR_114", "index": 113}, {"name": "_L_EXPR_115", "index": 114}, {"name": "_L_EXPR_116", "index": 115, "slack": 1.0}, {"name": "_L_EXPR_117", "index": 116, "slack": 1.0}, {"name": "_L_EXPR_118", "index": 117}, {"name": "_L_EXPR_119", "index": 118}, {"name": "_L_EXPR_120", "index": 119}, {"name": "_L_EXPR_121", "index": 120}, {"name": "_L_EXPR_122", "index": 121, "slack": 1.0}, {"name": "_L_EXPR_123", "index": 122, "slack": 1.0}, {"name": "_L_EXPR_124", "index": 123, "slack": 1.0}, {"name": "_L_EXPR_125", "index": 124}, {"name": "_L_EXPR_126", "index": 125}, {"name": "_L_EXPR_127", "index": 126}, {"name": "_L_EXPR_128", "index": 127}, {"name": "_L_EXPR_129", "index": 128, "slack": 1.0}, {"name": "_L_EXPR_130", "index": 129}, {"name": "_L_EXPR_131", "index": 130}, {"name": "_L_EXPR_132", "index": 131}, {"name": "_L_EXPR_133", "index": 132, "slack": 1.0}, {"name": "_L_EXPR_134", "index": 133}, {"name": "_L_EXPR_135", "index": 134, "slack": 1.0}, {"name": "_L_EXPR_136", "index": 135}, {"name": "_L_EXPR_137", "index": 136}, {"name": "_L_EXPR_138", "index": 137, "slack": 1.0}, {"name": "_L_EXPR_139", "index": 138, "slack": 1.0}, {"name": "_L_EXPR_140", "index": 139}, {"name": "_L_EXPR_141", "index": 140, "slack": 1.0}, {"name": "_L_EXPR_142", "index": 141}, {"name": "_L_EXPR_143", "index": 142, "slack": 1.0}, {"name": "_L_EXPR_144", "index": 143}, {"name": "_L_EXPR_145", "index": 144, "slack": 1.0}, {"name": "_L_EXPR_146", "index": 145}, {"name": "_L_EXPR_147", "index": 146, "slack": 1.0}, {"name": "_L_EXPR_148", "index": 147}, {"name": "_L_EXPR_149", "index": 148}, {"name": "_L_EXPR_150", "index": 149, "slack": 1.0}, {"name": "_L_EXPR_151", "index": 150}, {"name": "_L_EXPR_152", "index": 151}, {"name": "_L_EXPR_153", "index": 152, "slack": 1.0}, {"name": "_L_EXPR_154", "index": 153, "slack": 1.0}, {"name": "_L_EXPR_155", "index": 154}, {"name": "_L_EXPR_156", "index": 155}, {"name": "_L_EXPR_157", "index": 156}, {"name": "_L_EXPR_158", "index": 157}, {"name": "_L_EXPR_159", "index": 158, "slack": 1.0}, {"name": "_L_EXPR_160", "index": 159, "slack": 1.0}, {"name": "_L_EXPR_161", "index": 160}, {"name": "_L_EXPR_162", "index": 161}, {"name": "_L_EXPR_163", "index": 162, "slack": 1.0}, {"name": "_L_EXPR_164", "index": 163}, {"name": "_L_EXPR_165", "index": 164, "slack": 1.0}, {"name": "_L_EXPR_166", "index": 165}, {"name": "_L_EXPR_167", "index": 166, "slack": 1.0}, {"name": "_L_EXPR_168", "index": 167}, {"name": "_L_EXPR_169", "index": 168}, {"name": "_L_EXPR_170", "index": 169}, {"name": "_L_EXPR_171", "index": 170}, {"name": "_L_EXPR_172", "index": 171}, {"name": "_L_EXPR_173", "index": 172}, {"name": "_L_EXPR_174", "index": 173}, {"name": "_L_EXPR_175", "index": 174}, {"name": "_L_EXPR_176", "index": 175}, {"name": "_L_EXPR_177", "index": 176, "slack": 1.0}, {"name": "_L_EXPR_178", "index": 177, "slack": 1.0}, {"name": "_L_EXPR_179", "index": 178, "slack": 1.0}, {"name": "_L_EXPR_180", "index": 179}, {"name": "_L_EXPR_181", "index": 180}, {"name": "_L_EXPR_182", "index": 181, "slack": 1.0}, {"name": "_L_EXPR_183", "index": 182, "slack": 1.0}, {"name": "_L_EXPR_184", "index": 183}, {"name": "_L_EXPR_185", "index": 184, "slack": 1.0}, {"name": "_L_EXPR_186", "index": 185}, {"name": "_L_EXPR_187", "index": 186}, {"name": "_L_EXPR_188", "index": 187}, {"name": "_L_EXPR_189", "index": 188, "slack": 1.0}, {"name": "_L_EXPR_190", "index": 189}, {"name": "_L_EXPR_191", "index": 190}, {"name": "_L_EXPR_192", "index": 191}, {"name": "_L_EXPR_193", "index": 192}, {"name": "_L_EXPR_194", "index": 193}, {"name": "_L_EXPR_195", "index": 194}, {"name": "_L_EXPR_196", "index": 195, "slack": 1.0}, {"name": "_L_EXPR_197", "index": 196}, {"name": "_L_EXPR_198", "index": 197}, {"name": "_L_EXPR_199", "index": 198, "slack": 1.0}, {"name": "_L_EXPR_200", "index": 199}, {"name": "_L_EXPR_201", "index": 200, "slack": 1.0}, {"name": "_L_EXPR_202", "index": 201}, {"name": "_L_EXPR_203", "index": 202}, {"name": "_L_EXPR_204", "index": 203, "slack": 1.0}, {"name": "_L_EXPR_205", "index": 204}, {"name": "_L_EXPR_206", "index": 205}, {"name": "_L_EXPR_207", "index": 206, "slack": 1.0}, {"name": "_L_EXPR_208", "index": 207}, {"name": "_L_EXPR_209", "index": 208}, {"name": "_L_EXPR_210", "index": 209, "slack": 1.0}, {"name": "_L_EXPR_211", "index": 210}, {"name": "_L_EXPR_212", "index": 211}, {"name": "_L_EXPR_213", "index": 212, "slack": 1.0}, {"name": "_L_EXPR_214", "index": 213}, {"name": "_L_EXPR_215", "index": 214}, {"name": "_L_EXPR_216", "index": 215}, {"name": "_L_EXPR_217", "index": 216, "slack": 1.0}, {"name": "_L_EXPR_218", "index": 217}, {"name": "_L_EXPR_219", "index": 218, "slack": 1.0}, {"name": "_L_EXPR_220", "index": 219}, {"name": "_L_EXPR_221", "index": 220}, {"name": "_L_EXPR_222", "index": 221}, {"name": "_L_EXPR_223", "index": 222}, {"name": "_L_EXPR_224", "index": 223, "slack": 1.0}, {"name": "_L_EXPR_225", "index": 224, "slack": 1.0}, {"name": "_L_EXPR_226", "index": 225}, {"name": "_L_EXPR_227", "index": 226}, {"name": "_L_EXPR_228", "index": 227}, {"name": "_L_EXPR_229", "index": 228, "slack": 1.0}, {"name": "_L_EXPR_230", "index": 229}, {"name": "_L_EXPR_231", "index": 230, "slack": 1.0}, {"name": "_L_EXPR_232", "index": 231}, {"name": "_L_EXPR_233", "index": 232}, {"name": "_L_EXPR_234", "index": 233, "slack": 1.0}, {"name": "_L_EXPR_235", "index": 234}, {"name": "_L_EXPR_236", "index": 235}, {"name": "_L_EXPR_237", "index": 236, "slack": 1.0}, {"name": "_L_EXPR_238", "index": 237, "slack": 1.0}, {"name": "_L_EXPR_239", "index": 238}, {"name": "_L_EXPR_240", "index": 239}, {"name": "_L_EXPR_241", "index": 240}, {"name": "_L_EXPR_242", "index": 241}, {"name": "_L_EXPR_243", "index": 242, "slack": 1.0}, {"name": "_L_EXPR_244", "index": 243}, {"name": "_L_EXPR_245", "index": 244}, {"name": "_L_EXPR_246", "index": 245}, {"name": "_L_EXPR_247", "index": 246}, {"name": "_L_EXPR_248", "index": 247}, {"name": "_L_EXPR_249", "index": 248}, {"name": "_L_EXPR_250", "index": 249}, {"name": "_L_EXPR_251", "index": 250}, {"name": "_L_EXPR_252", "index": 251}, {"name": "_L_EXPR_253", "index": 252}]}}