{"goalObjectives":[{"weight":1.0,"weightedValue":90.0,"value":90.0,"verbalization":"Minimize time to complete all Activities","scaledWeight":1.0}],"decisions_sorted_columns":{"ScheduledActivities":["Activity","Subcontractor","Subcontractor-Activity assignment","Activity start","Activity start Date","Activity duration","Activity end","Activity end Date","Next","Sequence index","Activity Duration in days"]},"decisions_schema":{"ScheduledActivities":[{"domainConcepts":"cTask","semantic":"cSchedulingAssignment,Activity","level":1,"isKPI":false,"concept":"Activity","isKey":true,"isDecision":false,"id":"Activity","type":"STRING"},{"domainConcepts":"cUnaryResource","semantic":"cSchedulingAssignment,Subcontractor","level":1,"isKPI":false,"concept":"Subcontractor","isKey":true,"isDecision":false,"id":"Subcontractor","type":"STRING"},{"domainConcepts":"cSchedulingAssignment","semantic":"task.assign","level":9,"isKPI":false,"concept":"cSchedulingAssignment","isKey":false,"isDecision":true,"id":"Subcontractor-Activity assignment","type":"NUMBER"},{"domainConcepts":"cSchedulingAssignment","semantic":"task.start","level":10,"isKPI":false,"concept":"Activity","isKey":false,"isDecision":true,"id":"Activity start","type":"NUMBER"},{"domainConcepts":"cSchedulingAssignment","semantic":"task.start","level":10,"isKPI":false,"concept":"Activity","isKey":false,"isDecision":true,"id":"Activity start Date","type":"DateTime"},{"domainConcepts":"cSchedulingAssignment","semantic":"task.duration","level":11,"isKPI":false,"concept":"Activity","isKey":false,"isDecision":true,"id":"Activity duration","type":"NUMBER"},{"domainConcepts":"cSchedulingAssignment","semantic":"task.end","level":12,"isKPI":false,"concept":"Activity","isKey":false,"isDecision":true,"id":"Activity end","type":"NUMBER"},{"domainConcepts":"cSchedulingAssignment","semantic":"task.end","level":12,"isKPI":false,"concept":"Activity","isKey":false,"isDecision":true,"id":"Activity end Date","type":"DateTime"},{"domainConcepts":"cSchedulingAssignment","semantic":"sequence.nextTask","level":20,"isKPI":true,"concept":"cSchedulingAssignment__Activity__Subcontractor__","isKey":false,"isDecision":false,"id":"Next","type":"INTEGER"},{"domainConcepts":"cSchedulingAssignment","semantic":"sequence.index","level":20,"isKPI":true,"concept":"cSchedulingAssignment__Activity__Subcontractor__","isKey":false,"isDecision":false,"id":"Sequence index","type":"INTEGER"},{"domainConcepts":"cTask","semantic":"cSchedulingAssignment,Activity","level":2,"isKPI":false,"concept":"Activity","isKey":false,"isDecision":false,"id":"Activity Duration in days","type":"NUMBER"}]},"decisions":{"ScheduledActivities":[{"Activity start":"2023\/10\/10 00:00:00","Activity start Date":"2023-10-10 00:00:00","Activity end":"2023\/11\/14 00:00:00","Subcontractor-Activity assignment":1,"Activity end Date":"2023-11-14 00:00:00","Next":"Activity:ceiling","Subcontractor":"Joe","Activity":"masonry","Sequence index":"1.0","Activity Duration in days":35,"Activity duration":35.0},{"Activity start":"2023\/11\/14 00:00:00","Activity start Date":"2023-11-14 00:00:00","Activity end":"2023\/11\/29 00:00:00","Subcontractor-Activity assignment":1,"Activity end Date":"2023-11-29 00:00:00","Next":"Activity:painting","Subcontractor":"Jim","Activity":"carpentry","Sequence index":"1.0","Activity Duration in days":15,"Activity duration":15.0},{"Activity start":"2023\/11\/14 00:00:00","Activity start Date":"2023-11-14 00:00:00","Activity end":"2023\/11\/29 00:00:00","Subcontractor-Activity assignment":1,"Activity end Date":"2023-11-29 00:00:00","Next":"Activity:roofing","Subcontractor":"Joe","Activity":"ceiling","Sequence index":"2.0","Activity Duration in days":15,"Activity duration":15.0},{"Activity start":"2023\/11\/14 00:00:00","Activity start Date":"2023-11-14 00:00:00","Activity end":"2023\/12\/24 00:00:00","Subcontractor-Activity assignment":1,"Activity end Date":"2023-12-24 00:00:00","Subcontractor":"Jack","Activity":"plumbing","Sequence index":"1.0","Activity Duration in days":40,"Activity duration":40.0},{"Activity start":"2023\/11\/29 00:00:00","Activity start Date":"2023-11-29 00:00:00","Activity end":"2023\/12\/04 00:00:00","Subcontractor-Activity assignment":1,"Activity end Date":"2023-12-04 00:00:00","Next":"Activity:windows","Subcontractor":"Joe","Activity":"roofing","Sequence index":"3.0","Activity Duration in days":5,"Activity duration":5.0},{"Activity start":"2023\/11\/29 00:00:00","Activity start Date":"2023-11-29 00:00:00","Activity end":"2023\/12\/09 00:00:00","Subcontractor-Activity assignment":1,"Activity end Date":"2023-12-09 00:00:00","Next":"Activity:garden","Subcontractor":"Jim","Activity":"painting","Sequence index":"2.0","Activity Duration in days":10,"Activity duration":10.0},{"Activity start":"2023\/12\/04 00:00:00","Activity start Date":"2023-12-04 00:00:00","Activity end":"2023\/12\/09 00:00:00","Subcontractor-Activity assignment":1,"Activity end Date":"2023-12-09 00:00:00","Next":"Activity:facade","Subcontractor":"Joe","Activity":"windows","Sequence index":"4.0","Activity Duration in days":5,"Activity duration":5.0},{"Activity start":"2023\/12\/24 00:00:00","Activity start Date":"2023-12-24 00:00:00","Activity end":"2023\/12\/29 00:00:00","Subcontractor-Activity assignment":1,"Activity end Date":"2023-12-29 00:00:00","Subcontractor":"Jim","Activity":"garden","Sequence index":"3.0","Activity Duration in days":5,"Activity duration":5.0},{"Activity start":"2023\/12\/24 00:00:00","Activity start Date":"2023-12-24 00:00:00","Activity end":"2024\/01\/03 00:00:00","Subcontractor-Activity assignment":1,"Activity end Date":"2024-01-03 00:00:00","Next":"Activity:moving","Subcontractor":"Joe","Activity":"facade","Sequence index":"5.0","Activity Duration in days":10,"Activity duration":10.0},{"Activity start":"2024\/01\/03 00:00:00","Activity start Date":"2024-01-03 00:00:00","Activity end":"2024\/01\/08 00:00:00","Subcontractor-Activity assignment":1,"Activity end Date":"2024-01-08 00:00:00","Subcontractor":"Joe","Activity":"moving","Sequence index":"6.0","Activity Duration in days":5,"Activity duration":5.0}]}}