Activity,Subcontractor,Subcontractor-Activity assignment,Activity start,Activity start Date,Activity duration,Activity end,Activity end Date,Next,Sequence index,Activity Duration in days
carpentry,Jim,1,35.0,2023-11-14 00:00:00,15.0,50.0,2023-11-29 00:00:00,painting,1.0,15
ceiling,Joe,1,35.0,2023-11-14 00:00:00,15.0,50.0,2023-11-29 00:00:00,roofing,2.0,15
facade,Joe,1,75.0,2023-12-24 00:00:00,10.0,85.0,2024-01-03 00:00:00,moving,5.0,10
garden,Jim,1,75.0,2023-12-24 00:00:00,5.0,80.0,2023-12-29 00:00:00,,3.0,5
masonry,Joe,1,0.0,2023-10-10 00:00:00,35.0,35.0,2023-11-14 00:00:00,ceiling,1.0,35
moving,Joe,1,85.0,2024-01-03 00:00:00,5.0,90.0,2024-01-08 00:00:00,,6.0,5
painting,Jim,1,50.0,2023-11-29 00:00:00,10.0,60.0,2023-12-09 00:00:00,garden,2.0,10
plumbing,Jack,1,35.0,2023-11-14 00:00:00,40.0,75.0,2023-12-24 00:00:00,,1.0,40
roofing,Joe,1,50.0,2023-11-29 00:00:00,5.0,55.0,2023-12-04 00:00:00,windows,3.0,5
windows,Joe,1,55.0,2023-12-04 00:00:00,5.0,60.0,2023-12-09 00:00:00,facade,4.0,5
