{"creationTime":1698151620352,"lastModificationTime":1698151661103,"state":"TERMINATED","solveConfig":{"containerId":"Scenario 1","solveParameters":{"oaas.logAttachmentName":"log.txt","oaas.logTailEnabled":"true"},"setupWebHook":{"verb":"GET","url":"https://internal-nginx-svc:12443/v1/cognitive/solve/preprocess/Scenario%201?projectId=4bcb4898-8a86-4f3f-8ba7-4dc62cc7ebc2&parentId=HouseConstructionScheduling","expectedStatus":200,"headers":{}},"tearDownWebHook":{"verb":"GET","url":"https://internal-nginx-svc:12443/v1/cognitive/solve/postprocess/Scenario%201?projectId=4bcb4898-8a86-4f3f-8ba7-4dc62cc7ebc2&parentId=HouseConstructionScheduling","expectedStatus":200,"headers":{}}},"jobDetails":{"id":"31838da4-7922-49eb-ab4c-d41bdc715068","createdAt":1698151626587,"startedAt":1698151651679,"endedAt":1698151655654,"submittedAt":1698151626587,"details":{"KPI.PROGRESS_CURRENT_OBJECTIVE":"90.00000000000001","KPI.time to complete all Activities":"90","MODEL_DETAIL_CONSTRAINTS":"68","MODEL_DETAIL_INTEGER_VARS":"0","MODEL_DETAIL_INTERVAL_VARS":"40","MODEL_DETAIL_KPIS":"[\"time to complete all Activities\"]","MODEL_DETAIL_OBJECTIVE_SENSE":"minimize","MODEL_DETAIL_SEQUENCE_VARS":"3","MODEL_DETAIL_TYPE":"CPO Scheduling","PROGRESS_BEST_BOUND":"90","PROGRESS_BEST_OBJECTIVE":"90","PROGRESS_BEST_OBJECTIVE.history":"[[1698151655.03, \"90\"], [1698151655.06, \"90\"]]","PROGRESS_CURRENT_OBJECTIVE":"90.00000000000001","PROGRESS_CURRENT_OBJECTIVE.history":"[[1698151655.03, \"90\"], [1698151655.06, \"90.00000000000001\"]]","PROGRESS_GAP":"1.57898e-16","PROGRESS_GAP.history":"[[1698151655.03, \"1.57898e-16\"], [1698151655.06, \"1.57898e-16\"]]","STAT.cpo.modelType":"CPO","STAT.cpo.size.constraints":"68","STAT.cpo.size.integerVariables":"0","STAT.cpo.size.intervalVariables":"40","STAT.cpo.size.sequenceVariables":"3","STAT.cpo.size.variables":"43","STAT.cpo.solve.memoryUsage":"1015501","STAT.cpo.solve.numberOfBranches":"13","STAT.cpo.solve.time":"0.01","STAT.job.coresCount":"1","STAT.job.inputsReadMs":"2846","STAT.job.memoryPeakKB":"127016","STAT.job.modelProcessingMs":"364","STAT.job.outputsWriteMs":"498","latestOutputUpload":"2023-10-24T12:47:35.651Z"},"executionStatus":"PROCESSED","solveStatus":"OPTIMAL_SOLUTION","logTail":["[2023-10-24T12:47:34.580Z, WARNING] Python 3.10 is used as default with pandas 1.5.3 libraries.","[2023-10-24T12:47:34.719Z, INFO] {'Subcontractor.csv': {'Name': 'str'}, 'Activity.csv': {'Activity': 'str', 'Preceding activities': 'str', 'Possible Subcontractors': 'str'}, 'Expertise.csv': {'Activity': 'str', 'Subcontractor': 'str'}}","[2023-10-24T12:47:34.966Z, INFO] * building wado model","[2023-10-24T12:47:34.992Z, INFO] model building done in 0.02660989761352539 secs","[2023-10-24T12:47:34.994Z, INFO] * running wado model","[2023-10-24T12:47:34.995Z, INFO] WARNING: Number of workers has been reduced to 1 to comply with platform limitations.","[2023-10-24T12:47:35.016Z, INFO]  ! --------------------------------------------------- CP Optimizer 22.1.1.0 --","[2023-10-24T12:47:35.017Z, INFO]  ! Minimization problem - 43 variables, 68 constraints","[2023-10-24T12:47:35.018Z, INFO]  ! Presolve      : 10 extractables eliminated","[2023-10-24T12:47:35.019Z, INFO]  ! TimeLimit            = 120","[2023-10-24T12:47:35.020Z, INFO]  ! Workers              = 1","[2023-10-24T12:47:35.021Z, INFO]  ! Initial process time : 0.01s (0.01s extraction + 0.00s propagation)","[2023-10-24T12:47:35.022Z, INFO]  !  . Log search space  : 148.1 (before), 148.1 (after)","[2023-10-24T12:47:35.023Z, INFO]  !  . Memory usage      : 543.9 kB (before), 543.9 kB (after)","[2023-10-24T12:47:35.024Z, INFO]  ! Using sequential search.","[2023-10-24T12:47:35.025Z, INFO]  ! ----------------------------------------------------------------------------","[2023-10-24T12:47:35.027Z, INFO]  !          Best Branches  Non-fixed            Branch decision","[2023-10-24T12:47:35.033Z, INFO]                         0         43                 -","[2023-10-24T12:47:35.034Z, INFO]  + New bound is 90","[2023-10-24T12:47:35.035Z, INFO]  *      90.00000       11  0.01s               (gap is 0.00%)","[2023-10-24T12:47:35.036Z, INFO]  I time to complete all Activities: 90","[2023-10-24T12:47:35.044Z, INFO] Objective values: (90,)","[2023-10-24T12:47:35.045Z, INFO] time to complete all Activities --> 90","[2023-10-24T12:47:35.060Z, INFO] solution export done in 0.0324246883392334 secs","[2023-10-24T12:47:35.066Z, INFO]  ! ----------------------------------------------------------------------------","[2023-10-24T12:47:35.067Z, INFO]  ! Search completed, 1 solution found.","[2023-10-24T12:47:35.068Z, INFO]  ! Best objective         : 90.00000 (optimal - effective tol. is 0.009)","[2023-10-24T12:47:35.069Z, INFO]  ! Best bound             : 90","[2023-10-24T12:47:35.069Z, INFO]  ! time to complete all Activities: 90","[2023-10-24T12:47:35.070Z, INFO]  ! ----------------------------------------------------------------------------","[2023-10-24T12:47:35.071Z, INFO]  ! Number of branches     : 13","[2023-10-24T12:47:35.071Z, INFO]  ! Number of fails        : 13","[2023-10-24T12:47:35.072Z, INFO]  ! Total memory usage     : 1.1 MB (1.0 MB CP Optimizer + 0.1 MB Concert)","[2023-10-24T12:47:35.073Z, INFO]  ! Time spent in solve    : 0.01s (0.00s engine + 0.01s extraction)","[2023-10-24T12:47:35.074Z, INFO]  ! Search speed (br. / s) : 1300.0","[2023-10-24T12:47:35.075Z, INFO]  ! ----------------------------------------------------------------------------","[2023-10-24T12:47:35.078Z, INFO] solve + export of all intermediate solutions done in 0.07361602783203125 secs"]},"taskSetupTime":1698151626611,"taskSolveTime":1698151658847,"taskTearDownTime":1698151661088,"jobSpaceId":"1e6362e3-9985-4ea3-b8ba-5d35f3036aa5","jobDeploymentId":"3369a724-e521-47d8-a001-1f8a7cc1d684","jobId":"31838da4-7922-49eb-ab4c-d41bdc715068","ping":1698151650545}