{"creationTime":1687855298160,"lastModificationTime":1687855311720,"state":"TERMINATED","solveConfig":{"containerId":"scenario 4","solveParameters":{"oaas.logAttachmentName":"log.txt","oaas.logTailEnabled":"true"},"setupWebHook":{"verb":"GET","url":"https://internal-nginx-svc:12443/v1/cognitive/solve/preprocess/scenario%204?projectId=9d08fb61-4c2d-4eaa-b28e-255cccbc8df8&parentId=MarketingCampaignAssignment","expectedStatus":200,"headers":{}},"tearDownWebHook":{"verb":"GET","url":"https://internal-nginx-svc:12443/v1/cognitive/solve/postprocess/scenario%204?projectId=9d08fb61-4c2d-4eaa-b28e-255cccbc8df8&parentId=MarketingCampaignAssignment","expectedStatus":200,"headers":{}}},"jobDetails":{"id":"8f28842b-c9e8-4f39-bc0c-d7b922de29eb","createdAt":1687855300988,"startedAt":1687855301563,"endedAt":1687855302539,"submittedAt":1687855300988,"details":{"KPI.overall quality or value of Customer-Campaign assignments according to Candidates":"715.0","KPI.the number of Customer-Campaign assignments":"9.0","MODEL_DETAIL_BOOLEAN_VARS":"27","MODEL_DETAIL_CONSTRAINTS":"15","MODEL_DETAIL_CONTINUOUS_VARS":"0","MODEL_DETAIL_INTEGER_VARS":"0","MODEL_DETAIL_KPIS":"[\"the number of Customer-Campaign assignments\", \"overall quality or value of Customer-Campaign assignments according to Candidates\"]","MODEL_DETAIL_NONZEROS":"57","MODEL_DETAIL_OBJECTIVE_SENSE":"maximize","MODEL_DETAIL_TYPE":"MILP","PROGRESS_BEST_OBJECTIVE":"11584.0","PROGRESS_BEST_OBJECTIVE.history":"[[1687855302.2, 11584.0]]","PROGRESS_CURRENT_OBJECTIVE":"11584.0","PROGRESS_CURRENT_OBJECTIVE.history":"[[1687855302.2, 11584.0]]","PROGRESS_GAP":"0.0","PROGRESS_GAP.history":"[[1687855302.2, 0.0]]","STAT.cplex.modelType":"MILP","STAT.cplex.size.booleanVariables":"27","STAT.cplex.size.constraints":"15","STAT.cplex.size.continousVariables":"0","STAT.cplex.size.integerVariables":"0","STAT.cplex.size.linearConstraints":"15","STAT.cplex.size.quadraticConstraints":"0","STAT.cplex.size.variables":"27","STAT.job.coresCount":"1","STAT.job.inputsReadMs":"449","STAT.job.memoryPeakKB":"113072","STAT.job.modelProcessingMs":"151","STAT.job.outputsWriteMs":"164"},"executionStatus":"PROCESSED","solveStatus":"OPTIMAL_SOLUTION","logTail":["[2023-06-27T08:41:42.211Z, INFO] WARNING: Number of workers has been reduced to 1 to comply with platform limitations.","[2023-06-27T08:41:42.212Z, INFO] Version identifier: 22.1.1.0 | 2023-06-15 | d64d5bd77","[2023-06-27T08:41:42.213Z, INFO] CPXPARAM_Read_DataCheck                          1","[2023-06-27T08:41:42.214Z, INFO] CPXPARAM_Threads                                 1","[2023-06-27T08:41:42.215Z, INFO] CPXPARAM_TimeLimit                               120","[2023-06-27T08:41:42.216Z, INFO] Legacy callback                                  i","[2023-06-27T08:41:42.216Z, INFO] Tried aggregator 1 time.","[2023-06-27T08:41:42.217Z, INFO] MIP Presolve eliminated 4 rows and 5 columns.","[2023-06-27T08:41:42.218Z, INFO] Reduced MIP has 11 rows, 22 columns, and 44 nonzeros.","[2023-06-27T08:41:42.219Z, INFO] Reduced MIP has 22 binaries, 0 generals, 0 SOSs, and 0 indicators.","[2023-06-27T08:41:42.220Z, INFO] Presolve time = 0.00 sec. (0.03 ticks)","[2023-06-27T08:41:42.221Z, INFO] Found incumbent of value 1616.000000 after 0.00 sec. (0.04 ticks)","[2023-06-27T08:41:42.222Z, INFO] Probing time = 0.00 sec. (0.01 ticks)","[2023-06-27T08:41:42.223Z, INFO] Tried aggregator 1 time.","[2023-06-27T08:41:42.224Z, INFO] Detecting symmetries...","[2023-06-27T08:41:42.224Z, INFO] Reduced MIP has 11 rows, 22 columns, and 44 nonzeros.","[2023-06-27T08:41:42.225Z, INFO] Reduced MIP has 22 binaries, 0 generals, 0 SOSs, and 0 indicators.","[2023-06-27T08:41:42.226Z, INFO] Presolve time = 0.00 sec. (0.03 ticks)","[2023-06-27T08:41:42.227Z, INFO] Probing time = 0.00 sec. (0.01 ticks)","[2023-06-27T08:41:42.228Z, INFO] Clique table members: 8.","[2023-06-27T08:41:42.228Z, INFO] MIP emphasis: balance optimality and feasibility.","[2023-06-27T08:41:42.229Z, INFO] MIP search method: dynamic search.","[2023-06-27T08:41:42.230Z, INFO] Parallel mode: none, using 1 thread.","[2023-06-27T08:41:42.230Z, INFO] Root relaxation solution time = 0.00 sec. (0.02 ticks)","[2023-06-27T08:41:42.231Z, INFO] ","[2023-06-27T08:41:42.231Z, INFO]         Nodes                                         Cuts/","[2023-06-27T08:41:42.232Z, INFO]    Node  Left     Objective  IInf  Best Integer    Best Bound    ItCnt     Gap","[2023-06-27T08:41:42.232Z, INFO] ","[2023-06-27T08:41:42.233Z, INFO] *     0+    0                         1616.0000    26128.0000              --- ","[2023-06-27T08:41:42.233Z, INFO] *     0     0      integral     0    11584.0000    11584.0000        9    0.00%","[2023-06-27T08:41:42.234Z, INFO] Elapsed time = 0.00 sec. (0.13 ticks, tree = 0.00 MB, solutions = 2)","[2023-06-27T08:41:42.235Z, INFO] ","[2023-06-27T08:41:42.235Z, INFO] Root node processing (before b&c):","[2023-06-27T08:41:42.236Z, INFO]   Real time             =    0.00 sec. (0.13 ticks)","[2023-06-27T08:41:42.236Z, INFO] Sequential b&c:","[2023-06-27T08:41:42.237Z, INFO]   Real time             =    0.00 sec. (0.00 ticks)","[2023-06-27T08:41:42.237Z, INFO]                           ------------","[2023-06-27T08:41:42.238Z, INFO] Total (root+branch&cut) =    0.00 sec. (0.13 ticks)","[2023-06-27T08:41:42.243Z, INFO] Solve status: JobSolveStatus.OPTIMAL_SOLUTION","[2023-06-27T08:41:42.243Z, INFO] * model docplex_model1 solved with objective = 11584.000","[2023-06-27T08:41:42.243Z, INFO] *  KPI: the number of Customer-Campaign assignments                                       = 9.000","[2023-06-27T08:41:42.244Z, INFO] *  KPI: overall quality or value of Customer-Campaign assignments according to Candidates = 715.000","[2023-06-27T08:41:42.244Z, INFO] model solve done in 0.014068603515625 secs","[2023-06-27T08:41:42.256Z, INFO] solution export done in 0.008373498916625977 secs","[2023-06-27T08:41:42.257Z, INFO] AssignedCampaigns.csv"]},"runtimeDetails":{"state":"STARTED"},"taskSetupMillis":2269,"taskSolveMillis":5110,"taskTearDownMillis":4721,"jobSpaceId":"3d14a570-f6e3-4665-bd9b-5b4b94d83c31","jobDeploymentId":"65e2605e-7590-47eb-9df1-7a7e9f83974c","jobId":"8f28842b-c9e8-4f39-bc0c-d7b922de29eb","ping":1687855298731}