{"parentId":"PortfolioAllocation","category":"dashboard","readOnly":false,"creator":"stephane.michel@fr.ibm.com","createdAt":1532940627771,"usage":{"lastModificationTime":1532942153206,"lastModifier":"stephane.michel@fr.ibm.com"},"dataUsagePerCategory":{"":{"lastModificationTime":1532942153206,"lastModifier":"stephane.michel@fr.ibm.com"}},"state":"available","assets":[{"name":"dashboard.json","creator":"stephane.michel@fr.ibm.com","createdAt":1532940630999,"lastUpdater":"stephane.michel@fr.ibm.com","updatedAt":1532942153206,"contentType":"application/json","path":"dashboard.json"}]}