{"goalObjectives":[{"weight":1.0,"weightedValue":445.0,"value":445.0,"verbalization":"Maximize total expected value of Candidates over all selections","scaledWeight":1.0}],"decisions_sorted_columns":{"SelectedCandidates":["Candidates","selected Candidates decision","Candidates Campaign","Candidates Customer","Candidates expected value"]},"decisions_schema":{"SelectedCandidates":[{"domainConcepts":"cItem","semantic":"cSelection,Candidates","level":1,"isKPI":false,"concept":"Candidates","isKey":true,"isDecision":false,"id":"Candidates","type":"STRING"},{"domainConcepts":"cSelection","semantic":null,"level":10,"isKPI":false,"concept":"cSelection","isKey":false,"isDecision":true,"id":"selected Candidates decision","type":"BOOLEAN"},{"domainConcepts":"","semantic":"cSelection,Candidates,Campaign","level":3,"isKPI":false,"concept":"Campaign","isKey":false,"isDecision":false,"id":"Candidates Campaign","type":"STRING"},{"domainConcepts":"","semantic":"cSelection,Candidates,Customer","level":3,"isKPI":false,"concept":"Customer","isKey":false,"isDecision":false,"id":"Candidates Customer","type":"STRING"},{"domainConcepts":"cItem","semantic":"cSelection,Candidates","level":2,"isKPI":false,"concept":"Candidates","isKey":false,"isDecision":false,"id":"Candidates expected value","type":"NUMBER"}]},"decisions":{"SelectedCandidates":[{"Candidates Customer":"Customer 1","Candidates":"0","Candidates Campaign":"Home","Candidates expected value":100,"selected Candidates decision":"1.0"},{"Candidates Customer":"Customer 5","Candidates":"4","Candidates Campaign":"Home","Candidates expected value":75,"selected Candidates decision":"1.0"},{"Candidates Customer":"Customer 7","Candidates":"6","Candidates Campaign":"Home","Candidates expected value":80,"selected Candidates decision":"1.0"},{"Candidates Customer":"Customer 4","Candidates":"12","Candidates Campaign":"Auto","Candidates expected value":80,"selected Candidates decision":"1.0"},{"Candidates Customer":"Customer 9","Candidates":"17","Candidates Campaign":"Auto","Candidates expected value":110,"selected Candidates decision":"1.0"}]}}