{"goalObjectives":[{"weight":1.0,"weightedValue":445.0,"value":445.0,"verbalization":"Maximize total expected value of Candidates over all selections","scaledWeight":1.0}],"decisions_sorted_columns":{"Candidates_selection_solution":["Candidates __line","Candidates selection decision","Candidates Campaign id","Candidates Customer id","Candidates expected value"]},"decisions_schema":{"Candidates_selection_solution":[{"domainConcepts":"cItem","semantic":"cSelection[Candidates],Candidates","level":1,"isKPI":false,"concept":"Candidates","isKey":true,"isDecision":false,"id":"Candidates __line","type":"STRING"},{"domainConcepts":"cSelection","semantic":null,"level":10,"isKPI":false,"concept":"cSelection[Candidates]","isKey":false,"isDecision":true,"id":"Candidates selection decision","type":"BOOLEAN"},{"domainConcepts":"","semantic":"cSelection[Candidates],Candidates,Campaign","level":3,"isKPI":false,"concept":"Campaign","isKey":false,"isDecision":false,"id":"Candidates Campaign id","type":"STRING"},{"domainConcepts":"","semantic":"cSelection[Candidates],Candidates,Customer","level":3,"isKPI":false,"concept":"Customer","isKey":false,"isDecision":false,"id":"Candidates Customer id","type":"STRING"},{"domainConcepts":"cItem","semantic":"cSelection[Candidates],Candidates","level":2,"isKPI":false,"concept":"Candidates","isKey":false,"isDecision":false,"id":"Candidates expected value","type":"NUMBER"}]},"decisions":{"Candidates_selection_solution":[{"Candidates selection decision":"1.0","Candidates Customer id":"Customer 1","Candidates Campaign id":"Home","Candidates __line":"0","Candidates expected value":100},{"Candidates selection decision":"1.0","Candidates Customer id":"Customer 5","Candidates Campaign id":"Home","Candidates __line":"4","Candidates expected value":75},{"Candidates selection decision":"1.0","Candidates Customer id":"Customer 7","Candidates Campaign id":"Home","Candidates __line":"6","Candidates expected value":80},{"Candidates selection decision":"1.0","Candidates Customer id":"Customer 4","Candidates Campaign id":"Auto","Candidates __line":"12","Candidates expected value":80},{"Candidates selection decision":"1.0","Candidates Customer id":"Customer 9","Candidates Campaign id":"Auto","Candidates __line":"17","Candidates expected value":110}]}}