Candidates,Candidates Campaign,Candidates Customer,Candidates expected value
1,Home,Customer 2,50
2,Home,Customer 3,60
3,Home,Customer 4,55
5,Home,Customer 6,75
7,Home,Customer 8,65
8,Home,Customer 9,80
9,Auto,Customer 1,120
10,Auto,Customer 2,70
11,Auto,Customer 3,75
13,Auto,Customer 5,60
14,Auto,Customer 6,65
15,Auto,Customer 7,70
16,Auto,Customer 8,60
18,Travel,Customer 1,90
19,Travel,Customer 2,75
20,Travel,Customer 3,65
21,Travel,Customer 4,75
22,Travel,Customer 5,50
23,Travel,Customer 6,60
24,Travel,Customer 7,75
25,Travel,Customer 8,60
26,Travel,Customer 9,75
