{"creationTime":1651045398979,"lastModificationTime":1651045439450,"state":"TERMINATED","solveConfig":{"containerId":"scenario 4 selection","solveParameters":{},"setupWebHook":{"verb":"GET","url":"https://api.dataplatform.cloud.ibm.com/v1/cognitive/solve/preprocess/scenario%204%20selection?projectId=d25f1f0d-0115-473b-a5ef-527c4bc8048f&parentId=MarketingCampaignAssignment","expectedStatus":200,"headers":{}},"tearDownWebHook":{"verb":"GET","url":"https://api.dataplatform.cloud.ibm.com/v1/cognitive/solve/postprocess/scenario%204%20selection?projectId=d25f1f0d-0115-473b-a5ef-527c4bc8048f&parentId=MarketingCampaignAssignment","expectedStatus":200,"headers":{}}},"jobDetails":{"id":"759cc280-607a-4363-98ac-fd8cfcc0732a","createdAt":1651045406347,"startedAt":1651045431219,"endedAt":1651045434326,"submittedAt":1651045406347,"details":{"KPI.total expected value of Candidates over all selections":"445.0","MODEL_DETAIL_BOOLEAN_VARS":"27","MODEL_DETAIL_CONSTRAINTS":"15","MODEL_DETAIL_CONTINUOUS_VARS":"0","MODEL_DETAIL_INTEGER_VARS":"0","MODEL_DETAIL_KPIS":"[\"total expected value of Candidates over all selections\"]","MODEL_DETAIL_NONZEROS":"109","MODEL_DETAIL_OBJECTIVE_SENSE":"maximize","MODEL_DETAIL_TYPE":"MILP","PROGRESS_BEST_OBJECTIVE":"445.0","PROGRESS_BEST_OBJECTIVE.history":"[[1651045432.9, 445.0]]","PROGRESS_CURRENT_OBJECTIVE":"445.0","PROGRESS_CURRENT_OBJECTIVE.history":"[[1651045432.9, 445.0]]","PROGRESS_GAP":"0.0","PROGRESS_GAP.history":"[[1651045432.9, 0.0]]","STAT.cplex.modelType":"MILP","STAT.cplex.size.booleanVariables":"27","STAT.cplex.size.constraints":"15","STAT.cplex.size.continousVariables":"0","STAT.cplex.size.integerVariables":"0","STAT.cplex.size.linearConstraints":"15","STAT.cplex.size.quadraticConstraints":"0","STAT.cplex.size.variables":"27","STAT.job.coresCount":"1","STAT.job.inputsReadMs":"891","STAT.job.memoryPeakKB":"109736","STAT.job.modelProcessingMs":"650","STAT.job.outputsWriteMs":"1171"},"executionStatus":"PROCESSED","solveStatus":"OPTIMAL_SOLUTION","logTail":["[2022-04-27T07:43:52Z, INFO] WARNING: Number of workers has been reduced to 1 to comply with platform limitations.","[2022-04-27T07:43:52Z, INFO] Version identifier: 20.1.0.1 | 2021-12-07 | 9dfdf6686","[2022-04-27T07:43:52Z, INFO] CPXPARAM_Read_DataCheck                          1","[2022-04-27T07:43:52Z, INFO] CPXPARAM_Threads                                 1","[2022-04-27T07:43:52Z, INFO] CPXPARAM_TimeLimit                               120","[2022-04-27T07:43:52Z, INFO] Legacy callback                                  i","[2022-04-27T07:43:52Z, INFO] Found incumbent of value 100.000000 after 0.00 sec. (0.00 ticks)","[2022-04-27T07:43:52Z, INFO] Tried aggregator 1 time.","[2022-04-27T07:43:52Z, INFO] MIP Presolve eliminated 3 rows and 3 columns.","[2022-04-27T07:43:52Z, INFO] Reduced MIP has 12 rows, 24 columns, and 72 nonzeros.","[2022-04-27T07:43:52Z, INFO] Reduced MIP has 24 binaries, 0 generals, 0 SOSs, and 0 indicators.","[2022-04-27T07:43:52Z, INFO] Presolve time = 0.00 sec. (0.05 ticks)","[2022-04-27T07:43:52Z, INFO] Probing time = 0.00 sec. (0.01 ticks)","[2022-04-27T07:43:52Z, INFO] Tried aggregator 1 time.","[2022-04-27T07:43:52Z, INFO] Detecting symmetries...","[2022-04-27T07:43:52Z, INFO] Reduced MIP has 12 rows, 24 columns, and 72 nonzeros.","[2022-04-27T07:43:52Z, INFO] Reduced MIP has 24 binaries, 0 generals, 0 SOSs, and 0 indicators.","[2022-04-27T07:43:52Z, INFO] Presolve time = 0.00 sec. (0.05 ticks)","[2022-04-27T07:43:52Z, INFO] Probing time = 0.00 sec. (0.01 ticks)","[2022-04-27T07:43:52Z, INFO] Clique table members: 8.","[2022-04-27T07:43:52Z, INFO] MIP emphasis: balance optimality and feasibility.","[2022-04-27T07:43:52Z, INFO] MIP search method: dynamic search.","[2022-04-27T07:43:52Z, INFO] Parallel mode: none, using 1 thread.","[2022-04-27T07:43:52Z, INFO] Root relaxation solution time = 0.00 sec. (0.02 ticks)","[2022-04-27T07:43:52Z, INFO] ","[2022-04-27T07:43:52Z, INFO]         Nodes                                         Cuts/","[2022-04-27T07:43:52Z, INFO]    Node  Left     Objective  IInf  Best Integer    Best Bound    ItCnt     Gap","[2022-04-27T07:43:52Z, INFO] ","[2022-04-27T07:43:52Z, INFO] *     0+    0                          100.0000     1765.0000              --- ","[2022-04-27T07:43:52Z, INFO] *     0     0      integral     0      445.0000      445.0000        3    0.00%","[2022-04-27T07:43:52Z, INFO] Elapsed time = 0.00 sec. (0.18 ticks, tree = 0.00 MB, solutions = 2)","[2022-04-27T07:43:52Z, INFO] ","[2022-04-27T07:43:52Z, INFO] Root node processing (before b&c):","[2022-04-27T07:43:52Z, INFO]   Real time             =    0.00 sec. (0.18 ticks)","[2022-04-27T07:43:52Z, INFO] Sequential b&c:","[2022-04-27T07:43:52Z, INFO]   Real time             =    0.00 sec. (0.00 ticks)","[2022-04-27T07:43:52Z, INFO]                           ------------","[2022-04-27T07:43:52Z, INFO] Total (root+branch&cut) =    0.00 sec. (0.18 ticks)","[2022-04-27T07:43:52Z, INFO] Solve status: JobSolveStatus.OPTIMAL_SOLUTION","[2022-04-27T07:43:52Z, INFO] * model docplex_model1 solved with objective = 445.000","[2022-04-27T07:43:52Z, INFO] *  KPI: total expected value of Candidates over all selections = 445.000","[2022-04-27T07:43:52Z, INFO] model solve done in 0.025272846221923828 secs","[2022-04-27T07:43:52Z, INFO] solution export done in 0.020362377166748047 secs","[2022-04-27T07:43:52Z, INFO] SelectedCandidates.csv","[2022-04-27T07:43:52Z, INFO] NotSelectedCandidates.csv"]},"runtimeDetails":{"state":"STARTED"},"taskSetupMillis":7212,"taskSolveMillis":28390,"taskTearDownMillis":4157,"jobSpaceId":"6d902298-59e9-4647-88fa-075fbff492fc","jobDeploymentId":"2d0e2fb9-de0e-46cf-a63e-d09e3a2174c2","jobId":"759cc280-607a-4363-98ac-fd8cfcc0732a","ping":1651045429182}