{"creationTime":1645198529353,"lastModificationTime":1645198572573,"state":"TERMINATED","solveConfig":{"containerId":"scenario 4 selection","solveParameters":{},"setupWebHook":{"verb":"GET","url":"https://api.dataplatform.test.cloud.ibm.com/v1/cognitive/solve/preprocess/scenario%204%20selection?projectId=e752dffb-5e36-4918-8790-d07f8046816a&parentId=MarketingCampaignAssignment","expectedStatus":200,"headers":{}},"tearDownWebHook":{"verb":"GET","url":"https://api.dataplatform.test.cloud.ibm.com/v1/cognitive/solve/postprocess/scenario%204%20selection?projectId=e752dffb-5e36-4918-8790-d07f8046816a&parentId=MarketingCampaignAssignment","expectedStatus":200,"headers":{}}},"jobDetails":{"id":"f493d77b-01f5-443a-9bc9-8ec260829d74","createdAt":1645198533414,"startedAt":1645198555330,"endedAt":1645198564968,"submittedAt":1645198533414,"details":{"KPI.total expected value of Candidates over all selections":"445.0","MODEL_DETAIL_BOOLEAN_VARS":"27","MODEL_DETAIL_CONSTRAINTS":"15","MODEL_DETAIL_CONTINUOUS_VARS":"0","MODEL_DETAIL_INTEGER_VARS":"0","MODEL_DETAIL_KPIS":"[\"total expected value of Candidates over all selections\"]","MODEL_DETAIL_NONZEROS":"109","MODEL_DETAIL_OBJECTIVE_SENSE":"maximize","MODEL_DETAIL_TYPE":"MILP","PROGRESS_BEST_OBJECTIVE":"445.0","PROGRESS_BEST_OBJECTIVE.history":"[[1645198556.72, 445.0]]","PROGRESS_CURRENT_OBJECTIVE":"445.0","PROGRESS_CURRENT_OBJECTIVE.history":"[[1645198556.72, 445.0]]","PROGRESS_GAP":"0.0","PROGRESS_GAP.history":"[[1645198556.72, 0.0]]","STAT.cplex.modelType":"MILP","STAT.cplex.size.booleanVariables":"27","STAT.cplex.size.constraints":"15","STAT.cplex.size.continousVariables":"0","STAT.cplex.size.integerVariables":"0","STAT.cplex.size.linearConstraints":"15","STAT.cplex.size.quadraticConstraints":"0","STAT.cplex.size.variables":"27","STAT.job.coresCount":"1","STAT.job.inputsReadMs":"762","STAT.job.memoryPeakKB":"97100","STAT.job.modelProcessingMs":"485","STAT.job.outputsWriteMs":"8115"},"executionStatus":"PROCESSED","solveStatus":"OPTIMAL_SOLUTION","logTail":["[2022-02-18T15:35:56Z, INFO] WARNING: Number of workers has been reduced to 1 to comply with platform limitations.","[2022-02-18T15:35:56Z, INFO] Version identifier: 20.1.0.1 | 2021-12-07 | 9dfdf6686","[2022-02-18T15:35:56Z, INFO] CPXPARAM_Read_DataCheck                          1","[2022-02-18T15:35:56Z, INFO] CPXPARAM_Threads                                 1","[2022-02-18T15:35:56Z, INFO] CPXPARAM_TimeLimit                               120","[2022-02-18T15:35:56Z, INFO] Legacy callback                                  i","[2022-02-18T15:35:56Z, INFO] Found incumbent of value 100.000000 after 0.00 sec. (0.00 ticks)","[2022-02-18T15:35:56Z, INFO] Tried aggregator 1 time.","[2022-02-18T15:35:56Z, INFO] MIP Presolve eliminated 3 rows and 3 columns.","[2022-02-18T15:35:56Z, INFO] Reduced MIP has 12 rows, 24 columns, and 72 nonzeros.","[2022-02-18T15:35:56Z, INFO] Reduced MIP has 24 binaries, 0 generals, 0 SOSs, and 0 indicators.","[2022-02-18T15:35:56Z, INFO] Presolve time = 0.00 sec. (0.05 ticks)","[2022-02-18T15:35:56Z, INFO] Probing time = 0.00 sec. (0.01 ticks)","[2022-02-18T15:35:56Z, INFO] Tried aggregator 1 time.","[2022-02-18T15:35:56Z, INFO] Detecting symmetries...","[2022-02-18T15:35:56Z, INFO] Reduced MIP has 12 rows, 24 columns, and 72 nonzeros.","[2022-02-18T15:35:56Z, INFO] Reduced MIP has 24 binaries, 0 generals, 0 SOSs, and 0 indicators.","[2022-02-18T15:35:56Z, INFO] Presolve time = 0.00 sec. (0.05 ticks)","[2022-02-18T15:35:56Z, INFO] Probing time = 0.00 sec. (0.01 ticks)","[2022-02-18T15:35:56Z, INFO] Clique table members: 8.","[2022-02-18T15:35:56Z, INFO] MIP emphasis: balance optimality and feasibility.","[2022-02-18T15:35:56Z, INFO] MIP search method: dynamic search.","[2022-02-18T15:35:56Z, INFO] Parallel mode: none, using 1 thread.","[2022-02-18T15:35:56Z, INFO] Root relaxation solution time = 0.00 sec. (0.02 ticks)","[2022-02-18T15:35:56Z, INFO] ","[2022-02-18T15:35:56Z, INFO]         Nodes                                         Cuts/","[2022-02-18T15:35:56Z, INFO]    Node  Left     Objective  IInf  Best Integer    Best Bound    ItCnt     Gap","[2022-02-18T15:35:56Z, INFO] ","[2022-02-18T15:35:56Z, INFO] *     0+    0                          100.0000     1765.0000              --- ","[2022-02-18T15:35:56Z, INFO] *     0     0      integral     0      445.0000      445.0000        3    0.00%","[2022-02-18T15:35:56Z, INFO] Elapsed time = 0.00 sec. (0.18 ticks, tree = 0.00 MB, solutions = 2)","[2022-02-18T15:35:56Z, INFO] ","[2022-02-18T15:35:56Z, INFO] Root node processing (before b&c):","[2022-02-18T15:35:56Z, INFO]   Real time             =    0.00 sec. (0.18 ticks)","[2022-02-18T15:35:56Z, INFO] Sequential b&c:","[2022-02-18T15:35:56Z, INFO]   Real time             =    0.00 sec. (0.00 ticks)","[2022-02-18T15:35:56Z, INFO]                           ------------","[2022-02-18T15:35:56Z, INFO] Total (root+branch&cut) =    0.00 sec. (0.18 ticks)","[2022-02-18T15:35:56Z, INFO] Solve status: JobSolveStatus.OPTIMAL_SOLUTION","[2022-02-18T15:35:56Z, INFO] * model docplex_model1 solved with objective = 445.000","[2022-02-18T15:35:56Z, INFO] *  KPI: total expected value of Candidates over all selections = 445.000","[2022-02-18T15:35:56Z, INFO] model solve done in 0.019489526748657227 secs","[2022-02-18T15:35:56Z, INFO] solution export done in 0.02467036247253418 secs","[2022-02-18T15:35:56Z, INFO] SelectedCandidates.csv","[2022-02-18T15:35:56Z, INFO] NotSelectedCandidates.csv"]},"runtimeDetails":{"state":"STARTED"},"taskSetupMillis":3821,"taskSolveMillis":32561,"taskTearDownMillis":6024,"jobSpaceId":"c765df71-66f6-497c-afac-f8a3ee8f12d4","jobDeploymentId":"394d139d-80fa-4a49-af52-7a02849e1af0","jobId":"f493d77b-01f5-443a-9bc9-8ec260829d74","ping":1645198559646}