{"creationTime":1622217299042,"lastModificationTime":1622217317646,"state":"TERMINATED","solveConfig":{"containerId":"scenario 4 selection","solveParameters":{},"setupWebHook":{"verb":"GET","url":"https://api.dataplatform.cloud.ibm.com/v1/cognitive/solve/preprocess/scenario%204%20selection?projectId=5bd7da6b-09da-4521-be71-3c7a69f90b61&parentId=MarketingCampaignAssignment","expectedStatus":200,"headers":{}},"tearDownWebHook":{"verb":"GET","url":"https://api.dataplatform.cloud.ibm.com/v1/cognitive/solve/postprocess/scenario%204%20selection?projectId=5bd7da6b-09da-4521-be71-3c7a69f90b61&parentId=MarketingCampaignAssignment","expectedStatus":200,"headers":{}}},"jobDetails":{"id":"2ead9204-f750-4c64-bdc2-53663fe2937f","createdAt":1622217307063,"startedAt":1622217307999,"endedAt":1622217310051,"submittedAt":1622217307063,"details":{"KPI.total expected value of Candidates over all selections":"445.0","MODEL_DETAIL_BOOLEAN_VARS":"27","MODEL_DETAIL_CONSTRAINTS":"15","MODEL_DETAIL_CONTINUOUS_VARS":"0","MODEL_DETAIL_INTEGER_VARS":"0","MODEL_DETAIL_KPIS":"[\"total expected value of Candidates over all selections\"]","MODEL_DETAIL_NONZEROS":"109","MODEL_DETAIL_OBJECTIVE_SENSE":"maximize","MODEL_DETAIL_TYPE":"MILP","PROGRESS_BEST_OBJECTIVE":"445.0","PROGRESS_BEST_OBJECTIVE.history":"[[1622217308.76, 445.0]]","PROGRESS_CURRENT_OBJECTIVE":"445.0","PROGRESS_CURRENT_OBJECTIVE.history":"[[1622217308.76, 445.0]]","PROGRESS_GAP":"0.0","PROGRESS_GAP.history":"[[1622217308.76, 0.0]]","STAT.cplex.modelType":"MILP","STAT.cplex.size.booleanVariables":"27","STAT.cplex.size.constraints":"15","STAT.cplex.size.continousVariables":"0","STAT.cplex.size.integerVariables":"0","STAT.cplex.size.linearConstraints":"15","STAT.cplex.size.quadraticConstraints":"0","STAT.cplex.size.variables":"27","STAT.job.coresCount":"1","STAT.job.inputsReadMs":"528","STAT.job.memoryPeakKB":"92300","STAT.job.modelProcessingMs":"251","STAT.job.outputsWriteMs":"1183"},"executionStatus":"PROCESSED","solveStatus":"OPTIMAL_SOLUTION","logTail":["[2021-05-28T15:55:08Z, INFO] WARNING: Number of workers has been reduced to 1 to comply with platform limitations.","[2021-05-28T15:55:08Z, INFO] Version identifier: 20.1.0.0 | 2020-11-10 | 9bedb6d68","[2021-05-28T15:55:08Z, INFO] CPXPARAM_Read_DataCheck                          1","[2021-05-28T15:55:08Z, INFO] CPXPARAM_Threads                                 1","[2021-05-28T15:55:08Z, INFO] CPXPARAM_TimeLimit                               120","[2021-05-28T15:55:08Z, INFO] Legacy callback                                  i","[2021-05-28T15:55:08Z, INFO] Found incumbent of value 100.000000 after 0.00 sec. (0.00 ticks)","[2021-05-28T15:55:08Z, INFO] Tried aggregator 1 time.","[2021-05-28T15:55:08Z, INFO] MIP Presolve eliminated 3 rows and 3 columns.","[2021-05-28T15:55:08Z, INFO] Reduced MIP has 12 rows, 24 columns, and 72 nonzeros.","[2021-05-28T15:55:08Z, INFO] Reduced MIP has 24 binaries, 0 generals, 0 SOSs, and 0 indicators.","[2021-05-28T15:55:08Z, INFO] Presolve time = 0.00 sec. (0.05 ticks)","[2021-05-28T15:55:08Z, INFO] Probing time = 0.00 sec. (0.01 ticks)","[2021-05-28T15:55:08Z, INFO] Tried aggregator 1 time.","[2021-05-28T15:55:08Z, INFO] Detecting symmetries...","[2021-05-28T15:55:08Z, INFO] Reduced MIP has 12 rows, 24 columns, and 72 nonzeros.","[2021-05-28T15:55:08Z, INFO] Reduced MIP has 24 binaries, 0 generals, 0 SOSs, and 0 indicators.","[2021-05-28T15:55:08Z, INFO] Presolve time = 0.00 sec. (0.05 ticks)","[2021-05-28T15:55:08Z, INFO] Probing time = 0.00 sec. (0.01 ticks)","[2021-05-28T15:55:08Z, INFO] Clique table members: 8.","[2021-05-28T15:55:08Z, INFO] MIP emphasis: balance optimality and feasibility.","[2021-05-28T15:55:08Z, INFO] MIP search method: dynamic search.","[2021-05-28T15:55:08Z, INFO] Parallel mode: none, using 1 thread.","[2021-05-28T15:55:08Z, INFO] Root relaxation solution time = 0.00 sec. (0.02 ticks)","[2021-05-28T15:55:08Z, INFO] ","[2021-05-28T15:55:08Z, INFO]         Nodes                                         Cuts/","[2021-05-28T15:55:08Z, INFO]    Node  Left     Objective  IInf  Best Integer    Best Bound    ItCnt     Gap","[2021-05-28T15:55:08Z, INFO] ","[2021-05-28T15:55:08Z, INFO] *     0+    0                          100.0000     1765.0000              --- ","[2021-05-28T15:55:08Z, INFO] *     0     0      integral     0      445.0000      445.0000        3    0.00%","[2021-05-28T15:55:08Z, INFO] Elapsed time = 0.00 sec. (0.18 ticks, tree = 0.00 MB, solutions = 2)","[2021-05-28T15:55:08Z, INFO] ","[2021-05-28T15:55:08Z, INFO] Root node processing (before b&amp;c):","[2021-05-28T15:55:08Z, INFO]   Real time             =    0.00 sec. (0.18 ticks)","[2021-05-28T15:55:08Z, INFO] Sequential b&amp;c:","[2021-05-28T15:55:08Z, INFO]   Real time             =    0.00 sec. (0.00 ticks)","[2021-05-28T15:55:08Z, INFO]                           ------------","[2021-05-28T15:55:08Z, INFO] Total (root+branch&amp;cut) =    0.00 sec. (0.18 ticks)","[2021-05-28T15:55:08Z, INFO] Solve status: JobSolveStatus.OPTIMAL_SOLUTION","[2021-05-28T15:55:08Z, INFO] * model docplex_model1 solved with objective = 445.000","[2021-05-28T15:55:08Z, INFO] *  KPI: total expected value of Candidates over all selections = 445.000","[2021-05-28T15:55:08Z, INFO] model solve done in 0.02436661720275879 secs","[2021-05-28T15:55:08Z, INFO] solution export done in 0.018456697463989258 secs","[2021-05-28T15:55:08Z, INFO] SelectedCandidates.csv","[2021-05-28T15:55:08Z, INFO] NotSelectedCandidates.csv"]},"runtimeDetails":{"state":"STARTED"},"taskSetupMillis":7428,"taskSolveMillis":4916,"taskTearDownMillis":4622,"jobSpaceId":"cf8149be-2496-4afc-b3cc-e5aea64024d2","jobId":"2ead9204-f750-4c64-bdc2-53663fe2937f","ping":1622217299847}